impression_time,spend_usd
2023-02-19 01:24:00+00:00,0.9113
2023-01-01 00:08:00+00:00,6.55
2023-03-16 02:02:00+00:00,13.78
2023-06-28 22:08:00+00:00,4.5475
2023-04-02 19:30:00+00:00,7.0137
2023-06-04 22:39:00+00:00,8.98
2023-03-31 05:29:00+00:00,7.8362
2023-01-31 06:47:00+00:00,10.3875
2023-05-18 05:36:00+00:00,9.44
2023-01-05 04:52:00+00:00,0.805
2023-01-27 02:12:00+00:00,7.9325
2023-01-15 14:27:00+00:00,11.38
2023-03-23 21:03:00+00:00,9.3763
2023-06-21 03:33:00+00:00,9.5638
2023-02-17 23:06:00+00:00,12.04
2023-04-01 18:04:00+00:00,3.9125
2023-02-08 02:39:00+00:00,2.5725
2023-02-09 15:31:00+00:00,6.28
2023-01-07 06:18:00+00:00,2.8075
2023-05-27 02:12:00+00:00,7.5825
2023-05-26 01:03:00+00:00,8.4
2023-04-18 11:06:00+00:00,1.2338
2023-02-28 22:59:00+00:00,2.4975
2023-06-01 07:13:00+00:00,14.12
2023-03-02 12:08:00+00:00,5.225
2023-05-07 06:52:00+00:00,12.9575
2023-04-21 02:41:00+00:00,7.3
2023-05-30 17:47:00+00:00,5.2613
2023-01-26 01:12:00+00:00,11.6312
2023-05-21 08:20:00+00:00,5.9
2023-02-05 23:05:00+00:00,11.4187
2023-05-12 23:10:00+00:00,10.4388
2023-01-13 00:53:00+00:00,14.54
2023-05-27 14:20:00+00:00,4.8575
2023-01-15 02:02:00+00:00,11.1925
2023-02-28 22:34:00+00:00,15.06
2023-04-02 19:38:00+00:00,7.0137
2023-01-30 05:38:00+00:00,8.8863
2023-02-23 05:16:00+00:00,15.36
2023-01-29 04:46:00+00:00,8.585
2023-06-10 16:48:00+00:00,3.65
2023-04-13 18:31:00+00:00,7.14
2023-05-09 20:01:00+00:00,11.635
2023-04-29 10:59:00+00:00,6.3225
2023-01-18 05:36:00+00:00,11.44
2023-06-09 15:31:00+00:00,8.8488
2023-02-20 02:07:00+00:00,3.2625
2023-02-03 21:04:00+00:00,13.76
2023-05-06 05:26:00+00:00,0.6562
2023-03-31 05:38:00+00:00,9.6862
2023-05-23 10:37:00+00:00,12.74
2023-05-08 19:43:00+00:00,8.4838
2023-05-25 12:03:00+00:00,11.405
2023-02-26 20:16:00+00:00,10.62
2023-06-21 03:50:00+00:00,3.1637
2023-02-20 14:07:00+00:00,8.8875
2023-02-17 23:58:00+00:00,10.84
2023-04-21 14:32:00+00:00,1.9375
2023-03-03 13:51:00+00:00,5.7763
2023-05-28 15:03:00+00:00,14.44
2023-02-09 15:31:00+00:00,4.9488
2023-06-14 20:23:00+00:00,5.355
2023-01-22 21:54:00+00:00,11.92
2023-05-28 15:38:00+00:00,2.4087
2023-03-16 14:36:00+00:00,6.6175
2023-05-19 06:54:00+00:00,9.06
2023-05-19 18:11:00+00:00,2.5725
2023-05-05 04:09:00+00:00,4.705
2023-01-30 17:38:00+00:00,15.28
2023-03-20 18:19:00+00:00,4.7225
2023-06-10 16:05:00+00:00,7.2
2023-03-05 15:09:00+00:00,5.96
2023-02-21 15:07:00+00:00,11.3387
2023-02-08 02:22:00+00:00,10.26
2023-03-10 08:52:00+00:00,10.86
2023-04-20 13:32:00+00:00,11.9362
2023-05-30 05:38:00+00:00,9.7863
2023-05-18 05:36:00+00:00,14.64
2023-05-02 01:51:00+00:00,2.2012
2023-04-16 21:15:00+00:00,2.4062
2023-03-02 12:25:00+00:00,6.7
2023-05-14 01:36:00+00:00,9.7912
2023-05-16 15:53:00+00:00,9.8187
2023-02-04 22:13:00+00:00,6.18
2023-03-29 03:12:00+00:00,4.4337
2023-02-09 15:14:00+00:00,11.6487
2023-05-26 01:37:00+00:00,10.4
2023-02-25 07:50:00+00:00,3.9688
2023-02-15 09:40:00+00:00,6.5312
2023-04-11 04:05:00+00:00,11.9
2023-04-23 16:41:00+00:00,10.09
2023-05-11 22:44:00+00:00,6.3375
2023-05-15 14:36:00+00:00,8.58
2023-03-25 11:29:00+00:00,4.6537
2023-05-05 04:34:00+00:00,11.705
2023-06-24 18:33:00+00:00,6.18
2023-01-05 16:34:00+00:00,5.78
2023-03-23 21:37:00+00:00,11.3262
2023-05-24 11:03:00+00:00,6.76
2023-03-03 13:08:00+00:00,2.8262
2023-01-04 15:00:00+00:00,9.3287
2023-05-07 06:09:00+00:00,7.62
2023-04-11 04:14:00+00:00,11.625
2023-05-18 05:28:00+00:00,10.4462
2023-06-11 17:23:00+00:00,15.12
2023-03-02 00:08:00+00:00,11.55
2023-03-04 02:08:00+00:00,0.7525
2023-01-27 14:29:00+00:00,5.62
2023-03-08 06:43:00+00:00,9.2575
2023-05-07 18:00:00+00:00,4.9825
2023-02-01 19:13:00+00:00,14.12
2023-04-15 20:23:00+00:00,8.455
2023-04-12 17:31:00+00:00,12.4012
2023-01-29 04:46:00+00:00,7.66
2023-04-07 00:30:00+00:00,6.17
2023-01-02 13:17:00+00:00,9.3262
2023-04-11 04:31:00+00:00,12.7
2023-02-12 18:48:00+00:00,3.9525
2023-05-14 01:27:00+00:00,12.5412
2023-01-13 00:44:00+00:00,8.54
2023-05-31 18:04:00+00:00,2.4125
2023-03-15 13:19:00+00:00,10.1163
2023-01-27 14:20:00+00:00,14.42
2023-05-25 12:12:00+00:00,6.38
2023-05-07 18:26:00+00:00,9.1325
2023-01-23 22:54:00+00:00,7.54
2023-03-24 22:11:00+00:00,12.0775
2023-01-29 16:38:00+00:00,9.66
2023-06-01 19:47:00+00:00,11.32
2023-05-15 02:36:00+00:00,9.5925
2023-03-22 08:20:00+00:00,4.4
2023-02-06 12:39:00+00:00,6.62
2023-06-24 06:24:00+00:00,8.6675
2023-06-16 10:32:00+00:00,6.4825
2023-03-21 19:37:00+00:00,6.68
2023-03-10 08:52:00+00:00,9.76
2023-01-21 20:28:00+00:00,0.575
2023-04-22 15:50:00+00:00,6.12
2023-05-29 04:21:00+00:00,7.735
2023-02-20 14:58:00+00:00,11.9875
2023-03-29 15:46:00+00:00,15.24
2023-03-08 06:00:00+00:00,9.1075
2023-01-26 13:20:00+00:00,3.7062
2023-03-02 12:51:00+00:00,8.3
2023-03-27 13:55:00+00:00,0.5062
2023-06-20 02:07:00+00:00,10.2625
2023-05-08 19:52:00+00:00,14.84
2023-03-19 17:28:00+00:00,6.2213
2023-02-27 21:08:00+00:00,10.4962
2023-05-03 02:08:00+00:00,12.34
2023-03-22 08:11:00+00:00,3.7
2023-01-29 04:38:00+00:00,2.685
2023-06-21 03:15:00+00:00,9.32
2023-04-28 21:59:00+00:00,2.1463
2023-05-24 23:20:00+00:00,7.4787
2023-02-16 22:23:00+00:00,10.42
2023-01-02 01:25:00+00:00,12.1512
2023-05-21 20:28:00+00:00,0.875
2023-06-07 01:22:00+00:00,8.64
2023-01-29 04:55:00+00:00,12.585
2023-06-27 21:16:00+00:00,5.7462
2023-02-28 10:59:00+00:00,10.66
2023-05-08 19:43:00+00:00,4.9837
2023-05-03 02:26:00+00:00,11.8025
2023-06-07 01:48:00+00:00,13.44
2023-04-25 06:50:00+00:00,12.3175
2023-04-23 16:07:00+00:00,8.19
2023-02-14 20:06:00+00:00,14.78
2023-01-14 01:53:00+00:00,12.6913
2023-01-21 08:11:00+00:00,3.75
2023-05-09 20:01:00+00:00,10.06
2023-05-25 00:03:00+00:00,8.58
2023-04-25 06:24:00+00:00,7.8675
2023-05-05 16:34:00+00:00,14.78
2023-02-21 03:07:00+00:00,6.6638
2023-01-20 19:11:00+00:00,11.8238
2023-04-27 20:50:00+00:00,14.62
2023-02-06 12:22:00+00:00,2.095
2023-03-27 13:55:00+00:00,12.4563
2023-04-19 12:58:00+00:00,10.06
2023-06-16 10:32:00+00:00,10.6825
2023-05-27 02:12:00+00:00,0.8325
2023-02-11 05:57:00+00:00,7.52
2023-02-25 07:16:00+00:00,8.5188
2023-04-03 08:47:00+00:00,10.84
2023-04-04 09:56:00+00:00,13.76
2023-03-15 13:10:00+00:00,7.7162
2023-06-08 14:56:00+00:00,5.0475
2023-03-09 19:18:00+00:00,10.84
2023-01-18 05:45:00+00:00,6.0462
2023-06-05 23:22:00+00:00,3.6688
2023-04-27 08:25:00+00:00,11.42
2023-01-06 17:35:00+00:00,3.7812
2023-05-02 01:34:00+00:00,7.8012
2023-06-09 15:39:00+00:00,7.88
2023-01-28 15:55:00+00:00,11.0087
2023-01-02 01:51:00+00:00,11.5512
2023-06-01 07:38:00+00:00,6.12
2023-03-24 10:11:00+00:00,2.7025
2023-01-27 14:12:00+00:00,11.1075
2023-03-10 20:18:00+00:00,5.66
2023-06-05 11:30:00+00:00,8.1438
2023-01-03 02:34:00+00:00,5.4025
2023-02-28 22:59:00+00:00,11.86
2023-01-08 19:35:00+00:00,4.9837
2023-03-17 15:27:00+00:00,3.8188
2023-03-03 01:17:00+00:00,9.12
2023-02-19 13:58:00+00:00,6.6863
2023-05-13 00:36:00+00:00,7.54
2023-05-27 14:38:00+00:00,14.42
2023-06-13 07:49:00+00:00,8.9787
2023-05-03 02:43:00+00:00,11.7025
2023-01-19 06:02:00+00:00,12.26
2023-03-17 15:10:00+00:00,1.7188
2023-01-06 17:26:00+00:00,8.7812
2023-04-13 06:23:00+00:00,15.14
2023-06-14 20:06:00+00:00,2.855
2023-03-29 15:46:00+00:00,4.9088
2023-04-02 07:13:00+00:00,12.12
2023-06-02 20:56:00+00:00,8.715
2023-04-10 15:05:00+00:00,5.7988
2023-05-28 15:29:00+00:00,8.44
2023-02-20 02:24:00+00:00,8.6625
2023-05-27 02:03:00+00:00,11.22
2023-03-21 19:37:00+00:00,7.48
2023-03-31 05:21:00+00:00,5.3362
2023-06-23 17:50:00+00:00,11.3912
2023-01-12 11:18:00+00:00,11.72
2023-02-17 23:15:00+00:00,10.5087
2023-02-25 19:42:00+00:00,2.7938
2023-06-13 07:31:00+00:00,14.36
2023-03-22 08:11:00+00:00,12.85
2023-05-30 17:12:00+00:00,0.6613
2023-03-25 11:03:00+00:00,7.96
2023-02-13 19:49:00+00:00,3.9038
2023-02-25 07:07:00+00:00,7.4688
2023-01-02 13:43:00+00:00,11.52
2023-01-23 22:37:00+00:00,2.9775
2023-04-29 22:42:00+00:00,6.6475
2023-05-13 00:27:00+00:00,13.74
2023-05-04 03:34:00+00:00,3.7538
2023-03-29 03:12:00+00:00,7.5338
2023-03-20 06:19:00+00:00,12.66
2023-01-10 21:01:00+00:00,9.8362
2023-01-20 07:19:00+00:00,6.9988
2023-04-27 08:33:00+00:00,6.62
2023-03-22 20:02:00+00:00,8.375
2023-03-31 05:47:00+00:00,10.0862
2023-04-19 00:06:00+00:00,14.86
2023-02-13 07:31:00+00:00,12.9787
2023-02-07 13:48:00+00:00,2.3963
2023-06-24 06:33:00+00:00,7.78
2023-05-10 09:27:00+00:00,3.1612
2023-01-20 07:11:00+00:00,4.5987
2023-03-23 21:37:00+00:00,15.12
2023-05-17 04:02:00+00:00,10.095
2023-02-18 12:24:00+00:00,12.385
2023-03-08 18:26:00+00:00,6.82
2023-03-23 21:20:00+00:00,4.7263
2023-06-19 13:15:00+00:00,9.3362
2023-03-14 00:10:00+00:00,11.34
2023-06-21 15:50:00+00:00,1.3887
2023-03-29 15:03:00+00:00,6.6087
2023-05-04 03:34:00+00:00,12.76
2023-02-16 22:58:00+00:00,9.6075
2023-05-30 05:38:00+00:00,9.7363
2023-06-18 12:49:00+00:00,10.46
2023-06-08 14:48:00+00:00,12.2475
2023-06-10 04:05:00+00:00,11.025
2023-01-15 14:27:00+00:00,14.58
2023-03-18 04:19:00+00:00,5.495
2023-01-07 18:52:00+00:00,11.2325
2023-02-01 07:30:00+00:00,9.72
2023-01-27 02:12:00+00:00,14.82
2023-05-12 23:44:00+00:00,3.6888
2023-01-20 19:54:00+00:00,11.08
2023-02-24 18:50:00+00:00,2.4925
2023-02-10 16:31:00+00:00,12.2
2023-01-26 13:29:00+00:00,11.2
2023-06-06 12:13:00+00:00,4.245
2023-05-05 16:09:00+00:00,8.23
2023-01-26 13:20:00+00:00,14.0
2023-01-15 14:27:00+00:00,7.7175
2023-05-24 11:29:00+00:00,2.3537
2023-03-26 00:29:00+00:00,8.78
2023-05-18 17:11:00+00:00,5.5713
2023-02-21 15:15:00+00:00,5.8388
2023-06-05 11:56:00+00:00,11.0
2023-06-01 19:21:00+00:00,6.5637
2023-01-02 01:51:00+00:00,3.1012
2023-02-12 18:31:00+00:00,7.14
2023-01-24 11:29:00+00:00,5.6537
2023-05-27 14:55:00+00:00,7.4575
2023-03-09 07:18:00+00:00,13.64
2023-01-16 03:45:00+00:00,4.3438
2023-06-17 23:32:00+00:00,9.9087
2023-05-02 01:00:00+00:00,8.72
2023-03-11 09:27:00+00:00,1.7112
2023-03-15 01:19:00+00:00,8.5913
2023-02-25 07:33:00+00:00,14.2
2023-04-11 04:48:00+00:00,11.375
2023-06-01 07:04:00+00:00,5.9887
2023-06-26 20:59:00+00:00,8.62
2023-01-28 15:21:00+00:00,2.6587
2023-01-13 12:44:00+00:00,1.515
2023-03-04 14:43:00+00:00,11.94
2023-01-26 01:03:00+00:00,12.3812
2023-02-16 10:23:00+00:00,10.4325
2023-01-28 15:03:00+00:00,12.84
2023-03-10 08:01:00+00:00,7.51
2023-03-02 12:00:00+00:00,11.725
2023-06-06 12:48:00+00:00,9.42
2023-02-28 22:08:00+00:00,2.2975
2023-03-05 15:09:00+00:00,2.8287
2023-03-23 21:45:00+00:00,9.92
2023-02-18 00:06:00+00:00,10.66
2023-05-15 14:02:00+00:00,0.6675
2023-01-30 17:38:00+00:00,14.08
2023-06-23 05:07:00+00:00,4.7663
2023-03-16 02:19:00+00:00,5.4925
2023-06-23 17:41:00+00:00,15.36
2023-02-15 21:15:00+00:00,4.4562
2023-03-31 05:29:00+00:00,3.2862
2023-03-29 15:55:00+00:00,6.44
2023-04-21 02:32:00+00:00,1.9625
2023-05-31 18:55:00+00:00,3.6625
2023-05-18 05:53:00+00:00,13.44
2023-01-19 06:11:00+00:00,2.1475
2023-04-11 04:22:00+00:00,4.875
2023-04-02 19:47:00+00:00,13.72
2023-02-26 20:16:00+00:00,1.745
2023-04-21 02:24:00+00:00,9.8625
2023-04-10 03:39:00+00:00,5.88
2023-06-28 10:08:00+00:00,11.4725
2023-04-09 14:39:00+00:00,6.6975
2023-01-01 12:17:00+00:00,11.9
2023-01-25 00:20:00+00:00,1.88
2023-02-07 13:13:00+00:00,3.7963
2023-06-17 23:49:00+00:00,5.64
2023-02-04 22:22:00+00:00,2.8175
2023-04-13 06:14:00+00:00,3.7775
2023-05-16 15:19:00+00:00,14.2
2023-05-08 19:26:00+00:00,6.2337
2023-03-13 23:10:00+00:00,9.7387
2023-06-03 09:13:00+00:00,8.56
2023-05-21 20:54:00+00:00,7.525
2023-05-13 00:27:00+00:00,8.44
2023-01-11 22:52:00+00:00,8.9
2023-03-30 04:12:00+00:00,10.135
2023-03-08 18:52:00+00:00,9.7825
2023-03-02 12:25:00+00:00,11.1
2023-01-20 07:19:00+00:00,5.5987
2023-03-11 09:35:00+00:00,5.5113
2023-06-04 10:30:00+00:00,6.18
2023-03-04 02:26:00+00:00,10.0525
2023-03-18 04:53:00+00:00,4.995
2023-05-18 17:11:00+00:00,12.64
2023-04-29 10:16:00+00:00,6.4725
2023-02-07 01:48:00+00:00,8.7713
2023-02-21 03:33:00+00:00,14.12
2023-03-16 14:19:00+00:00,4.4175
2023-05-29 16:21:00+00:00,9.96
2023-02-07 01:05:00+00:00,8.24
2023-04-27 08:33:00+00:00,7.82
2023-03-03 13:34:00+00:00,7.6262
2023-04-10 03:22:00+00:00,7.88
2023-01-28 15:29:00+00:00,3.5587
2023-03-19 17:19:00+00:00,4.3712
2023-06-06 00:22:00+00:00,14.62
2023-06-15 09:23:00+00:00,8.0312
2023-03-13 23:18:00+00:00,3.6387
2023-04-15 08:14:00+00:00,10.78
2023-04-20 13:07:00+00:00,10.4863
2023-04-30 23:34:00+00:00,7.48
2023-05-17 04:19:00+00:00,15.02
2023-06-17 23:32:00+00:00,10.2088
2023-05-22 21:54:00+00:00,9.5262
2023-06-12 06:48:00+00:00,12.34
2023-04-19 12:24:00+00:00,2.035
2023-05-23 10:46:00+00:00,4.0525
2023-06-27 09:59:00+00:00,9.04
2023-01-15 02:27:00+00:00,7.8925
2023-02-09 15:39:00+00:00,0.9988
2023-04-07 00:39:00+00:00,11.82
2023-01-02 13:34:00+00:00,3.5263
2023-04-28 21:59:00+00:00,8.9962
2023-05-27 02:55:00+00:00,10.42
2023-05-22 09:45:00+00:00,0.7512
2023-04-25 06:24:00+00:00,4.9175
2023-04-13 06:14:00+00:00,9.54
2023-06-05 11:56:00+00:00,12.8438
2023-03-24 10:20:00+00:00,5.4025
2023-01-03 14:43:00+00:00,11.54
2023-05-18 05:28:00+00:00,12.6463
2023-06-10 04:14:00+00:00,3.075
2023-06-29 11:59:00+00:00,12.68
2023-03-24 10:20:00+00:00,8.8025
2023-03-13 23:44:00+00:00,0.8387
2023-03-15 13:44:00+00:00,5.76
2023-04-23 16:07:00+00:00,3.44
2023-02-26 08:25:00+00:00,9.42
2023-01-06 17:00:00+00:00,6.8
2023-01-03 02:34:00+00:00,11.5525
2023-01-10 21:27:00+00:00,0.7362
2023-01-21 20:37:00+00:00,11.5
2023-02-11 17:14:00+00:00,9.1013
2023-04-10 03:57:00+00:00,7.5237
2023-06-19 13:15:00+00:00,8.48
2023-05-04 03:51:00+00:00,2.5038
2023-05-29 16:38:00+00:00,6.36
2023-02-25 07:16:00+00:00,6.6
2023-03-25 23:29:00+00:00,5.1288
2023-05-06 05:43:00+00:00,11.0062
2023-04-08 13:31:00+00:00,6.64
2023-04-24 17:59:00+00:00,3.8912
2023-05-18 17:11:00+00:00,8.7713
2023-06-14 20:40:00+00:00,11.58
2023-05-18 17:45:00+00:00,2.6212
2023-05-30 17:55:00+00:00,1.0112
2023-04-30 23:08:00+00:00,10.28
2023-05-13 12:27:00+00:00,7.365
2023-05-27 14:03:00+00:00,3.5075
2023-02-26 20:33:00+00:00,13.02
2023-01-08 07:26:00+00:00,8.84
2023-02-16 22:40:00+00:00,10.2075
2023-03-12 22:44:00+00:00,11.3
2023-05-27 02:29:00+00:00,9.3825
2023-04-21 14:50:00+00:00,4.3875
2023-06-25 19:50:00+00:00,10.6
2023-06-04 22:22:00+00:00,3.2175
2023-05-16 15:02:00+00:00,0.9688
2023-04-11 04:48:00+00:00,6.7
2023-05-06 17:17:00+00:00,11.8812
2023-03-26 12:29:00+00:00,6.455
2023-02-02 08:04:00+00:00,14.94
2023-02-23 05:07:00+00:00,11.2662
2023-03-15 01:53:00+00:00,5.2912
2023-01-16 15:19:00+00:00,13.4
2023-05-07 06:35:00+00:00,1.1575
2023-01-11 22:35:00+00:00,3.7375
2023-05-08 07:43:00+00:00,6.44
2023-01-02 01:25:00+00:00,11.6512
2023-05-13 00:27:00+00:00,1.84
2023-03-21 07:37:00+00:00,13.08
2023-01-20 19:54:00+00:00,6.9238
2023-03-03 01:17:00+00:00,3.9013
2023-03-10 08:01:00+00:00,14.86
2023-06-09 03:39:00+00:00,9.1237
2023-02-24 06:59:00+00:00,8.2175
2023-03-31 17:12:00+00:00,8.88
2023-01-11 10:18:00+00:00,8.5125
2023-03-09 19:43:00+00:00,3.4337
2023-05-29 16:29:00+00:00,6.46
2023-06-22 16:16:00+00:00,3.34
2023-05-02 01:43:00+00:00,9.5512
2023-01-11 22:10:00+00:00,10.9
2023-01-08 19:43:00+00:00,8.6337
2023-03-05 03:17:00+00:00,10.5038
2023-03-25 23:54:00+00:00,7.16
2023-04-18 23:23:00+00:00,1.9587
2023-05-28 15:29:00+00:00,10.7088
2023-03-18 04:10:00+00:00,11.42
2023-02-13 19:06:00+00:00,8.7538
2023-01-03 14:00:00+00:00,9.9775
2023-03-29 15:55:00+00:00,12.84
2023-06-08 02:14:00+00:00,1.0225
2023-03-29 15:46:00+00:00,11.9588
2023-03-11 09:44:00+00:00,14.88
2023-04-29 22:51:00+00:00,1.8975
2023-02-10 04:31:00+00:00,0.675
2023-02-01 19:55:00+00:00,5.72
2023-05-07 06:35:00+00:00,4.3575
2023-06-24 18:50:00+00:00,7.6425
2023-06-09 03:31:00+00:00,5.88
2023-02-03 09:13:00+00:00,10.3413
2023-04-24 17:07:00+00:00,11.6913
2023-02-10 16:57:00+00:00,8.7
2023-04-08 13:13:00+00:00,8.3963
2023-01-03 02:17:00+00:00,0.7025
2023-03-05 03:51:00+00:00,13.96
2023-05-01 12:51:00+00:00,4.075
2023-03-01 23:08:00+00:00,2.5987
2023-02-01 19:47:00+00:00,7.32
2023-04-01 06:04:00+00:00,11.5375
2023-02-03 09:13:00+00:00,3.1412
2023-05-13 12:01:00+00:00,11.34
2023-04-09 14:22:00+00:00,2.5975
2023-02-04 10:56:00+00:00,9.1425
2023-06-10 04:05:00+00:00,12.7
2023-01-29 04:29:00+00:00,5.785
2023-02-02 20:47:00+00:00,12.965
2023-02-16 10:49:00+00:00,12.42
2023-05-18 17:28:00+00:00,2.6212
2023-02-15 09:32:00+00:00,10.7312
2023-03-09 19:35:00+00:00,13.64
2023-01-12 11:01:00+00:00,9.2637
2023-03-27 01:37:00+00:00,11.6312
2023-04-27 20:42:00+00:00,11.02
2023-02-19 13:41:00+00:00,8.3863
2023-03-15 01:53:00+00:00,5.2912
2023-01-17 16:02:00+00:00,7.02
2023-02-25 19:42:00+00:00,5.1937
2023-06-26 20:33:00+00:00,10.845
2023-05-26 01:46:00+00:00,6.0
2023-04-19 00:58:00+00:00,4.21
2023-04-27 20:08:00+00:00,6.195
2023-03-08 18:00:00+00:00,6.02
2023-05-18 17:36:00+00:00,12.1713
2023-01-22 21:11:00+00:00,8.9763
2023-04-06 11:47:00+00:00,11.0
2023-02-07 13:31:00+00:00,5.3463
2023-02-13 19:14:00+00:00,0.5038
2023-03-18 16:02:00+00:00,13.82
2023-02-25 19:33:00+00:00,9.6937
2023-02-01 19:13:00+00:00,2.1138
2023-04-07 00:30:00+00:00,12.62
2023-01-19 06:02:00+00:00,6.2475
2023-05-07 18:00:00+00:00,0.7825
2023-05-28 15:55:00+00:00,14.04
2023-04-23 16:58:00+00:00,10.94
2023-01-23 10:37:00+00:00,2.4525
2023-03-03 01:08:00+00:00,12.72
2023-02-09 03:57:00+00:00,0.7238
2023-03-09 07:52:00+00:00,15.24
2023-02-14 20:49:00+00:00,11.98
2023-01-18 17:36:00+00:00,2.5213
2023-03-16 14:02:00+00:00,9.8175
2023-03-29 15:38:00+00:00,8.04
2023-06-07 01:05:00+00:00,11.1713
2023-03-30 04:55:00+00:00,9.185
2023-05-04 03:00:00+00:00,15.16
2023-04-20 13:24:00+00:00,6.9363
2023-01-09 20:09:00+00:00,11.685
2023-03-30 04:29:00+00:00,15.26
2023-05-26 13:37:00+00:00,9.8562
2023-05-26 01:29:00+00:00,0.6813
2023-03-24 10:54:00+00:00,6.34
2023-06-14 08:14:00+00:00,8.93
2023-01-02 01:00:00+00:00,12.9012
2023-05-19 18:45:00+00:00,6.26
2023-03-21 07:28:00+00:00,12.5488
2023-05-07 18:26:00+00:00,10.4325
2023-06-07 01:05:00+00:00,11.84
2023-05-19 06:28:00+00:00,10.4975
2023-03-29 03:55:00+00:00,8.3837
2023-06-22 16:41:00+00:00,8.94
2023-05-16 15:27:00+00:00,2.7687
2023-03-13 11:27:00+00:00,6.1137
2023-06-06 12:39:00+00:00,12.22
2023-01-19 18:45:00+00:00,10.4225
2023-04-20 01:07:00+00:00,8.9113
2023-01-05 16:09:00+00:00,6.38
2023-05-07 06:26:00+00:00,3.6575
2023-04-19 12:49:00+00:00,12.635
2023-02-07 13:31:00+00:00,9.44
2023-02-05 23:22:00+00:00,6.4688
2023-02-24 18:50:00+00:00,7.1925
2023-06-24 06:42:00+00:00,6.18
2023-03-23 21:11:00+00:00,0.5763
2023-06-16 22:06:00+00:00,11.5575
2023-04-15 20:23:00+00:00,7.98
2023-02-23 05:41:00+00:00,8.3163
2023-04-17 22:23:00+00:00,7.9575
2023-04-30 11:34:00+00:00,14.28
2023-05-25 00:29:00+00:00,6.88
2023-05-05 04:09:00+00:00,12.205
2023-03-27 01:37:00+00:00,12.4
2023-03-04 14:51:00+00:00,3.6275
2023-04-03 20:38:00+00:00,6.765
2023-05-28 03:38:00+00:00,10.04
2023-05-27 02:38:00+00:00,10.0325
2023-05-03 02:43:00+00:00,12.9525
2023-02-23 17:16:00+00:00,6.16
2023-06-03 21:21:00+00:00,11.76
2023-06-15 21:49:00+00:00,0.6562
2023-02-24 18:24:00+00:00,7.38
2023-03-06 16:09:00+00:00,9.08
2023-04-11 04:40:00+00:00,12.675
2023-01-10 09:01:00+00:00,7.68
2023-02-18 12:32:00+00:00,0.935
2023-05-18 05:02:00+00:00,6.2962
2023-01-10 21:35:00+00:00,10.48
2023-05-14 01:44:00+00:00,1.1913
2023-04-25 18:59:00+00:00,6.1425
2023-05-18 05:11:00+00:00,7.84
2023-04-14 07:31:00+00:00,5.4787
2023-01-26 01:55:00+00:00,12.1312
2023-02-24 06:24:00+00:00,13.78
2023-06-21 15:41:00+00:00,2.5888
2023-01-11 22:27:00+00:00,11.7875
2023-05-18 05:19:00+00:00,6.64
2023-03-29 03:29:00+00:00,1.6338
2023-03-16 02:44:00+00:00,6.2425
2023-05-20 19:54:00+00:00,8.28
2023-04-18 23:15:00+00:00,11.4087
2023-05-23 10:11:00+00:00,7.6025
2023-01-19 06:02:00+00:00,9.06
2023-04-08 13:13:00+00:00,3.6463
2023-06-24 18:59:00+00:00,2.4925
2023-04-07 12:48:00+00:00,13.42
2023-04-10 03:57:00+00:00,6.3238
2023-06-04 22:04:00+00:00,8.5175
2023-04-05 10:47:00+00:00,10.98
2023-03-26 12:37:00+00:00,3.405
2023-06-03 09:04:00+00:00,4.6413
2023-03-29 15:03:00+00:00,9.64
2023-03-27 01:20:00+00:00,2.3813
2023-05-13 00:18:00+00:00,1.64
2023-05-11 10:35:00+00:00,8.1
2023-03-11 21:09:00+00:00,11.8863
2023-03-27 01:46:00+00:00,3.2812
2023-02-16 22:40:00+00:00,14.42
2023-04-23 16:16:00+00:00,3.04
2023-05-02 13:34:00+00:00,1.2763
2023-03-23 21:11:00+00:00,13.52
2023-05-14 01:01:00+00:00,2.2912
2023-06-05 23:39:00+00:00,7.8688
2023-06-11 05:57:00+00:00,13.92
2023-01-23 10:28:00+00:00,1.4525
2023-05-17 16:10:00+00:00,1.87
2023-03-01 23:34:00+00:00,13.08
2023-01-30 17:21:00+00:00,2.6113
2023-03-31 17:21:00+00:00,2.4112
2023-02-28 10:42:00+00:00,14.66
2023-04-20 13:32:00+00:00,3.6362
2023-06-25 19:07:00+00:00,1.0437
2023-02-03 09:21:00+00:00,14.56
2023-01-15 14:02:00+00:00,2.4675
2023-01-25 00:20:00+00:00,0.53
2023-03-28 14:38:00+00:00,15.22
2023-02-15 21:40:00+00:00,0.6062
2023-05-01 12:08:00+00:00,5.275
2023-05-24 11:03:00+00:00,10.76
2023-03-29 03:12:00+00:00,7.2337
2023-05-30 17:21:00+00:00,12.9612
2023-04-24 05:41:00+00:00,15.36
2023-01-21 08:11:00+00:00,2.5
2023-06-12 06:31:00+00:00,10.9775
2023-01-31 06:38:00+00:00,8.5
2023-02-09 03:39:00+00:00,2.5238
2023-03-22 20:45:00+00:00,12.075
2023-03-20 18:28:00+00:00,6.26
2023-02-10 04:40:00+00:00,5.075
2023-04-16 21:40:00+00:00,12.2562
2023-05-09 08:18:00+00:00,6.86
2023-05-28 03:38:00+00:00,4.2338
2023-01-15 14:19:00+00:00,2.5175
2023-02-23 17:16:00+00:00,13.36
2023-04-14 19:06:00+00:00,2.4038
2023-02-21 15:15:00+00:00,7.8388
2023-04-17 22:40:00+00:00,9.62
2023-03-30 16:46:00+00:00,9.86
2023-06-16 22:40:00+00:00,2.2075
2023-04-13 06:48:00+00:00,12.34
2023-06-07 01:22:00+00:00,4.8712
2023-06-01 19:55:00+00:00,5.5137
2023-02-07 13:13:00+00:00,8.64
2023-05-18 05:45:00+00:00,5.1463
2023-06-18 00:32:00+00:00,11.51
2023-03-16 14:36:00+00:00,11.78
2023-02-23 17:16:00+00:00,5.0412
2023-03-31 05:04:00+00:00,8.5363
2023-02-08 02:56:00+00:00,7.86
2023-04-03 08:04:00+00:00,11.49
2023-04-18 11:06:00+00:00,12.2338
2023-06-11 05:23:00+00:00,6.32
2023-04-28 09:08:00+00:00,0.7712
2023-02-11 05:57:00+00:00,6.5263
2023-03-01 11:25:00+00:00,7.48
2023-06-20 14:24:00+00:00,0.8375
2023-05-21 08:45:00+00:00,3.25
2023-04-28 09:59:00+00:00,7.84
2023-06-05 23:47:00+00:00,8.9187
2023-05-18 05:45:00+00:00,6.64
2023-05-16 15:27:00+00:00,10.6
2023-01-17 16:53:00+00:00,1.97
2023-05-14 13:01:00+00:00,7.2162
2023-01-17 04:45:00+00:00,15.42
2023-04-24 17:33:00+00:00,7.7912
2023-06-25 07:16:00+00:00,5.5687
2023-03-17 03:10:00+00:00,15.4
2023-06-19 01:24:00+00:00,8.7112
2023-04-30 11:59:00+00:00,11.5738
2023-05-13 00:01:00+00:00,8.94
2023-04-16 21:06:00+00:00,5.5062
2023-01-19 18:11:00+00:00,9.2725
2023-06-29 23:51:00+00:00,10.68
2023-04-09 02:05:00+00:00,11.8225
2023-02-10 16:22:00+00:00,4.55
2023-02-10 16:40:00+00:00,8.7
2023-01-31 18:55:00+00:00,6.9625
2023-05-28 15:38:00+00:00,9.1088
2023-05-03 14:26:00+00:00,11.94
2023-02-07 01:05:00+00:00,1.8213
2023-01-26 13:46:00+00:00,11.9563
2023-03-04 02:17:00+00:00,7.94
2023-06-06 00:30:00+00:00,1.92
2023-02-19 13:49:00+00:00,4.6363
2023-02-20 14:07:00+00:00,12.9
2023-04-19 12:41:00+00:00,2.885
2023-03-22 08:20:00+00:00,6.15
2023-02-16 10:58:00+00:00,13.22
2023-04-07 12:48:00+00:00,5.245
2023-06-06 12:22:00+00:00,11.845
2023-01-29 04:21:00+00:00,6.86
2023-05-30 05:55:00+00:00,7.3362
2023-06-24 06:42:00+00:00,5.6675
2023-01-13 00:36:00+00:00,11.34
2023-04-19 00:49:00+00:00,4.56
2023-03-19 05:02:00+00:00,10.4462
2023-04-17 10:06:00+00:00,6.42
2023-05-12 11:10:00+00:00,5.0137
2023-05-27 14:46:00+00:00,12.3075
2023-02-23 05:07:00+00:00,8.96
2023-05-30 05:04:00+00:00,4.4362
2023-01-04 15:43:00+00:00,5.5287
2023-01-14 13:10:00+00:00,14.56
2023-03-16 14:02:00+00:00,3.9175
2023-03-13 11:35:00+00:00,5.4138
2023-03-25 23:11:00+00:00,13.16
2023-06-17 11:41:00+00:00,3.9838
2023-01-30 17:04:00+00:00,2.4112
2023-05-31 18:47:00+00:00,10.5
2023-04-22 03:07:00+00:00,10.52
2023-01-03 02:17:00+00:00,7.7025
2023-04-18 11:58:00+00:00,15.24
2023-03-05 15:00:00+00:00,6.6288
2023-04-29 10:59:00+00:00,0.8725
2023-01-31 06:38:00+00:00,14.1
2023-01-14 01:19:00+00:00,2.3413
2023-03-13 23:44:00+00:00,8.6888
2023-02-04 10:56:00+00:00,6.18
2023-05-02 13:17:00+00:00,5.7263
2023-04-29 10:08:00+00:00,0.5225
2023-05-24 23:37:00+00:00,5.56
2023-02-22 04:07:00+00:00,12.315
2023-04-29 22:25:00+00:00,2.7475
2023-01-14 13:36:00+00:00,13.76
2023-06-21 03:33:00+00:00,3.9638
2023-05-30 17:29:00+00:00,4.1113
2023-06-21 03:58:00+00:00,14.52
2023-04-09 02:31:00+00:00,12.9725
2023-05-16 03:36:00+00:00,3.9438
2023-03-09 19:01:00+00:00,10.84
2023-02-05 23:05:00+00:00,7.2687
2023-01-12 23:18:00+00:00,6.9887
2023-01-19 18:36:00+00:00,15.46
2023-03-23 09:37:00+00:00,9.7513
2023-06-09 03:57:00+00:00,10.9238
2023-06-05 23:13:00+00:00,6.6
2023-01-14 01:01:00+00:00,1.9412
2023-03-25 11:29:00+00:00,2.1037
2023-04-04 21:47:00+00:00,12.96
2023-01-04 15:34:00+00:00,9.8788
2023-02-16 10:49:00+00:00,8.8825
2023-01-24 23:29:00+00:00,11.96
2023-02-09 03:48:00+00:00,12.6237
2023-04-09 14:14:00+00:00,12.1475
2023-03-14 00:01:00+00:00,6.14
2023-05-30 05:47:00+00:00,6.9863
2023-05-30 17:12:00+00:00,11.9612
2023-05-17 16:28:00+00:00,15.42
2023-06-22 16:58:00+00:00,4.39
2023-04-03 20:38:00+00:00,2.065
2023-05-30 17:47:00+00:00,7.68
2023-02-01 19:21:00+00:00,9.9138
2023-05-10 21:27:00+00:00,4.7862
2023-04-19 12:15:00+00:00,8.86
2023-03-02 00:42:00+00:00,5.9
2023-04-18 11:41:00+00:00,3.9337
2023-03-16 14:10:00+00:00,15.38
2023-05-09 08:52:00+00:00,12.46
2023-06-20 02:41:00+00:00,10.9625
2023-04-22 15:41:00+00:00,6.12
2023-06-11 05:23:00+00:00,5.6762
2023-01-21 08:54:00+00:00,12.85
2023-01-03 02:51:00+00:00,12.34
2023-01-27 02:03:00+00:00,3.1825
2023-03-29 03:21:00+00:00,10.1837
2023-01-02 13:34:00+00:00,11.52
2023-06-07 13:48:00+00:00,10.2963
2023-02-21 15:50:00+00:00,0.5887
2023-04-22 03:07:00+00:00,11.72
2023-05-01 12:42:00+00:00,1.575
2023-06-17 11:06:00+00:00,8.0838
2023-01-11 22:18:00+00:00,14.5
2023-01-03 14:17:00+00:00,0.7775
2023-01-16 03:19:00+00:00,7.4938
2023-04-17 22:40:00+00:00,8.02
2023-03-16 02:44:00+00:00,1.7425
2023-03-26 12:46:00+00:00,2.555
2023-01-21 08:02:00+00:00,13.9
2023-04-20 13:15:00+00:00,12.4863
2023-05-11 22:35:00+00:00,4.8875
2023-03-15 01:10:00+00:00,13.36
2023-05-22 21:37:00+00:00,4.8262
2023-03-21 07:54:00+00:00,10.1487
2023-01-13 12:01:00+00:00,15.34
2023-04-28 21:59:00+00:00,3.8462
2023-05-13 00:10:00+00:00,12.79
2023-01-05 04:00:00+00:00,13.18
2023-05-12 11:01:00+00:00,10.9637
2023-04-06 11:30:00+00:00,7.9437
2023-02-11 17:31:00+00:00,12.72
2023-02-22 04:16:00+00:00,6.915
2023-02-22 04:58:00+00:00,12.665
2023-06-23 05:07:00+00:00,7.36
2023-04-29 22:25:00+00:00,4.4475
2023-02-15 21:40:00+00:00,1.0063
2023-04-09 02:31:00+00:00,11.46
2023-02-06 00:48:00+00:00,3.67
2023-02-20 14:58:00+00:00,4.1875
2023-01-17 04:19:00+00:00,15.42
2023-06-25 07:50:00+00:00,5.4688
2023-05-14 01:27:00+00:00,1.1913
2023-04-03 08:13:00+00:00,12.54
2023-06-04 22:56:00+00:00,4.6675
2023-05-15 14:44:00+00:00,5.4175
2023-06-13 07:06:00+00:00,6.36
2023-06-18 12:15:00+00:00,8.585
2023-03-02 00:08:00+00:00,10.6
2023-06-20 02:41:00+00:00,6.1
2023-01-27 14:20:00+00:00,8.5575
2023-03-13 11:44:00+00:00,8.92
2023-05-20 07:19:00+00:00,13.88
2023-04-29 22:42:00+00:00,8.0475
2023-04-14 19:49:00+00:00,9.5538
2023-03-14 00:27:00+00:00,12.94
2023-04-26 07:07:00+00:00,4.3688
2023-03-18 16:10:00+00:00,7.37
2023-06-22 16:24:00+00:00,6.14
2023-04-17 10:23:00+00:00,8.7325
2023-06-14 20:14:00+00:00,8.655
2023-03-24 10:20:00+00:00,7.94
2023-04-10 03:48:00+00:00,4.7237
2023-01-04 15:26:00+00:00,8.7788
2023-02-22 16:41:00+00:00,9.34
2023-02-09 15:22:00+00:00,9.0488
2023-05-23 10:46:00+00:00,8.9525
2023-02-04 10:04:00+00:00,14.18
2023-04-17 22:58:00+00:00,8.8075
2023-03-20 06:11:00+00:00,5.6475
2023-04-05 10:13:00+00:00,6.58
2023-06-14 20:14:00+00:00,1.455
2023-05-01 12:08:00+00:00,2.925
2023-06-21 15:41:00+00:00,6.52
2023-01-09 20:18:00+00:00,8.535
2023-04-07 12:30:00+00:00,4.345
2023-05-30 17:29:00+00:00,9.68
2023-02-11 17:57:00+00:00,11.9512
2023-02-09 03:05:00+00:00,8.5738
2023-02-02 20:30:00+00:00,9.34
2023-04-05 10:30:00+00:00,12.6925
2023-06-25 19:33:00+00:00,1.3438
2023-03-31 17:12:00+00:00,10.88
2023-02-07 13:56:00+00:00,6.9463
2023-02-12 18:57:00+00:00,3.9025
2023-02-23 17:16:00+00:00,13.76
2023-04-07 12:48:00+00:00,5.595
2023-06-22 04:16:00+00:00,12.015
2023-02-25 19:07:00+00:00,13.4
2023-05-23 10:28:00+00:00,8.6525
2023-01-16 03:45:00+00:00,2.8937
2023-05-03 02:51:00+00:00,6.34
2023-04-15 20:32:00+00:00,9.655
2023-02-16 10:32:00+00:00,7.1325
2023-02-15 09:23:00+00:00,13.6
2023-05-19 18:11:00+00:00,2.7725
2023-03-22 20:37:00+00:00,10.575
2023-03-11 09:09:00+00:00,7.28
2023-02-04 22:22:00+00:00,8.8675
2023-05-22 21:03:00+00:00,2.8262
2023-02-17 23:06:00+00:00,10.04
2023-04-26 19:59:00+00:00,12.2
2023-06-17 23:15:00+00:00,6.6087
2023-01-01 12:00:00+00:00,14.3
2023-05-14 01:01:00+00:00,3.6412
2023-05-02 13:51:00+00:00,2.3762
2023-01-21 20:20:00+00:00,12.3
2023-01-01 12:00:00+00:00,8.525
2023-04-23 04:58:00+00:00,11.715
2023-02-18 00:49:00+00:00,10.06
2023-01-06 05:35:00+00:00,7.1562
2023-01-27 02:20:00+00:00,12.5325
2023-06-20 14:24:00+00:00,8.9
2023-04-06 23:05:00+00:00,11.8688
2023-03-15 01:01:00+00:00,1.7412
2023-03-11 21:09:00+00:00,8.08
2023-03-17 15:19:00+00:00,11.1687
2023-02-13 07:06:00+00:00,3.1288
2023-04-02 19:47:00+00:00,7.72
2023-06-25 07:16:00+00:00,11.6188
2023-04-14 07:57:00+00:00,6.2287
2023-02-28 10:16:00+00:00,13.06
2023-03-02 00:42:00+00:00,6.15
2023-03-14 12:53:00+00:00,8.165
2023-04-14 19:49:00+00:00,12.36
2023-04-04 09:39:00+00:00,9.2413
2023-03-31 17:21:00+00:00,12.4113
2023-05-06 17:17:00+00:00,8.8
2023-04-18 11:41:00+00:00,5.6338
2023-06-07 01:39:00+00:00,0.7712
2023-06-04 10:13:00+00:00,14.58
2023-04-15 20:32:00+00:00,5.005
2023-01-25 00:20:00+00:00,4.93
2023-01-28 03:03:00+00:00,9.64
2023-02-21 15:41:00+00:00,2.2888
2023-06-10 04:14:00+00:00,4.475
2023-01-13 00:53:00+00:00,6.54
2023-04-26 19:07:00+00:00,12.5437
2023-01-08 19:09:00+00:00,8.0338
2023-06-20 14:32:00+00:00,7.7
2023-05-13 00:01:00+00:00,3.64
2023-01-11 22:52:00+00:00,7.2375
2023-05-23 22:37:00+00:00,13.14
2023-01-08 07:18:00+00:00,3.6088
2023-05-16 03:53:00+00:00,5.8438
2023-06-04 10:47:00+00:00,12.98
2023-01-15 14:53:00+00:00,12.8675
2023-06-25 19:07:00+00:00,7.4437
2023-03-01 11:25:00+00:00,9.88
2023-03-25 11:37:00+00:00,7.7038
2023-01-11 22:01:00+00:00,7.6875
2023-03-10 20:52:00+00:00,13.66
2023-03-04 02:34:00+00:00,0.7025
2023-05-19 06:36:00+00:00,9.1975
2023-06-24 18:07:00+00:00,14.18
2023-02-08 02:56:00+00:00,3.6725
2023-02-01 19:55:00+00:00,10.3637
2023-03-30 04:12:00+00:00,12.06
2023-05-03 02:00:00+00:00,2.1025
2023-05-07 18:52:00+00:00,7.0325
2023-04-03 08:13:00+00:00,7.34
2023-03-15 13:01:00+00:00,9.1163
2023-06-29 11:42:00+00:00,5.4238
2023-01-28 15:38:00+00:00,11.64
2023-06-04 22:04:00+00:00,10.3175
2023-05-18 17:53:00+00:00,2.8712
2023-03-29 15:46:00+00:00,11.64
2023-01-09 08:35:00+00:00,10.66
2023-03-14 12:10:00+00:00,9.515
2023-03-09 19:35:00+00:00,7.24
2023-04-29 10:16:00+00:00,2.0225
2023-03-10 08:44:00+00:00,11.76
2023-01-23 22:46:00+00:00,9.14
2023-03-03 01:25:00+00:00,8.7513
2023-06-03 09:21:00+00:00,6.5412
2023-06-01 19:47:00+00:00,13.32
2023-06-16 22:40:00+00:00,5.9575
2023-02-11 05:14:00+00:00,7.0762
2023-03-15 13:10:00+00:00,11.36
2023-03-28 14:38:00+00:00,11.0575
2023-03-23 09:45:00+00:00,6.1013
2023-04-23 16:24:00+00:00,13.74
2023-04-02 07:55:00+00:00,6.2387
2023-06-26 20:25:00+00:00,4.645
2023-02-01 19:55:00+00:00,6.12
2023-01-14 13:10:00+00:00,11.6662
2023-03-20 18:45:00+00:00,3.4225
2023-04-30 23:25:00+00:00,12.28
2023-03-20 18:45:00+00:00,12.2225
2023-02-02 08:38:00+00:00,3.49
2023-04-09 14:14:00+00:00,7.86
2023-04-10 15:57:00+00:00,9.5988
2023-03-09 19:35:00+00:00,11.5838
2023-02-26 20:59:00+00:00,15.42
2023-05-08 07:09:00+00:00,3.4588
2023-01-29 04:21:00+00:00,0.685
2023-03-16 02:10:00+00:00,10.98
2023-02-17 11:58:00+00:00,5.7337
2023-05-22 21:37:00+00:00,9.6263
2023-04-08 13:56:00+00:00,6.24
2023-02-16 22:58:00+00:00,12.1575
2023-04-19 00:32:00+00:00,8.86
2023-06-26 08:08:00+00:00,10.22
2023-01-30 17:47:00+00:00,3.1113
2023-01-15 02:36:00+00:00,3.4425
2023-06-10 16:14:00+00:00,7.9
2023-02-18 12:58:00+00:00,10.585
2023-05-22 21:20:00+00:00,8.9262
2023-04-02 19:21:00+00:00,13.72
2023-02-20 14:15:00+00:00,3.8375
2023-01-25 12:03:00+00:00,6.805
2023-01-10 09:44:00+00:00,10.08
2023-04-15 08:49:00+00:00,2.58
2023-06-07 01:56:00+00:00,9.9712
2023-06-04 22:13:00+00:00,13.78
2023-02-21 15:07:00+00:00,11.9388
2023-01-04 03:43:00+00:00,3.4038
2023-04-24 17:59:00+00:00,14.56
2023-06-11 17:05:00+00:00,5.3513
2023-02-13 19:23:00+00:00,6.1037
2023-05-14 13:44:00+00:00,12.56
2023-06-23 05:07:00+00:00,5.1662
2023-01-21 08:11:00+00:00,8.6
2023-06-29 23:17:00+00:00,7.48
2023-05-09 20:26:00+00:00,11.585
2023-03-29 15:21:00+00:00,7.9088
2023-03-25 23:46:00+00:00,14.36
2023-03-07 05:09:00+00:00,6.4062
2023-03-21 19:19:00+00:00,0.7238
2023-02-04 10:13:00+00:00,11.38
2023-05-05 04:43:00+00:00,11.605
2023-02-15 09:15:00+00:00,2.5312
2023-03-26 12:54:00+00:00,8.38
2023-03-13 23:10:00+00:00,1.8887
2023-01-04 15:00:00+00:00,7.4787
2023-03-02 12:08:00+00:00,11.1
2023-05-31 18:12:00+00:00,5.4625
2023-03-30 16:12:00+00:00,5.21
2023-04-17 10:58:00+00:00,12.82
2023-01-11 10:35:00+00:00,5.2625
2023-01-10 21:27:00+00:00,1.3862
2023-03-07 17:00:00+00:00,10.8
2023-01-19 06:02:00+00:00,12.9475
2023-02-27 09:16:00+00:00,8.7713
2023-02-03 09:30:00+00:00,14.56
2023-01-12 23:10:00+00:00,5.7888
2023-01-27 14:12:00+00:00,4.7075
2023-03-25 11:03:00+00:00,13.96
2023-03-08 18:26:00+00:00,5.1825
2023-06-02 20:47:00+00:00,6.065
2023-04-22 03:15:00+00:00,10.52
2023-01-06 05:35:00+00:00,9.6
2023-02-16 10:40:00+00:00,2.2825
2023-04-30 11:08:00+00:00,14.68
2023-05-29 16:21:00+00:00,7.56
2023-02-16 22:58:00+00:00,10.6575
2023-05-27 14:20:00+00:00,6.02
2023-01-31 06:30:00+00:00,3.8875
2023-06-14 20:23:00+00:00,6.705
2023-04-10 03:48:00+00:00,8.68
2023-03-19 05:36:00+00:00,12.6962
2023-01-09 08:35:00+00:00,2.66
2023-05-22 21:03:00+00:00,9.12
2023-03-22 08:20:00+00:00,7.3
2023-03-24 10:28:00+00:00,8.0025
2023-01-22 21:54:00+00:00,5.52
2023-02-11 05:05:00+00:00,8.1762
2023-05-13 00:27:00+00:00,3.44
2023-06-10 04:57:00+00:00,6.3
2023-06-26 20:16:00+00:00,7.645
2023-01-02 13:25:00+00:00,0.5262
2023-01-29 04:21:00+00:00,5.66
2023-03-11 09:18:00+00:00,12.1113
2023-04-04 21:21:00+00:00,10.9663
2023-06-23 05:33:00+00:00,8.96
2023-04-13 18:57:00+00:00,9.1025
2023-04-23 04:07:00+00:00,1.365
2023-06-12 18:23:00+00:00,10.74
2023-05-17 16:45:00+00:00,6.27
2023-04-27 20:59:00+00:00,3.295
2023-05-02 01:00:00+00:00,5.92
2023-06-07 01:56:00+00:00,6.0713
2023-01-14 01:01:00+00:00,7.8412
2023-05-18 17:28:00+00:00,13.04
2023-03-03 01:25:00+00:00,3.6513
2023-06-18 12:06:00+00:00,0.585
2023-06-03 09:30:00+00:00,11.76
2023-02-28 22:42:00+00:00,7.5975
2023-01-08 19:35:00+00:00,11.0838
2023-05-14 01:27:00+00:00,11.76
2023-01-26 13:20:00+00:00,5.4562
2023-01-14 01:01:00+00:00,3.3912
2023-02-15 09:23:00+00:00,7.6
2023-03-11 09:27:00+00:00,12.4612
2023-01-19 06:11:00+00:00,3.4975
2023-01-14 01:44:00+00:00,9.76
2023-01-30 17:47:00+00:00,1.1612
2023-01-11 22:01:00+00:00,11.8375
2023-04-25 06:42:00+00:00,6.18
2023-06-10 16:48:00+00:00,10.55
2023-05-09 08:09:00+00:00,12.76
2023-02-22 04:07:00+00:00,9.74
2023-01-21 08:11:00+00:00,3.25
2023-05-02 01:34:00+00:00,11.4012
2023-03-09 19:18:00+00:00,10.84
2023-02-26 08:33:00+00:00,3.67
2023-06-05 23:39:00+00:00,10.9187
2023-06-27 09:25:00+00:00,15.44
2023-01-23 22:37:00+00:00,7.1775
2023-06-28 22:16:00+00:00,7.3475
2023-02-01 19:04:00+00:00,10.12
2023-06-29 11:25:00+00:00,6.4737
2023-04-13 06:14:00+00:00,12.6275
2023-03-12 22:44:00+00:00,12.1
2023-04-08 01:48:00+00:00,2.2713
2023-02-20 02:32:00+00:00,12.2625
2023-06-18 12:49:00+00:00,12.46
2023-06-01 07:21:00+00:00,8.2888
2023-01-29 16:55:00+00:00,6.01
2023-03-04 14:17:00+00:00,13.14
2023-04-25 18:42:00+00:00,3.0925
2023-05-19 06:54:00+00:00,11.8975
2023-05-22 21:54:00+00:00,9.12
2023-05-14 13:01:00+00:00,9.2163
2023-01-05 16:43:00+00:00,7.68
2023-01-10 09:18:00+00:00,14.08
2023-03-18 04:45:00+00:00,10.445
2023-02-14 20:14:00+00:00,1.505
2023-03-04 14:26:00+00:00,11.54
2023-02-03 09:39:00+00:00,2.3913
2023-02-21 15:07:00+00:00,12.6888
2023-02-24 18:59:00+00:00,10.58
2023-01-28 15:46:00+00:00,6.5088
2023-03-14 00:10:00+00:00,10.84
2023-05-03 14:17:00+00:00,10.34
2023-04-25 06:50:00+00:00,7.7675
2023-02-22 04:58:00+00:00,8.665
2023-06-07 01:22:00+00:00,12.64
2023-02-05 11:13:00+00:00,12.4437
2023-05-12 23:18:00+00:00,8.4387
2023-03-16 02:53:00+00:00,5.78
2023-01-17 16:19:00+00:00,8.92
2023-05-22 21:11:00+00:00,11.1762
2023-05-05 16:43:00+00:00,13.98
2023-05-29 16:12:00+00:00,9.61
2023-06-01 07:30:00+00:00,2.5888
2023-02-21 03:50:00+00:00,11.32
2023-01-10 21:18:00+00:00,12.3863
2023-03-24 10:37:00+00:00,1.4525
2023-05-29 16:46:00+00:00,6.86
2023-03-26 12:54:00+00:00,3.205
2023-01-10 09:18:00+00:00,7.28
2023-01-28 15:55:00+00:00,9.24
2023-02-26 08:16:00+00:00,5.37
2023-04-12 05:05:00+00:00,3.0762
2023-03-06 16:00:00+00:00,10.38
2023-03-08 18:26:00+00:00,5.9325
2023-05-18 05:19:00+00:00,6.2962
2023-01-08 19:01:00+00:00,8.04
2023-01-24 23:20:00+00:00,6.9287
2023-03-03 01:51:00+00:00,2.5013
2023-04-21 02:15:00+00:00,8.9
2023-05-13 12:44:00+00:00,7.865
2023-04-03 20:56:00+00:00,11.765
2023-05-28 15:21:00+00:00,12.84
2023-01-04 15:26:00+00:00,6.9787
2023-02-08 14:31:00+00:00,3.9975
2023-01-14 13:01:00+00:00,8.96
2023-03-14 12:18:00+00:00,11.165
2023-01-11 10:27:00+00:00,5.8125
2023-01-25 00:37:00+00:00,5.58
2023-03-14 12:01:00+00:00,1.665
2023-05-23 22:54:00+00:00,2.9275
2023-02-07 13:48:00+00:00,8.24
2023-02-02 08:56:00+00:00,12.19
2023-06-29 11:25:00+00:00,5.1238
2023-01-14 01:10:00+00:00,6.96
2023-05-24 11:03:00+00:00,4.2037
2023-03-28 02:03:00+00:00,12.7825
2023-02-26 20:16:00+00:00,5.82
2023-05-01 00:34:00+00:00,1.0
2023-01-07 18:26:00+00:00,1.5825
2023-05-12 11:27:00+00:00,8.52
2023-01-24 11:37:00+00:00,1.2037
2023-03-15 01:44:00+00:00,6.7412
2023-01-17 04:36:00+00:00,12.22
2023-01-14 01:53:00+00:00,7.6413
2023-04-29 22:25:00+00:00,10.6475
2023-04-20 13:58:00+00:00,5.68
2023-06-16 22:23:00+00:00,7.8075
2023-05-18 05:36:00+00:00,7.7962
2023-02-13 07:31:00+00:00,15.16
2023-04-24 17:50:00+00:00,11.0412
2023-02-14 08:14:00+00:00,9.03
2023-03-16 02:44:00+00:00,11.38
2023-03-28 14:46:00+00:00,4.4575
2023-03-22 20:20:00+00:00,9.075
2023-02-20 14:32:00+00:00,6.5
2023-02-12 06:57:00+00:00,0.7275
2023-05-21 08:20:00+00:00,7.5
2023-05-31 06:04:00+00:00,13.7
2023-02-21 15:24:00+00:00,6.12
2023-04-01 06:12:00+00:00,2.6375
2023-04-28 09:33:00+00:00,7.44
2023-01-07 18:35:00+00:00,11.7325
2023-01-15 14:02:00+00:00,5.2675
2023-04-24 05:16:00+00:00,14.56
2023-01-01 12:51:00+00:00,8.225
2023-04-13 06:40:00+00:00,1.0275
2023-06-19 01:49:00+00:00,12.48
2023-06-08 14:05:00+00:00,4.8975
2023-03-08 06:43:00+00:00,0.7575
2023-01-30 05:29:00+00:00,9.68
2023-06-28 10:42:00+00:00,7.5225
2023-04-25 06:42:00+00:00,4.8175
2023-06-11 17:05:00+00:00,11.92
2023-01-22 21:11:00+00:00,6.5762
2023-03-02 00:00:00+00:00,8.8
2023-03-20 18:54:00+00:00,15.06
2023-03-11 09:18:00+00:00,3.5112
2023-01-08 19:26:00+00:00,8.3837
2023-01-24 11:29:00+00:00,11.16
2023-02-23 17:41:00+00:00,9.4913
2023-05-04 03:00:00+00:00,11.6037
2023-03-22 20:37:00+00:00,10.3
2023-01-01 00:00:00+00:00,0.6
2023-03-13 23:18:00+00:00,11.5887
2023-03-15 01:01:00+00:00,11.36
2023-06-14 08:49:00+00:00,10.93
2023-02-13 19:40:00+00:00,8.8038
2023-02-03 09:21:00+00:00,7.76
2023-03-15 13:01:00+00:00,10.6163
2023-03-13 11:53:00+00:00,8.0637
2023-06-12 06:40:00+00:00,11.14
2023-05-20 07:54:00+00:00,3.3988
2023-03-25 23:03:00+00:00,10.2287
2023-01-15 02:02:00+00:00,13.38
2023-01-03 02:00:00+00:00,4.0025
2023-06-02 08:21:00+00:00,5.94
2023-03-10 20:35:00+00:00,8.46
2023-05-06 17:52:00+00:00,1.2312
2023-05-14 13:27:00+00:00,11.6163
2023-06-22 16:41:00+00:00,14.14
2023-05-09 08:01:00+00:00,10.36
2023-02-17 11:06:00+00:00,1.9837
2023-05-24 23:20:00+00:00,13.16
2023-02-22 04:41:00+00:00,9.565
2023-01-21 08:37:00+00:00,3.55
2023-02-03 09:04:00+00:00,8.16
2023-02-27 21:42:00+00:00,7.7962
2023-03-10 08:52:00+00:00,0.56
2023-02-20 02:50:00+00:00,9.3
2023-03-26 12:29:00+00:00,3.705
2023-03-04 14:08:00+00:00,8.1775
2023-04-06 23:05:00+00:00,12.6
2023-06-25 07:50:00+00:00,5.7687
2023-02-15 09:06:00+00:00,2.1812
2023-02-27 21:42:00+00:00,12.64
2023-02-21 03:07:00+00:00,4.2138
2023-02-21 03:41:00+00:00,2.6637
2023-02-28 22:42:00+00:00,7.46
2023-01-10 21:52:00+00:00,4.5862
2023-05-29 16:29:00+00:00,4.66
2023-03-15 01:44:00+00:00,7.36
2023-05-15 14:19:00+00:00,5.7675
2023-05-15 14:36:00+00:00,6.2675
2023-01-06 17:43:00+00:00,10.8
2023-02-01 07:21:00+00:00,12.0388
2023-06-11 05:05:00+00:00,4.4262
2023-02-15 09:32:00+00:00,15.2
2023-04-21 14:32:00+00:00,6.2375
2023-05-26 01:37:00+00:00,12.2312
2023-06-07 13:31:00+00:00,13.04
2023-06-06 00:39:00+00:00,12.67
2023-05-01 12:25:00+00:00,5.025
2023-06-29 11:51:00+00:00,8.28
2023-03-05 03:17:00+00:00,12.6037
2023-03-22 20:54:00+00:00,1.225
2023-03-23 21:28:00+00:00,9.12
2023-01-26 01:37:00+00:00,5.1813
2023-04-25 06:42:00+00:00,7.4675
2023-05-01 00:17:00+00:00,8.7
2023-01-09 08:26:00+00:00,5.56
2023-05-27 02:12:00+00:00,9.0825
2023-02-10 04:40:00+00:00,6.3
2023-03-17 03:19:00+00:00,2.8937
2023-02-17 23:23:00+00:00,5.1588
2023-03-02 12:08:00+00:00,7.9
2023-05-06 05:52:00+00:00,8.3063
2023-01-29 16:29:00+00:00,10.91
2023-03-28 14:55:00+00:00,10.02
2023-04-30 23:34:00+00:00,0.7488
2023-02-26 08:25:00+00:00,6.07
2023-06-09 15:14:00+00:00,14.28
2023-05-06 17:35:00+00:00,8.3812
2023-02-16 10:49:00+00:00,4.6325
2023-05-03 02:17:00+00:00,9.94
2023-06-27 21:08:00+00:00,4.3462
2023-05-25 00:46:00+00:00,8.68
2023-01-24 23:03:00+00:00,12.76
2023-01-09 08:09:00+00:00,10.26
2023-01-11 10:18:00+00:00,9.3
2023-06-12 18:06:00+00:00,5.94
2023-05-04 15:09:00+00:00,12.2788
2023-06-11 17:40:00+00:00,5.2512
2023-01-23 10:03:00+00:00,14.74
2023-03-18 16:53:00+00:00,5.67
2023-01-09 20:35:00+00:00,6.485
2023-03-31 17:47:00+00:00,7.68
2023-05-10 09:09:00+00:00,11.3112
2023-03-29 03:12:00+00:00,11.4337
2023-06-13 19:14:00+00:00,12.36
2023-02-13 07:49:00+00:00,11.6788
2023-04-04 21:21:00+00:00,1.6663
2023-03-15 13:10:00+00:00,14.56
2023-05-23 22:28:00+00:00,0.7775
2023-03-05 03:43:00+00:00,3.9537
2023-04-20 13:07:00+00:00,13.28
2023-05-13 00:18:00+00:00,5.74
2023-03-11 21:44:00+00:00,5.9863
2023-05-16 15:36:00+00:00,9.0
2023-01-03 14:34:00+00:00,1.8275
2023-04-15 08:40:00+00:00,3.98
2023-04-27 08:16:00+00:00,9.02
2023-01-12 11:10:00+00:00,3.3138
2023-06-08 02:31:00+00:00,10.3725
2023-05-21 08:28:00+00:00,12.7
2023-06-04 22:39:00+00:00,5.9175
2023-05-08 19:01:00+00:00,7.5838
2023-04-25 06:16:00+00:00,9.78
2023-02-06 12:13:00+00:00,4.245
2023-04-20 13:32:00+00:00,6.9863
2023-02-08 02:05:00+00:00,13.06
2023-06-23 05:33:00+00:00,2.9663
2023-06-01 07:21:00+00:00,0.8887
2023-01-16 15:10:00+00:00,7.0
2023-06-24 18:24:00+00:00,11.8425
2023-01-22 09:37:00+00:00,8.1513
2023-05-25 12:20:00+00:00,13.18
2023-02-21 03:24:00+00:00,12.6638
2023-06-07 01:39:00+00:00,5.6712
2023-06-23 05:07:00+00:00,14.56
2023-02-14 20:40:00+00:00,12.455
2023-02-12 18:06:00+00:00,2.9525
2023-05-10 21:01:00+00:00,10.88
2023-01-03 02:17:00+00:00,9.0525
2023-02-23 05:59:00+00:00,7.9162
2023-06-19 01:32:00+00:00,6.88
2023-04-19 12:32:00+00:00,7.085
2023-02-27 21:16:00+00:00,4.4463
2023-02-10 04:14:00+00:00,6.7
2023-03-07 05:52:00+00:00,6.0
2023-06-22 16:16:00+00:00,5.39
2023-05-27 14:20:00+00:00,7.22
2023-01-17 04:02:00+00:00,5.245
2023-01-04 15:34:00+00:00,12.7788
2023-03-25 11:29:00+00:00,12.36
2023-04-12 05:57:00+00:00,7.6762
2023-06-08 02:22:00+00:00,12.6725
2023-02-08 14:05:00+00:00,11.06
2023-06-08 02:39:00+00:00,4.9725
2023-06-18 12:58:00+00:00,6.735
2023-01-01 12:51:00+00:00,11.9
2023-05-12 11:18:00+00:00,12.4637
2023-02-03 09:21:00+00:00,4.3413
2023-06-01 07:13:00+00:00,12.92
2023-03-20 18:45:00+00:00,8.6225
2023-06-10 04:14:00+00:00,3.825
2023-03-05 03:17:00+00:00,10.36
2023-06-13 19:14:00+00:00,0.5537
2023-04-30 11:08:00+00:00,12.9238
2023-05-01 00:17:00+00:00,8.7
2023-04-03 20:47:00+00:00,5.665
2023-04-27 20:42:00+00:00,1.945
2023-06-13 19:40:00+00:00,5.56
2023-03-01 23:08:00+00:00,6.5987
2023-01-26 13:29:00+00:00,3.2563
2023-01-28 15:46:00+00:00,8.04
2023-02-21 15:33:00+00:00,5.4387
2023-02-22 16:33:00+00:00,3.54
2023-02-15 09:23:00+00:00,6.4
2023-05-28 15:46:00+00:00,10.8087
2023-02-24 18:07:00+00:00,7.2925
2023-06-13 07:57:00+00:00,13.96
2023-02-14 20:57:00+00:00,3.705
2023-04-23 04:07:00+00:00,11.115
2023-03-23 09:45:00+00:00,5.92
2023-01-12 23:27:00+00:00,4.6387
2023-04-05 10:56:00+00:00,2.4425
2023-05-15 02:10:00+00:00,12.98
2023-04-17 10:40:00+00:00,7.7325
2023-06-18 00:41:00+00:00,12.11
2023-04-06 11:30:00+00:00,15.0
2023-02-19 13:49:00+00:00,9.0363
2023-02-05 11:56:00+00:00,9.1937
2023-05-10 21:27:00+00:00,8.88
2023-06-22 16:58:00+00:00,11.59
2023-05-13 12:01:00+00:00,8.565
2023-06-25 07:59:00+00:00,7.8
2023-06-21 15:50:00+00:00,9.7387
2023-05-31 18:04:00+00:00,5.2125
2023-04-26 07:33:00+00:00,15.0
2023-05-29 04:38:00+00:00,12.285
2023-04-30 23:34:00+00:00,3.8988
2023-01-15 14:27:00+00:00,10.98
2023-01-21 20:37:00+00:00,12.825
2023-02-20 14:07:00+00:00,5.2875
2023-03-25 11:37:00+00:00,12.36
2023-01-02 01:34:00+00:00,7.3513
2023-06-28 22:34:00+00:00,9.2475
2023-03-23 09:28:00+00:00,6.32
2023-04-17 10:06:00+00:00,4.5825
2023-01-29 16:55:00+00:00,3.51
2023-06-29 23:34:00+00:00,11.88
2023-04-12 05:14:00+00:00,2.2763
2023-02-11 17:57:00+00:00,11.4512
2023-05-27 02:20:00+00:00,6.82
2023-02-07 01:48:00+00:00,10.4213
2023-01-23 22:20:00+00:00,2.1775
2023-06-06 00:13:00+00:00,11.42
2023-02-19 01:32:00+00:00,6.5613
2023-06-22 16:16:00+00:00,5.94
2023-05-04 15:09:00+00:00,13.96
2023-04-08 01:39:00+00:00,5.7213
2023-06-23 17:41:00+00:00,10.5913
2023-06-23 17:16:00+00:00,14.56
2023-04-08 01:48:00+00:00,5.9212
2023-04-06 23:22:00+00:00,4.6188
2023-06-10 04:31:00+00:00,5.9
2023-04-08 01:48:00+00:00,11.4213
2023-05-28 03:29:00+00:00,6.9337
2023-02-02 20:30:00+00:00,11.74
2023-04-04 21:30:00+00:00,3.1662
2023-01-28 15:55:00+00:00,9.4087
2023-01-05 16:34:00+00:00,12.78
2023-01-13 12:36:00+00:00,12.365
2023-06-26 08:16:00+00:00,3.82
2023-06-09 15:48:00+00:00,12.68
2023-03-23 09:20:00+00:00,2.8512
2023-05-11 22:10:00+00:00,10.3875
2023-04-23 16:33:00+00:00,13.74
2023-02-15 21:32:00+00:00,3.5562
2023-06-05 11:13:00+00:00,10.4938
2023-01-03 14:08:00+00:00,8.34
2023-04-26 07:50:00+00:00,12.1687
2023-04-19 12:32:00+00:00,11.185
2023-01-31 06:30:00+00:00,12.1
2023-02-10 16:31:00+00:00,8.35
2023-03-27 01:20:00+00:00,9.7812
2023-05-07 18:43:00+00:00,14.82
2023-02-21 03:50:00+00:00,7.5137
2023-03-29 03:55:00+00:00,7.24
2023-04-11 16:05:00+00:00,12.7
2023-04-14 19:40:00+00:00,10.9537
2023-06-18 00:58:00+00:00,1.06
2023-03-09 19:18:00+00:00,13.24
2023-01-22 21:28:00+00:00,9.4262
2023-01-26 01:37:00+00:00,10.7312
2023-02-15 09:23:00+00:00,6.4
2023-01-24 11:29:00+00:00,9.4537
2023-04-08 13:39:00+00:00,5.7962
2023-03-25 23:46:00+00:00,8.76
2023-05-27 02:20:00+00:00,1.4825
2023-04-07 12:30:00+00:00,6.045
2023-02-02 20:30:00+00:00,7.74
2023-01-03 02:00:00+00:00,0.7025
2023-05-22 09:28:00+00:00,9.5013
2023-02-03 21:56:00+00:00,9.36
2023-06-09 03:57:00+00:00,2.5737
2023-03-07 05:00:00+00:00,11.6562
2023-02-26 20:16:00+00:00,11.02
2023-06-08 14:39:00+00:00,6.9475
2023-01-14 13:27:00+00:00,12.1163
2023-06-21 15:33:00+00:00,9.32
2023-06-17 11:58:00+00:00,10.0838
2023-06-07 01:13:00+00:00,1.7712
2023-04-10 03:57:00+00:00,10.28
2023-03-31 17:38:00+00:00,6.8613
2023-06-02 08:21:00+00:00,10.29
2023-06-21 03:33:00+00:00,14.52
2023-03-26 00:54:00+00:00,1.43
2023-01-03 14:51:00+00:00,6.1775
2023-04-21 02:15:00+00:00,5.7
2023-02-07 13:39:00+00:00,1.4962
2023-01-07 18:52:00+00:00,7.4825
2023-01-13 12:01:00+00:00,5.74
2023-06-19 13:32:00+00:00,10.1862
2023-01-02 13:17:00+00:00,5.1262
2023-01-25 00:54:00+00:00,15.18
2023-02-20 02:50:00+00:00,3.6125
2023-03-27 13:46:00+00:00,7.6063
2023-05-02 01:17:00+00:00,8.32
2023-05-29 04:29:00+00:00,4.785
2023-01-19 18:54:00+00:00,10.1225
2023-02-02 20:04:00+00:00,6.54
2023-02-12 06:23:00+00:00,5.3775
2023-05-12 23:27:00+00:00,4.3388
2023-05-09 08:26:00+00:00,9.66
2023-03-17 15:02:00+00:00,1.0188
2023-04-26 07:16:00+00:00,0.8688
2023-03-27 13:46:00+00:00,14.8
2023-01-03 14:34:00+00:00,5.94
2023-04-14 19:57:00+00:00,3.4038
2023-03-27 01:03:00+00:00,12.4
2023-04-29 10:59:00+00:00,9.2225
2023-03-07 05:09:00+00:00,12.5062
2023-04-01 06:38:00+00:00,10.1
2023-02-28 10:25:00+00:00,1.5725
2023-01-15 02:02:00+00:00,6.7925
2023-05-03 02:34:00+00:00,8.34
2023-06-08 14:56:00+00:00,9.8475
2023-02-25 07:42:00+00:00,3.9688
2023-06-03 09:56:00+00:00,14.96
2023-04-14 07:31:00+00:00,1.2288
2023-03-13 23:53:00+00:00,6.3388
2023-04-28 09:33:00+00:00,5.84
2023-03-29 15:55:00+00:00,12.8588
2023-04-07 00:13:00+00:00,2.67
2023-03-02 00:08:00+00:00,11.9
2023-05-10 21:52:00+00:00,3.6362
2023-01-10 09:52:00+00:00,2.6612
2023-03-04 14:26:00+00:00,8.34
2023-03-11 09:35:00+00:00,3.5612
2023-03-03 01:17:00+00:00,8.2512
2023-04-15 08:49:00+00:00,12.38
2023-02-18 00:15:00+00:00,4.71
2023-02-15 09:15:00+00:00,5.2313
2023-03-30 16:46:00+00:00,15.26
2023-06-23 17:33:00+00:00,3.8912
2023-01-19 18:28:00+00:00,12.1725
2023-01-13 12:44:00+00:00,15.34
2023-01-24 23:29:00+00:00,2.6288
2023-01-17 04:02:00+00:00,1.595
2023-02-10 04:22:00+00:00,14.7
2023-06-26 20:16:00+00:00,4.045
2023-04-05 10:39:00+00:00,3.0425
2023-04-04 09:04:00+00:00,8.96
2023-02-19 13:58:00+00:00,8.0862
2023-04-13 18:57:00+00:00,9.5525
2023-01-06 17:26:00+00:00,12.8
2023-06-26 08:33:00+00:00,3.12
2023-03-28 14:29:00+00:00,7.6075
2023-06-23 05:41:00+00:00,14.16
2023-06-29 23:59:00+00:00,3.1488
2023-06-18 12:06:00+00:00,8.985
2023-03-22 20:02:00+00:00,12.7
2023-06-12 06:06:00+00:00,12.1775
2023-02-26 20:33:00+00:00,5.945
2023-06-09 03:39:00+00:00,5.88
2023-06-21 03:41:00+00:00,11.4138
2023-03-23 21:37:00+00:00,9.0762
2023-02-24 18:16:00+00:00,6.58
2023-01-14 13:27:00+00:00,2.6662
2023-03-17 15:53:00+00:00,5.3688
2023-01-31 18:21:00+00:00,11.7
2023-05-06 17:00:00+00:00,8.9313
2023-06-06 12:56:00+00:00,4.895
2023-01-15 02:27:00+00:00,12.18
2023-05-09 08:09:00+00:00,10.61
2023-05-23 10:11:00+00:00,1.1025
2023-06-15 09:32:00+00:00,7.6
2023-06-14 20:49:00+00:00,9.905
2023-04-02 19:38:00+00:00,10.7637
2023-02-18 12:06:00+00:00,12.86
2023-04-13 06:06:00+00:00,4.7275
2023-03-23 09:11:00+00:00,2.8512
2023-02-11 17:48:00+00:00,11.52
2023-04-10 03:39:00+00:00,5.1738
2023-04-10 15:22:00+00:00,3.6488
2023-05-31 06:21:00+00:00,13.7
2023-06-03 09:39:00+00:00,5.2912
2023-05-05 16:26:00+00:00,4.03
2023-01-06 17:43:00+00:00,7.6
2023-03-17 03:36:00+00:00,9.3938
2023-06-25 19:42:00+00:00,11.3938
2023-05-30 17:38:00+00:00,9.28
2023-06-01 19:04:00+00:00,7.7138
2023-01-02 01:00:00+00:00,1.7512
2023-03-28 02:20:00+00:00,10.82
2023-04-04 09:56:00+00:00,3.4413
2023-04-21 02:07:00+00:00,3.0125
2023-03-25 23:54:00+00:00,6.36
2023-03-11 09:35:00+00:00,8.5113
2023-01-13 12:18:00+00:00,10.815
2023-01-28 03:21:00+00:00,11.24
2023-01-27 14:12:00+00:00,6.7575
2023-01-17 16:10:00+00:00,3.52
2023-02-05 23:47:00+00:00,15.0
2023-02-03 09:30:00+00:00,3.1412
2023-03-24 22:37:00+00:00,8.9775
2023-04-29 22:08:00+00:00,12.66
2023-03-23 21:11:00+00:00,9.5262
2023-01-06 05:17:00+00:00,12.0062
2023-06-26 20:08:00+00:00,8.62
2023-06-13 19:57:00+00:00,8.5038
2023-01-31 06:04:00+00:00,2.4375
2023-04-09 02:56:00+00:00,10.66
2023-03-11 21:27:00+00:00,12.9362
2023-01-27 02:20:00+00:00,3.8325
2023-01-14 01:53:00+00:00,11.36
2023-01-24 23:20:00+00:00,3.4787
2023-02-02 08:13:00+00:00,8.54
2023-02-10 04:40:00+00:00,11.5
2023-06-25 07:42:00+00:00,6.4688
2023-03-24 22:20:00+00:00,9.9775
2023-01-23 22:46:00+00:00,14.74
2023-06-02 08:21:00+00:00,4.84
2023-03-23 09:03:00+00:00,11.5512
2023-06-21 15:24:00+00:00,14.52
2023-02-23 17:59:00+00:00,7.3412
2023-04-25 06:07:00+00:00,12.2175
2023-03-04 14:51:00+00:00,10.74
2023-06-07 01:56:00+00:00,7.8712
2023-01-05 16:00:00+00:00,0.93
2023-04-04 09:39:00+00:00,6.56
2023-01-16 03:27:00+00:00,1.9438
2023-06-26 08:25:00+00:00,11.17
2023-01-10 09:44:00+00:00,9.28
2023-01-16 15:36:00+00:00,4.0687
2023-05-27 02:12:00+00:00,6.9325
2023-03-12 10:35:00+00:00,6.5
2023-02-06 00:22:00+00:00,11.32
2023-06-10 16:40:00+00:00,5.55
2023-06-28 10:08:00+00:00,14.66
2023-02-02 20:56:00+00:00,10.465
2023-06-25 19:25:00+00:00,11.2937
2023-01-08 19:01:00+00:00,11.24
2023-01-21 20:45:00+00:00,4.825
2023-05-31 06:30:00+00:00,8.9875
2023-02-13 07:23:00+00:00,8.36
2023-04-09 14:56:00+00:00,4.2975
2023-05-03 02:00:00+00:00,1.9025
2023-04-15 08:57:00+00:00,13.58
2023-04-30 23:17:00+00:00,12.4488
2023-06-12 18:06:00+00:00,7.8525
2023-03-30 16:46:00+00:00,10.06
2023-05-25 00:12:00+00:00,2.48
2023-06-12 18:06:00+00:00,7.3025
2023-05-07 18:52:00+00:00,11.62
2023-04-15 08:57:00+00:00,7.38
2023-01-27 02:03:00+00:00,2.0325
2023-04-09 14:22:00+00:00,11.86
2023-05-31 18:04:00+00:00,5.8125
2023-06-17 23:15:00+00:00,12.1587
2023-02-20 14:07:00+00:00,14.9
2023-03-08 06:09:00+00:00,12.5075
2023-03-24 10:03:00+00:00,4.0025
2023-02-19 01:49:00+00:00,12.88
2023-05-22 09:54:00+00:00,0.7512
2023-04-05 10:56:00+00:00,8.7925
2023-05-05 16:52:00+00:00,6.78
2023-06-24 06:50:00+00:00,8.18
2023-03-11 21:09:00+00:00,5.2862
2023-02-22 04:16:00+00:00,14.14
2023-01-15 02:44:00+00:00,10.9925
2023-03-02 12:51:00+00:00,8.825
2023-02-22 16:58:00+00:00,12.14
2023-05-13 00:44:00+00:00,10.29
2023-05-23 22:54:00+00:00,5.4275
2023-04-16 21:57:00+00:00,8.8
2023-03-04 14:00:00+00:00,1.9275
2023-02-23 17:07:00+00:00,7.3412
2023-05-03 02:08:00+00:00,13.14
2023-04-13 18:40:00+00:00,4.5025
2023-02-16 22:06:00+00:00,1.0075
2023-06-07 01:39:00+00:00,11.04
2023-06-27 09:16:00+00:00,3.8712
2023-01-10 09:27:00+00:00,7.8613
2023-06-10 04:05:00+00:00,5.9
2023-04-08 01:39:00+00:00,4.9713
2023-02-13 19:40:00+00:00,11.9537
2023-02-11 17:57:00+00:00,10.72
2023-01-24 11:11:00+00:00,4.3037
2023-04-07 12:05:00+00:00,1.995
2023-05-11 22:52:00+00:00,6.9
2023-05-19 18:19:00+00:00,4.2725
2023-04-10 03:22:00+00:00,12.5738
2023-05-24 23:37:00+00:00,14.36
2023-04-02 07:38:00+00:00,5.2387
2023-04-22 03:33:00+00:00,8.2637
2023-02-14 20:32:00+00:00,7.18
2023-06-12 18:06:00+00:00,0.6525
2023-05-15 02:36:00+00:00,8.4925
2023-04-12 05:05:00+00:00,8.32
2023-06-24 06:24:00+00:00,11.2675
2023-03-17 15:45:00+00:00,6.9188
2023-06-13 07:31:00+00:00,13.96
2023-06-25 07:25:00+00:00,2.6187
2023-05-02 13:34:00+00:00,6.4262
2023-06-12 18:40:00+00:00,13.54
2023-04-29 22:51:00+00:00,9.0475
2023-05-17 16:36:00+00:00,11.72
2023-05-14 13:10:00+00:00,14.56
2023-06-09 03:22:00+00:00,6.6238
2023-01-15 02:44:00+00:00,10.1425
2023-02-20 14:32:00+00:00,13.7
2023-06-07 01:13:00+00:00,9.5712
2023-01-07 18:26:00+00:00,0.5825
2023-03-17 15:27:00+00:00,12.6
2023-02-23 05:16:00+00:00,10.8163
2023-06-10 16:31:00+00:00,4.4
2023-03-24 22:28:00+00:00,12.74
2023-03-17 03:10:00+00:00,7.7938
2023-01-31 18:30:00+00:00,10.5625
2023-02-17 23:58:00+00:00,7.24
2023-06-27 09:08:00+00:00,11.3712
2023-04-10 03:05:00+00:00,6.8238
2023-01-14 01:01:00+00:00,11.76
2023-04-22 03:58:00+00:00,8.2138
2023-01-12 23:01:00+00:00,10.2387
2023-02-09 03:14:00+00:00,10.68
2023-06-26 08:25:00+00:00,11.87
2023-02-27 21:51:00+00:00,4.2462
2023-01-15 14:27:00+00:00,10.58
2023-05-31 18:30:00+00:00,6.1125
2023-01-13 00:01:00+00:00,0.54
2023-02-24 18:33:00+00:00,5.78
2023-01-26 13:46:00+00:00,11.4563
2023-06-02 08:21:00+00:00,11.19
2023-06-04 10:47:00+00:00,6.58
2023-06-08 14:05:00+00:00,4.5975
2023-05-21 08:37:00+00:00,3.4
2023-05-19 06:11:00+00:00,15.46
2023-05-27 14:12:00+00:00,3.5575
2023-05-09 20:52:00+00:00,7.935
2023-05-08 07:18:00+00:00,13.24
2023-06-03 21:21:00+00:00,8.6163
2023-05-21 08:11:00+00:00,9.75
2023-02-07 13:48:00+00:00,14.24
2023-02-06 00:48:00+00:00,12.92
2023-06-21 03:58:00+00:00,11.6137
2023-03-29 03:12:00+00:00,11.64
2023-05-06 17:26:00+00:00,3.5812
2023-06-15 09:49:00+00:00,11.1813
2023-03-05 03:34:00+00:00,10.36
2023-06-16 10:06:00+00:00,2.8825
2023-02-26 20:33:00+00:00,10.495
2023-04-23 16:07:00+00:00,14.54
2023-04-05 10:39:00+00:00,11.1425
2023-06-17 23:15:00+00:00,4.3087
2023-02-07 01:31:00+00:00,6.24
2023-06-07 13:39:00+00:00,5.8963
2023-06-13 19:23:00+00:00,0.5537
2023-03-25 23:29:00+00:00,10.36
2023-06-01 07:04:00+00:00,10.3887
2023-03-31 05:04:00+00:00,10.4362
2023-02-26 08:33:00+00:00,10.62
2023-04-02 19:04:00+00:00,4.1137
2023-01-05 04:17:00+00:00,4.355
2023-06-08 02:48:00+00:00,13.46
2023-04-17 10:40:00+00:00,6.4325
2023-06-06 00:22:00+00:00,13.42
2023-04-07 00:48:00+00:00,11.42
2023-02-07 13:56:00+00:00,5.0963
2023-03-05 03:51:00+00:00,1.6038
2023-05-01 00:25:00+00:00,15.1
2023-05-03 14:08:00+00:00,6.5775
2023-06-01 07:13:00+00:00,2.5888
2023-04-11 04:57:00+00:00,10.3
2023-05-15 14:36:00+00:00,1.9175
2023-05-23 22:11:00+00:00,5.6775
2023-05-11 10:52:00+00:00,14.5
2023-05-03 02:17:00+00:00,5.3025
2023-03-31 17:55:00+00:00,8.4612
2023-04-06 23:56:00+00:00,13.4
2023-03-25 23:29:00+00:00,9.5787
2023-06-06 00:48:00+00:00,10.32
2023-02-17 23:58:00+00:00,14.44
2023-04-26 07:42:00+00:00,6.7687
2023-02-02 08:38:00+00:00,3.24
2023-01-06 05:26:00+00:00,12.0
2023-03-28 02:38:00+00:00,4.5825
2023-05-18 05:11:00+00:00,10.9462
2023-03-13 11:01:00+00:00,8.52
2023-04-16 09:15:00+00:00,4.1813
2023-06-11 05:31:00+00:00,1.4762
2023-03-11 09:27:00+00:00,6.08
2023-05-09 08:35:00+00:00,3.81
2023-03-06 04:52:00+00:00,2.855
2023-03-17 03:10:00+00:00,14.2
2023-06-17 23:32:00+00:00,1.4587
2023-05-06 05:00:00+00:00,4.5563
2023-01-16 03:53:00+00:00,7.0
2023-01-08 19:35:00+00:00,0.7338
2023-01-04 03:34:00+00:00,6.1537
2023-03-27 01:12:00+00:00,7.6
2023-05-23 22:37:00+00:00,9.3275
2023-05-14 13:10:00+00:00,5.6162
2023-04-23 04:16:00+00:00,11.34
2023-01-17 16:45:00+00:00,2.92
2023-04-21 02:58:00+00:00,8.9125
2023-01-12 23:01:00+00:00,11.72
2023-03-03 13:43:00+00:00,8.0263
2023-05-13 12:18:00+00:00,0.515
2023-02-06 00:13:00+00:00,11.42
2023-03-18 04:02:00+00:00,8.695
2023-02-28 22:34:00+00:00,6.9975
2023-05-25 00:03:00+00:00,5.98
2023-04-01 18:55:00+00:00,5.8625
2023-06-18 00:58:00+00:00,4.56
2023-04-21 02:07:00+00:00,15.3
2023-06-07 01:31:00+00:00,15.04
2023-01-10 21:18:00+00:00,9.0363
2023-05-24 11:29:00+00:00,7.56
2023-03-14 00:18:00+00:00,3.54
2023-04-24 05:59:00+00:00,12.6662
2023-06-27 09:51:00+00:00,6.24
2023-03-27 01:03:00+00:00,3.5312
2023-06-27 21:33:00+00:00,6.9962
2023-04-16 21:06:00+00:00,7.6
2023-04-07 00:48:00+00:00,3.27
2023-04-16 21:15:00+00:00,9.1062
2023-05-21 20:54:00+00:00,10.7
2023-03-24 10:54:00+00:00,4.1025
2023-04-16 09:32:00+00:00,2.4813
2023-03-06 16:09:00+00:00,11.18
2023-06-25 19:42:00+00:00,8.6937
2023-02-16 22:15:00+00:00,7.8075
2023-04-16 21:15:00+00:00,11.6
2023-05-06 05:09:00+00:00,4.2562
2023-06-26 08:16:00+00:00,4.47
2023-06-10 04:40:00+00:00,5.5
2023-06-12 06:23:00+00:00,9.6275
2023-01-22 09:03:00+00:00,9.3513
2023-06-12 06:48:00+00:00,12.34
2023-03-23 09:45:00+00:00,3.6012
2023-02-06 12:48:00+00:00,2.345
2023-03-15 01:01:00+00:00,14.96
2023-04-13 18:23:00+00:00,7.3525
2023-01-04 15:00:00+00:00,2.8287
2023-05-22 09:45:00+00:00,12.72
2023-02-25 19:42:00+00:00,2.1938
2023-06-05 23:39:00+00:00,11.6687
2023-05-06 17:52:00+00:00,10.0
2023-01-22 21:54:00+00:00,9.4763
2023-03-21 19:37:00+00:00,6.4737
2023-01-27 02:12:00+00:00,8.02
2023-03-01 23:42:00+00:00,4.8487
2023-06-18 00:41:00+00:00,12.46
2023-02-07 13:05:00+00:00,7.04
2023-06-25 19:25:00+00:00,4.6437
2023-04-20 01:32:00+00:00,1.5613
2023-04-14 19:40:00+00:00,11.56
2023-02-19 01:07:00+00:00,10.4612
2023-04-07 00:39:00+00:00,12.07
2023-04-03 08:47:00+00:00,9.34
2023-02-18 12:15:00+00:00,4.485
2023-01-14 01:01:00+00:00,6.0412
2023-05-28 15:29:00+00:00,8.04
2023-01-09 08:09:00+00:00,1.01
2023-04-12 05:23:00+00:00,9.0262
2023-02-17 11:23:00+00:00,14.84
2023-01-07 18:26:00+00:00,5.3325
2023-04-01 06:30:00+00:00,0.6375
2023-06-13 19:06:00+00:00,10.36
2023-05-03 14:51:00+00:00,6.5775
2023-05-16 15:02:00+00:00,7.6188
2023-06-12 18:06:00+00:00,7.14
2023-01-10 09:01:00+00:00,1.1612
2023-01-15 14:53:00+00:00,10.1175
2023-05-01 12:25:00+00:00,8.3
2023-01-12 11:53:00+00:00,4.8637
2023-01-11 10:52:00+00:00,12.2625
2023-06-22 04:16:00+00:00,11.74
2023-05-14 13:53:00+00:00,10.4162
2023-06-18 00:15:00+00:00,9.46
2023-04-03 20:47:00+00:00,13.34
2023-01-15 14:02:00+00:00,7.1175
2023-05-22 21:20:00+00:00,10.9262
2023-03-11 21:18:00+00:00,10.08
2023-04-12 05:48:00+00:00,10.2762
2023-03-25 23:54:00+00:00,9.0787
2023-05-14 13:19:00+00:00,6.96
2023-01-09 08:01:00+00:00,8.96
2023-06-29 11:59:00+00:00,1.2738
2023-06-07 01:39:00+00:00,13.84
2023-05-13 12:27:00+00:00,0.965
2023-02-16 10:58:00+00:00,12.7325
2023-04-03 20:47:00+00:00,7.34
2023-06-25 19:07:00+00:00,6.7438
2023-02-15 21:49:00+00:00,12.2063
2023-01-12 23:53:00+00:00,6.52
2023-02-14 08:49:00+00:00,7.88
2023-02-23 17:41:00+00:00,8.2912
2023-02-03 21:13:00+00:00,10.16
2023-03-21 19:19:00+00:00,6.3738
2023-06-08 02:05:00+00:00,8.5725
2023-01-17 16:02:00+00:00,7.82
2023-03-28 02:46:00+00:00,2.9325
2023-01-14 01:01:00+00:00,7.5412
2023-05-30 05:47:00+00:00,8.88
2023-04-09 14:05:00+00:00,9.6975
2023-01-30 05:55:00+00:00,3.5362
2023-06-21 15:15:00+00:00,13.72
2023-06-02 20:30:00+00:00,0.865
2023-05-06 17:26:00+00:00,11.9313
2023-01-22 09:11:00+00:00,9.52
2023-05-27 14:20:00+00:00,6.8575
2023-04-27 20:08:00+00:00,8.245
2023-01-14 01:10:00+00:00,8.56
2023-02-17 11:06:00+00:00,4.8838
2023-04-23 16:16:00+00:00,10.14
2023-04-21 14:07:00+00:00,10.5
2023-03-14 00:36:00+00:00,1.84
2023-03-06 16:43:00+00:00,8.88
2023-01-27 02:46:00+00:00,6.02
2023-06-14 20:06:00+00:00,10.505
2023-04-14 19:31:00+00:00,3.7538
2023-01-30 17:55:00+00:00,10.48
2023-01-14 01:36:00+00:00,8.9913
2023-05-10 09:35:00+00:00,12.8112
2023-02-04 10:56:00+00:00,14.98
2023-02-02 08:21:00+00:00,9.99
2023-06-28 22:59:00+00:00,8.5475
2023-03-20 06:19:00+00:00,14.26
2023-01-16 03:45:00+00:00,2.4937
2023-04-20 13:07:00+00:00,4.5862
2023-01-19 06:54:00+00:00,9.46
2023-06-04 22:04:00+00:00,11.8175
2023-02-16 10:23:00+00:00,10.7325
2023-01-05 16:00:00+00:00,15.18
2023-05-09 08:09:00+00:00,8.06
2023-03-08 06:18:00+00:00,9.8575
2023-05-02 01:08:00+00:00,15.12
2023-02-03 09:47:00+00:00,1.5413
2023-04-22 15:15:00+00:00,10.8887
2023-02-15 09:15:00+00:00,6.4
2023-06-16 22:40:00+00:00,9.9575
2023-05-01 12:00:00+00:00,6.075
2023-03-27 13:12:00+00:00,12.8
2023-03-18 16:45:00+00:00,8.52
2023-03-12 10:01:00+00:00,6.8125
2023-02-22 16:24:00+00:00,8.54
2023-03-12 22:18:00+00:00,12.7375
2023-01-27 02:55:00+00:00,9.5825
2023-06-19 13:41:00+00:00,9.28
2023-05-12 11:53:00+00:00,0.6138
2023-04-27 20:33:00+00:00,10.695
2023-04-10 15:05:00+00:00,6.68
2023-04-20 01:49:00+00:00,12.9113
2023-05-10 09:18:00+00:00,4.2112
2023-01-16 15:53:00+00:00,9.0
2023-06-05 23:39:00+00:00,6.5687
2023-06-04 22:56:00+00:00,0.9675
2023-02-09 03:31:00+00:00,9.48
2023-05-26 13:03:00+00:00,3.9062
2023-03-06 04:43:00+00:00,6.755
2023-04-04 09:56:00+00:00,8.56
2023-03-01 11:59:00+00:00,7.0738
2023-02-26 08:25:00+00:00,9.37
2023-03-25 23:54:00+00:00,8.36
2023-05-31 06:12:00+00:00,8.1
2023-04-25 18:33:00+00:00,1.2925
2023-01-31 06:12:00+00:00,14.5
2023-04-27 08:16:00+00:00,9.12
2023-02-04 22:22:00+00:00,7.6675
2023-03-16 14:36:00+00:00,8.98
2023-04-26 07:59:00+00:00,6.4688
2023-06-17 11:32:00+00:00,9.2837
2023-02-26 08:25:00+00:00,6.22
2023-03-01 23:34:00+00:00,0.9988
2023-02-13 07:40:00+00:00,5.2287
2023-03-04 14:17:00+00:00,9.54
2023-03-01 23:17:00+00:00,11.6988
2023-06-13 07:31:00+00:00,1.3287
2023-03-16 02:53:00+00:00,6.58
2023-06-26 08:25:00+00:00,6.52
2023-01-13 00:27:00+00:00,8.69
2023-06-25 19:59:00+00:00,7.4
2023-05-04 15:51:00+00:00,7.1288
2023-02-12 06:14:00+00:00,0.9775
2023-04-22 03:24:00+00:00,12.12
2023-01-15 02:19:00+00:00,5.8425
2023-01-26 01:37:00+00:00,1.9812
2023-01-25 00:20:00+00:00,6.38
2023-05-12 23:44:00+00:00,3.6387
2023-04-17 22:06:00+00:00,7.6075
2023-06-13 07:31:00+00:00,13.96
2023-01-19 06:28:00+00:00,3.7975
2023-03-24 10:46:00+00:00,9.3525
2023-05-20 19:37:00+00:00,15.08
2023-06-07 01:48:00+00:00,5.4212
2023-03-19 05:02:00+00:00,9.9462
2023-03-14 00:53:00+00:00,7.74
2023-02-02 20:21:00+00:00,12.115
2023-01-23 10:20:00+00:00,3.2525
2023-04-04 21:30:00+00:00,7.36
2023-04-12 05:48:00+00:00,1.7263
2023-05-16 15:02:00+00:00,1.9187
2023-06-17 11:06:00+00:00,6.44
2023-05-08 19:09:00+00:00,4.8338
2023-04-23 16:24:00+00:00,9.04
2023-06-01 07:47:00+00:00,6.12
2023-01-31 18:12:00+00:00,6.3125
2023-05-04 03:09:00+00:00,4.1037
2023-02-18 12:24:00+00:00,6.86
2023-03-28 14:03:00+00:00,2.2575
2023-03-11 21:18:00+00:00,2.0862
2023-03-08 18:09:00+00:00,9.22
2023-03-27 01:03:00+00:00,11.9812
2023-01-28 15:03:00+00:00,6.0587
2023-04-25 06:59:00+00:00,13.38
2023-02-05 23:22:00+00:00,9.0188
2023-04-08 13:22:00+00:00,1.6462
2023-06-25 07:42:00+00:00,11.0
2023-03-16 14:53:00+00:00,9.4175
2023-05-09 08:52:00+00:00,12.26
2023-04-14 07:49:00+00:00,8.76
2023-02-17 11:58:00+00:00,7.0838
2023-02-24 18:59:00+00:00,10.1925
2023-01-17 16:19:00+00:00,10.62
2023-02-23 17:07:00+00:00,0.8413
2023-03-23 21:54:00+00:00,7.8262
2023-04-04 09:56:00+00:00,8.16
2023-03-19 17:36:00+00:00,7.5713
2023-04-21 14:32:00+00:00,11.8875
2023-01-18 17:11:00+00:00,13.84
2023-06-28 22:59:00+00:00,9.9475
2023-03-29 15:29:00+00:00,5.9088
2023-02-26 08:42:00+00:00,11.02
2023-02-16 10:49:00+00:00,8.3325
2023-06-17 23:49:00+00:00,11.1088
2023-01-28 03:46:00+00:00,6.44
2023-05-25 00:03:00+00:00,6.63
2023-01-19 18:11:00+00:00,3.5725
2023-02-03 09:04:00+00:00,12.96
2023-06-06 12:30:00+00:00,10.545
2023-01-06 05:00:00+00:00,4.1562
2023-05-03 14:26:00+00:00,12.34
2023-06-02 08:56:00+00:00,11.69
2023-03-10 08:44:00+00:00,4.96
2023-01-26 13:55:00+00:00,8.8
2023-02-17 23:49:00+00:00,6.6087
2023-05-22 09:11:00+00:00,11.0512
2023-05-10 09:01:00+00:00,8.08
2023-06-28 10:59:00+00:00,3.2725
2023-06-13 19:57:00+00:00,7.6537
2023-05-14 01:27:00+00:00,8.96
2023-04-25 06:07:00+00:00,9.4175
2023-05-25 00:46:00+00:00,1.28
2023-05-29 16:38:00+00:00,9.26
2023-03-24 22:54:00+00:00,9.3775
2023-06-10 04:57:00+00:00,2.625
2023-03-15 01:19:00+00:00,12.16
2023-04-27 20:25:00+00:00,11.345
2023-05-12 11:27:00+00:00,4.1137
2023-01-31 06:04:00+00:00,9.3
2023-02-19 13:15:00+00:00,1.6863
2023-01-28 03:46:00+00:00,1.2338
2023-06-05 23:47:00+00:00,13.8
2023-06-16 22:58:00+00:00,9.5075
2023-06-11 05:14:00+00:00,7.52
2023-02-21 15:33:00+00:00,12.12
2023-01-17 16:02:00+00:00,4.47
2023-05-16 15:36:00+00:00,7.5687
2023-01-08 19:01:00+00:00,8.04
2023-02-23 17:33:00+00:00,3.8912
2023-06-29 23:51:00+00:00,1.1987
2023-01-28 03:12:00+00:00,8.04
2023-05-02 01:08:00+00:00,7.3513
2023-03-30 16:29:00+00:00,11.21
2023-06-03 09:04:00+00:00,12.56
2023-02-04 22:47:00+00:00,2.5175
2023-06-24 06:59:00+00:00,0.7175
2023-05-08 19:18:00+00:00,11.24
2023-01-12 11:01:00+00:00,11.3138
2023-02-09 03:48:00+00:00,12.8238
2023-05-14 13:10:00+00:00,8.16
2023-05-08 19:52:00+00:00,7.8338
2023-03-23 09:28:00+00:00,1.4013
2023-01-16 15:10:00+00:00,11.0
2023-05-05 04:34:00+00:00,7.905
2023-02-11 17:57:00+00:00,11.1512
2023-06-04 10:04:00+00:00,13.38
2023-05-29 16:55:00+00:00,9.11
2023-05-11 10:35:00+00:00,4.5625
2023-06-24 06:24:00+00:00,9.38
2023-05-07 06:43:00+00:00,10.7075
2023-02-25 19:50:00+00:00,2.8937
2023-06-27 21:08:00+00:00,15.44
2023-03-06 04:26:00+00:00,7.605
2023-06-22 16:24:00+00:00,2.24
2023-01-12 11:10:00+00:00,12.92
2023-02-25 19:42:00+00:00,7.5938
2023-02-19 13:41:00+00:00,1.1362
2023-01-02 13:08:00+00:00,6.72
2023-04-16 21:06:00+00:00,1.4062
2023-05-30 05:47:00+00:00,12.5363
2023-01-30 05:12:00+00:00,10.88
2023-04-08 01:39:00+00:00,7.3712
2023-04-04 21:39:00+00:00,3.4663
2023-03-02 00:51:00+00:00,12.3
2023-03-15 01:53:00+00:00,7.1913
2023-05-17 16:19:00+00:00,12.47
2023-04-25 18:59:00+00:00,6.58
2023-03-29 15:38:00+00:00,0.6088
2023-03-26 12:20:00+00:00,8.855
2023-02-15 21:15:00+00:00,14.0
2023-02-15 21:23:00+00:00,7.2062
2023-03-03 13:08:00+00:00,4.2263
2023-01-27 14:12:00+00:00,6.42
2023-06-14 20:49:00+00:00,6.78
2023-04-15 20:32:00+00:00,8.305
2023-03-20 18:54:00+00:00,9.86
2023-06-07 13:31:00+00:00,5.4463
2023-01-07 18:52:00+00:00,2.6325
2023-03-31 17:21:00+00:00,6.08
2023-01-26 01:03:00+00:00,12.9313
2023-01-14 01:36:00+00:00,5.0912
2023-02-18 00:24:00+00:00,8.06
2023-01-22 09:45:00+00:00,9.5512
2023-01-22 21:54:00+00:00,7.1762
2023-03-31 05:21:00+00:00,15.28
2023-01-05 16:26:00+00:00,7.83
2023-03-31 17:21:00+00:00,8.2112
2023-05-11 22:10:00+00:00,5.7
2023-01-24 23:46:00+00:00,4.8288
2023-05-11 10:01:00+00:00,4.8125
2023-06-06 12:56:00+00:00,12.62
2023-04-18 11:15:00+00:00,4.5838
2023-01-07 18:18:00+00:00,6.4325
2023-05-06 17:26:00+00:00,9.6
2023-01-15 02:10:00+00:00,10.4425
2023-04-13 06:23:00+00:00,6.7775
2023-03-11 09:52:00+00:00,6.88
2023-01-27 02:38:00+00:00,5.1325
2023-04-18 11:41:00+00:00,10.4337
2023-04-24 17:33:00+00:00,13.76
2023-02-06 12:39:00+00:00,7.495
2023-02-02 20:21:00+00:00,2.465
2023-04-29 22:08:00+00:00,9.86
2023-04-03 08:56:00+00:00,11.24
2023-01-22 21:20:00+00:00,2.7262
2023-03-14 00:01:00+00:00,6.54
2023-03-27 01:12:00+00:00,4.8312
2023-02-02 20:30:00+00:00,9.115
2023-02-11 05:23:00+00:00,10.72
2023-04-04 21:04:00+00:00,9.3663
2023-03-15 13:10:00+00:00,5.3662
2023-05-06 17:35:00+00:00,14.4
2023-05-01 00:34:00+00:00,4.4
2023-03-15 13:36:00+00:00,6.5663
2023-05-26 13:29:00+00:00,10.0
2023-06-09 15:57:00+00:00,1.8487
2023-03-17 03:19:00+00:00,9.1438
2023-01-12 11:44:00+00:00,6.52
2023-06-10 04:57:00+00:00,4.025
2023-03-20 06:19:00+00:00,7.1475
2023-05-22 21:37:00+00:00,11.12
2023-05-27 02:03:00+00:00,3.5325
2023-06-06 12:13:00+00:00,11.645
2023-06-08 02:22:00+00:00,13.86
2023-04-08 13:48:00+00:00,11.0463
2023-03-03 13:00:00+00:00,6.6262
2023-02-14 20:57:00+00:00,10.38
2023-01-06 05:26:00+00:00,5.6562
2023-01-03 02:51:00+00:00,11.4025
2023-02-07 01:48:00+00:00,9.84
2023-06-26 08:16:00+00:00,8.02
2023-03-07 05:43:00+00:00,10.7063
2023-06-12 18:06:00+00:00,10.34
2023-04-26 19:42:00+00:00,2.4438
2023-02-11 17:57:00+00:00,8.0512
2023-02-04 10:39:00+00:00,12.98
2023-02-24 18:59:00+00:00,3.0925
2023-05-13 00:10:00+00:00,3.79
2023-05-17 04:28:00+00:00,6.22
2023-06-10 04:40:00+00:00,12.825
2023-02-02 20:13:00+00:00,2.015
2023-05-03 14:51:00+00:00,5.94
2023-02-12 18:40:00+00:00,2.7025
2023-04-10 15:48:00+00:00,9.9987
2023-05-21 08:37:00+00:00,12.3
2023-06-05 11:56:00+00:00,1.8438
2023-02-17 23:23:00+00:00,11.1088
2023-03-15 13:19:00+00:00,13.36
2023-01-15 14:44:00+00:00,7.9675
2023-06-04 10:47:00+00:00,0.7425
2023-02-25 19:25:00+00:00,15.0
2023-03-12 22:52:00+00:00,1.3375
2023-01-02 13:34:00+00:00,9.9262
2023-02-08 14:31:00+00:00,11.06
2023-03-03 13:51:00+00:00,11.2762
2023-05-28 15:55:00+00:00,5.4088
2023-01-25 00:37:00+00:00,13.18
2023-06-27 21:33:00+00:00,10.5463
2023-04-24 05:50:00+00:00,2.5663
2023-06-05 23:30:00+00:00,6.6
2023-05-13 12:27:00+00:00,3.565
2023-01-26 01:37:00+00:00,1.8313
2023-04-20 13:07:00+00:00,11.68
2023-01-13 00:01:00+00:00,2.44
2023-06-02 08:30:00+00:00,10.94
2023-02-22 04:41:00+00:00,5.74
2023-06-13 07:31:00+00:00,9.5288
2023-06-08 02:31:00+00:00,1.4725
2023-06-17 23:06:00+00:00,13.24
2023-01-22 09:37:00+00:00,12.1512
2023-05-20 07:02:00+00:00,12.7988
2023-02-09 15:14:00+00:00,7.88
2023-05-27 02:29:00+00:00,11.9325
2023-06-29 11:59:00+00:00,7.08
2023-01-08 07:01:00+00:00,8.04
2023-03-06 16:17:00+00:00,10.98
2023-04-26 07:50:00+00:00,6.6688
2023-05-12 11:18:00+00:00,6.12
2023-03-08 06:09:00+00:00,2.4575
2023-02-22 04:58:00+00:00,3.315
2023-02-19 13:49:00+00:00,10.08
2023-01-30 05:38:00+00:00,5.2363
2023-06-28 22:25:00+00:00,3.6975
2023-06-19 13:15:00+00:00,10.48
2023-06-29 23:59:00+00:00,7.3987
2023-04-17 22:49:00+00:00,7.8575
2023-04-15 08:49:00+00:00,15.18
2023-06-13 19:31:00+00:00,3.3537
2023-01-15 14:53:00+00:00,5.7675
2023-03-11 09:44:00+00:00,14.08
2023-04-23 16:58:00+00:00,11.94
2023-02-24 18:33:00+00:00,1.1925
2023-05-06 05:35:00+00:00,11.6
2023-01-30 17:47:00+00:00,1.4613
2023-02-02 20:56:00+00:00,1.615
2023-06-06 12:05:00+00:00,8.62
2023-06-06 12:39:00+00:00,3.245
2023-02-19 01:24:00+00:00,7.2613
2023-06-23 05:41:00+00:00,9.36
2023-06-25 07:50:00+00:00,9.9688
2023-04-17 22:06:00+00:00,2.0075
2023-02-07 13:39:00+00:00,6.64
2023-02-16 10:40:00+00:00,0.8825
2023-02-06 12:30:00+00:00,6.995
2023-02-26 20:25:00+00:00,8.22
2023-01-11 10:27:00+00:00,6.2125
2023-04-22 03:50:00+00:00,6.6638
2023-04-12 05:05:00+00:00,12.72
2023-01-27 14:20:00+00:00,0.5575
2023-05-29 16:29:00+00:00,12.71
2023-02-21 03:33:00+00:00,8.12
2023-05-23 22:20:00+00:00,2.6275
2023-01-30 05:47:00+00:00,1.1362
2023-02-23 17:33:00+00:00,6.56
2023-05-27 02:20:00+00:00,7.8825
2023-06-16 22:40:00+00:00,8.3075
2023-04-16 21:15:00+00:00,10.4
2023-04-19 00:41:00+00:00,11.26
2023-02-15 09:57:00+00:00,7.7812
2023-02-26 08:50:00+00:00,9.02
2023-02-16 22:40:00+00:00,5.9575
2023-06-28 22:16:00+00:00,11.1475
2023-04-28 09:51:00+00:00,8.64
2023-03-07 17:43:00+00:00,6.8
2023-06-12 18:57:00+00:00,1.6025
2023-04-03 08:47:00+00:00,14.14
2023-06-10 16:40:00+00:00,2.6
2023-03-20 06:11:00+00:00,3.6475
2023-04-21 02:15:00+00:00,14.9
2023-03-19 17:02:00+00:00,8.8712
2023-02-13 19:06:00+00:00,5.7538
2023-01-02 01:17:00+00:00,6.32
2023-02-18 12:06:00+00:00,7.935
2023-03-10 08:35:00+00:00,8.56
2023-02-03 09:47:00+00:00,14.96
2023-04-17 10:58:00+00:00,9.2325
2023-02-03 09:21:00+00:00,7.0912
2023-05-12 23:18:00+00:00,6.52
2023-02-18 00:49:00+00:00,6.61
2023-03-26 00:37:00+00:00,12.38
2023-05-12 23:53:00+00:00,11.72
2023-06-28 10:25:00+00:00,0.7225
2023-06-18 00:15:00+00:00,11.51
2023-04-24 05:16:00+00:00,8.56
2023-01-24 23:37:00+00:00,8.3287
2023-01-11 22:10:00+00:00,0.6875
2023-01-12 11:27:00+00:00,5.72
2023-02-22 16:58:00+00:00,12.99
2023-03-22 08:45:00+00:00,4.85
2023-06-16 22:49:00+00:00,8.02
2023-01-20 07:19:00+00:00,9.9488
2023-04-16 09:40:00+00:00,7.6312
2023-05-11 22:27:00+00:00,6.9
2023-03-10 20:52:00+00:00,4.185
2023-05-15 02:44:00+00:00,0.9925
2023-03-30 04:21:00+00:00,12.86
2023-01-30 17:47:00+00:00,1.4112
2023-04-19 00:15:00+00:00,3.26
2023-04-08 01:22:00+00:00,15.04
2023-03-26 00:29:00+00:00,1.28
2023-03-12 22:01:00+00:00,7.1875
2023-05-07 18:52:00+00:00,15.22
2023-04-04 09:04:00+00:00,9.7413
2023-05-28 15:46:00+00:00,2.6088
2023-05-12 11:10:00+00:00,10.12
2023-01-01 00:08:00+00:00,8.4
2023-01-12 23:53:00+00:00,2.5387
2023-02-01 07:30:00+00:00,15.32
2023-03-01 23:42:00+00:00,4.9488
2023-03-02 12:17:00+00:00,8.825
2023-05-14 13:19:00+00:00,12.56
2023-01-19 18:45:00+00:00,1.2225
2023-05-18 05:19:00+00:00,12.0463
2023-06-10 16:22:00+00:00,9.9
2023-02-14 20:06:00+00:00,9.905
2023-04-28 21:25:00+00:00,7.0963
2023-04-22 15:07:00+00:00,15.32
2023-01-23 10:20:00+00:00,11.9525
2023-03-11 21:35:00+00:00,8.5862
2023-03-22 20:54:00+00:00,13.5
2023-03-07 17:35:00+00:00,2.4312
2023-04-07 12:22:00+00:00,11.095
2023-06-18 12:24:00+00:00,10.46
2023-06-26 08:16:00+00:00,4.02
2023-06-24 18:59:00+00:00,4.3925
2023-01-29 16:21:00+00:00,5.66
2023-02-11 17:40:00+00:00,3.9512
2023-05-06 17:09:00+00:00,12.2812
2023-01-29 04:46:00+00:00,6.06
2023-01-18 17:11:00+00:00,9.0213
2023-01-28 15:12:00+00:00,4.5587
2023-04-25 06:50:00+00:00,10.18
2023-01-18 17:53:00+00:00,10.1212
2023-04-29 10:42:00+00:00,7.5225
2023-04-20 01:49:00+00:00,8.08
2023-03-15 13:27:00+00:00,11.6163
2023-04-15 08:32:00+00:00,9.83
2023-05-13 00:36:00+00:00,9.74
2023-02-14 20:06:00+00:00,7.405
2023-02-02 08:04:00+00:00,4.84
2023-01-04 15:09:00+00:00,9.16
2023-01-18 05:28:00+00:00,1.6462
2023-02-21 03:33:00+00:00,10.1137
2023-01-08 19:01:00+00:00,12.04
2023-02-08 02:22:00+00:00,5.7725
2023-01-22 09:28:00+00:00,10.0013
2023-04-18 23:23:00+00:00,11.24
2023-03-20 06:54:00+00:00,7.7975
2023-03-14 00:10:00+00:00,10.94
2023-06-29 11:17:00+00:00,15.48
2023-06-03 21:21:00+00:00,4.0162
2023-01-16 03:36:00+00:00,6.0438
2023-03-08 06:09:00+00:00,11.22
2023-04-07 00:13:00+00:00,7.52
2023-05-15 14:44:00+00:00,4.3675
2023-05-10 21:27:00+00:00,12.08
2023-04-20 13:24:00+00:00,11.5862
2023-02-05 11:13:00+00:00,10.6937
2023-04-05 22:30:00+00:00,5.78
2023-03-06 16:17:00+00:00,5.18
2023-06-26 20:16:00+00:00,1.345
2023-01-06 17:35:00+00:00,7.2
2023-03-15 01:36:00+00:00,11.8912
2023-04-14 07:14:00+00:00,13.16
2023-04-27 20:16:00+00:00,14.22
2023-03-19 17:53:00+00:00,7.0713
2023-02-17 23:49:00+00:00,2.7588
2023-03-07 17:09:00+00:00,12.4
2023-05-29 16:12:00+00:00,7.21
2023-03-26 00:03:00+00:00,1.08
2023-05-14 13:19:00+00:00,5.76
2023-01-04 03:26:00+00:00,8.4537
2023-05-08 19:43:00+00:00,5.9837
2023-05-07 06:09:00+00:00,14.42
2023-02-15 09:15:00+00:00,5.0312
2023-05-12 23:18:00+00:00,6.4387
2023-05-13 00:44:00+00:00,14.94
2023-02-26 08:25:00+00:00,7.52
2023-03-18 16:36:00+00:00,10.87
2023-06-09 03:22:00+00:00,13.48
2023-05-27 14:12:00+00:00,12.8075
2023-02-27 09:51:00+00:00,0.7712
2023-03-19 05:36:00+00:00,6.64
2023-04-21 14:58:00+00:00,5.1875
2023-04-20 13:58:00+00:00,7.9863
2023-03-24 22:37:00+00:00,9.14
2023-01-06 17:00:00+00:00,9.4313
2023-03-12 22:44:00+00:00,0.7875
2023-06-11 17:40:00+00:00,13.92
2023-02-08 02:31:00+00:00,11.0725
2023-03-05 03:43:00+00:00,8.5038
2023-03-10 08:44:00+00:00,8.86
2023-05-01 00:17:00+00:00,4.4
2023-02-20 14:41:00+00:00,7.7875
2023-06-07 13:31:00+00:00,13.84
2023-04-10 15:48:00+00:00,0.8488
2023-03-15 01:01:00+00:00,2.8413
2023-04-07 00:22:00+00:00,7.02
2023-03-23 09:28:00+00:00,9.0512
2023-05-30 17:29:00+00:00,2.4112
2023-01-21 20:45:00+00:00,14.3
2023-05-23 10:54:00+00:00,11.1025
2023-05-19 18:36:00+00:00,11.7225
2023-06-10 16:31:00+00:00,5.5
2023-03-14 00:27:00+00:00,3.59
2023-01-03 14:17:00+00:00,0.7275
2023-05-05 16:26:00+00:00,13.18
2023-06-11 05:48:00+00:00,10.0262
2023-04-29 10:08:00+00:00,11.2225
2023-06-04 10:47:00+00:00,12.18
2023-02-28 10:51:00+00:00,9.9725
2023-01-31 06:04:00+00:00,11.0875
2023-05-04 03:00:00+00:00,6.36
2023-04-14 07:49:00+00:00,14.76
2023-03-25 11:37:00+00:00,10.1037
2023-01-15 02:19:00+00:00,6.18
2023-02-13 19:14:00+00:00,3.2538
2023-06-12 18:57:00+00:00,9.0025
2023-01-31 06:04:00+00:00,11.7
2023-04-16 21:32:00+00:00,0.8063
2023-02-12 06:40:00+00:00,12.6275
2023-02-11 05:31:00+00:00,11.52
2023-06-28 22:59:00+00:00,3.5475
2023-04-02 19:04:00+00:00,12.9637
2023-01-27 02:46:00+00:00,6.42
2023-04-19 12:49:00+00:00,8.235
2023-05-04 03:34:00+00:00,7.8037
2023-03-24 10:20:00+00:00,9.54
2023-06-12 06:57:00+00:00,2.0775
2023-04-09 14:14:00+00:00,12.8975
2023-03-27 01:55:00+00:00,14.4
2023-01-30 17:12:00+00:00,8.6613
2023-01-20 07:19:00+00:00,2.4487
2023-02-16 22:06:00+00:00,6.02
2023-04-12 05:57:00+00:00,4.2263
2023-05-01 00:34:00+00:00,12.65
2023-01-14 13:19:00+00:00,8.56
2023-03-11 09:44:00+00:00,1.1612
2023-03-29 15:03:00+00:00,10.5087
2023-05-07 18:09:00+00:00,6.02
2023-03-30 04:04:00+00:00,11.985
2023-04-10 15:22:00+00:00,6.0987
2023-01-14 01:36:00+00:00,6.16
2023-06-26 08:25:00+00:00,4.47
2023-06-08 02:05:00+00:00,9.4225
2023-01-05 04:52:00+00:00,13.18
2023-01-14 01:10:00+00:00,9.5412
2023-03-20 18:11:00+00:00,12.2725
2023-03-02 12:17:00+00:00,6.3
2023-05-26 13:46:00+00:00,4.3063
2023-04-18 11:23:00+00:00,11.6337
2023-05-16 15:19:00+00:00,7.8
2023-02-23 17:41:00+00:00,9.2413
2023-05-17 16:02:00+00:00,4.52
2023-06-05 11:05:00+00:00,14.2
2023-02-26 20:33:00+00:00,7.495
2023-05-13 12:01:00+00:00,5.865
2023-01-13 12:18:00+00:00,14.94
2023-04-06 11:22:00+00:00,3.7938
2023-05-05 16:17:00+00:00,3.73
2023-05-18 17:02:00+00:00,6.24
2023-03-31 17:47:00+00:00,9.0113
2023-02-24 18:42:00+00:00,3.2925
2023-02-10 04:05:00+00:00,5.9
2023-01-23 10:11:00+00:00,3.2525
2023-05-23 22:46:00+00:00,12.5775
2023-01-17 04:36:00+00:00,9.82
2023-01-02 13:25:00+00:00,11.9262
2023-03-25 23:37:00+00:00,3.3788
2023-01-28 15:46:00+00:00,8.44
2023-01-25 12:12:00+00:00,2.405
2023-05-21 08:28:00+00:00,8.45
2023-06-11 17:31:00+00:00,7.12
2023-04-28 09:16:00+00:00,11.4712
2023-06-07 13:31:00+00:00,5.0963
2023-01-01 00:51:00+00:00,7.5
2023-04-22 03:33:00+00:00,10.2137
2023-04-02 19:38:00+00:00,3.1138
2023-05-03 02:51:00+00:00,5.94
2023-03-08 06:18:00+00:00,0.8075
2023-04-30 23:42:00+00:00,3.0987
2023-01-30 17:38:00+00:00,13.28
2023-02-05 23:47:00+00:00,3.4688
2023-04-25 06:24:00+00:00,3.9175
2023-03-07 05:00:00+00:00,10.4
2023-02-03 21:39:00+00:00,8.8163
2023-06-10 16:05:00+00:00,5.3
2023-06-14 20:14:00+00:00,12.78
2023-04-06 11:56:00+00:00,5.7938
2023-04-23 04:50:00+00:00,4.315
2023-06-03 09:39:00+00:00,9.36
2023-01-02 01:17:00+00:00,4.1513
2023-01-31 18:04:00+00:00,8.5625
2023-03-07 05:26:00+00:00,14.0
2023-04-15 20:57:00+00:00,5.005
2023-04-09 02:56:00+00:00,0.5725
2023-01-20 19:11:00+00:00,11.48
2023-04-25 18:07:00+00:00,6.8425
2023-06-20 02:32:00+00:00,6.8625
2023-05-07 18:18:00+00:00,8.02
2023-03-16 02:53:00+00:00,6.1425
2023-03-12 10:01:00+00:00,1.2125
2023-01-08 07:43:00+00:00,7.24
2023-01-23 10:54:00+00:00,7.7025
2023-05-17 16:02:00+00:00,2.67
2023-06-11 17:57:00+00:00,7.12
2023-05-22 21:37:00+00:00,0.5763
2023-01-26 01:20:00+00:00,11.1312
2023-04-06 11:47:00+00:00,8.2
2023-06-09 03:39:00+00:00,9.7238
2023-03-23 21:45:00+00:00,2.2263
2023-02-28 22:51:00+00:00,10.26
2023-05-12 23:35:00+00:00,1.8388
2023-01-26 01:03:00+00:00,14.4
2023-06-19 01:24:00+00:00,8.88
2023-02-26 20:08:00+00:00,1.945
2023-03-19 05:11:00+00:00,6.0963
2023-05-06 05:35:00+00:00,7.6
2023-03-24 10:20:00+00:00,9.5025
2023-05-03 14:00:00+00:00,9.8275
2023-02-18 00:06:00+00:00,7.66
2023-04-14 07:06:00+00:00,1.3287
2023-05-03 02:34:00+00:00,9.3025
2023-06-27 09:16:00+00:00,8.64
2023-04-26 19:42:00+00:00,11.1937
2023-03-12 10:44:00+00:00,7.3625
2023-01-16 15:53:00+00:00,7.8
2023-03-02 00:08:00+00:00,9.4
2023-02-17 23:15:00+00:00,11.3588
2023-03-06 16:17:00+00:00,8.78
2023-05-28 15:03:00+00:00,4.3588
2023-04-25 06:42:00+00:00,12.1175
2023-05-21 20:54:00+00:00,13.5
2023-05-23 10:54:00+00:00,10.3025
2023-02-28 22:34:00+00:00,9.7475
2023-05-28 03:03:00+00:00,9.64
2023-05-20 19:28:00+00:00,3.7237
2023-04-08 13:05:00+00:00,4.5462
2023-03-09 07:52:00+00:00,14.04
2023-01-14 01:53:00+00:00,2.4912
2023-01-31 06:47:00+00:00,2.6375
2023-01-09 08:01:00+00:00,13.26
2023-06-27 09:16:00+00:00,11.7713
2023-02-05 11:05:00+00:00,9.9938
2023-01-23 10:46:00+00:00,10.34
2023-02-28 22:42:00+00:00,6.8475
2023-04-19 00:15:00+00:00,11.41
2023-03-01 11:34:00+00:00,10.28
2023-06-18 12:49:00+00:00,12.335
2023-03-25 11:20:00+00:00,3.3037
2023-05-31 06:12:00+00:00,8.1
2023-06-22 16:58:00+00:00,12.34
2023-06-24 18:33:00+00:00,2.1425
2023-04-24 17:24:00+00:00,6.96
2023-04-19 00:41:00+00:00,7.41
2023-06-09 03:57:00+00:00,1.4238
2023-04-16 09:23:00+00:00,11.2
2023-01-15 14:44:00+00:00,5.0175
2023-04-25 18:50:00+00:00,8.8925
2023-02-02 20:38:00+00:00,7.34
2023-06-14 08:57:00+00:00,2.13
2023-05-01 00:42:00+00:00,8.05
2023-03-30 04:04:00+00:00,6.46
2023-01-08 07:26:00+00:00,14.04
2023-06-14 20:14:00+00:00,1.505
2023-06-01 19:13:00+00:00,9.72
2023-06-05 23:13:00+00:00,3.3687
2023-04-30 23:59:00+00:00,5.0488
2023-05-21 20:37:00+00:00,11.1
2023-02-06 12:39:00+00:00,3.395
2023-03-30 16:55:00+00:00,1.41
2023-03-17 15:19:00+00:00,8.6
2023-05-31 06:21:00+00:00,7.9875
2023-06-11 05:40:00+00:00,0.6262
2023-03-22 08:45:00+00:00,8.7
2023-01-29 16:38:00+00:00,2.56
2023-01-14 01:53:00+00:00,1.5413
2023-05-25 00:20:00+00:00,6.38
2023-03-02 00:34:00+00:00,6.9
2023-03-15 01:19:00+00:00,2.0412
2023-06-26 08:16:00+00:00,7.02
2023-05-09 08:35:00+00:00,1.66
2023-03-05 03:51:00+00:00,3.7538
2023-02-14 20:32:00+00:00,14.38
2023-04-14 07:14:00+00:00,7.4787
2023-01-26 01:37:00+00:00,5.6813
2023-02-28 10:34:00+00:00,13.06
2023-06-20 14:58:00+00:00,3.1875
2023-03-15 01:44:00+00:00,9.5913
2023-03-17 03:36:00+00:00,10.2
2023-03-27 13:46:00+00:00,2.8563
2023-01-29 16:29:00+00:00,2.66
2023-02-16 10:49:00+00:00,13.22
2023-01-14 13:01:00+00:00,10.4663
2023-01-03 14:08:00+00:00,3.5775
2023-04-16 21:23:00+00:00,11.2
2023-01-25 12:54:00+00:00,7.205
2023-06-09 03:14:00+00:00,2.1738
2023-06-21 03:58:00+00:00,14.12
2023-06-09 03:48:00+00:00,7.5237
2023-01-06 05:00:00+00:00,10.9062
2023-01-31 18:04:00+00:00,9.3
2023-04-20 13:15:00+00:00,10.3362
2023-01-29 16:55:00+00:00,9.76
2023-01-28 15:12:00+00:00,5.64
2023-02-23 17:59:00+00:00,6.8412
2023-03-23 21:11:00+00:00,5.4763
2023-06-12 18:40:00+00:00,11.94
2023-06-26 20:33:00+00:00,4.095
2023-03-12 22:52:00+00:00,0.8875
2023-03-31 05:47:00+00:00,12.88
2023-06-13 07:49:00+00:00,2.4787
2023-05-12 11:35:00+00:00,7.5137
2023-05-18 17:11:00+00:00,11.04
2023-04-30 23:51:00+00:00,11.5988
2023-02-07 13:31:00+00:00,11.6463
2023-06-17 23:41:00+00:00,7.24
2023-05-16 15:45:00+00:00,3.8188
2023-05-14 01:36:00+00:00,11.1412
2023-01-18 05:53:00+00:00,11.04
2023-04-02 19:47:00+00:00,7.3137
2023-05-23 10:46:00+00:00,8.5525
2023-05-17 04:28:00+00:00,5.82
2023-03-27 13:20:00+00:00,0.9062
2023-01-10 09:52:00+00:00,7.4612
2023-01-21 20:20:00+00:00,7.5
2023-06-11 05:57:00+00:00,8.5762
2023-05-25 00:37:00+00:00,4.53
2023-01-14 01:10:00+00:00,14.96
2023-06-14 08:32:00+00:00,10.78
2023-01-10 09:01:00+00:00,3.3613
2023-03-14 12:36:00+00:00,12.54
2023-01-28 15:55:00+00:00,3.9087
2023-04-26 19:25:00+00:00,4.4437
2023-02-23 05:07:00+00:00,12.16
2023-01-08 07:01:00+00:00,1.5088
2023-01-14 13:44:00+00:00,7.9162
2023-06-16 22:15:00+00:00,13.22
2023-06-27 09:59:00+00:00,9.1713
2023-03-10 20:09:00+00:00,1.835
2023-06-18 12:32:00+00:00,14.86
2023-02-21 03:41:00+00:00,12.8138
2023-03-12 10:27:00+00:00,6.4125
2023-04-30 11:17:00+00:00,11.88
2023-03-02 00:25:00+00:00,1.35
2023-05-30 05:21:00+00:00,9.0363
2023-06-17 23:23:00+00:00,6.04
2023-06-19 01:24:00+00:00,9.4612
2023-06-21 03:41:00+00:00,4.0638
2023-05-14 13:27:00+00:00,15.36
2023-06-09 03:05:00+00:00,1.5237
2023-05-27 14:20:00+00:00,6.9575
2023-04-03 20:38:00+00:00,7.74
2023-06-28 22:59:00+00:00,1.3475
2023-03-10 08:52:00+00:00,10.96
2023-01-28 03:46:00+00:00,8.84
2023-06-27 21:16:00+00:00,0.9963
2023-05-13 00:36:00+00:00,4.69
2023-01-19 18:54:00+00:00,13.46
2023-02-27 09:51:00+00:00,8.6713
2023-01-26 01:29:00+00:00,10.5813
2023-01-10 21:01:00+00:00,14.48
2023-05-11 22:35:00+00:00,9.1875
2023-06-21 15:24:00+00:00,12.52
2023-06-10 04:40:00+00:00,9.9
2023-04-30 11:34:00+00:00,10.1738
2023-01-09 20:44:00+00:00,5.585
2023-03-24 10:46:00+00:00,8.74
2023-02-19 13:49:00+00:00,1.1863
2023-05-02 01:08:00+00:00,7.9013
2023-01-03 14:43:00+00:00,14.34
2023-06-05 23:39:00+00:00,11.1188
2023-06-09 15:14:00+00:00,1.5488
2023-03-25 23:37:00+00:00,15.16
2023-03-26 12:37:00+00:00,11.355
2023-04-19 00:49:00+00:00,10.76
2023-01-22 21:20:00+00:00,5.92
2023-06-15 09:40:00+00:00,12.3812
2023-04-05 22:30:00+00:00,10.0175
2023-04-08 01:56:00+00:00,10.24
2023-02-13 07:06:00+00:00,5.2287
2023-05-17 16:28:00+00:00,10.07
2023-06-21 03:50:00+00:00,8.92
2023-06-21 03:33:00+00:00,10.0638
2023-03-14 12:53:00+00:00,3.765
2023-05-07 18:00:00+00:00,11.22
2023-01-23 10:28:00+00:00,7.6525
2023-01-25 12:12:00+00:00,7.105
2023-02-24 18:16:00+00:00,13.38
2023-03-24 22:54:00+00:00,2.1775
2023-03-04 02:51:00+00:00,2.7525
2023-02-02 08:30:00+00:00,12.14
2023-05-01 00:17:00+00:00,2.85
2023-04-29 22:25:00+00:00,5.1975
2023-04-18 11:49:00+00:00,7.64
2023-01-08 07:18:00+00:00,4.3588
2023-04-13 06:23:00+00:00,2.3275
2023-03-15 13:27:00+00:00,7.36
2023-01-17 16:28:00+00:00,4.07
2023-03-02 12:42:00+00:00,3.825
2023-01-12 23:18:00+00:00,14.52
2023-06-22 16:07:00+00:00,2.84
2023-02-05 11:13:00+00:00,8.5938
2023-03-03 13:43:00+00:00,6.72
2023-05-15 14:53:00+00:00,4.7175
2023-06-19 01:24:00+00:00,4.7613
2023-04-05 22:56:00+00:00,10.98
2023-02-14 20:06:00+00:00,1.005
2023-03-06 16:43:00+00:00,3.63
2023-06-01 19:38:00+00:00,9.32
2023-01-11 22:44:00+00:00,1.2875
2023-06-07 13:05:00+00:00,8.4962
2023-05-18 17:28:00+00:00,9.44
2023-06-24 18:24:00+00:00,13.78
2023-05-04 03:17:00+00:00,8.3537
2023-03-17 15:27:00+00:00,13.4
2023-01-11 22:44:00+00:00,10.1375
2023-02-25 19:42:00+00:00,0.7937
2023-04-18 23:06:00+00:00,6.04
2023-04-16 21:32:00+00:00,1.0562
2023-01-25 00:46:00+00:00,8.33
2023-04-13 18:48:00+00:00,13.14
2023-04-02 19:38:00+00:00,4.6137
2023-06-07 01:56:00+00:00,5.0213
2023-04-04 09:47:00+00:00,14.56
2023-04-08 13:22:00+00:00,10.3462
2023-05-10 21:35:00+00:00,3.3862
2023-03-23 09:20:00+00:00,9.92
2023-05-04 03:17:00+00:00,10.0038
2023-02-25 07:33:00+00:00,6.1688
2023-03-29 15:55:00+00:00,9.64
2023-02-27 21:25:00+00:00,5.6963
2023-03-03 13:34:00+00:00,6.3262
2023-03-14 00:53:00+00:00,8.54
2023-02-10 16:48:00+00:00,9.2
2023-03-03 13:17:00+00:00,2.4263
2023-06-23 17:07:00+00:00,13.76
2023-02-12 18:23:00+00:00,0.5025
2023-02-09 15:48:00+00:00,12.3488
2023-05-28 03:46:00+00:00,6.84
2023-06-21 15:07:00+00:00,5.7888
2023-02-28 22:51:00+00:00,10.5975
2023-06-25 07:33:00+00:00,10.2
2023-03-25 11:54:00+00:00,10.9038
2023-03-04 14:00:00+00:00,11.7275
2023-06-18 12:32:00+00:00,14.06
2023-06-20 02:32:00+00:00,5.2125
2023-04-18 23:58:00+00:00,4.6087
2023-01-20 19:28:00+00:00,6.28
2023-05-17 16:19:00+00:00,5.77
2023-06-26 08:50:00+00:00,3.47
2023-01-11 10:10:00+00:00,5.7
2023-03-31 17:47:00+00:00,3.6612
2023-04-20 13:58:00+00:00,2.8363
2023-03-11 09:52:00+00:00,14.08
2023-03-09 07:43:00+00:00,1.0587
2023-04-13 06:14:00+00:00,8.0275
2023-06-27 21:33:00+00:00,14.64
2023-05-05 04:52:00+00:00,5.705
2023-04-01 06:21:00+00:00,6.2375
2023-04-22 03:33:00+00:00,12.92
2023-06-15 21:23:00+00:00,1.9062
2023-05-02 01:43:00+00:00,5.5512
2023-04-03 20:30:00+00:00,10.94
2023-05-29 04:38:00+00:00,5.935
2023-06-25 19:25:00+00:00,7.1937
2023-04-19 12:06:00+00:00,12.86
2023-02-07 01:31:00+00:00,3.6713
2023-02-09 03:57:00+00:00,9.5237
2023-04-27 20:16:00+00:00,8.62
2023-05-03 14:51:00+00:00,4.7775
2023-04-01 18:04:00+00:00,8.4625
2023-06-10 04:22:00+00:00,7.1
2023-02-10 04:40:00+00:00,5.225
2023-02-04 10:30:00+00:00,7.2925
2023-01-18 17:02:00+00:00,15.44
2023-06-23 17:41:00+00:00,4.0412
2023-01-04 15:17:00+00:00,12.6288
2023-05-31 06:38:00+00:00,8.5
2023-05-21 20:45:00+00:00,10.425
2023-01-06 05:26:00+00:00,7.0062
2023-02-19 13:24:00+00:00,9.28
2023-01-12 11:27:00+00:00,2.7138
2023-01-06 17:35:00+00:00,3.9813
2023-01-07 06:18:00+00:00,8.42
2023-05-23 22:54:00+00:00,12.6275
2023-06-15 21:57:00+00:00,2.7062
2023-05-04 15:17:00+00:00,5.56
2023-03-21 19:54:00+00:00,5.4238
2023-01-20 07:37:00+00:00,10.6487
2023-03-09 19:43:00+00:00,6.84
2023-05-30 05:47:00+00:00,6.4363
2023-06-22 04:50:00+00:00,7.665
2023-03-14 12:18:00+00:00,11.34
2023-03-28 14:03:00+00:00,12.9075
2023-06-12 06:57:00+00:00,6.4775
2023-05-13 00:44:00+00:00,11.34
2023-04-29 22:16:00+00:00,1.0975
2023-01-24 11:37:00+00:00,11.9038
2023-04-05 10:13:00+00:00,7.78
2023-06-16 10:15:00+00:00,12.7325
2023-05-06 17:43:00+00:00,10.3812
2023-04-27 20:25:00+00:00,10.22
2023-05-25 12:29:00+00:00,12.755
2023-03-05 03:09:00+00:00,8.9038
2023-05-17 04:10:00+00:00,15.42
2023-04-26 19:33:00+00:00,2.2437
2023-02-19 13:32:00+00:00,11.1862
2023-05-05 16:43:00+00:00,8.38
2023-06-24 06:07:00+00:00,2.6675
2023-01-05 16:09:00+00:00,9.98
2023-03-08 18:26:00+00:00,7.62
2023-04-10 15:14:00+00:00,7.6988
2023-04-07 00:39:00+00:00,9.82
2023-02-28 22:51:00+00:00,11.46
2023-01-15 02:53:00+00:00,4.7425
2023-05-27 14:20:00+00:00,6.3075
2023-02-12 06:14:00+00:00,8.34
2023-04-03 20:30:00+00:00,11.965
2023-06-26 20:42:00+00:00,6.595
2023-06-23 05:50:00+00:00,15.36
2023-01-08 07:09:00+00:00,4.5088
2023-05-22 21:11:00+00:00,1.1763
2023-04-27 20:50:00+00:00,13.02
2023-04-04 09:21:00+00:00,5.8412
2023-04-17 22:32:00+00:00,9.2075
2023-01-15 02:19:00+00:00,14.98
2023-05-06 05:35:00+00:00,3.1562
2023-06-28 22:42:00+00:00,11.6975
2023-05-11 10:18:00+00:00,8.9
2023-05-07 06:18:00+00:00,6.0075
2023-02-17 23:41:00+00:00,1.7087
2023-06-08 02:56:00+00:00,15.06
2023-06-06 12:48:00+00:00,7.945
2023-05-14 01:19:00+00:00,12.5412
2023-01-11 22:10:00+00:00,13.3
2023-01-04 03:26:00+00:00,9.8038
2023-01-16 03:45:00+00:00,1.9937
2023-03-08 18:00:00+00:00,12.02
2023-02-11 05:57:00+00:00,3.1263
2023-01-27 14:03:00+00:00,0.8075
2023-06-20 02:50:00+00:00,5.7
2023-02-26 20:59:00+00:00,5.595
2023-04-19 12:32:00+00:00,8.635
2023-05-16 03:53:00+00:00,13.4
2023-05-16 03:19:00+00:00,6.7438
2023-01-26 13:20:00+00:00,12.9062
2023-05-07 06:43:00+00:00,14.82
2023-06-22 04:33:00+00:00,12.715
2023-06-16 10:49:00+00:00,4.6325
2023-03-03 13:34:00+00:00,13.92
2023-03-07 17:26:00+00:00,1.5312
2023-05-09 08:09:00+00:00,8.66
2023-02-18 12:24:00+00:00,14.86
2023-02-05 11:47:00+00:00,4.2938
2023-05-26 13:29:00+00:00,11.8562
2023-03-04 14:00:00+00:00,13.54
2023-02-20 02:58:00+00:00,12.6625
2023-06-20 02:24:00+00:00,9.8125
2023-04-29 22:25:00+00:00,5.86
2023-04-26 19:33:00+00:00,7.7938
2023-03-23 09:03:00+00:00,12.6013
2023-03-08 18:09:00+00:00,8.02
2023-02-21 15:58:00+00:00,10.92
2023-04-11 16:48:00+00:00,2.0
2023-04-22 15:33:00+00:00,14.12
2023-01-27 14:46:00+00:00,12.1575
2023-06-21 03:41:00+00:00,10.4138
2023-01-22 09:20:00+00:00,14.32
2023-05-08 19:52:00+00:00,11.3338
2023-06-04 22:22:00+00:00,6.0175
2023-04-10 03:57:00+00:00,6.68
2023-05-14 13:36:00+00:00,6.8163
2023-06-13 07:06:00+00:00,10.8788
2023-06-28 22:25:00+00:00,15.06
2023-05-06 05:17:00+00:00,3.7062
2023-06-03 09:39:00+00:00,3.7412
2023-01-17 16:36:00+00:00,9.42
2023-04-17 22:23:00+00:00,5.0075
2023-05-31 06:38:00+00:00,11.4375
2023-03-15 13:44:00+00:00,7.76
2023-03-22 20:02:00+00:00,12.025
2023-02-16 22:32:00+00:00,8.2075
2023-05-29 16:29:00+00:00,11.26
2023-06-17 11:41:00+00:00,3.0838
2023-01-15 14:27:00+00:00,8.4675
2023-01-11 10:01:00+00:00,12.5
2023-03-20 06:28:00+00:00,11.4475
2023-05-31 18:38:00+00:00,0.6625
2023-05-12 11:35:00+00:00,6.12
2023-03-25 23:37:00+00:00,0.6288
2023-02-07 13:05:00+00:00,5.7462
2023-06-23 17:16:00+00:00,9.76
2023-05-01 00:08:00+00:00,7.6
2023-04-18 11:41:00+00:00,11.2338
2023-06-27 21:51:00+00:00,14.64
2023-03-22 20:02:00+00:00,3.075
2023-04-25 18:50:00+00:00,2.8425
2023-06-15 21:57:00+00:00,11.6
2023-04-05 10:56:00+00:00,1.5925
2023-04-18 11:15:00+00:00,4.9837
2023-01-20 19:37:00+00:00,11.88
2023-05-29 04:46:00+00:00,12.135
2023-02-24 18:16:00+00:00,4.2425
2023-03-16 14:19:00+00:00,12.58
2023-06-04 22:30:00+00:00,7.9175
2023-01-26 01:03:00+00:00,4.9313
2023-04-19 12:58:00+00:00,8.06
2023-04-13 18:40:00+00:00,9.5525
2023-06-24 06:16:00+00:00,2.5675
2023-05-18 17:36:00+00:00,15.04
2023-06-06 12:30:00+00:00,5.745
2023-04-19 12:15:00+00:00,7.835
2023-03-02 00:08:00+00:00,15.1
2023-05-11 22:27:00+00:00,9.2875
2023-02-11 05:14:00+00:00,8.2763
2023-04-23 16:07:00+00:00,10.94
2023-06-08 02:39:00+00:00,4.0225
2023-01-21 20:11:00+00:00,4.075
2023-01-19 06:11:00+00:00,5.86
2023-01-12 11:18:00+00:00,9.1137
2023-05-31 06:38:00+00:00,6.9875
2023-05-10 21:09:00+00:00,13.28
2023-05-19 18:45:00+00:00,3.9725
2023-04-18 11:06:00+00:00,0.8337
2023-05-15 02:44:00+00:00,13.78
2023-03-10 20:01:00+00:00,12.085
2023-03-30 04:12:00+00:00,7.885
2023-06-15 09:06:00+00:00,8.0
2023-04-15 20:23:00+00:00,4.655
2023-01-05 16:17:00+00:00,7.88
2023-01-06 17:26:00+00:00,10.8
2023-03-21 07:28:00+00:00,5.2488
2023-02-20 14:24:00+00:00,8.8375
2023-06-02 20:47:00+00:00,14.54
2023-01-15 02:36:00+00:00,0.5425
2023-04-24 05:59:00+00:00,12.8163
2023-01-31 06:55:00+00:00,14.1
2023-02-26 08:50:00+00:00,12.42
2023-05-15 14:19:00+00:00,7.1175
2023-05-16 03:27:00+00:00,15.0
2023-01-19 06:02:00+00:00,3.4975
2023-05-19 06:02:00+00:00,8.4475
2023-06-26 08:16:00+00:00,14.22
2023-04-13 06:40:00+00:00,12.9775
2023-06-25 19:59:00+00:00,12.4938
2023-03-05 15:34:00+00:00,8.76
2023-03-24 10:54:00+00:00,12.6025
2023-03-28 14:12:00+00:00,4.5575
2023-05-09 08:35:00+00:00,7.26
2023-04-13 06:48:00+00:00,6.9775
2023-01-17 04:53:00+00:00,1.895
2023-02-12 06:57:00+00:00,6.74
2023-02-24 06:33:00+00:00,10.6175
2023-01-17 04:36:00+00:00,11.195
2023-03-16 02:19:00+00:00,10.98
2023-05-19 06:54:00+00:00,3.5475
2023-06-29 23:17:00+00:00,3.3487
2023-01-08 19:35:00+00:00,12.04
2023-05-06 05:26:00+00:00,5.6562
2023-05-03 02:51:00+00:00,8.7025
2023-02-02 08:38:00+00:00,14.54
2023-04-20 01:32:00+00:00,11.6113
2023-02-10 04:40:00+00:00,13.9
2023-01-14 13:36:00+00:00,12.16
2023-05-21 08:11:00+00:00,1.4
2023-01-25 12:12:00+00:00,0.955
2023-01-24 23:37:00+00:00,6.36
2023-05-27 02:12:00+00:00,4.0825
2023-01-13 00:18:00+00:00,5.09
2023-05-27 14:55:00+00:00,15.22
2023-01-17 04:28:00+00:00,2.595
2023-06-16 10:32:00+00:00,10.1825
2023-06-02 08:04:00+00:00,5.74
2023-06-13 19:06:00+00:00,7.2538
2023-01-04 15:34:00+00:00,5.3788
2023-02-02 08:21:00+00:00,8.14
2023-05-31 06:55:00+00:00,7.4375
2023-05-15 14:10:00+00:00,4.9175
2023-05-10 09:09:00+00:00,12.08
2023-03-27 13:03:00+00:00,9.4563
2023-06-11 17:31:00+00:00,1.5513
2023-03-12 22:52:00+00:00,11.7
2023-02-26 20:16:00+00:00,6.545
2023-05-25 00:37:00+00:00,4.33
2023-03-22 08:54:00+00:00,15.1
2023-03-17 03:27:00+00:00,8.4938
2023-01-01 12:25:00+00:00,1.425
2023-04-13 18:31:00+00:00,12.34
2023-02-13 07:23:00+00:00,2.0288
2023-04-01 06:55:00+00:00,8.6875
2023-02-11 17:23:00+00:00,7.52
2023-06-08 02:48:00+00:00,7.3725
2023-04-26 07:42:00+00:00,9.6188
2023-04-11 04:57:00+00:00,5.9
2023-03-18 16:10:00+00:00,3.52
2023-02-22 16:50:00+00:00,11.14
2023-02-04 10:22:00+00:00,12.18
2023-06-01 07:47:00+00:00,1.1887
2023-06-01 19:13:00+00:00,4.0137
2023-05-30 17:12:00+00:00,8.48
2023-04-15 20:32:00+00:00,0.655
2023-05-10 09:35:00+00:00,7.0113
2023-04-07 00:56:00+00:00,11.82
2023-01-24 11:54:00+00:00,3.1037
2023-04-19 00:58:00+00:00,11.81
2023-03-31 05:04:00+00:00,9.68
2023-01-26 01:20:00+00:00,5.2812
2023-01-15 02:10:00+00:00,6.4925
2023-02-09 03:57:00+00:00,15.08
2023-06-09 03:57:00+00:00,3.3237
2023-06-12 06:48:00+00:00,5.8275
2023-05-16 15:36:00+00:00,6.2
2023-03-21 19:19:00+00:00,13.08
2023-04-09 14:31:00+00:00,10.8475
2023-03-22 20:45:00+00:00,11.9
2023-01-03 14:43:00+00:00,12.3275
2023-06-12 18:57:00+00:00,8.8525
2023-01-19 06:19:00+00:00,8.26
2023-01-01 00:00:00+00:00,11.15
2023-02-21 03:41:00+00:00,2.5137
2023-04-02 07:47:00+00:00,14.92
2023-05-25 12:20:00+00:00,5.755
2023-04-09 02:22:00+00:00,1.4225
2023-01-03 02:08:00+00:00,12.74
2023-02-04 22:47:00+00:00,6.0175
2023-01-07 18:35:00+00:00,9.5825
2023-06-18 12:15:00+00:00,13.66
2023-04-24 05:07:00+00:00,5.6662
2023-03-31 17:55:00+00:00,11.7613
2023-02-06 00:48:00+00:00,15.02
2023-01-01 00:51:00+00:00,11.85
2023-03-25 23:46:00+00:00,10.8788
2023-01-22 21:54:00+00:00,7.52
2023-05-30 05:21:00+00:00,3.1862
2023-06-22 16:33:00+00:00,9.24
2023-02-23 05:41:00+00:00,8.56
2023-05-29 04:55:00+00:00,2.735
2023-03-19 05:11:00+00:00,6.5963
2023-06-16 22:06:00+00:00,5.62
2023-02-01 19:21:00+00:00,12.7137
2023-05-17 16:36:00+00:00,12.62
2023-03-16 02:44:00+00:00,10.58
2023-01-15 02:10:00+00:00,1.3925
2023-01-26 13:12:00+00:00,12.9563
2023-03-11 21:44:00+00:00,12.88
2023-01-11 22:01:00+00:00,5.2375
2023-05-05 16:43:00+00:00,6.18
2023-05-02 01:08:00+00:00,15.12
2023-02-13 07:14:00+00:00,0.8787
2023-05-19 06:36:00+00:00,7.6475
2023-02-13 19:40:00+00:00,6.36
2023-03-09 19:01:00+00:00,7.9337
2023-01-30 05:12:00+00:00,10.4863
2023-01-22 21:45:00+00:00,13.12
2023-06-02 20:47:00+00:00,3.665
2023-03-04 02:08:00+00:00,12.7025
2023-04-11 16:05:00+00:00,10.3
2023-01-05 16:09:00+00:00,0.78
2023-04-18 23:32:00+00:00,0.8588
2023-02-11 17:40:00+00:00,9.92
2023-06-27 09:16:00+00:00,10.2713
2023-04-06 11:22:00+00:00,6.0938
2023-05-17 16:02:00+00:00,9.02
2023-03-16 02:19:00+00:00,5.4425
2023-01-20 19:19:00+00:00,2.7237
2023-01-07 18:43:00+00:00,7.22
2023-02-03 21:47:00+00:00,7.2663
2023-01-04 03:34:00+00:00,11.2037
2023-03-11 21:52:00+00:00,8.08
2023-04-05 22:22:00+00:00,9.8675
2023-06-21 15:24:00+00:00,7.4387
2023-03-21 19:11:00+00:00,9.48
2023-01-11 10:35:00+00:00,5.5125
2023-04-13 18:23:00+00:00,8.6525
2023-01-31 06:30:00+00:00,9.3
2023-05-26 01:29:00+00:00,3.5312
2023-02-27 21:08:00+00:00,6.9463
2023-01-01 12:17:00+00:00,7.5
2023-02-20 14:15:00+00:00,12.7375
2023-04-11 04:57:00+00:00,4.575
2023-01-09 08:18:00+00:00,8.06
2023-03-26 12:46:00+00:00,11.055
2023-01-22 09:20:00+00:00,11.6512
2023-06-22 16:41:00+00:00,15.34
2023-06-14 08:06:00+00:00,7.08
2023-01-15 14:19:00+00:00,6.6175
2023-05-07 18:52:00+00:00,13.22
2023-02-12 18:06:00+00:00,8.2025
2023-04-24 05:33:00+00:00,5.1662
2023-05-25 00:03:00+00:00,13.18
2023-02-05 11:22:00+00:00,7.0438
2023-06-04 22:04:00+00:00,1.9175
2023-01-21 08:45:00+00:00,8.3
2023-05-14 13:19:00+00:00,0.7163
2023-02-11 17:31:00+00:00,2.8512
2023-01-09 08:01:00+00:00,9.66
2023-02-27 09:25:00+00:00,6.6712
2023-02-15 21:32:00+00:00,8.6062
2023-02-25 07:25:00+00:00,15.4
2023-01-10 21:44:00+00:00,3.8363
2023-03-19 17:11:00+00:00,4.6712
2023-02-18 12:06:00+00:00,15.26
2023-03-05 15:09:00+00:00,2.6787
2023-04-08 01:31:00+00:00,1.8713
2023-03-15 01:10:00+00:00,14.16
2023-03-12 22:44:00+00:00,0.7375
2023-02-09 15:48:00+00:00,11.9987
2023-05-26 01:55:00+00:00,11.6
2023-06-04 22:13:00+00:00,6.5675
2023-01-20 19:11:00+00:00,9.0738
2023-03-19 17:53:00+00:00,9.04
2023-02-15 09:57:00+00:00,11.5312
2023-02-04 22:47:00+00:00,12.58
2023-01-08 07:26:00+00:00,7.64
2023-04-05 10:30:00+00:00,0.5925
2023-04-08 13:22:00+00:00,1.2462
2023-03-01 11:08:00+00:00,11.48
2023-05-11 22:52:00+00:00,6.7375
2023-05-21 08:45:00+00:00,7.75
2023-03-16 02:10:00+00:00,13.38
2023-03-10 20:52:00+00:00,1.385
2023-01-31 18:38:00+00:00,1.5125
2023-04-25 06:24:00+00:00,8.98
2023-01-27 14:38:00+00:00,4.3075
2023-03-11 09:01:00+00:00,6.1113
2023-03-22 08:28:00+00:00,5.5
2023-03-26 00:37:00+00:00,5.18
2023-06-01 19:30:00+00:00,2.1138
2023-01-29 04:55:00+00:00,14.46
2023-01-14 13:10:00+00:00,4.3163
2023-03-03 13:25:00+00:00,9.2762
2023-02-18 12:32:00+00:00,6.86
2023-04-23 16:24:00+00:00,5.24
2023-01-25 00:54:00+00:00,6.23
2023-01-28 15:29:00+00:00,10.04
2023-01-28 15:38:00+00:00,11.6088
2023-03-01 23:42:00+00:00,10.1487
2023-02-28 22:42:00+00:00,8.26
2023-06-17 23:06:00+00:00,12.2088
2023-05-25 00:12:00+00:00,11.33
2023-05-16 03:45:00+00:00,6.2
2023-02-13 07:06:00+00:00,7.4287
2023-04-16 21:23:00+00:00,1.2563
2023-06-17 11:58:00+00:00,11.24
2023-05-29 04:12:00+00:00,9.485
2023-05-25 12:12:00+00:00,11.705
2023-01-22 09:45:00+00:00,7.12
2023-01-21 20:02:00+00:00,9.975
2023-05-11 10:52:00+00:00,4.8125
2023-05-14 01:44:00+00:00,12.16
2023-04-14 19:14:00+00:00,8.0038
2023-01-17 04:45:00+00:00,8.145
2023-02-20 02:41:00+00:00,14.1
2023-01-25 00:12:00+00:00,2.53
2023-04-10 03:39:00+00:00,4.9737
2023-02-20 14:50:00+00:00,10.5
2023-06-05 11:56:00+00:00,3.7437
2023-06-27 21:16:00+00:00,1.9963
2023-05-18 05:53:00+00:00,14.24
2023-03-20 06:36:00+00:00,4.0475
2023-05-03 02:43:00+00:00,5.6525
2023-05-02 13:08:00+00:00,9.12
2023-03-31 05:12:00+00:00,11.68
2023-03-07 05:17:00+00:00,12.4062
2023-02-26 08:59:00+00:00,14.22
2023-05-08 19:35:00+00:00,11.1837
2023-03-30 16:55:00+00:00,2.41
2023-02-05 23:47:00+00:00,11.8
2023-04-19 12:24:00+00:00,3.335
2023-04-15 20:14:00+00:00,8.205
2023-01-20 07:28:00+00:00,7.48
2023-01-03 14:26:00+00:00,2.6775
2023-01-22 21:54:00+00:00,9.0762
2023-06-17 23:06:00+00:00,13.64
2023-02-14 08:14:00+00:00,8.13
2023-06-18 00:49:00+00:00,1.26
2023-05-14 13:44:00+00:00,8.56
2023-02-24 18:07:00+00:00,5.8425
2023-02-08 14:05:00+00:00,3.1975
2023-03-15 01:01:00+00:00,12.96
2023-05-31 06:21:00+00:00,6.7875
2023-01-13 12:27:00+00:00,10.465
2023-05-04 03:43:00+00:00,8.36
2023-03-28 14:03:00+00:00,12.9575
2023-01-27 14:46:00+00:00,11.3075
2023-02-18 00:32:00+00:00,7.26
2023-02-07 01:22:00+00:00,10.0712
2023-04-13 18:48:00+00:00,7.0025
2023-04-13 06:48:00+00:00,10.74
2023-05-27 02:55:00+00:00,11.8325
2023-01-09 08:01:00+00:00,5.01
2023-03-31 05:12:00+00:00,5.68
2023-04-15 08:32:00+00:00,10.88
2023-02-12 06:23:00+00:00,11.7275
2023-03-27 13:03:00+00:00,7.2
2023-05-07 06:09:00+00:00,12.8075
2023-05-11 22:35:00+00:00,8.8375
2023-02-03 09:21:00+00:00,10.16
2023-05-19 06:28:00+00:00,10.1475
2023-05-08 19:18:00+00:00,3.9337
2023-01-23 22:28:00+00:00,13.14
2023-04-16 21:23:00+00:00,11.2562
2023-04-01 18:30:00+00:00,6.8125
2023-03-21 19:19:00+00:00,13.88
2023-05-04 15:43:00+00:00,6.0788
2023-05-15 02:44:00+00:00,9.6925
2023-04-24 05:50:00+00:00,8.16
2023-04-14 07:57:00+00:00,0.8287
2023-06-23 05:24:00+00:00,10.1662
2023-03-22 08:02:00+00:00,8.3
2023-02-02 08:38:00+00:00,9.84
2023-04-20 13:41:00+00:00,9.2363
2023-03-31 17:12:00+00:00,6.08
2023-03-02 00:34:00+00:00,11.1
2023-03-11 09:18:00+00:00,8.3613
2023-03-22 08:45:00+00:00,7.5
2023-01-11 10:44:00+00:00,0.6625
2023-01-24 11:20:00+00:00,9.6538
2023-05-29 16:46:00+00:00,6.06
2023-03-24 10:46:00+00:00,12.9025
2023-02-28 22:51:00+00:00,10.0475
2023-03-26 00:29:00+00:00,15.18
2023-01-31 06:21:00+00:00,2.7875
2023-05-25 00:54:00+00:00,1.88
2023-02-24 18:42:00+00:00,8.98
2023-02-28 10:16:00+00:00,10.0225
2023-03-05 03:17:00+00:00,9.3038
2023-06-17 11:32:00+00:00,6.04
2023-01-03 14:17:00+00:00,4.9775
2023-04-11 04:31:00+00:00,8.975
2023-01-29 16:55:00+00:00,14.46
2023-01-04 03:17:00+00:00,11.9038
2023-04-07 12:22:00+00:00,3.845
2023-05-27 02:55:00+00:00,12.82
2023-03-29 03:38:00+00:00,7.1338
2023-06-07 01:48:00+00:00,4.8213
2023-06-16 10:15:00+00:00,7.62
2023-02-22 04:24:00+00:00,4.165
2023-03-04 14:17:00+00:00,3.8775
2023-01-18 05:19:00+00:00,8.64
2023-06-29 11:25:00+00:00,8.8737
2023-03-23 09:28:00+00:00,10.8513
2023-03-23 21:03:00+00:00,5.52
2023-02-05 11:22:00+00:00,11.7937
2023-06-12 18:31:00+00:00,12.0525
2023-04-02 19:47:00+00:00,9.72
2023-04-07 00:56:00+00:00,0.92
2023-04-02 19:38:00+00:00,4.9138
2023-02-09 15:05:00+00:00,8.28
2023-04-21 02:07:00+00:00,3.7125
2023-01-04 03:51:00+00:00,5.9037
2023-01-31 18:12:00+00:00,8.1
2023-01-18 17:02:00+00:00,7.0713
2023-01-11 22:35:00+00:00,2.3375
2023-03-06 16:43:00+00:00,8.38
2023-01-07 06:43:00+00:00,6.3075
2023-06-27 21:42:00+00:00,8.8963
2023-04-22 03:41:00+00:00,5.72
2023-03-18 16:45:00+00:00,0.72
2023-01-01 12:42:00+00:00,11.575
2023-04-25 18:24:00+00:00,9.78
2023-01-10 21:52:00+00:00,7.9863
2023-06-09 03:05:00+00:00,9.48
2023-05-02 01:43:00+00:00,5.92
2023-05-10 09:09:00+00:00,12.4113
2023-03-11 21:52:00+00:00,9.7863
2023-06-20 02:15:00+00:00,11.3
2023-06-02 20:30:00+00:00,9.915
2023-01-31 06:55:00+00:00,6.3875
2023-05-18 17:11:00+00:00,7.44
2023-03-09 07:43:00+00:00,8.4588
2023-06-09 15:31:00+00:00,9.4987
2023-05-28 03:12:00+00:00,10.44
2023-03-06 04:43:00+00:00,9.905
2023-04-13 18:48:00+00:00,10.8025
2023-02-05 23:22:00+00:00,9.8
2023-06-13 07:40:00+00:00,11.4288
2023-05-12 23:27:00+00:00,5.0388
2023-03-06 04:43:00+00:00,8.38
2023-05-16 03:27:00+00:00,11.9938
2023-06-10 16:48:00+00:00,8.75
2023-06-23 17:33:00+00:00,10.56
2023-03-09 07:52:00+00:00,5.5088
2023-06-16 22:23:00+00:00,3.7575
2023-03-30 16:04:00+00:00,8.46
2023-05-02 13:34:00+00:00,12.0762
2023-03-27 01:29:00+00:00,1.4812
2023-05-01 12:17:00+00:00,14.3
2023-05-23 22:46:00+00:00,0.6775
2023-04-17 10:15:00+00:00,10.6825
2023-01-21 08:54:00+00:00,6.7
2023-02-01 19:38:00+00:00,3.2637
2023-02-16 10:58:00+00:00,5.4825
2023-02-06 00:13:00+00:00,10.22
2023-03-16 14:19:00+00:00,8.4675
2023-03-17 15:10:00+00:00,4.0187
2023-01-11 10:18:00+00:00,6.9
2023-03-14 00:36:00+00:00,6.44
2023-03-19 05:11:00+00:00,7.5963
2023-03-09 19:52:00+00:00,14.44
2023-06-19 01:32:00+00:00,1.7112
2023-03-30 16:55:00+00:00,8.41
2023-05-02 13:00:00+00:00,6.72
2023-02-04 10:30:00+00:00,4.8925
2023-05-15 14:53:00+00:00,8.0675
2023-06-04 10:22:00+00:00,6.18
2023-05-17 16:45:00+00:00,11.97
2023-03-18 04:02:00+00:00,10.095
2023-02-08 14:31:00+00:00,5.86
2023-01-12 23:53:00+00:00,6.4387
2023-02-16 10:40:00+00:00,1.6325
2023-01-09 08:44:00+00:00,9.66
2023-06-17 11:23:00+00:00,10.04
2023-06-26 08:25:00+00:00,3.57
2023-05-28 03:12:00+00:00,9.24
2023-02-04 22:13:00+00:00,2.0175
2023-02-21 15:07:00+00:00,3.8388
2023-06-16 22:15:00+00:00,13.22
2023-06-25 19:33:00+00:00,6.4437
2023-01-09 20:09:00+00:00,6.085
2023-03-04 02:00:00+00:00,6.74
2023-06-28 10:42:00+00:00,6.1725
2023-04-09 14:48:00+00:00,4.9475
2023-04-25 18:07:00+00:00,14.58
2023-03-26 00:03:00+00:00,0.88
2023-02-05 23:22:00+00:00,5.1188
2023-01-16 15:53:00+00:00,12.2
2023-06-25 19:07:00+00:00,11.8438
2023-01-06 05:43:00+00:00,3.8563
2023-04-07 00:05:00+00:00,15.02
2023-01-14 13:19:00+00:00,1.6663
2023-06-10 04:57:00+00:00,4.025
2023-05-16 03:27:00+00:00,8.6
2023-03-26 12:46:00+00:00,11.005
2023-01-18 05:02:00+00:00,1.1963
2023-03-31 05:55:00+00:00,9.68
2023-04-23 04:50:00+00:00,4.015
2023-01-11 22:27:00+00:00,12.7375
2023-04-21 14:32:00+00:00,12.5
2023-06-16 10:06:00+00:00,4.9325
2023-03-25 23:54:00+00:00,2.6288
2023-01-25 00:12:00+00:00,12.38
2023-01-11 10:35:00+00:00,0.8625
2023-06-05 23:56:00+00:00,2.1187
2023-01-03 02:34:00+00:00,11.54
2023-01-15 14:44:00+00:00,8.6675
2023-02-09 03:14:00+00:00,4.1738
2023-04-18 23:23:00+00:00,12.04
2023-04-26 19:16:00+00:00,9.0938
2023-01-23 10:11:00+00:00,8.7525
2023-02-05 23:56:00+00:00,13.0
2023-05-18 05:28:00+00:00,4.6963
2023-03-18 16:02:00+00:00,2.72
2023-05-25 12:37:00+00:00,7.98
2023-01-17 16:02:00+00:00,7.32
2023-03-06 16:43:00+00:00,5.58
2023-05-23 22:37:00+00:00,14.74
2023-04-07 12:13:00+00:00,6.795
2023-03-20 18:11:00+00:00,6.3225
2023-03-11 09:44:00+00:00,6.88
2023-02-18 00:24:00+00:00,2.76
2023-06-02 08:04:00+00:00,8.99
2023-05-08 07:26:00+00:00,11.24
2023-01-13 00:10:00+00:00,2.84
2023-06-07 01:39:00+00:00,5.3213
2023-04-29 22:42:00+00:00,12.26
2023-03-01 11:42:00+00:00,10.5237
2023-05-19 18:54:00+00:00,11.9725
2023-06-24 18:07:00+00:00,15.38
2023-04-18 11:06:00+00:00,5.0338
2023-01-25 12:46:00+00:00,8.805
2023-01-13 12:53:00+00:00,15.34
2023-05-15 02:53:00+00:00,9.0425
2023-06-21 15:24:00+00:00,4.1888
2023-04-08 01:31:00+00:00,9.04
2023-06-28 22:42:00+00:00,4.2475
2023-05-22 09:45:00+00:00,3.4013
2023-05-24 11:11:00+00:00,13.56
2023-04-20 13:15:00+00:00,4.6863
2023-02-09 15:22:00+00:00,11.7487
2023-03-14 00:27:00+00:00,11.74
2023-04-18 11:32:00+00:00,0.6338
2023-01-29 04:29:00+00:00,11.885
2023-02-07 13:39:00+00:00,7.04
2023-01-22 09:28:00+00:00,7.3513
2023-06-28 22:16:00+00:00,9.7475
2023-02-22 04:16:00+00:00,6.94
2023-03-11 09:18:00+00:00,5.2613
2023-03-25 11:54:00+00:00,11.0038
2023-01-30 17:12:00+00:00,14.08
2023-04-16 09:57:00+00:00,7.0312
2023-03-18 16:02:00+00:00,1.22
2023-03-02 00:08:00+00:00,7.9
2023-05-05 04:43:00+00:00,1.455
2023-02-15 09:06:00+00:00,1.9812
2023-03-15 01:36:00+00:00,6.16
2023-05-01 12:17:00+00:00,7.975
2023-01-17 16:53:00+00:00,11.97
2023-03-06 04:43:00+00:00,7.18
2023-02-15 21:40:00+00:00,11.2063
2023-04-13 18:23:00+00:00,6.3025
2023-05-20 07:54:00+00:00,6.28
2023-04-28 09:33:00+00:00,2.7212
2023-05-31 06:38:00+00:00,11.7875
2023-02-02 20:13:00+00:00,7.34
2023-03-30 16:04:00+00:00,2.81
2023-03-15 01:36:00+00:00,5.2412
2023-06-14 08:23:00+00:00,12.78
2023-05-30 05:38:00+00:00,4.8863
2023-02-09 15:57:00+00:00,8.0488
2023-01-25 12:54:00+00:00,10.78
2023-04-16 09:32:00+00:00,3.0312
2023-01-26 01:29:00+00:00,7.6
2023-06-13 07:23:00+00:00,12.76
2023-04-30 11:59:00+00:00,10.1237
2023-05-23 22:54:00+00:00,3.7775
2023-02-13 19:23:00+00:00,11.56
2023-03-05 03:09:00+00:00,12.0038
2023-01-03 14:17:00+00:00,0.6775
2023-01-14 01:01:00+00:00,11.36
2023-03-17 03:19:00+00:00,11.9938
2023-01-30 17:47:00+00:00,9.0612
2023-03-06 04:43:00+00:00,9.18
2023-06-20 14:41:00+00:00,6.2375
2023-04-01 06:55:00+00:00,2.7875
2023-06-07 01:22:00+00:00,15.04
2023-02-12 06:14:00+00:00,4.5775
2023-06-02 20:30:00+00:00,11.065
2023-06-27 21:42:00+00:00,11.84
2023-01-20 19:02:00+00:00,3.5737
2023-05-06 05:26:00+00:00,5.0563
2023-05-14 01:19:00+00:00,10.96
2023-03-11 09:09:00+00:00,8.3613
2023-02-03 21:39:00+00:00,8.9663
2023-04-19 00:06:00+00:00,7.66
2023-05-24 23:20:00+00:00,3.1288
2023-06-16 22:58:00+00:00,3.9575
2023-01-24 23:54:00+00:00,13.96
2023-05-04 15:17:00+00:00,4.5788
2023-04-23 04:41:00+00:00,4.015
2023-05-17 16:19:00+00:00,14.62
2023-01-22 21:54:00+00:00,3.1763
2023-03-23 21:45:00+00:00,1.6262
2023-04-15 08:06:00+00:00,8.78
2023-02-27 21:59:00+00:00,12.7462
2023-05-17 16:10:00+00:00,4.12
2023-05-13 12:36:00+00:00,8.14
2023-06-07 01:56:00+00:00,1.1212
2023-04-30 11:42:00+00:00,3.4737
2023-05-15 14:53:00+00:00,12.98
2023-04-01 06:12:00+00:00,4.8375
2023-02-02 20:47:00+00:00,4.615
2023-05-25 12:03:00+00:00,12.78
2023-04-21 14:24:00+00:00,2.6375
2023-06-29 23:51:00+00:00,10.5488
2023-06-19 01:49:00+00:00,8.08
2023-05-30 05:55:00+00:00,12.0363
2023-04-25 18:33:00+00:00,5.3425
2023-04-12 17:05:00+00:00,12.32
2023-04-21 02:15:00+00:00,3.7125
2023-03-25 11:20:00+00:00,7.1537
2023-02-18 12:58:00+00:00,12.46
2023-05-21 08:37:00+00:00,11.1
2023-02-09 03:57:00+00:00,10.3238
2023-04-12 17:57:00+00:00,9.12
2023-02-22 16:07:00+00:00,6.94
2023-05-22 09:37:00+00:00,10.8012
2023-02-16 22:23:00+00:00,7.62
2023-02-24 06:50:00+00:00,9.4175
2023-06-01 07:47:00+00:00,8.5887
2023-05-11 22:52:00+00:00,13.3
2023-03-30 04:29:00+00:00,12.735
2023-02-05 23:30:00+00:00,3.7188
2023-04-21 14:32:00+00:00,11.7
2023-06-17 23:49:00+00:00,6.8587
2023-02-05 11:22:00+00:00,1.4937
2023-04-12 17:48:00+00:00,7.92
2023-06-06 12:48:00+00:00,7.645
2023-06-18 12:32:00+00:00,4.435
2023-04-29 10:25:00+00:00,11.86
2023-06-22 16:50:00+00:00,8.99
2023-02-15 09:23:00+00:00,2.7313
2023-05-17 16:10:00+00:00,8.62
2023-04-17 10:40:00+00:00,10.1825
2023-03-05 15:51:00+00:00,12.1288
2023-01-10 09:44:00+00:00,8.48
2023-06-11 05:57:00+00:00,5.5263
2023-02-26 20:33:00+00:00,11.645
2023-01-02 13:51:00+00:00,8.32
2023-01-20 07:19:00+00:00,9.9488
2023-06-19 01:58:00+00:00,9.6113
2023-06-08 14:56:00+00:00,8.26
2023-01-19 06:28:00+00:00,7.3975
2023-03-04 14:26:00+00:00,7.9775
2023-02-09 03:39:00+00:00,13.48
2023-04-29 10:42:00+00:00,11.5725
2023-04-17 10:40:00+00:00,1.2825
2023-04-28 09:42:00+00:00,7.84
2023-01-08 19:52:00+00:00,3.7338
2023-03-04 14:26:00+00:00,12.7275
2023-03-29 03:12:00+00:00,6.84
2023-03-26 12:12:00+00:00,1.855
2023-04-08 01:48:00+00:00,3.2212
2023-03-08 18:43:00+00:00,14.82
2023-04-18 11:32:00+00:00,10.5838
2023-01-26 01:55:00+00:00,2.8312
2023-01-16 15:27:00+00:00,7.4
2023-01-27 14:29:00+00:00,10.0575
2023-03-03 01:00:00+00:00,9.1512
2023-04-03 20:04:00+00:00,14.14
2023-04-21 14:24:00+00:00,9.9375
2023-03-23 09:37:00+00:00,9.7513
2023-03-19 17:02:00+00:00,7.84
2023-01-04 15:00:00+00:00,5.3288
2023-06-21 03:58:00+00:00,8.7637
2023-03-02 12:34:00+00:00,10.3
2023-06-18 12:15:00+00:00,6.285
2023-05-04 15:43:00+00:00,3.5288
2023-06-23 17:59:00+00:00,9.36
2023-06-16 10:32:00+00:00,1.4325
2023-02-05 23:30:00+00:00,11.5188
2023-02-03 21:39:00+00:00,9.36
2023-04-14 07:06:00+00:00,3.7287
2023-05-02 01:08:00+00:00,0.9012
2023-02-22 16:33:00+00:00,5.74
2023-03-06 04:09:00+00:00,12.405
2023-01-02 01:17:00+00:00,0.9012
2023-03-06 16:34:00+00:00,12.78
2023-04-19 12:58:00+00:00,11.285
2023-05-18 17:28:00+00:00,5.5213
2023-06-16 22:49:00+00:00,13.22
2023-06-04 22:56:00+00:00,10.5675
2023-05-18 05:53:00+00:00,3.7462
2023-06-01 19:55:00+00:00,8.52
2023-06-16 22:15:00+00:00,5.4575
2023-06-01 07:13:00+00:00,6.3887
2023-03-20 18:28:00+00:00,15.46
2023-02-08 14:22:00+00:00,0.8975
2023-03-02 12:42:00+00:00,8.725
2023-06-14 08:14:00+00:00,13.58
2023-05-11 22:44:00+00:00,10.8375
2023-01-14 13:53:00+00:00,12.6662
2023-05-31 06:47:00+00:00,8.1
2023-05-19 18:45:00+00:00,3.4225
2023-01-01 12:25:00+00:00,1.125
2023-05-04 15:51:00+00:00,9.16
2023-02-13 07:23:00+00:00,8.2787
2023-05-01 12:17:00+00:00,0.825
2023-03-15 13:44:00+00:00,14.16
2023-04-02 19:47:00+00:00,10.7137
2023-01-02 13:00:00+00:00,2.6263
2023-05-31 18:55:00+00:00,12.5
2023-03-18 16:10:00+00:00,4.52
2023-03-14 00:10:00+00:00,12.89
2023-06-25 07:50:00+00:00,11.0
2023-01-11 22:01:00+00:00,8.0875
2023-04-24 17:24:00+00:00,11.3413
2023-06-19 13:24:00+00:00,10.48
2023-01-29 04:46:00+00:00,6.235
2023-02-21 03:41:00+00:00,9.7637
2023-01-04 03:00:00+00:00,6.76
2023-04-01 06:04:00+00:00,3.5875
2023-03-07 05:00:00+00:00,9.2
2023-05-15 02:53:00+00:00,13.78
2023-03-26 00:54:00+00:00,2.28
2023-04-15 08:32:00+00:00,5.88
2023-03-09 07:43:00+00:00,15.24
2023-06-10 16:14:00+00:00,10.55
2023-04-02 19:04:00+00:00,11.4637
2023-02-27 09:16:00+00:00,10.24
2023-04-05 10:04:00+00:00,7.5425
2023-02-21 15:58:00+00:00,6.1387
2023-02-05 23:30:00+00:00,9.4
2023-03-28 14:46:00+00:00,9.1575
2023-02-11 17:23:00+00:00,8.3012
2023-02-09 15:57:00+00:00,10.68
2023-03-29 03:21:00+00:00,7.1338
2023-03-08 06:18:00+00:00,6.4075
2023-03-22 20:02:00+00:00,8.3
2023-03-12 22:27:00+00:00,5.1875
2023-06-26 20:25:00+00:00,5.495
2023-06-16 22:49:00+00:00,10.02
2023-03-07 17:09:00+00:00,0.8812
2023-05-22 09:11:00+00:00,2.7012
2023-06-12 06:06:00+00:00,10.34
2023-02-20 14:15:00+00:00,9.6875
2023-01-22 21:37:00+00:00,2.9762
2023-02-05 11:56:00+00:00,6.6
2023-01-15 02:19:00+00:00,4.2925
2023-02-25 19:33:00+00:00,4.2438
2023-02-21 15:58:00+00:00,12.12
2023-05-03 14:26:00+00:00,4.3275
2023-05-20 07:54:00+00:00,3.7988
2023-02-27 09:25:00+00:00,14.24
2023-05-28 15:29:00+00:00,9.7587
2023-04-28 21:59:00+00:00,12.5463
2023-03-21 19:11:00+00:00,13.88
2023-04-25 06:24:00+00:00,6.3175
2023-01-18 05:19:00+00:00,7.1463
2023-05-25 12:12:00+00:00,14.38
2023-03-12 22:52:00+00:00,7.8375
2023-05-17 16:28:00+00:00,10.52
2023-03-23 21:37:00+00:00,13.92
2023-04-16 21:23:00+00:00,12.5563
2023-03-03 01:51:00+00:00,12.0013
2023-01-22 09:45:00+00:00,9.52
2023-05-30 05:47:00+00:00,9.1363
2023-06-23 17:24:00+00:00,2.5913
2023-05-13 12:10:00+00:00,15.34
2023-01-22 21:03:00+00:00,12.7762
2023-01-05 16:09:00+00:00,11.23
2023-03-16 14:44:00+00:00,11.78
2023-01-12 11:01:00+00:00,12.52
2023-02-11 17:14:00+00:00,5.2512
2023-05-21 08:28:00+00:00,13.1
2023-03-21 07:54:00+00:00,8.4488
2023-06-23 05:41:00+00:00,3.8163
2023-02-24 18:07:00+00:00,7.38
2023-01-27 14:38:00+00:00,9.1075
2023-03-01 11:08:00+00:00,8.0738
2023-01-21 20:37:00+00:00,14.3
2023-01-01 12:34:00+00:00,5.575
2023-06-09 15:57:00+00:00,1.7488
2023-04-10 03:22:00+00:00,5.88
2023-04-19 00:41:00+00:00,4.21
2023-05-15 02:27:00+00:00,9.2425
2023-05-31 06:38:00+00:00,6.5
2023-05-20 07:02:00+00:00,5.4488
2023-01-20 07:54:00+00:00,12.3488
2023-03-03 13:08:00+00:00,8.32
2023-02-06 12:56:00+00:00,5.695
2023-05-20 19:45:00+00:00,7.7737
2023-06-29 23:51:00+00:00,6.68
2023-02-11 05:31:00+00:00,10.7762
2023-05-31 18:12:00+00:00,1.2625
2023-05-12 23:01:00+00:00,6.92
2023-03-07 17:09:00+00:00,8.3812
2023-01-23 22:11:00+00:00,2.1275
2023-06-17 23:32:00+00:00,6.84
2023-01-10 09:27:00+00:00,10.1113
2023-05-29 04:04:00+00:00,10.335
2023-03-22 08:54:00+00:00,10.7
2023-05-18 17:11:00+00:00,10.3712
2023-03-20 18:11:00+00:00,7.7725
2023-01-16 15:45:00+00:00,12.2
2023-02-12 18:40:00+00:00,3.3525
2023-01-24 11:11:00+00:00,5.8037
2023-06-22 04:16:00+00:00,11.74
2023-03-19 17:28:00+00:00,3.7212
2023-06-25 19:50:00+00:00,11.7937
2023-06-28 22:42:00+00:00,11.86
2023-05-08 07:43:00+00:00,10.0087
2023-03-11 09:35:00+00:00,8.1612
2023-02-24 06:24:00+00:00,9.38
2023-01-27 14:55:00+00:00,6.2075
2023-05-13 12:44:00+00:00,12.715
2023-05-07 06:52:00+00:00,13.62
2023-02-14 08:06:00+00:00,9.33
2023-06-24 06:50:00+00:00,8.7175
2023-02-27 09:51:00+00:00,11.84
2023-06-27 09:08:00+00:00,11.5213
2023-06-28 10:59:00+00:00,6.9225
2023-02-14 20:23:00+00:00,11.58
2023-04-20 01:58:00+00:00,0.7612
2023-03-12 22:44:00+00:00,8.0375
2023-03-17 15:36:00+00:00,7.0
2023-04-24 05:41:00+00:00,1.9663
2023-05-13 12:01:00+00:00,8.565
2023-05-08 19:52:00+00:00,12.44
2023-03-06 04:43:00+00:00,4.705
2023-06-01 19:47:00+00:00,2.9137
2023-05-28 15:55:00+00:00,9.24
2023-03-07 17:52:00+00:00,5.5812
2023-06-01 07:47:00+00:00,12.0388
2023-01-31 18:47:00+00:00,11.7
2023-04-04 09:30:00+00:00,8.4913
2023-03-08 18:26:00+00:00,11.9825
2023-04-03 08:38:00+00:00,6.54
2023-05-17 04:45:00+00:00,3.595
2023-05-04 03:51:00+00:00,8.6037
2023-05-10 21:18:00+00:00,10.48
2023-06-04 22:56:00+00:00,12.1175
2023-03-22 20:20:00+00:00,4.775
2023-03-16 02:02:00+00:00,8.98
2023-05-05 04:17:00+00:00,6.605
2023-05-20 07:37:00+00:00,8.3487
2023-03-30 04:21:00+00:00,9.26
2023-02-06 12:48:00+00:00,4.795
2023-05-04 15:34:00+00:00,5.9787
2023-03-31 05:29:00+00:00,15.28
2023-03-13 23:44:00+00:00,3.6387
2023-06-15 09:06:00+00:00,11.2812
2023-01-24 11:11:00+00:00,12.76
2023-02-07 01:48:00+00:00,8.7212
2023-05-10 21:27:00+00:00,8.4863
2023-03-14 00:10:00+00:00,11.74
2023-03-16 02:19:00+00:00,11.4425
2023-03-12 22:27:00+00:00,4.7875
2023-02-20 02:32:00+00:00,10.9
2023-01-21 08:37:00+00:00,5.2
2023-05-28 03:55:00+00:00,3.4838
2023-06-21 03:15:00+00:00,10.12
2023-04-18 23:41:00+00:00,6.1087
2023-03-28 14:29:00+00:00,8.1075
2023-01-15 14:10:00+00:00,14.98
2023-04-06 23:05:00+00:00,7.0687
2023-02-20 02:32:00+00:00,10.8625
2023-05-29 16:04:00+00:00,15.26
2023-04-27 20:50:00+00:00,11.445
2023-05-09 08:35:00+00:00,8.01
2023-06-15 09:32:00+00:00,9.6
2023-05-05 04:26:00+00:00,4.105
2023-03-21 07:11:00+00:00,15.08
2023-06-07 01:13:00+00:00,6.24
2023-02-09 15:05:00+00:00,3.7988
2023-05-28 03:03:00+00:00,7.5338
2023-03-10 20:44:00+00:00,15.26
2023-02-12 06:31:00+00:00,6.5775
2023-06-27 21:59:00+00:00,3.4962
2023-03-01 11:34:00+00:00,8.28
2023-06-14 20:32:00+00:00,2.955
2023-01-24 23:29:00+00:00,8.8788
2023-02-12 06:31:00+00:00,8.74
2023-03-13 23:44:00+00:00,6.2888
2023-05-28 15:21:00+00:00,7.1087
2023-04-26 07:33:00+00:00,11.4
2023-06-04 10:47:00+00:00,5.5425
2023-05-14 01:19:00+00:00,8.0912
2023-06-29 23:25:00+00:00,8.28
2023-05-21 08:54:00+00:00,3.2
2023-05-21 20:28:00+00:00,10.875
2023-05-22 09:37:00+00:00,9.52
2023-01-13 00:10:00+00:00,12.04
2023-04-26 19:42:00+00:00,4.4437
2023-01-24 23:37:00+00:00,15.16
2023-05-13 12:44:00+00:00,12.815
2023-02-05 23:56:00+00:00,1.9187
2023-01-21 20:28:00+00:00,11.9
2023-03-31 05:38:00+00:00,11.4362
2023-02-11 05:40:00+00:00,6.8262
2023-02-05 23:39:00+00:00,8.6
2023-06-08 14:14:00+00:00,6.8475
2023-04-08 13:05:00+00:00,12.8462
2023-05-11 10:01:00+00:00,9.3
2023-02-12 18:48:00+00:00,2.4525
2023-04-23 16:33:00+00:00,4.49
2023-01-14 13:27:00+00:00,15.36
2023-03-09 19:43:00+00:00,12.1837
2023-05-09 08:18:00+00:00,7.46
2023-03-13 23:27:00+00:00,11.32
2023-03-03 01:00:00+00:00,3.0013
2023-02-04 22:30:00+00:00,6.8675
2023-05-14 13:53:00+00:00,9.36
2023-02-08 14:31:00+00:00,4.9975
2023-06-28 22:42:00+00:00,4.4975
2023-01-20 19:19:00+00:00,13.48
2023-05-19 18:36:00+00:00,12.3225
2023-05-08 19:35:00+00:00,2.0838
2023-04-17 22:06:00+00:00,7.62
2023-06-07 01:31:00+00:00,5.0213
2023-04-05 22:39:00+00:00,12.4675
2023-04-20 01:15:00+00:00,6.48
2023-05-25 00:12:00+00:00,5.98
2023-05-27 02:55:00+00:00,6.9825
2023-05-18 05:11:00+00:00,7.04
2023-02-28 22:42:00+00:00,3.8975
2023-02-18 12:06:00+00:00,11.735
2023-03-27 13:55:00+00:00,9.6
2023-05-17 04:36:00+00:00,8.745
2023-06-20 02:15:00+00:00,10.2125
2023-02-17 23:49:00+00:00,5.64
2023-04-11 16:31:00+00:00,6.6
2023-06-01 07:21:00+00:00,10.7888
2023-04-01 06:47:00+00:00,15.3
2023-02-28 22:16:00+00:00,2.8475
2023-03-19 05:28:00+00:00,4.0962
2023-01-04 03:34:00+00:00,8.36
2023-05-17 04:53:00+00:00,8.295
2023-03-20 06:45:00+00:00,5.3975
2023-04-02 19:47:00+00:00,8.12
2023-04-26 19:59:00+00:00,4.1937
2023-05-18 05:11:00+00:00,11.5463
2023-05-17 16:02:00+00:00,7.02
2023-02-13 07:14:00+00:00,8.0287
2023-02-26 08:59:00+00:00,3.82
2023-01-16 03:02:00+00:00,12.6
2023-02-12 18:23:00+00:00,1.4525
2023-06-25 07:59:00+00:00,5.4688
2023-02-20 14:07:00+00:00,14.1
2023-06-19 01:32:00+00:00,11.2613
2023-06-08 02:39:00+00:00,12.8725
2023-06-15 09:15:00+00:00,5.6
2023-02-07 01:31:00+00:00,12.9712
2023-06-16 22:58:00+00:00,7.3075
2023-03-16 14:53:00+00:00,12.18
2023-02-03 09:04:00+00:00,3.6913
2023-06-26 20:25:00+00:00,12.495
2023-04-15 08:32:00+00:00,11.58
2023-06-08 14:56:00+00:00,3.3975
2023-06-16 10:49:00+00:00,3.4825
2023-04-28 21:42:00+00:00,6.64
2023-04-15 08:49:00+00:00,11.18
2023-05-07 06:00:00+00:00,12.1575
2023-05-15 14:19:00+00:00,10.18
2023-05-27 14:12:00+00:00,8.1075
2023-05-20 19:11:00+00:00,3.8737
2023-01-24 23:11:00+00:00,5.56
2023-05-16 15:02:00+00:00,0.9187
2023-06-07 13:05:00+00:00,11.9462
2023-05-08 07:01:00+00:00,11.64
2023-01-19 18:02:00+00:00,9.8225
2023-05-12 11:35:00+00:00,8.0137
2023-05-24 23:54:00+00:00,9.16
2023-05-06 05:17:00+00:00,5.5563
2023-06-26 08:16:00+00:00,9.17
2023-02-24 06:16:00+00:00,15.38
2023-05-25 12:29:00+00:00,4.855
2023-06-08 14:48:00+00:00,9.7975
2023-02-20 02:58:00+00:00,6.1
2023-04-20 01:15:00+00:00,10.0113
2023-02-05 23:05:00+00:00,6.0687
2023-03-11 21:01:00+00:00,6.48
2023-02-26 20:33:00+00:00,2.795
2023-03-13 23:01:00+00:00,3.1888
2023-06-05 11:56:00+00:00,9.0
2023-01-11 22:27:00+00:00,5.3375
2023-01-12 11:27:00+00:00,9.6137
2023-04-17 10:49:00+00:00,12.82
2023-03-30 04:55:00+00:00,6.685
2023-01-23 22:37:00+00:00,1.8775
2023-02-22 16:07:00+00:00,9.34
2023-06-27 21:16:00+00:00,1.5462
2023-01-25 12:46:00+00:00,7.755
2023-05-02 13:00:00+00:00,11.12
2023-04-26 19:25:00+00:00,7.0438
2023-06-19 01:07:00+00:00,5.3113
2023-01-30 05:38:00+00:00,8.48
2023-03-02 12:25:00+00:00,4.225
2023-06-25 19:07:00+00:00,2.8438
2023-04-04 09:21:00+00:00,10.96
2023-02-18 00:49:00+00:00,8.16
2023-02-16 22:40:00+00:00,8.8575
2023-01-23 10:28:00+00:00,9.14
2023-03-14 12:10:00+00:00,7.065
2023-02-21 03:58:00+00:00,2.9638
2023-03-16 02:02:00+00:00,12.58
2023-06-03 09:39:00+00:00,2.0913
2023-02-24 18:50:00+00:00,11.5425
2023-03-22 20:28:00+00:00,5.9
2023-04-23 04:50:00+00:00,8.115
2023-03-29 03:12:00+00:00,2.1837
2023-04-19 12:49:00+00:00,9.66
2023-01-29 16:04:00+00:00,3.31
2023-01-26 01:12:00+00:00,10.5813
2023-04-17 22:06:00+00:00,12.42
2023-01-25 00:46:00+00:00,4.33
2023-05-30 17:38:00+00:00,3.5612
2023-06-15 21:40:00+00:00,12.0
2023-05-17 04:10:00+00:00,8.595
2023-04-15 20:49:00+00:00,7.855
2023-05-11 10:27:00+00:00,7.7
2023-06-19 13:15:00+00:00,1.3363
2023-06-20 02:50:00+00:00,8.5
2023-03-13 23:27:00+00:00,5.72
2023-01-14 13:36:00+00:00,5.3662
2023-04-05 22:39:00+00:00,10.7675
2023-03-03 13:25:00+00:00,14.32
2023-04-07 12:30:00+00:00,1.045
2023-05-19 06:36:00+00:00,6.3975
2023-04-26 07:16:00+00:00,5.8
2023-03-05 15:43:00+00:00,5.1787
2023-05-22 09:11:00+00:00,11.7513
2023-01-23 10:03:00+00:00,7.54
2023-06-19 13:41:00+00:00,2.6362
2023-02-23 05:07:00+00:00,1.0162
2023-03-10 20:52:00+00:00,8.06
2023-04-08 13:22:00+00:00,2.4962
2023-01-05 04:26:00+00:00,6.205
2023-01-31 06:38:00+00:00,5.7
2023-03-21 07:19:00+00:00,1.0987
2023-04-11 04:57:00+00:00,3.025
2023-02-09 03:31:00+00:00,14.68
2023-04-12 05:48:00+00:00,8.5262
2023-06-17 11:23:00+00:00,4.8838
2023-06-06 12:56:00+00:00,11.02
2023-05-15 14:10:00+00:00,1.2175
2023-03-29 15:03:00+00:00,2.7588
2023-03-05 03:26:00+00:00,8.76
2023-05-16 15:19:00+00:00,7.3688
2023-05-11 22:44:00+00:00,8.6375
2023-05-03 14:26:00+00:00,13.14
2023-03-18 16:10:00+00:00,4.97
2023-02-22 04:07:00+00:00,1.415
2023-05-22 09:28:00+00:00,10.32
2023-06-23 17:07:00+00:00,6.8913
2023-06-28 22:16:00+00:00,7.5475
2023-01-15 14:44:00+00:00,14.58
2023-03-18 16:02:00+00:00,6.17
2023-01-24 23:29:00+00:00,10.0288
2023-04-23 16:16:00+00:00,12.54
2023-01-10 21:35:00+00:00,0.5363
2023-03-10 08:01:00+00:00,12.01
2023-06-07 13:13:00+00:00,6.64
2023-03-30 04:04:00+00:00,1.635
2023-05-22 09:37:00+00:00,9.1512
2023-03-29 15:03:00+00:00,5.64
2023-03-07 05:43:00+00:00,6.2062
2023-03-09 19:52:00+00:00,3.8838
2023-02-09 03:05:00+00:00,10.28
2023-01-11 22:18:00+00:00,7.3875
2023-03-29 03:29:00+00:00,8.3837
2023-01-17 04:28:00+00:00,9.02
2023-05-04 15:51:00+00:00,15.16
2023-05-14 01:19:00+00:00,9.7413
2023-03-14 00:44:00+00:00,8.94
2023-04-01 06:38:00+00:00,2.2375
2023-06-21 15:15:00+00:00,6.0888
2023-03-18 16:10:00+00:00,12.22
2023-01-23 10:20:00+00:00,3.3025
2023-03-31 17:21:00+00:00,9.0113
2023-01-27 02:46:00+00:00,7.62
2023-01-26 01:46:00+00:00,7.7812
2023-03-26 00:03:00+00:00,4.28
2023-05-02 01:08:00+00:00,7.52
2023-06-01 19:04:00+00:00,10.0638
2023-04-18 23:32:00+00:00,11.4087
2023-06-01 19:04:00+00:00,8.12
2023-01-01 00:42:00+00:00,5.65
2023-04-21 02:58:00+00:00,3.4625
2023-06-06 00:22:00+00:00,9.02
2023-04-26 19:07:00+00:00,2.5438
2023-05-28 15:12:00+00:00,9.4588
2023-04-29 22:16:00+00:00,6.26
2023-06-12 06:40:00+00:00,3.2275
2023-03-05 03:00:00+00:00,0.9537
2023-06-20 14:58:00+00:00,10.1
2023-03-13 23:53:00+00:00,10.8387
2023-03-20 18:11:00+00:00,5.6225
2023-01-06 17:35:00+00:00,13.6
2023-02-24 18:24:00+00:00,9.3925
2023-04-20 01:07:00+00:00,9.9612
2023-06-03 21:47:00+00:00,12.16
2023-01-23 22:37:00+00:00,6.8775
2023-03-10 20:09:00+00:00,4.235
2023-03-26 00:03:00+00:00,9.18
2023-06-25 07:07:00+00:00,4.3688
2023-05-22 21:37:00+00:00,4.2263
2023-04-16 21:32:00+00:00,10.0
2023-03-09 07:26:00+00:00,7.2588
2023-03-09 07:52:00+00:00,8.9588
2023-05-22 21:45:00+00:00,11.92
2023-04-23 16:50:00+00:00,11.19
2023-04-21 02:24:00+00:00,6.5625
2023-03-09 07:09:00+00:00,6.04
2023-02-20 02:24:00+00:00,11.7625
2023-05-26 13:55:00+00:00,12.6562
2023-06-24 18:33:00+00:00,8.98
2023-04-12 05:31:00+00:00,5.3762
2023-06-05 23:47:00+00:00,10.4688
2023-04-10 03:22:00+00:00,6.28
2023-04-02 19:13:00+00:00,3.3138
2023-04-29 22:34:00+00:00,7.7975
2023-03-21 19:02:00+00:00,11.48
2023-03-22 08:02:00+00:00,9.5
2023-01-02 13:25:00+00:00,4.2763
2023-05-01 00:42:00+00:00,14.3
2023-01-14 01:53:00+00:00,0.9412
2023-02-18 12:41:00+00:00,5.535
2023-05-12 23:53:00+00:00,11.72
2023-02-26 08:25:00+00:00,3.12
2023-04-08 13:56:00+00:00,4.7462
2023-05-16 03:27:00+00:00,14.2
2023-05-12 11:44:00+00:00,5.7138
2023-01-03 02:08:00+00:00,8.6525
2023-01-14 13:36:00+00:00,7.76
2023-06-20 02:07:00+00:00,5.6625
2023-06-01 07:30:00+00:00,3.2887
2023-05-19 18:54:00+00:00,6.66
2023-01-03 14:17:00+00:00,12.7775
2023-03-18 04:45:00+00:00,12.045
2023-02-28 22:16:00+00:00,9.86
2023-05-03 14:51:00+00:00,2.0775
2023-03-25 23:20:00+00:00,12.1788
2023-02-22 04:33:00+00:00,15.34
2023-04-29 22:34:00+00:00,3.6975
2023-03-31 17:47:00+00:00,7.9112
2023-01-19 18:19:00+00:00,14.26
2023-03-15 13:27:00+00:00,5.3662
2023-01-06 17:35:00+00:00,8.4812
2023-03-15 13:53:00+00:00,14.96
2023-01-04 03:51:00+00:00,3.8537
2023-01-27 02:29:00+00:00,5.5825
2023-05-20 07:37:00+00:00,13.08
2023-04-23 04:24:00+00:00,1.265
2023-06-25 19:33:00+00:00,3.1938
2023-02-07 13:56:00+00:00,9.04
2023-03-24 10:20:00+00:00,3.9525
2023-05-08 07:18:00+00:00,2.2588
2023-06-01 07:47:00+00:00,8.12
2023-03-06 04:17:00+00:00,9.205
2023-06-27 21:08:00+00:00,6.7962
2023-04-29 22:51:00+00:00,5.86
2023-05-27 02:20:00+00:00,3.1825
2023-01-24 23:11:00+00:00,8.4787
2023-04-18 23:06:00+00:00,6.84
2023-05-17 16:10:00+00:00,12.72
2023-04-29 10:42:00+00:00,10.0725
2023-01-13 12:44:00+00:00,11.34
2023-03-24 10:37:00+00:00,12.1525
2023-01-12 11:53:00+00:00,7.4638
2023-05-05 16:00:00+00:00,12.78
2023-05-31 06:38:00+00:00,12.3875
2023-05-13 00:10:00+00:00,14.54
2023-02-26 08:59:00+00:00,11.42
2023-01-14 13:27:00+00:00,12.0663
2023-06-17 11:06:00+00:00,2.2337
2023-02-13 19:57:00+00:00,14.36
2023-01-21 20:11:00+00:00,3.825
2023-04-08 01:31:00+00:00,1.7712
2023-05-16 15:36:00+00:00,7.0
2023-06-15 09:49:00+00:00,6.8812
2023-02-24 06:50:00+00:00,10.4175
2023-03-06 04:00:00+00:00,9.18
2023-04-29 22:42:00+00:00,8.6975
2023-01-30 05:47:00+00:00,9.4362
2023-04-10 03:14:00+00:00,11.08
2023-05-19 18:45:00+00:00,5.9725
2023-04-07 00:30:00+00:00,10.32
2023-01-24 23:11:00+00:00,13.56
2023-03-31 05:29:00+00:00,4.4362
2023-06-11 05:40:00+00:00,3.7763
2023-04-27 20:50:00+00:00,7.42
2023-03-13 23:53:00+00:00,7.4887
2023-02-15 21:40:00+00:00,5.3563
2023-02-01 19:13:00+00:00,6.12
2023-02-10 16:40:00+00:00,4.85
2023-04-14 19:14:00+00:00,10.3537
2023-06-22 16:50:00+00:00,11.34
2023-06-26 20:08:00+00:00,2.095
2023-04-14 19:31:00+00:00,10.8537
2023-02-19 01:41:00+00:00,14.88
2023-05-13 00:01:00+00:00,3.74
2023-06-11 17:31:00+00:00,10.1512
2023-02-13 19:57:00+00:00,8.36
2023-04-28 09:42:00+00:00,9.6713
2023-01-29 04:12:00+00:00,12.735
2023-01-26 01:46:00+00:00,9.2
2023-01-30 17:21:00+00:00,0.9113
2023-02-26 08:25:00+00:00,7.37
2023-04-05 10:13:00+00:00,13.38
2023-01-12 11:35:00+00:00,0.7637
2023-06-29 23:34:00+00:00,10.3987
2023-03-19 05:36:00+00:00,11.04
2023-03-03 01:08:00+00:00,9.2513
2023-03-22 20:28:00+00:00,6.825
2023-04-15 08:49:00+00:00,8.38
2023-04-13 18:31:00+00:00,4.8025
2023-01-21 20:54:00+00:00,5.925
2023-05-27 14:29:00+00:00,9.62
2023-03-02 00:51:00+00:00,8.35
2023-02-10 16:57:00+00:00,10.0
2023-03-11 21:18:00+00:00,11.28
2023-02-01 07:38:00+00:00,13.32
2023-03-07 17:00:00+00:00,9.9812
2023-02-15 21:49:00+00:00,12.4
2023-04-29 10:16:00+00:00,4.0725
2023-05-03 14:00:00+00:00,7.7775
2023-04-06 23:22:00+00:00,15.0
2023-06-05 11:56:00+00:00,9.1937
2023-05-08 19:18:00+00:00,3.9838
2023-04-17 10:32:00+00:00,12.42
2023-04-22 15:33:00+00:00,5.6887
2023-05-08 07:01:00+00:00,3.9588
2023-06-02 08:47:00+00:00,12.94
2023-01-14 13:53:00+00:00,1.2163
2023-01-07 06:35:00+00:00,11.1075
2023-03-12 22:27:00+00:00,14.9
2023-01-02 01:17:00+00:00,6.0512
2023-03-13 11:10:00+00:00,2.9137
2023-06-12 06:23:00+00:00,11.14
2023-01-05 16:17:00+00:00,11.38
2023-03-17 15:45:00+00:00,11.7688
2023-05-03 14:51:00+00:00,9.94
2023-03-11 21:27:00+00:00,7.6363
2023-04-23 16:58:00+00:00,7.49
2023-01-30 05:21:00+00:00,10.48
2023-01-02 01:00:00+00:00,2.9512
2023-03-15 01:36:00+00:00,9.2413
2023-01-31 06:55:00+00:00,11.3
2023-03-21 07:54:00+00:00,5.8487
2023-02-16 10:40:00+00:00,3.4325
2023-05-21 20:28:00+00:00,6.7
2023-03-02 12:51:00+00:00,11.725
2023-02-17 23:06:00+00:00,0.6587
2023-06-25 07:16:00+00:00,8.2
2023-02-10 04:14:00+00:00,3.175
2023-05-04 15:43:00+00:00,12.6288
2023-01-12 11:44:00+00:00,12.52
2023-01-22 09:03:00+00:00,5.7512
2023-02-06 12:30:00+00:00,0.745
2023-04-27 08:25:00+00:00,6.22
2023-01-12 23:18:00+00:00,11.5388
2023-06-15 21:32:00+00:00,9.6062
2023-03-01 11:25:00+00:00,14.68
2023-01-15 02:53:00+00:00,11.8425
2023-05-20 19:45:00+00:00,8.5237
2023-01-26 13:12:00+00:00,8.0
2023-01-28 15:21:00+00:00,12.3588
2023-01-19 18:11:00+00:00,8.1225
2023-02-08 14:05:00+00:00,11.86
2023-03-27 01:03:00+00:00,9.2812
2023-06-03 21:39:00+00:00,0.6663
2023-06-01 19:04:00+00:00,7.72
2023-04-21 02:58:00+00:00,2.5125
2023-05-13 12:18:00+00:00,2.365
2023-03-21 07:37:00+00:00,14.68
2023-05-02 13:08:00+00:00,7.9262
2023-04-25 06:33:00+00:00,9.1175
2023-02-16 22:06:00+00:00,13.22
2023-06-21 03:15:00+00:00,1.8137
2023-02-19 01:41:00+00:00,12.6613
2023-01-31 18:47:00+00:00,13.3
2023-02-03 09:30:00+00:00,2.8413
2023-01-22 09:03:00+00:00,4.8513
2023-03-18 16:45:00+00:00,10.22
2023-03-15 01:53:00+00:00,3.6913
2023-05-15 02:27:00+00:00,7.7425
2023-02-20 02:41:00+00:00,12.5
2023-04-24 05:50:00+00:00,12.3663
2023-05-02 13:08:00+00:00,9.6762
2023-05-19 18:02:00+00:00,5.86
2023-05-28 15:38:00+00:00,11.2088
2023-04-30 11:17:00+00:00,1.2738
2023-02-24 06:33:00+00:00,10.18
2023-04-03 08:56:00+00:00,2.34
2023-02-25 07:50:00+00:00,3.5688
2023-06-11 17:31:00+00:00,14.72
2023-04-24 17:07:00+00:00,8.3912
2023-03-11 21:35:00+00:00,5.8863
2023-02-28 22:16:00+00:00,10.26
2023-06-08 14:39:00+00:00,2.6975
2023-04-30 23:59:00+00:00,5.8487
2023-01-03 02:26:00+00:00,7.14
2023-04-27 08:33:00+00:00,1.67
2023-03-07 05:17:00+00:00,3.0063
2023-02-05 23:30:00+00:00,6.2
2023-04-03 08:04:00+00:00,5.89
2023-05-08 19:26:00+00:00,1.9837
2023-02-23 17:24:00+00:00,7.36
2023-04-26 07:07:00+00:00,2.0187
2023-01-10 09:27:00+00:00,9.4113
2023-05-12 23:01:00+00:00,12.52
2023-06-05 23:56:00+00:00,1.7688
2023-02-07 01:31:00+00:00,6.3213
2023-02-12 18:06:00+00:00,5.94
2023-04-03 20:38:00+00:00,7.665
2023-05-30 05:04:00+00:00,0.6863
2023-03-27 13:37:00+00:00,8.0
2023-01-15 14:27:00+00:00,3.7175
2023-04-15 20:57:00+00:00,7.905
2023-04-17 22:49:00+00:00,10.02
2023-06-28 22:08:00+00:00,2.3975
2023-03-15 01:19:00+00:00,5.76
2023-05-16 03:10:00+00:00,11.0
2023-01-08 07:35:00+00:00,7.1588
2023-02-24 06:50:00+00:00,12.3175
2023-05-17 16:28:00+00:00,10.22
2023-05-11 10:52:00+00:00,6.8125
2023-01-23 22:54:00+00:00,1.5275
2023-03-06 04:00:00+00:00,14.78
2023-04-15 20:57:00+00:00,7.855
2023-03-03 13:51:00+00:00,5.2263
2023-02-20 02:07:00+00:00,10.9
2023-01-26 13:37:00+00:00,10.0062
2023-04-17 10:23:00+00:00,1.8325
2023-03-31 05:29:00+00:00,7.68
2023-06-19 01:49:00+00:00,2.9613
2023-01-03 02:26:00+00:00,3.3525
2023-03-23 09:45:00+00:00,7.12
2023-04-15 08:40:00+00:00,1.48
2023-01-03 14:34:00+00:00,4.5775
2023-04-15 08:23:00+00:00,8.38
2023-01-16 15:27:00+00:00,2.1688
2023-03-08 18:09:00+00:00,4.3325
2023-02-09 15:48:00+00:00,9.08
2023-05-05 16:52:00+00:00,1.73
2023-04-03 20:30:00+00:00,9.515
2023-03-31 05:29:00+00:00,9.28
2023-05-26 13:46:00+00:00,8.2063
2023-05-31 18:12:00+00:00,4.8625
2023-06-27 09:42:00+00:00,6.24
2023-03-11 09:01:00+00:00,11.9113
2023-02-09 03:57:00+00:00,8.5237
2023-04-01 18:04:00+00:00,8.1
2023-05-16 03:19:00+00:00,8.2937
2023-06-11 17:40:00+00:00,3.2012
2023-04-18 23:58:00+00:00,10.84
2023-04-03 08:47:00+00:00,8.49
2023-05-25 00:20:00+00:00,3.88
2023-02-10 16:22:00+00:00,12.3
2023-01-13 00:18:00+00:00,10.64
2023-04-24 17:24:00+00:00,8.6412
2023-04-02 19:04:00+00:00,10.52
2023-03-30 16:12:00+00:00,12.86
2023-02-11 17:31:00+00:00,10.5013
2023-03-04 14:26:00+00:00,9.14
2023-01-15 02:44:00+00:00,5.8425
2023-01-24 11:11:00+00:00,7.2538
2023-03-09 07:43:00+00:00,6.04
2023-01-11 10:18:00+00:00,10.9125
2023-02-26 08:08:00+00:00,7.12
2023-05-23 10:46:00+00:00,5.94
2023-02-22 04:33:00+00:00,14.94
2023-06-06 00:39:00+00:00,7.42
2023-02-07 01:39:00+00:00,6.64
2023-06-27 09:08:00+00:00,3.1713
2023-05-18 17:53:00+00:00,7.7213
2023-06-18 12:58:00+00:00,11.26
2023-04-01 18:30:00+00:00,10.8125
2023-03-26 00:03:00+00:00,8.88
2023-05-25 00:46:00+00:00,7.18
2023-04-06 11:22:00+00:00,2.2437
2023-05-01 00:25:00+00:00,5.15
2023-04-30 23:42:00+00:00,12.28
2023-01-27 02:38:00+00:00,8.5825
2023-03-07 05:26:00+00:00,6.3563
2023-06-11 05:14:00+00:00,11.12
2023-05-07 06:43:00+00:00,4.0075
2023-06-12 18:14:00+00:00,5.4025
2023-01-14 01:44:00+00:00,6.56
2023-03-17 03:19:00+00:00,7.5938
2023-03-31 17:55:00+00:00,10.0113
2023-06-23 17:33:00+00:00,11.36
2023-05-15 14:44:00+00:00,6.9675
2023-01-13 00:10:00+00:00,12.04
2023-04-12 05:57:00+00:00,11.52
2023-02-22 16:33:00+00:00,3.09
2023-02-15 09:49:00+00:00,10.2312
2023-06-15 21:23:00+00:00,9.2
2023-05-04 03:34:00+00:00,6.7538
2023-02-27 21:25:00+00:00,4.4962
2023-01-17 16:53:00+00:00,11.02
2023-06-17 11:15:00+00:00,5.9837
2023-04-11 16:22:00+00:00,10.85
2023-06-25 07:07:00+00:00,13.4
2023-01-30 05:29:00+00:00,11.3863
2023-03-17 15:36:00+00:00,0.9187
2023-01-04 03:17:00+00:00,7.16
2023-04-09 02:31:00+00:00,2.3225
2023-03-06 04:17:00+00:00,8.455
2023-04-04 09:30:00+00:00,12.56
2023-03-29 03:21:00+00:00,0.8838
2023-03-25 11:29:00+00:00,10.7037
2023-03-23 21:54:00+00:00,7.12
2023-06-05 11:39:00+00:00,8.1937
2023-06-27 21:25:00+00:00,10.2963
2023-06-17 23:58:00+00:00,13.24
2023-06-27 21:33:00+00:00,9.4962
2023-01-11 10:44:00+00:00,4.2125
2023-05-17 16:36:00+00:00,11.82
2023-05-25 00:29:00+00:00,12.03
2023-01-04 15:09:00+00:00,4.0787
2023-04-29 10:34:00+00:00,13.46
2023-04-30 11:59:00+00:00,2.8737
2023-01-07 06:26:00+00:00,0.9575
2023-03-26 12:54:00+00:00,14.38
2023-06-22 04:24:00+00:00,8.565
2023-04-01 06:47:00+00:00,4.7875
2023-03-09 07:01:00+00:00,14.84
2023-04-22 03:15:00+00:00,9.2137
2023-06-26 08:16:00+00:00,7.67
2023-04-17 10:23:00+00:00,13.22
2023-02-27 09:16:00+00:00,9.4213
2023-03-19 17:19:00+00:00,7.6212
2023-02-01 07:38:00+00:00,14.92
2023-02-22 16:24:00+00:00,12.24
2023-01-28 03:38:00+00:00,8.9838
2023-03-30 16:04:00+00:00,8.06
2023-05-02 01:25:00+00:00,6.3012
2023-03-27 13:37:00+00:00,10.0563
2023-06-07 13:56:00+00:00,15.04
2023-02-18 12:15:00+00:00,5.635
2023-02-20 02:32:00+00:00,7.8125
2023-06-19 01:32:00+00:00,6.08
2023-02-25 07:25:00+00:00,1.6187
2023-02-15 21:32:00+00:00,11.7063
2023-01-04 15:43:00+00:00,5.96
2023-01-11 10:10:00+00:00,1.6625
2023-02-04 22:30:00+00:00,0.9675
2023-02-23 17:33:00+00:00,11.76
2023-03-16 14:02:00+00:00,7.9675
2023-06-27 09:25:00+00:00,12.1713
2023-02-23 17:50:00+00:00,8.16
2023-05-28 15:55:00+00:00,6.5587
2023-02-16 22:58:00+00:00,7.4075
2023-03-04 14:51:00+00:00,7.54
2023-02-25 07:25:00+00:00,6.3187
2023-06-26 08:25:00+00:00,9.82
2023-01-28 03:29:00+00:00,8.44
2023-02-08 02:05:00+00:00,6.0225
2023-05-06 17:17:00+00:00,5.5312
2023-05-07 06:18:00+00:00,12.82
2023-05-02 13:17:00+00:00,2.0263
2023-04-29 10:51:00+00:00,3.5725
2023-02-07 01:31:00+00:00,8.64
2023-01-08 07:18:00+00:00,9.3588
2023-04-03 08:47:00+00:00,0.89
2023-02-27 09:08:00+00:00,13.44
2023-03-05 03:09:00+00:00,7.6537
2023-02-28 10:51:00+00:00,2.8225
2023-05-10 21:09:00+00:00,10.08
2023-02-22 04:33:00+00:00,6.965
2023-03-09 07:18:00+00:00,7.24
2023-02-26 20:50:00+00:00,9.02
2023-04-18 11:06:00+00:00,12.4838
2023-04-12 17:31:00+00:00,9.6013
2023-04-15 08:14:00+00:00,9.58
2023-05-18 05:02:00+00:00,5.4962
2023-04-06 23:56:00+00:00,7.9688
2023-05-07 06:18:00+00:00,11.22
2023-03-05 15:43:00+00:00,6.1787
2023-05-04 03:26:00+00:00,7.5038
2023-05-05 04:09:00+00:00,7.58
2023-02-14 20:40:00+00:00,9.505
2023-06-18 00:58:00+00:00,11.26
2023-04-28 09:59:00+00:00,11.04
2023-05-21 08:45:00+00:00,4.15
2023-02-06 00:39:00+00:00,10.92
2023-05-31 18:04:00+00:00,8.5
2023-03-22 20:20:00+00:00,6.725
2023-06-06 12:30:00+00:00,2.195
2023-02-11 05:57:00+00:00,7.52
2023-01-14 13:19:00+00:00,7.8163
2023-02-21 03:07:00+00:00,7.3637
2023-05-04 15:09:00+00:00,11.16
2023-03-15 13:27:00+00:00,9.7662
2023-05-23 10:37:00+00:00,7.7025
2023-05-10 09:44:00+00:00,14.48
2023-04-27 20:16:00+00:00,10.395
2023-04-23 16:41:00+00:00,12.09
2023-01-25 00:37:00+00:00,8.38
2023-03-05 15:26:00+00:00,7.8288
2023-01-09 20:26:00+00:00,2.785
2023-05-02 13:17:00+00:00,7.92
2023-03-08 18:09:00+00:00,9.8825
2023-04-04 21:04:00+00:00,12.3163
2023-05-25 12:03:00+00:00,15.18
2023-05-11 22:10:00+00:00,8.2875
2023-03-09 19:52:00+00:00,6.9837
2023-04-17 10:06:00+00:00,12.82
2023-03-19 05:45:00+00:00,8.6463
2023-04-04 09:13:00+00:00,7.5412
2023-01-18 17:19:00+00:00,9.84
2023-03-30 04:55:00+00:00,6.735
2023-04-09 02:22:00+00:00,7.7725
2023-06-24 06:16:00+00:00,10.98
2023-01-03 14:17:00+00:00,12.6275
2023-04-21 02:32:00+00:00,2.9625
2023-02-24 18:50:00+00:00,12.58
2023-04-04 09:30:00+00:00,5.1413
2023-06-20 14:50:00+00:00,4.5375
2023-06-04 10:30:00+00:00,8.18
2023-02-17 23:41:00+00:00,10.44
2023-01-24 11:11:00+00:00,9.5038
2023-03-24 22:28:00+00:00,13.94
2023-03-25 23:20:00+00:00,11.4787
2023-04-08 13:13:00+00:00,2.8462
2023-02-21 15:33:00+00:00,10.92
2023-02-25 07:50:00+00:00,5.3688
2023-01-20 19:54:00+00:00,0.7238
2023-04-06 23:56:00+00:00,5.8
2023-06-04 22:04:00+00:00,4.6675
2023-04-06 23:30:00+00:00,5.3187
2023-06-02 20:30:00+00:00,14.54
2023-02-13 19:31:00+00:00,2.6538
2023-05-09 08:44:00+00:00,2.46
2023-02-16 10:40:00+00:00,7.62
2023-06-27 09:59:00+00:00,8.9213
2023-02-05 23:22:00+00:00,5.7188
2023-01-10 09:52:00+00:00,14.88
2023-05-16 03:10:00+00:00,6.3438
2023-03-14 12:53:00+00:00,10.565
2023-01-10 09:09:00+00:00,15.28
2023-04-05 22:30:00+00:00,11.2675
2023-04-07 12:13:00+00:00,1.095
2023-01-16 15:10:00+00:00,13.4
2023-04-08 13:05:00+00:00,11.5962
2023-05-14 01:19:00+00:00,3.1412
2023-05-29 04:29:00+00:00,12.06
2023-06-27 21:51:00+00:00,9.9462
2023-01-05 16:17:00+00:00,6.23
2023-05-29 16:21:00+00:00,10.06
2023-04-09 14:48:00+00:00,5.9475
2023-05-04 03:17:00+00:00,4.0537
2023-04-30 11:25:00+00:00,9.48
2023-06-10 04:48:00+00:00,6.825
2023-04-11 04:40:00+00:00,0.875
2023-04-06 23:13:00+00:00,14.2
2023-03-19 17:11:00+00:00,1.1212
2023-01-18 05:36:00+00:00,11.5962
2023-04-22 03:24:00+00:00,11.72
2023-02-01 07:47:00+00:00,7.1887
2023-05-29 04:38:00+00:00,1.635
2023-01-13 12:01:00+00:00,13.34
2023-04-28 09:51:00+00:00,12.2212
2023-06-03 09:21:00+00:00,4.8913
2023-03-02 00:51:00+00:00,14.3
2023-02-20 02:41:00+00:00,7.8625
2023-06-04 22:30:00+00:00,11.2175
2023-06-21 03:33:00+00:00,8.92
2023-06-27 21:42:00+00:00,5.0462
2023-06-19 01:32:00+00:00,5.5113
2023-05-05 04:09:00+00:00,15.18
2023-06-23 17:41:00+00:00,12.2413
2023-06-27 09:59:00+00:00,7.6212
2023-01-26 01:03:00+00:00,10.0
2023-04-12 05:57:00+00:00,12.3262
2023-05-13 12:44:00+00:00,7.065
2023-05-10 21:01:00+00:00,9.28
2023-01-10 09:09:00+00:00,4.2613
2023-01-31 18:04:00+00:00,11.3625
2023-05-30 17:38:00+00:00,11.28
2023-03-28 02:20:00+00:00,8.8825
2023-05-20 19:19:00+00:00,10.1237
2023-03-31 17:38:00+00:00,6.08
2023-04-02 19:30:00+00:00,4.5637
2023-06-25 19:59:00+00:00,8.9437
2023-03-07 17:17:00+00:00,11.2
2023-04-06 23:56:00+00:00,5.3187
2023-03-03 01:34:00+00:00,7.7012
2023-02-18 00:49:00+00:00,9.26
2023-06-11 17:40:00+00:00,12.2012
2023-02-09 03:48:00+00:00,8.8238
2023-02-16 22:15:00+00:00,8.02
2023-05-04 03:00:00+00:00,1.3037
2023-04-24 05:33:00+00:00,12.0663
2023-01-30 05:12:00+00:00,14.48
2023-06-07 13:05:00+00:00,3.3462
2023-05-03 14:43:00+00:00,12.0775
2023-01-11 10:18:00+00:00,13.3
2023-04-19 00:32:00+00:00,9.46
2023-06-12 18:06:00+00:00,3.6025
2023-01-19 06:54:00+00:00,9.06
2023-05-18 05:11:00+00:00,8.3463
2023-05-14 01:27:00+00:00,6.3412
2023-06-25 19:50:00+00:00,5.8
2023-04-26 07:42:00+00:00,11.8688
2023-04-20 01:07:00+00:00,7.4112
2023-05-29 16:21:00+00:00,10.06
2023-01-25 12:37:00+00:00,9.305
2023-06-27 09:33:00+00:00,9.2713
2023-02-27 21:16:00+00:00,14.24
2023-06-26 08:42:00+00:00,12.07
2023-03-10 20:52:00+00:00,2.085
2023-02-15 09:49:00+00:00,8.4
2023-01-05 16:43:00+00:00,12.13
2023-03-31 05:12:00+00:00,6.4363
2023-06-18 12:15:00+00:00,10.06
2023-06-01 19:47:00+00:00,10.1638
2023-02-02 20:56:00+00:00,8.565
2023-04-30 23:08:00+00:00,13.88
2023-04-10 15:48:00+00:00,10.1988
2023-04-24 05:50:00+00:00,5.76
2023-04-09 02:05:00+00:00,6.66
2023-06-04 22:39:00+00:00,3.2175
2023-01-13 12:44:00+00:00,12.665
2023-06-08 14:05:00+00:00,6.66
2023-03-29 03:38:00+00:00,3.7837
2023-03-16 14:53:00+00:00,2.3675
2023-04-14 19:23:00+00:00,5.96
2023-05-14 13:27:00+00:00,8.9663
2023-03-07 05:43:00+00:00,3.7563
2023-05-25 12:29:00+00:00,13.18
2023-04-10 03:39:00+00:00,9.8238
2023-02-08 02:14:00+00:00,8.7225
2023-04-11 16:57:00+00:00,12.3
2023-04-04 21:21:00+00:00,3.0162
2023-06-01 07:21:00+00:00,9.6387
2023-04-22 15:58:00+00:00,14.92
2023-01-31 18:47:00+00:00,10.7625
2023-05-08 07:09:00+00:00,7.1588
2023-01-02 01:17:00+00:00,5.92
2023-01-13 00:36:00+00:00,4.19
2023-04-06 23:30:00+00:00,6.3187
2023-02-23 17:16:00+00:00,14.56
2023-06-28 10:51:00+00:00,11.1725
2023-04-11 16:48:00+00:00,7.5
2023-06-01 07:13:00+00:00,11.32
2023-06-29 11:59:00+00:00,5.3238
2023-05-24 11:20:00+00:00,0.6038
2023-04-15 20:32:00+00:00,14.78
2023-06-23 17:50:00+00:00,10.7413
2023-06-08 14:39:00+00:00,12.1475
2023-05-13 00:53:00+00:00,8.94
2023-05-09 20:18:00+00:00,5.835
2023-06-16 22:32:00+00:00,7.8575
2023-01-22 21:37:00+00:00,9.52
2023-05-25 12:37:00+00:00,9.055
2023-04-15 08:57:00+00:00,1.68
2023-03-17 03:19:00+00:00,7.8
2023-04-28 21:33:00+00:00,4.1463
2023-04-12 05:31:00+00:00,4.5263
2023-04-27 20:16:00+00:00,11.82
2023-02-04 22:39:00+00:00,10.1675
2023-03-23 21:45:00+00:00,9.5762
2023-03-08 06:26:00+00:00,7.22
2023-02-03 21:56:00+00:00,12.1163
2023-02-19 13:15:00+00:00,1.3363
2023-05-25 00:20:00+00:00,13.18
2023-01-02 13:25:00+00:00,10.0262
2023-03-02 12:25:00+00:00,10.675
2023-01-01 12:17:00+00:00,12.7
2023-01-08 19:35:00+00:00,13.24
2023-05-19 18:11:00+00:00,2.8225
2023-06-07 13:31:00+00:00,12.64
2023-06-26 20:08:00+00:00,12.595
2023-03-05 03:43:00+00:00,9.0538
2023-06-09 03:48:00+00:00,10.68
2023-05-12 11:01:00+00:00,11.6137
2023-01-01 00:34:00+00:00,8.1
2023-04-12 05:14:00+00:00,9.52
2023-03-14 12:44:00+00:00,3.215
2023-01-12 11:44:00+00:00,4.5637
2023-06-22 04:16:00+00:00,8.94
2023-03-23 09:54:00+00:00,8.5512
2023-02-21 03:50:00+00:00,2.3137
2023-04-15 20:23:00+00:00,10.78
2023-06-11 05:40:00+00:00,12.3262
2023-05-27 14:03:00+00:00,8.0575
2023-03-17 15:53:00+00:00,13.4
2023-03-17 15:10:00+00:00,9.3187
2023-02-22 16:41:00+00:00,7.64
2023-03-12 10:01:00+00:00,6.9
2023-03-17 03:19:00+00:00,5.4938
2023-02-26 20:42:00+00:00,7.745
2023-02-06 12:39:00+00:00,14.22
2023-03-21 19:37:00+00:00,6.9737
2023-02-07 01:13:00+00:00,4.3213
2023-04-04 09:13:00+00:00,12.16
2023-04-07 00:39:00+00:00,5.27
2023-03-06 16:52:00+00:00,7.68
2023-02-20 02:32:00+00:00,6.1
2023-05-19 18:11:00+00:00,8.5225
2023-04-17 10:06:00+00:00,8.8325
2023-03-06 04:34:00+00:00,15.18
2023-01-22 21:54:00+00:00,3.0762
2023-02-27 21:25:00+00:00,6.5462
2023-02-28 22:51:00+00:00,13.86
2023-01-17 04:10:00+00:00,11.395
2023-02-25 07:07:00+00:00,5.4188
2023-02-19 01:15:00+00:00,11.68
2023-01-26 01:03:00+00:00,1.2312
2023-03-22 20:37:00+00:00,12.825
2023-04-21 02:41:00+00:00,13.7
2023-01-30 05:12:00+00:00,3.5863
2023-05-23 10:11:00+00:00,2.1525
2023-02-24 06:16:00+00:00,11.78
2023-05-11 22:27:00+00:00,4.1875
2023-02-22 04:33:00+00:00,3.215
2023-03-26 12:29:00+00:00,13.58
2023-06-23 17:59:00+00:00,10.4913
2023-01-21 20:20:00+00:00,11.775
2023-06-09 03:48:00+00:00,7.48
2023-02-17 23:15:00+00:00,5.0088
2023-05-05 04:26:00+00:00,0.655
2023-05-13 12:44:00+00:00,9.34
2023-04-21 14:15:00+00:00,7.7375
2023-03-25 23:03:00+00:00,4.6787
2023-04-30 11:25:00+00:00,12.28
2023-05-18 17:02:00+00:00,4.0713
2023-04-11 04:22:00+00:00,3.375
2023-02-26 20:25:00+00:00,13.82
2023-06-04 22:30:00+00:00,9.3175
2023-05-20 19:02:00+00:00,12.9238
2023-04-28 21:51:00+00:00,10.64
2023-04-30 11:34:00+00:00,5.0237
2023-03-27 01:37:00+00:00,2.8312
2023-03-22 20:11:00+00:00,14.3
2023-01-19 18:54:00+00:00,5.8725
2023-01-22 09:54:00+00:00,11.4012
2023-04-16 09:40:00+00:00,8.8
2023-02-22 16:24:00+00:00,7.39
2023-04-26 19:50:00+00:00,10.1937
2023-04-27 08:08:00+00:00,8.22
2023-03-18 04:10:00+00:00,6.495
2023-06-18 00:41:00+00:00,6.76
2023-05-02 01:51:00+00:00,10.72
2023-02-23 05:41:00+00:00,7.3163
2023-05-01 12:00:00+00:00,1.675
2023-03-22 08:45:00+00:00,5.5
2023-02-24 06:07:00+00:00,11.8175
2023-05-30 05:29:00+00:00,1.3862
2023-04-12 17:48:00+00:00,10.32
2023-02-25 07:59:00+00:00,8.8688
2023-01-14 13:19:00+00:00,7.0663
2023-03-29 03:03:00+00:00,13.64
2023-05-08 19:26:00+00:00,9.7837
2023-03-08 18:18:00+00:00,12.2325
2023-06-05 11:13:00+00:00,11.0
2023-05-09 08:35:00+00:00,6.76
2023-01-07 06:52:00+00:00,6.0075
2023-05-07 06:43:00+00:00,13.22
2023-06-28 22:51:00+00:00,12.5475
2023-06-09 15:48:00+00:00,12.3488
2023-01-09 20:18:00+00:00,8.86
2023-05-26 01:12:00+00:00,12.0813
2023-01-23 22:46:00+00:00,5.8275
2023-05-28 15:46:00+00:00,13.24
2023-05-08 19:09:00+00:00,0.6837
2023-03-04 02:43:00+00:00,9.2025
2023-06-15 09:49:00+00:00,9.6
2023-02-18 12:06:00+00:00,6.685
2023-03-04 02:43:00+00:00,5.94
2023-01-22 21:28:00+00:00,7.52
2023-02-25 19:16:00+00:00,10.4938
2023-04-04 21:04:00+00:00,10.1163
2023-06-15 09:15:00+00:00,13.6
2023-02-16 10:23:00+00:00,3.9325
2023-01-29 16:21:00+00:00,6.91
2023-03-02 00:08:00+00:00,15.1
2023-03-21 19:19:00+00:00,9.8737
2023-04-07 12:13:00+00:00,1.245
2023-06-16 22:06:00+00:00,8.42
2023-05-19 06:11:00+00:00,3.8975
2023-02-12 18:31:00+00:00,2.2525
2023-03-02 12:17:00+00:00,5.5
2023-04-04 21:47:00+00:00,11.0162
2023-03-25 23:03:00+00:00,10.9288
2023-06-21 15:41:00+00:00,10.52
2023-06-06 00:13:00+00:00,8.12
2023-05-13 12:18:00+00:00,2.465
2023-01-06 17:26:00+00:00,10.4
2023-01-01 00:34:00+00:00,10.5
2023-01-01 12:42:00+00:00,1.625
2023-04-11 04:22:00+00:00,9.1
2023-01-11 10:52:00+00:00,1.1125
2023-03-06 16:09:00+00:00,5.73
2023-05-28 03:21:00+00:00,12.84
2023-04-18 23:41:00+00:00,10.1587
2023-01-04 15:00:00+00:00,12.5288
2023-04-19 12:41:00+00:00,14.46
2023-02-03 09:39:00+00:00,2.1913
2023-01-05 04:52:00+00:00,11.405
2023-05-18 05:11:00+00:00,12.24
2023-02-20 02:58:00+00:00,9.3125
2023-03-21 19:11:00+00:00,2.3237
2023-04-29 10:16:00+00:00,12.26
2023-02-04 10:22:00+00:00,9.4925
2023-02-15 09:40:00+00:00,9.0312
2023-02-08 02:56:00+00:00,8.26
2023-06-17 11:32:00+00:00,3.3838
2023-06-18 00:49:00+00:00,1.06
2023-03-19 17:53:00+00:00,8.64
2023-05-30 17:12:00+00:00,2.0613
2023-05-20 07:19:00+00:00,8.7988
2023-05-08 19:26:00+00:00,9.24
2023-01-16 03:53:00+00:00,9.8938
2023-03-03 01:34:00+00:00,10.9012
2023-06-08 14:39:00+00:00,13.06
2023-01-06 17:09:00+00:00,6.8812
2023-01-07 06:43:00+00:00,10.4075
2023-04-21 02:41:00+00:00,8.9
2023-01-29 16:29:00+00:00,9.26
2023-03-08 06:52:00+00:00,6.3075
2023-06-16 22:06:00+00:00,10.02
2023-05-16 03:02:00+00:00,12.2937
2023-04-16 09:06:00+00:00,10.5312
2023-01-07 06:52:00+00:00,10.42
2023-01-16 03:53:00+00:00,4.4437
2023-05-18 05:36:00+00:00,2.4463
2023-03-21 07:11:00+00:00,14.28
2023-04-16 09:40:00+00:00,5.2812
2023-05-10 21:44:00+00:00,1.1362
2023-06-17 23:23:00+00:00,12.04
2023-06-15 21:40:00+00:00,12.3562
2023-06-22 16:16:00+00:00,7.64
2023-05-07 18:26:00+00:00,12.82
2023-06-26 08:08:00+00:00,1.57
2023-04-29 22:59:00+00:00,3.5975
2023-03-19 17:36:00+00:00,14.64
2023-04-28 21:59:00+00:00,1.9963
2023-02-03 09:30:00+00:00,2.9413
2023-01-05 16:17:00+00:00,11.18
2023-05-12 23:53:00+00:00,0.5887
2023-01-21 08:54:00+00:00,9.05
2023-02-05 11:13:00+00:00,9.8
2023-02-26 08:50:00+00:00,11.52
2023-01-26 01:55:00+00:00,7.7313
2023-01-20 07:19:00+00:00,11.08
2023-03-24 10:28:00+00:00,10.0025
2023-03-28 02:55:00+00:00,2.9825
2023-05-15 02:44:00+00:00,9.38
2023-04-25 06:59:00+00:00,12.7175
2023-02-23 17:50:00+00:00,1.1412
2023-03-19 17:02:00+00:00,13.04
2023-06-01 19:55:00+00:00,4.1137
2023-02-18 00:15:00+00:00,2.71
2023-02-23 17:16:00+00:00,10.96
2023-04-13 06:48:00+00:00,2.9775
2023-03-25 11:54:00+00:00,1.5037
2023-03-31 17:12:00+00:00,10.08
2023-01-11 10:10:00+00:00,5.1125
2023-04-29 10:42:00+00:00,12.9225
2023-04-11 04:40:00+00:00,9.9
2023-01-11 10:44:00+00:00,8.3125
2023-03-29 15:03:00+00:00,9.8588
2023-05-18 05:36:00+00:00,8.64
2023-05-26 13:29:00+00:00,4.1562
2023-02-03 09:04:00+00:00,9.7413
2023-06-02 08:21:00+00:00,12.14
2023-01-21 20:28:00+00:00,7.375
2023-05-24 23:03:00+00:00,11.7788
2023-03-15 01:19:00+00:00,9.76
2023-06-25 07:59:00+00:00,2.1187
2023-06-05 23:05:00+00:00,11.6687
2023-02-13 07:23:00+00:00,13.96
2023-03-19 17:36:00+00:00,7.9212
2023-01-17 16:45:00+00:00,12.37
2023-02-11 17:23:00+00:00,5.92
2023-04-15 20:14:00+00:00,10.255
2023-01-15 14:02:00+00:00,2.3175
2023-04-12 17:23:00+00:00,13.12
2023-03-12 22:18:00+00:00,5.3875
2023-05-23 10:54:00+00:00,4.4025
2023-02-24 18:50:00+00:00,5.78
2023-05-10 21:44:00+00:00,6.9863
2023-05-06 05:26:00+00:00,11.6562
2023-04-05 10:47:00+00:00,12.98
2023-04-15 08:40:00+00:00,8.78
2023-03-28 02:03:00+00:00,3.1825
2023-01-11 10:18:00+00:00,10.9
2023-04-08 13:22:00+00:00,2.5962
2023-02-16 22:32:00+00:00,3.0575
2023-02-24 18:42:00+00:00,12.18
2023-06-18 00:24:00+00:00,8.41
2023-06-06 12:39:00+00:00,0.645
2023-06-04 22:13:00+00:00,12.18
2023-02-07 01:48:00+00:00,12.1713
2023-05-09 20:18:00+00:00,8.235
2023-02-04 10:30:00+00:00,12.98
2023-04-15 08:14:00+00:00,12.38
2023-01-20 19:37:00+00:00,4.6738
2023-02-09 03:14:00+00:00,6.68
2023-05-13 00:01:00+00:00,2.64
2023-01-15 02:10:00+00:00,0.8925
2023-01-09 20:52:00+00:00,9.66
2023-04-05 22:39:00+00:00,11.9175
2023-04-23 04:07:00+00:00,6.465
2023-01-31 18:21:00+00:00,12.1
2023-06-11 05:31:00+00:00,11.1762
2023-02-02 08:13:00+00:00,2.14
2023-04-23 04:33:00+00:00,7.74
2023-04-27 08:59:00+00:00,4.92
2023-04-05 22:04:00+00:00,2.0175
2023-03-22 20:20:00+00:00,15.1
2023-02-12 18:23:00+00:00,8.1025
2023-01-10 09:18:00+00:00,5.4612
2023-03-12 10:35:00+00:00,15.3
2023-06-16 10:15:00+00:00,8.3825
2023-06-18 00:15:00+00:00,10.46
2023-01-26 01:20:00+00:00,9.2
2023-06-19 13:41:00+00:00,12.5363
2023-01-03 02:43:00+00:00,13.94
2023-02-25 19:33:00+00:00,15.4
2023-04-28 09:51:00+00:00,5.2213
2023-03-27 13:20:00+00:00,1.0562
2023-02-17 11:41:00+00:00,6.44
2023-03-28 02:55:00+00:00,11.2325
2023-04-01 18:55:00+00:00,0.8125
2023-04-21 14:58:00+00:00,14.9
2023-06-26 20:59:00+00:00,3.495
2023-04-26 07:50:00+00:00,4.3187
2023-04-06 23:13:00+00:00,13.0
2023-02-13 19:06:00+00:00,6.2038
2023-05-29 04:29:00+00:00,9.785
2023-06-07 01:56:00+00:00,7.04
2023-06-24 18:16:00+00:00,3.0925
2023-02-25 19:25:00+00:00,10.9437
2023-03-27 13:29:00+00:00,10.4
2023-01-07 18:09:00+00:00,1.3825
2023-06-11 17:23:00+00:00,7.6013
2023-05-04 15:26:00+00:00,13.56
2023-04-30 11:51:00+00:00,4.7237
2023-04-15 20:49:00+00:00,9.205
2023-05-14 01:53:00+00:00,12.56
2023-04-03 20:21:00+00:00,5.015
2023-06-08 02:22:00+00:00,1.7725
2023-05-04 15:17:00+00:00,9.16
2023-01-29 16:38:00+00:00,6.06
2023-05-29 04:29:00+00:00,3.585
2023-02-07 13:56:00+00:00,15.04
2023-01-17 16:02:00+00:00,7.32
2023-05-25 12:37:00+00:00,0.655
2023-01-04 15:00:00+00:00,5.96
2023-04-20 01:41:00+00:00,11.9113
2023-01-17 16:53:00+00:00,8.82
2023-06-15 21:49:00+00:00,9.2
2023-05-10 21:35:00+00:00,3.4362
2023-06-14 08:57:00+00:00,9.78
2023-05-25 12:20:00+00:00,5.58
2023-03-06 04:17:00+00:00,1.405
2023-02-16 10:23:00+00:00,3.6825
2023-06-17 11:15:00+00:00,9.24
2023-06-18 12:15:00+00:00,2.885
2023-02-20 14:07:00+00:00,1.9375
2023-01-18 17:45:00+00:00,15.04
2023-06-11 05:14:00+00:00,9.8262
2023-04-27 08:33:00+00:00,3.97
2023-02-18 00:41:00+00:00,11.66
2023-06-23 17:16:00+00:00,6.7412
2023-01-29 04:29:00+00:00,3.935
2023-05-21 20:37:00+00:00,9.5
2023-05-16 15:45:00+00:00,13.0
2023-02-17 23:06:00+00:00,2.4087
2023-03-14 12:18:00+00:00,13.74
2023-05-19 18:54:00+00:00,7.6225
2023-05-09 08:18:00+00:00,6.21
2023-05-23 22:11:00+00:00,7.54
2023-01-12 11:35:00+00:00,3.5137
2023-02-14 08:49:00+00:00,6.53
2023-03-20 18:02:00+00:00,6.66
2023-05-27 14:12:00+00:00,8.3575
2023-04-25 06:16:00+00:00,9.9675
2023-04-10 15:48:00+00:00,7.88
2023-05-31 06:21:00+00:00,7.4875
2023-01-24 23:20:00+00:00,4.4287
2023-05-25 00:20:00+00:00,14.78
2023-06-16 10:40:00+00:00,12.6325
2023-03-14 00:36:00+00:00,2.49
2023-04-04 21:21:00+00:00,6.16
2023-02-13 19:57:00+00:00,11.4038
2023-02-20 14:50:00+00:00,0.7375
2023-06-23 17:33:00+00:00,14.16
2023-01-30 05:47:00+00:00,10.1363
2023-03-15 13:36:00+00:00,1.6663
2023-05-25 00:46:00+00:00,14.78
2023-01-23 22:46:00+00:00,3.7775
2023-04-07 12:56:00+00:00,8.045
2023-04-29 10:08:00+00:00,11.86
2023-03-25 23:29:00+00:00,4.6288
2023-04-22 15:15:00+00:00,9.5388
2023-06-08 02:39:00+00:00,9.06
2023-03-30 04:12:00+00:00,5.135
2023-04-07 12:56:00+00:00,4.645
2023-04-29 10:34:00+00:00,9.06
2023-04-02 19:30:00+00:00,1.1138
2023-01-24 11:03:00+00:00,3.7538
2023-05-10 21:35:00+00:00,7.68
2023-01-28 15:55:00+00:00,6.6588
2023-04-20 13:49:00+00:00,12.9362
2023-05-28 03:21:00+00:00,13.24
2023-06-08 14:22:00+00:00,10.3475
2023-06-24 06:24:00+00:00,0.7675
2023-06-05 23:47:00+00:00,7.4
2023-01-04 03:51:00+00:00,8.6538
2023-04-06 11:30:00+00:00,9.4938
2023-04-12 17:14:00+00:00,6.32
2023-03-05 03:00:00+00:00,11.8537
2023-06-17 11:41:00+00:00,6.4837
2023-06-22 04:33:00+00:00,8.94
2023-05-23 22:11:00+00:00,6.5775
2023-03-29 15:29:00+00:00,4.6087
2023-04-30 23:17:00+00:00,6.68
2023-02-15 09:23:00+00:00,3.9813
2023-06-25 19:16:00+00:00,5.6437
2023-03-01 11:51:00+00:00,6.68
2023-05-22 09:28:00+00:00,4.9013
2023-05-14 01:19:00+00:00,10.2912
2023-02-23 05:16:00+00:00,14.96
2023-01-26 13:03:00+00:00,6.1063
2023-04-24 17:24:00+00:00,7.9413
2023-04-25 18:59:00+00:00,6.98
2023-06-15 09:06:00+00:00,5.2313
2023-02-26 20:08:00+00:00,9.795
2023-05-20 07:54:00+00:00,11.48
2023-04-26 19:59:00+00:00,5.1437
2023-04-09 14:31:00+00:00,9.8975
2023-02-11 05:23:00+00:00,9.92
2023-05-12 11:53:00+00:00,4.0638
2023-04-10 15:57:00+00:00,5.8987
2023-05-05 16:34:00+00:00,11.18
2023-03-14 12:53:00+00:00,6.415
2023-05-01 12:34:00+00:00,6.525
2023-01-05 04:00:00+00:00,8.38
2023-05-03 14:34:00+00:00,5.0275
2023-02-20 02:24:00+00:00,2.0125
2023-01-21 20:20:00+00:00,9.9
2023-06-14 20:40:00+00:00,7.805
2023-04-17 10:15:00+00:00,1.6325
2023-04-10 03:48:00+00:00,6.28
2023-04-30 23:25:00+00:00,1.2988
2023-03-04 14:26:00+00:00,4.8275
2023-03-21 19:45:00+00:00,11.48
2023-05-01 12:25:00+00:00,5.975
2023-02-26 20:50:00+00:00,10.095
2023-06-23 05:41:00+00:00,9.36
2023-06-28 10:25:00+00:00,2.1725
2023-02-23 17:16:00+00:00,1.1913
2023-05-22 09:37:00+00:00,13.12
2023-05-11 10:35:00+00:00,12.1625
2023-03-18 04:02:00+00:00,8.395
2023-03-07 05:09:00+00:00,14.8
2023-03-23 21:28:00+00:00,7.4763
2023-01-31 06:55:00+00:00,4.7875
2023-06-12 06:23:00+00:00,11.94
2023-06-24 18:59:00+00:00,8.1425
2023-04-19 00:32:00+00:00,4.26
2023-05-19 06:45:00+00:00,14.66
2023-03-06 04:34:00+00:00,9.305
2023-01-26 01:55:00+00:00,2.0312
2023-02-16 10:32:00+00:00,7.62
2023-02-08 14:14:00+00:00,6.2475
2023-02-17 11:15:00+00:00,6.44
2023-04-09 14:56:00+00:00,11.86
2023-03-23 09:03:00+00:00,11.7513
2023-05-01 00:17:00+00:00,6.15
2023-04-21 14:58:00+00:00,5.7
2023-05-26 13:46:00+00:00,12.9062
2023-02-13 19:23:00+00:00,2.9038
2023-04-08 13:48:00+00:00,13.04
2023-03-05 03:26:00+00:00,8.0538
2023-01-23 10:37:00+00:00,8.6025
2023-01-14 01:27:00+00:00,12.96
2023-02-28 22:08:00+00:00,1.4475
2023-04-09 02:56:00+00:00,11.2225
2023-01-03 14:08:00+00:00,8.34
2023-05-13 00:53:00+00:00,4.09
2023-03-21 07:02:00+00:00,2.0987
2023-01-05 04:52:00+00:00,9.18
2023-04-12 05:23:00+00:00,10.8262
2023-06-06 00:30:00+00:00,2.12
2023-03-08 06:18:00+00:00,13.22
2023-01-25 00:20:00+00:00,7.43
2023-05-18 17:11:00+00:00,11.7713
2023-05-01 12:42:00+00:00,13.1
2023-02-22 16:24:00+00:00,5.74
2023-03-03 13:17:00+00:00,2.0762
2023-01-22 21:03:00+00:00,5.52
2023-06-24 18:50:00+00:00,7.5425
2023-06-14 08:32:00+00:00,7.63
2023-02-16 22:58:00+00:00,9.22
2023-03-11 21:09:00+00:00,4.0862
2023-01-30 17:04:00+00:00,0.9113
2023-05-21 08:02:00+00:00,9.9
2023-04-30 11:59:00+00:00,3.2237
2023-02-12 18:40:00+00:00,5.7525
2023-01-04 15:17:00+00:00,11.16
2023-04-30 11:17:00+00:00,11.7238
2023-05-31 18:55:00+00:00,4.6125
2023-05-25 00:03:00+00:00,15.18
2023-05-14 13:53:00+00:00,0.9663
2023-06-22 04:58:00+00:00,9.065
2023-03-03 01:08:00+00:00,12.72
2023-03-02 00:17:00+00:00,4.85
2023-03-21 19:19:00+00:00,3.3237
2023-05-29 16:38:00+00:00,14.06
2023-03-20 18:45:00+00:00,10.5725
2023-05-10 09:18:00+00:00,2.3613
2023-02-27 09:59:00+00:00,7.44
2023-06-15 09:15:00+00:00,8.2812
2023-02-05 23:13:00+00:00,7.4688
2023-04-09 14:39:00+00:00,8.26
2023-02-11 17:57:00+00:00,10.32
2023-03-06 04:43:00+00:00,10.255
2023-04-11 16:48:00+00:00,14.3
2023-03-07 05:09:00+00:00,2.3062
2023-06-15 09:15:00+00:00,7.7313
2023-03-07 17:43:00+00:00,8.4
2023-01-13 00:10:00+00:00,5.24
2023-02-06 00:05:00+00:00,7.27
2023-03-02 12:34:00+00:00,5.5
2023-02-21 15:07:00+00:00,3.2887
2023-03-17 03:02:00+00:00,8.4938
2023-03-27 13:29:00+00:00,9.6
2023-03-07 05:35:00+00:00,6.0563
2023-05-23 10:37:00+00:00,2.6025
2023-04-22 15:41:00+00:00,8.92
2023-05-06 17:09:00+00:00,0.8812
2023-05-25 00:29:00+00:00,8.48
2023-01-07 18:00:00+00:00,15.22
2023-01-07 18:52:00+00:00,9.3825
2023-05-13 00:18:00+00:00,1.19
2023-03-24 22:20:00+00:00,13.54
2023-03-30 04:21:00+00:00,10.535
2023-06-13 07:14:00+00:00,2.7788
2023-02-21 03:41:00+00:00,10.52
2023-03-10 08:44:00+00:00,5.81
2023-04-12 05:23:00+00:00,3.7262
2023-02-14 20:49:00+00:00,7.58
2023-03-17 03:10:00+00:00,5.7938
2023-04-19 12:32:00+00:00,0.785
2023-01-20 07:37:00+00:00,12.28
2023-04-25 18:59:00+00:00,0.9425
2023-01-09 08:18:00+00:00,12.51
2023-01-08 19:35:00+00:00,15.24
2023-05-22 21:20:00+00:00,12.4262
2023-05-17 04:28:00+00:00,8.545
2023-01-06 17:26:00+00:00,14.8
2023-04-16 09:57:00+00:00,9.8313
2023-03-26 12:12:00+00:00,5.805
2023-01-07 06:43:00+00:00,7.62
2023-01-16 15:36:00+00:00,9.3187
2023-01-14 01:27:00+00:00,9.0913
2023-03-24 10:20:00+00:00,6.74
2023-03-27 13:03:00+00:00,1.6562
2023-01-22 21:28:00+00:00,5.4763
2023-06-01 07:13:00+00:00,7.72
2023-02-19 01:41:00+00:00,0.7612
2023-04-06 23:30:00+00:00,8.5687
2023-01-19 18:19:00+00:00,12.66
2023-04-02 19:04:00+00:00,4.3637
2023-04-06 23:30:00+00:00,3.3687
2023-04-13 06:14:00+00:00,15.14
2023-02-25 19:42:00+00:00,11.6937
2023-01-04 03:00:00+00:00,4.7538
2023-04-12 05:48:00+00:00,11.92
2023-02-22 04:24:00+00:00,5.765
2023-03-05 03:09:00+00:00,12.0538
2023-03-04 02:17:00+00:00,9.14
2023-05-01 12:00:00+00:00,3.425
2023-05-27 14:12:00+00:00,7.1575
2023-05-03 14:08:00+00:00,6.74
2023-01-04 03:34:00+00:00,10.8537
2023-04-02 19:13:00+00:00,8.1638
2023-04-24 17:07:00+00:00,11.36
2023-04-11 04:57:00+00:00,11.475
2023-03-14 12:36:00+00:00,6.065
2023-01-01 00:00:00+00:00,7.9
2023-02-10 16:14:00+00:00,7.7
2023-03-07 17:09:00+00:00,5.6813
2023-05-26 13:46:00+00:00,5.6
2023-01-11 10:35:00+00:00,5.2625
2023-02-20 14:58:00+00:00,12.9375
2023-03-10 08:44:00+00:00,10.46
2023-03-30 16:38:00+00:00,3.46
2023-02-25 07:59:00+00:00,10.5188
2023-02-05 11:05:00+00:00,11.8
2023-04-23 16:41:00+00:00,10.14
2023-02-25 07:33:00+00:00,8.1687
2023-01-06 05:35:00+00:00,13.6
2023-06-06 00:13:00+00:00,9.82
2023-01-23 10:11:00+00:00,0.6025
2023-06-13 07:23:00+00:00,9.96
2023-05-22 09:28:00+00:00,8.6512
2023-05-01 12:25:00+00:00,9.975
2023-05-29 04:21:00+00:00,14.86
2023-05-31 18:47:00+00:00,4.2125
2023-05-11 22:18:00+00:00,8.4375
2023-06-27 21:25:00+00:00,12.64
2023-03-26 12:12:00+00:00,12.205
2023-01-22 09:20:00+00:00,5.4512
2023-03-24 22:20:00+00:00,6.34
2023-02-01 19:21:00+00:00,9.4138
2023-04-30 11:08:00+00:00,11.1738
2023-03-31 17:29:00+00:00,10.48
2023-02-20 14:07:00+00:00,10.3375
2023-03-08 06:00:00+00:00,4.9575
2023-06-29 23:17:00+00:00,11.08
2023-04-19 00:58:00+00:00,4.81
2023-01-21 20:11:00+00:00,2.475
2023-05-09 20:09:00+00:00,5.66
2023-04-13 06:06:00+00:00,7.3775
2023-04-17 10:49:00+00:00,12.02
2023-03-20 18:02:00+00:00,11.06
2023-01-20 19:28:00+00:00,2.0237
2023-02-25 07:33:00+00:00,7.1688
2023-05-11 22:18:00+00:00,5.7
2023-01-26 01:37:00+00:00,8.4313
2023-01-16 03:02:00+00:00,2.4937
2023-02-21 03:24:00+00:00,11.72
2023-04-16 09:40:00+00:00,5.2313
2023-04-28 21:51:00+00:00,12.9962
2023-03-14 00:18:00+00:00,14.14
2023-05-20 07:11:00+00:00,12.6988
2023-06-06 12:30:00+00:00,1.745
2023-05-17 04:53:00+00:00,13.82
2023-01-29 04:29:00+00:00,10.385
2023-06-23 17:07:00+00:00,12.3413
2023-03-07 17:26:00+00:00,9.6
2023-01-27 14:03:00+00:00,5.1575
2023-05-27 02:38:00+00:00,2.2825
2023-05-15 02:53:00+00:00,9.78
2023-05-07 06:35:00+00:00,4.8575
2023-01-27 14:03:00+00:00,7.5575
2023-03-15 01:19:00+00:00,7.36
2023-03-13 23:18:00+00:00,5.0888
2023-03-29 03:21:00+00:00,12.1837
2023-02-03 09:56:00+00:00,14.96
2023-03-23 09:11:00+00:00,8.9512
2023-04-10 03:14:00+00:00,6.0738
2023-03-10 08:01:00+00:00,14.86
2023-06-02 20:13:00+00:00,6.165
2023-03-11 21:52:00+00:00,4.5362
2023-06-09 15:48:00+00:00,13.88
2023-04-07 00:48:00+00:00,11.92
2023-03-17 03:45:00+00:00,7.5938
2023-06-14 20:06:00+00:00,5.98
2023-04-05 10:39:00+00:00,11.5925
2023-06-01 19:13:00+00:00,10.0137
2023-02-02 20:13:00+00:00,7.34
2023-03-12 22:01:00+00:00,12.6875
2023-06-29 23:08:00+00:00,4.6487
2023-06-06 12:05:00+00:00,13.42
2023-05-24 11:37:00+00:00,2.6037
2023-03-14 12:10:00+00:00,4.615
2023-06-23 17:07:00+00:00,12.96
2023-06-08 14:05:00+00:00,1.2475
2023-02-16 22:06:00+00:00,10.4575
2023-05-30 05:12:00+00:00,7.68
2023-04-14 07:14:00+00:00,3.8788
2023-05-04 15:00:00+00:00,7.5788
2023-02-02 08:30:00+00:00,14.54
2023-04-11 04:48:00+00:00,5.9
2023-05-26 13:29:00+00:00,10.5563
2023-03-06 04:09:00+00:00,10.38
2023-06-17 23:58:00+00:00,12.8588
2023-05-28 15:46:00+00:00,2.0088
2023-01-14 13:53:00+00:00,9.36
2023-06-05 11:47:00+00:00,1.0437
2023-01-14 01:10:00+00:00,4.7412
2023-01-30 05:29:00+00:00,6.48
2023-03-28 14:29:00+00:00,11.9075
2023-02-23 05:07:00+00:00,0.8162
2023-01-03 02:34:00+00:00,13.14
2023-05-19 06:11:00+00:00,2.5475
2023-02-24 18:59:00+00:00,10.3425
2023-02-07 13:22:00+00:00,13.04
2023-02-25 19:33:00+00:00,3.7938
2023-04-15 20:49:00+00:00,3.205
2023-01-01 12:51:00+00:00,8.7
2023-02-12 06:48:00+00:00,3.2775
2023-06-05 11:13:00+00:00,6.0438
2023-06-25 07:07:00+00:00,15.0
2023-03-02 00:25:00+00:00,0.55
2023-01-22 09:45:00+00:00,5.4512
2023-04-20 13:58:00+00:00,12.48
2023-02-11 05:48:00+00:00,8.5762
2023-01-03 14:00:00+00:00,3.7275
2023-04-14 07:14:00+00:00,10.76
2023-06-29 23:17:00+00:00,8.9987
2023-04-11 04:05:00+00:00,6.225
2023-05-12 11:01:00+00:00,10.52
2023-06-07 01:39:00+00:00,7.8213
2023-01-08 07:35:00+00:00,8.7088
2023-04-11 16:48:00+00:00,11.5
2023-01-07 18:52:00+00:00,1.0325
2023-03-16 02:27:00+00:00,8.5925
2023-05-12 11:01:00+00:00,8.12
2023-01-22 09:54:00+00:00,1.2012
2023-04-05 10:56:00+00:00,2.8925
2023-01-16 03:53:00+00:00,10.6
2023-05-16 03:36:00+00:00,12.3438
2023-01-31 06:21:00+00:00,8.1875
2023-05-05 04:26:00+00:00,13.18
2023-06-15 09:49:00+00:00,3.8813
2023-05-26 13:29:00+00:00,8.3562
2023-06-05 23:47:00+00:00,14.6
2023-03-21 19:28:00+00:00,12.0237
2023-05-04 15:09:00+00:00,2.1787
2023-04-28 21:25:00+00:00,12.24
2023-01-09 20:44:00+00:00,12.785
2023-03-05 15:00:00+00:00,11.8788
2023-01-11 22:52:00+00:00,6.9
2023-03-15 13:36:00+00:00,9.3663
2023-04-25 18:33:00+00:00,2.3425
2023-05-20 19:02:00+00:00,13.48
2023-01-10 21:09:00+00:00,3.9863
2023-03-14 00:18:00+00:00,0.89
2023-03-12 22:27:00+00:00,14.5
2023-02-05 23:22:00+00:00,10.9187
2023-06-01 07:30:00+00:00,2.6888
2023-03-15 01:19:00+00:00,8.16
2023-03-17 15:53:00+00:00,12.8688
2023-02-03 21:39:00+00:00,5.6162
2023-02-26 20:59:00+00:00,11.82
2023-04-21 02:15:00+00:00,2.9625
2023-04-19 00:06:00+00:00,2.31
2023-03-19 17:28:00+00:00,8.64
2023-06-16 10:40:00+00:00,5.1825
2023-02-15 21:15:00+00:00,11.1562
2023-02-26 08:42:00+00:00,6.62
2023-01-18 05:28:00+00:00,4.1463
2023-03-27 01:55:00+00:00,5.7812
2023-05-30 05:21:00+00:00,6.48
2023-03-20 18:19:00+00:00,6.0225
2023-03-15 01:01:00+00:00,5.3913
2023-01-03 14:08:00+00:00,6.74
2023-01-18 05:45:00+00:00,12.1962
2023-01-16 03:10:00+00:00,8.0938
2023-06-23 05:16:00+00:00,14.56
2023-03-27 13:12:00+00:00,6.7562
2023-06-24 18:07:00+00:00,12.7925
2023-02-05 23:39:00+00:00,13.4
2023-01-27 14:20:00+00:00,4.9575
2023-03-25 23:29:00+00:00,12.0787
2023-01-06 17:09:00+00:00,6.0
2023-01-01 00:51:00+00:00,7.15
2023-04-09 14:56:00+00:00,1.6475
2023-04-19 00:41:00+00:00,8.86
2023-06-01 07:04:00+00:00,3.7887
2023-04-15 08:32:00+00:00,11.88
2023-04-07 00:39:00+00:00,12.62
2023-04-11 04:22:00+00:00,5.575
2023-06-25 07:07:00+00:00,0.5687
2023-04-12 05:14:00+00:00,9.92
2023-02-25 07:50:00+00:00,5.1688
2023-01-29 04:12:00+00:00,3.935
2023-03-20 06:54:00+00:00,7.86
2023-04-23 04:16:00+00:00,1.915
2023-05-27 02:20:00+00:00,6.0825
2023-05-20 07:37:00+00:00,5.88
2023-02-23 17:16:00+00:00,1.2412
2023-04-28 21:59:00+00:00,11.04
2023-02-15 09:32:00+00:00,10.8
2023-03-06 04:26:00+00:00,8.155
2023-01-08 07:09:00+00:00,4.1088
2023-01-03 02:08:00+00:00,10.34
2023-03-17 15:36:00+00:00,11.1188
2023-01-24 11:03:00+00:00,7.1037
2023-04-16 21:49:00+00:00,14.8
2023-05-12 23:01:00+00:00,2.8388
2023-04-09 14:48:00+00:00,11.0975
2023-02-20 02:15:00+00:00,12.5
2023-01-08 07:18:00+00:00,10.9087
2023-03-24 22:37:00+00:00,12.7275
2023-01-06 05:43:00+00:00,10.0
2023-04-02 07:38:00+00:00,2.9388
2023-05-25 12:46:00+00:00,1.355
2023-05-20 07:02:00+00:00,9.08
2023-01-14 01:10:00+00:00,2.7912
2023-06-28 10:42:00+00:00,7.5725
2023-04-20 01:41:00+00:00,6.08
2023-05-07 18:26:00+00:00,6.0325
2023-05-25 00:54:00+00:00,3.58
2023-05-18 17:02:00+00:00,10.64
2023-02-16 22:23:00+00:00,3.0575
2023-03-28 02:29:00+00:00,2.5825
2023-01-15 14:53:00+00:00,9.38
2023-05-09 20:09:00+00:00,11.785
2023-01-23 10:37:00+00:00,11.6525
2023-04-11 16:48:00+00:00,5.9
2023-02-06 00:30:00+00:00,4.82
2023-01-28 15:03:00+00:00,2.4588
2023-06-03 21:47:00+00:00,10.96
2023-03-31 05:38:00+00:00,11.8362
2023-05-17 04:02:00+00:00,4.795
2023-01-12 11:35:00+00:00,12.12
2023-01-26 01:20:00+00:00,9.3812
2023-04-23 04:33:00+00:00,10.015
2023-01-09 20:01:00+00:00,9.26
2023-03-13 11:01:00+00:00,2.8138
2023-04-04 09:30:00+00:00,3.3912
2023-05-01 12:51:00+00:00,7.9
2023-05-17 04:10:00+00:00,12.345
2023-02-08 14:22:00+00:00,0.6475
2023-02-05 11:56:00+00:00,13.8
2023-06-02 20:13:00+00:00,8.965
2023-04-03 20:04:00+00:00,6.415
2023-05-20 07:45:00+00:00,7.08
2023-03-03 13:08:00+00:00,5.9262
2023-04-13 18:06:00+00:00,7.3025
2023-05-01 12:17:00+00:00,7.5
2023-05-28 15:38:00+00:00,8.44
2023-04-02 07:13:00+00:00,2.2888
2023-01-28 15:29:00+00:00,8.04
2023-03-18 16:36:00+00:00,7.17
2023-01-03 02:51:00+00:00,2.6525
2023-04-15 08:32:00+00:00,5.58
2023-06-16 22:23:00+00:00,4.0575
2023-04-12 05:48:00+00:00,8.1762
2023-02-22 04:24:00+00:00,8.54
2023-03-27 13:29:00+00:00,9.5062
2023-01-16 15:53:00+00:00,10.7688
2023-04-02 07:55:00+00:00,9.72
2023-03-05 15:09:00+00:00,5.0788
2023-01-01 00:17:00+00:00,3.25
2023-04-05 22:47:00+00:00,10.58
2023-01-12 11:01:00+00:00,3.7637
2023-03-03 01:43:00+00:00,5.9013
2023-01-13 12:10:00+00:00,12.14
2023-05-06 17:17:00+00:00,11.4313
2023-02-10 16:48:00+00:00,2.15
2023-03-03 13:17:00+00:00,13.92
2023-06-02 08:13:00+00:00,8.79
2023-01-15 02:36:00+00:00,5.0925
2023-02-19 13:07:00+00:00,7.68
2023-04-26 07:42:00+00:00,8.1687
2023-03-12 10:52:00+00:00,8.0125
2023-05-10 09:27:00+00:00,7.68
2023-02-25 19:25:00+00:00,5.2438
2023-06-12 18:40:00+00:00,4.1525
2023-06-02 20:38:00+00:00,6.94
2023-03-07 17:52:00+00:00,9.8313
2023-03-17 15:27:00+00:00,12.8688
2023-03-27 01:03:00+00:00,13.2
2023-05-06 17:00:00+00:00,8.1813
2023-02-16 10:49:00+00:00,3.6325
2023-03-30 04:55:00+00:00,6.46
2023-01-18 05:53:00+00:00,12.3963
2023-02-18 00:58:00+00:00,7.01
2023-04-10 03:14:00+00:00,6.68
2023-04-29 22:16:00+00:00,4.5975
2023-01-18 05:02:00+00:00,10.7462
2023-06-01 07:13:00+00:00,8.92
2023-05-05 16:09:00+00:00,3.43
2023-06-03 09:13:00+00:00,3.4912
2023-02-23 05:41:00+00:00,6.96
2023-04-14 19:49:00+00:00,8.0538
2023-03-26 12:54:00+00:00,11.205
2023-03-31 05:55:00+00:00,6.08
2023-06-13 07:14:00+00:00,6.1787
2023-05-29 16:38:00+00:00,1.46
2023-03-08 18:35:00+00:00,9.62
2023-03-05 03:51:00+00:00,1.2538
2023-01-27 14:20:00+00:00,8.2075
2023-06-04 10:47:00+00:00,12.18
2023-02-12 06:06:00+00:00,3.8275
2023-04-16 21:40:00+00:00,11.3562
2023-03-03 13:08:00+00:00,10.72
2023-04-18 11:15:00+00:00,4.6338
2023-04-23 04:07:00+00:00,9.715
2023-02-12 18:40:00+00:00,15.14
2023-02-19 01:58:00+00:00,8.0113
2023-04-24 05:07:00+00:00,3.9663
2023-03-08 18:43:00+00:00,8.42
2023-05-21 20:20:00+00:00,6.525
2023-06-15 21:06:00+00:00,5.3563
2023-02-09 15:31:00+00:00,7.48
2023-01-26 01:37:00+00:00,7.7313
2023-05-16 03:19:00+00:00,11.1438
2023-01-28 15:38:00+00:00,5.64
2023-05-21 20:45:00+00:00,8.975
2023-02-06 00:13:00+00:00,10.72
2023-01-20 19:19:00+00:00,10.28
2023-06-20 14:32:00+00:00,4.0875
2023-04-05 22:04:00+00:00,7.0175
2023-03-19 17:28:00+00:00,9.84
2023-03-11 21:27:00+00:00,8.2363
2023-04-13 18:06:00+00:00,5.4525
2023-05-09 08:26:00+00:00,5.66
2023-04-02 07:04:00+00:00,8.0888
2023-02-07 13:39:00+00:00,3.4962
2023-03-16 02:10:00+00:00,14.18
2023-04-09 14:39:00+00:00,4.0475
2023-06-10 16:14:00+00:00,5.8
2023-06-10 16:40:00+00:00,12.3
2023-01-07 06:43:00+00:00,12.5575
2023-02-15 21:15:00+00:00,4.5062
2023-02-22 16:33:00+00:00,9.74
2023-03-13 11:27:00+00:00,8.4138
2023-05-10 21:18:00+00:00,3.2862
2023-03-25 23:11:00+00:00,7.16
2023-03-17 03:19:00+00:00,4.2438
2023-04-18 23:58:00+00:00,9.2587
2023-06-14 20:06:00+00:00,13.18
2023-03-19 05:53:00+00:00,4.5462
2023-05-19 06:28:00+00:00,6.7975
2023-01-18 05:53:00+00:00,6.24
2023-05-20 07:37:00+00:00,1.5987
2023-05-09 08:52:00+00:00,10.51
2023-02-13 07:23:00+00:00,6.36
2023-05-25 00:03:00+00:00,4.58
2023-05-01 00:25:00+00:00,12.3
2023-05-01 12:17:00+00:00,15.1
2023-01-25 00:03:00+00:00,9.43
2023-03-22 08:37:00+00:00,3.5
2023-01-27 14:12:00+00:00,9.62
2023-05-26 13:12:00+00:00,8.4563
2023-04-05 10:13:00+00:00,9.2425
2023-04-28 09:25:00+00:00,14.64
2023-01-03 14:26:00+00:00,7.9275
2023-04-07 00:05:00+00:00,10.07
2023-01-13 12:36:00+00:00,5.74
2023-04-10 03:14:00+00:00,7.9238
2023-01-08 07:18:00+00:00,8.0587
2023-01-11 10:27:00+00:00,6.1
2023-05-26 13:12:00+00:00,10.0563
2023-06-01 19:55:00+00:00,10.0137
2023-01-05 04:09:00+00:00,10.78
2023-02-14 20:06:00+00:00,3.855
2023-03-12 22:10:00+00:00,9.8375
2023-01-02 13:08:00+00:00,5.52
2023-06-27 21:25:00+00:00,4.0962
2023-05-07 06:43:00+00:00,5.6075
2023-02-18 00:49:00+00:00,6.06
2023-06-20 14:24:00+00:00,7.6875
2023-04-23 16:07:00+00:00,12.49
2023-05-29 16:21:00+00:00,5.66
2023-04-27 20:08:00+00:00,0.695
2023-04-26 19:16:00+00:00,10.8938
2023-01-19 18:36:00+00:00,15.06
2023-01-05 04:09:00+00:00,2.505
2023-01-27 14:29:00+00:00,9.5075
2023-03-24 10:46:00+00:00,11.54
2023-03-09 07:43:00+00:00,6.4588
2023-02-20 02:32:00+00:00,10.7125
2023-02-08 14:56:00+00:00,5.86
2023-04-10 03:39:00+00:00,6.3238
2023-01-12 23:35:00+00:00,1.6387
2023-01-21 08:20:00+00:00,13.9
2023-03-20 06:02:00+00:00,8.2975
2023-02-02 08:38:00+00:00,5.14
2023-02-21 03:33:00+00:00,8.12
2023-03-17 03:27:00+00:00,12.6438
2023-05-26 13:29:00+00:00,8.8063
2023-05-05 04:17:00+00:00,9.98
2023-03-24 22:46:00+00:00,12.4775
2023-06-25 19:42:00+00:00,7.9437
2023-02-04 10:13:00+00:00,14.58
2023-05-08 07:18:00+00:00,7.6588
2023-03-01 11:25:00+00:00,5.0738
2023-02-14 08:06:00+00:00,15.18
2023-04-09 14:14:00+00:00,10.66
2023-05-04 15:17:00+00:00,8.7788
2023-05-01 00:34:00+00:00,10.7
2023-03-22 20:20:00+00:00,8.825
2023-04-05 10:13:00+00:00,11.8425
2023-02-23 17:24:00+00:00,11.36
2023-05-13 00:53:00+00:00,10.94
2023-05-23 22:20:00+00:00,12.3775
2023-02-19 01:32:00+00:00,13.28
2023-03-25 23:20:00+00:00,4.5788
2023-02-14 08:49:00+00:00,12.13
2023-06-16 10:15:00+00:00,15.22
2023-03-11 09:35:00+00:00,1.9112
2023-05-11 10:52:00+00:00,3.4625
2023-04-20 01:49:00+00:00,12.08
2023-05-03 14:51:00+00:00,9.5775
2023-06-01 07:30:00+00:00,4.4887
2023-04-09 02:22:00+00:00,12.66
2023-06-20 14:50:00+00:00,11.6875
2023-06-09 03:05:00+00:00,2.7738
2023-05-03 14:17:00+00:00,6.74
2023-05-07 06:18:00+00:00,11.9575
2023-01-02 13:08:00+00:00,1.6262
2023-01-25 00:46:00+00:00,8.78
2023-05-16 03:53:00+00:00,10.0437
2023-04-03 08:47:00+00:00,2.99
2023-06-04 22:56:00+00:00,11.78
2023-03-02 12:17:00+00:00,3.525
2023-03-18 04:19:00+00:00,11.245
2023-04-01 06:21:00+00:00,13.3
2023-06-02 08:30:00+00:00,11.24
2023-03-23 09:28:00+00:00,2.1513
2023-01-26 13:20:00+00:00,9.6
2023-05-25 00:03:00+00:00,11.68
2023-02-05 23:56:00+00:00,6.2687
2023-02-13 19:14:00+00:00,7.56
2023-05-12 11:35:00+00:00,4.3138
2023-06-15 21:49:00+00:00,2.3563
2023-03-23 09:28:00+00:00,11.92
2023-04-15 20:57:00+00:00,3.705
2023-06-15 09:40:00+00:00,12.0312
2023-01-08 19:43:00+00:00,7.64
2023-06-12 06:14:00+00:00,3.6775
2023-02-22 16:33:00+00:00,5.69
2023-04-02 07:21:00+00:00,15.32
2023-05-03 02:17:00+00:00,7.1525
2023-04-11 04:57:00+00:00,9.125
2023-04-06 23:56:00+00:00,6.2
2023-03-05 15:34:00+00:00,2.3788
2023-02-11 05:57:00+00:00,1.7763
2023-03-26 00:03:00+00:00,7.58
2023-02-15 09:49:00+00:00,12.7312
2023-05-19 18:02:00+00:00,6.7725
2023-02-28 10:25:00+00:00,11.46
2023-06-13 07:06:00+00:00,7.4287
2023-03-07 05:43:00+00:00,3.2062
2023-04-25 06:42:00+00:00,12.58
2023-02-14 08:40:00+00:00,12.43
2023-03-30 04:21:00+00:00,7.785
2023-01-13 00:01:00+00:00,15.34
2023-02-27 21:08:00+00:00,9.7462
2023-04-30 11:17:00+00:00,11.0738
2023-03-27 01:20:00+00:00,10.0
2023-01-24 11:37:00+00:00,11.0538
2023-06-26 08:33:00+00:00,12.82
2023-05-18 05:11:00+00:00,7.04
2023-02-21 03:15:00+00:00,3.0137
2023-05-02 01:34:00+00:00,9.3513
2023-05-06 17:00:00+00:00,6.8
2023-06-21 03:41:00+00:00,7.9638
2023-01-01 12:42:00+00:00,2.275
2023-05-24 11:03:00+00:00,13.16
2023-04-21 02:32:00+00:00,6.9125
2023-05-23 10:20:00+00:00,8.7525
2023-02-06 00:05:00+00:00,11.82
2023-01-05 16:09:00+00:00,1.13
2023-05-31 18:47:00+00:00,11.1125
2023-01-17 04:02:00+00:00,12.62
2023-05-12 11:53:00+00:00,12.9138
2023-05-17 04:45:00+00:00,12.895
2023-01-22 21:28:00+00:00,11.12
2023-04-04 09:13:00+00:00,6.5912
2023-02-24 06:16:00+00:00,3.9175
2023-04-22 15:41:00+00:00,7.72
2023-03-25 11:03:00+00:00,10.7538
2023-04-13 18:31:00+00:00,8.7525
2023-03-01 11:34:00+00:00,13.88
2023-05-24 11:46:00+00:00,9.2538
2023-04-29 10:08:00+00:00,9.3225
2023-01-27 14:38:00+00:00,12.82
2023-05-17 16:53:00+00:00,5.52
2023-02-01 07:55:00+00:00,7.1387
2023-05-01 12:17:00+00:00,7.9
2023-04-05 22:39:00+00:00,4.0675
2023-04-17 10:49:00+00:00,10.7325
2023-04-08 13:56:00+00:00,13.84
2023-05-04 15:51:00+00:00,5.8288
2023-04-07 12:13:00+00:00,4.895
2023-06-15 09:23:00+00:00,11.2
2023-04-20 13:24:00+00:00,7.1363
2023-04-13 06:57:00+00:00,5.54
2023-05-05 04:00:00+00:00,8.38
2023-01-28 15:12:00+00:00,10.1587
2023-01-04 15:00:00+00:00,2.8788
2023-03-11 21:09:00+00:00,11.28
2023-06-03 21:39:00+00:00,2.3662
2023-02-17 23:41:00+00:00,8.8588
2023-03-17 03:27:00+00:00,9.4
2023-01-22 09:54:00+00:00,12.8012
2023-06-05 11:13:00+00:00,10.1937
2023-06-06 00:30:00+00:00,15.02
2023-04-28 09:51:00+00:00,9.0213
2023-01-05 16:34:00+00:00,6.13
2023-04-15 20:23:00+00:00,10.78
2023-06-05 23:39:00+00:00,4.1188
2023-02-15 21:06:00+00:00,1.1062
2023-02-22 16:58:00+00:00,8.14
2023-03-24 10:28:00+00:00,4.2525
2023-03-23 21:20:00+00:00,1.4263
2023-04-27 20:50:00+00:00,14.22
2023-01-09 08:52:00+00:00,4.01
2023-02-01 07:38:00+00:00,1.8388
2023-06-15 09:23:00+00:00,7.2
2023-02-20 14:50:00+00:00,10.9375
2023-04-22 03:41:00+00:00,1.4137
2023-03-11 21:35:00+00:00,15.28
2023-03-14 00:10:00+00:00,7.24
2023-02-25 07:25:00+00:00,9.7188
2023-02-21 03:15:00+00:00,10.92
2023-02-09 03:39:00+00:00,12.6237
2023-04-15 08:23:00+00:00,10.93
2023-05-28 03:29:00+00:00,7.24
2023-05-06 05:52:00+00:00,6.2062
2023-04-02 19:30:00+00:00,10.2637
2023-05-02 01:00:00+00:00,7.12
2023-02-20 02:07:00+00:00,1.1625
2023-06-17 23:06:00+00:00,5.8087
2023-02-26 08:33:00+00:00,6.22
2023-06-29 23:17:00+00:00,7.4988
2023-05-16 15:10:00+00:00,3.3687
2023-06-16 22:49:00+00:00,14.02
2023-06-28 22:51:00+00:00,5.0475
2023-03-04 14:26:00+00:00,1.1275
2023-06-22 16:33:00+00:00,5.74
2023-04-24 05:07:00+00:00,0.5162
2023-03-20 18:02:00+00:00,3.7225
2023-03-04 02:26:00+00:00,10.74
2023-03-26 12:29:00+00:00,9.005
2023-04-30 23:34:00+00:00,10.6487
2023-01-05 04:43:00+00:00,11.18
2023-01-24 23:20:00+00:00,13.16
2023-01-27 14:12:00+00:00,11.4575
2023-02-20 02:15:00+00:00,8.9
2023-02-20 02:41:00+00:00,6.2125
2023-02-24 18:24:00+00:00,12.6925
2023-04-08 01:39:00+00:00,11.44
2023-02-17 23:49:00+00:00,6.1087
2023-04-17 22:23:00+00:00,8.9075
2023-04-20 01:07:00+00:00,14.08
2023-01-11 22:27:00+00:00,3.6375
2023-01-02 13:51:00+00:00,10.4763
2023-03-28 02:55:00+00:00,14.42
2023-05-03 02:26:00+00:00,0.5025
2023-03-23 21:28:00+00:00,0.8262
2023-01-21 08:54:00+00:00,9.1
2023-01-06 05:26:00+00:00,2.6063
2023-06-13 19:23:00+00:00,8.4037
2023-03-30 16:55:00+00:00,8.06
2023-06-23 17:24:00+00:00,12.1412
2023-03-16 14:02:00+00:00,8.3175
2023-01-08 07:09:00+00:00,12.04
2023-06-04 10:56:00+00:00,4.7425
2023-01-23 10:03:00+00:00,2.3525
2023-02-17 11:41:00+00:00,11.64
2023-05-17 16:45:00+00:00,8.52
2023-04-03 08:13:00+00:00,11.39
2023-01-05 04:09:00+00:00,6.78
2023-04-15 08:49:00+00:00,1.98
2023-03-01 11:59:00+00:00,9.4238
2023-02-16 22:23:00+00:00,13.62
2023-03-08 18:18:00+00:00,6.3325
2023-01-31 06:47:00+00:00,4.7875
2023-03-10 20:52:00+00:00,14.46
2023-04-29 10:08:00+00:00,8.3725
2023-05-16 03:36:00+00:00,0.9437
2023-03-06 04:34:00+00:00,9.58
2023-04-22 15:58:00+00:00,3.7388
2023-06-16 10:06:00+00:00,3.1825
2023-01-16 15:27:00+00:00,13.8
2023-03-17 15:10:00+00:00,3.4188
2023-04-07 12:13:00+00:00,8.495
2023-01-21 08:02:00+00:00,11.1
2023-03-19 05:19:00+00:00,12.0962
2023-01-12 11:10:00+00:00,5.9138
2023-05-14 13:27:00+00:00,12.56
2023-06-13 07:14:00+00:00,3.1787
2023-02-19 13:07:00+00:00,10.3863
2023-05-16 15:45:00+00:00,12.2
2023-02-17 11:23:00+00:00,7.8338
2023-05-21 08:37:00+00:00,12.25
2023-02-08 02:22:00+00:00,12.66
2023-05-04 03:00:00+00:00,0.9038
2023-04-09 14:48:00+00:00,9.6475
2023-02-15 09:57:00+00:00,8.8
2023-05-24 23:46:00+00:00,5.5287
2023-05-18 17:11:00+00:00,5.2713
2023-01-25 12:29:00+00:00,11.18
2023-04-23 04:16:00+00:00,2.865
2023-03-15 01:27:00+00:00,7.3412
2023-01-30 05:55:00+00:00,10.48
2023-01-06 05:26:00+00:00,3.7563
2023-03-27 01:12:00+00:00,2.6313
2023-06-29 11:08:00+00:00,13.88
2023-01-05 16:43:00+00:00,8.63
2023-02-27 09:51:00+00:00,2.9213
2023-06-05 23:30:00+00:00,8.6
2023-04-29 22:16:00+00:00,12.5475
2023-05-22 09:37:00+00:00,1.4512
2023-02-20 14:07:00+00:00,12.5
2023-03-11 21:44:00+00:00,7.9363
2023-05-17 16:19:00+00:00,11.02
2023-03-19 17:45:00+00:00,10.64
2023-03-18 16:53:00+00:00,12.97
2023-02-21 03:33:00+00:00,12.2637
2023-05-10 09:01:00+00:00,14.08
2023-01-26 13:46:00+00:00,5.5563
2023-01-03 14:08:00+00:00,8.2775
2023-03-26 00:54:00+00:00,11.58
2023-03-08 18:52:00+00:00,1.8825
2023-01-12 11:18:00+00:00,10.9138
2023-02-04 10:39:00+00:00,12.98
2023-03-25 23:46:00+00:00,5.1288
2023-06-13 07:31:00+00:00,2.8287
2023-05-04 15:34:00+00:00,10.36
2023-03-16 02:02:00+00:00,2.5425
2023-01-16 03:10:00+00:00,5.9437
2023-05-21 20:28:00+00:00,14.3
2023-01-25 12:37:00+00:00,5.955
2023-01-13 12:10:00+00:00,7.165
2023-04-08 13:56:00+00:00,15.44
2023-05-02 01:00:00+00:00,1.5513
2023-04-27 20:59:00+00:00,7.195
2023-01-01 12:25:00+00:00,13.9
2023-03-19 17:28:00+00:00,6.5713
2023-05-08 19:43:00+00:00,9.8837
2023-05-26 13:20:00+00:00,9.6
2023-04-27 20:33:00+00:00,2.595
2023-01-23 10:03:00+00:00,8.4025
2023-02-27 09:08:00+00:00,5.84
2023-01-27 14:20:00+00:00,6.9075
2023-06-03 21:56:00+00:00,8.96
2023-05-10 09:44:00+00:00,10.48
2023-05-07 18:09:00+00:00,1.8825
2023-03-01 23:51:00+00:00,12.3488
2023-03-31 05:38:00+00:00,14.88
2023-04-08 13:22:00+00:00,7.4962
2023-01-23 10:28:00+00:00,10.0525
2023-01-29 04:12:00+00:00,6.06
2023-04-21 14:15:00+00:00,6.4875
2023-03-16 14:10:00+00:00,11.9675
2023-01-30 05:04:00+00:00,7.68
2023-01-31 18:30:00+00:00,7.5125
2023-06-06 00:22:00+00:00,4.07
2023-02-12 18:06:00+00:00,13.54
2023-04-01 06:21:00+00:00,5.3875
2023-02-16 22:23:00+00:00,5.5575
2023-02-14 20:49:00+00:00,13.58
2023-03-06 16:00:00+00:00,1.23
2023-05-25 00:12:00+00:00,11.78
2023-01-19 06:02:00+00:00,10.66
2023-01-11 22:10:00+00:00,5.9875
2023-03-12 10:44:00+00:00,2.0125
2023-03-26 00:29:00+00:00,7.98
2023-04-05 22:56:00+00:00,0.6175
2023-04-29 22:59:00+00:00,7.6975
2023-06-08 14:14:00+00:00,12.26
2023-04-12 17:40:00+00:00,0.6013
2023-04-19 00:41:00+00:00,4.61
2023-03-22 08:02:00+00:00,6.3
2023-04-06 23:30:00+00:00,8.1687
2023-05-02 13:17:00+00:00,5.0263
2023-04-26 19:16:00+00:00,8.2
2023-05-24 11:20:00+00:00,12.1538
2023-04-23 16:58:00+00:00,8.34
2023-01-25 12:46:00+00:00,8.38
2023-04-01 06:38:00+00:00,0.7875
2023-01-04 03:17:00+00:00,11.0038
2023-05-06 05:35:00+00:00,10.8
2023-05-31 18:55:00+00:00,4.2625
2023-05-03 14:51:00+00:00,9.6275
2023-04-05 10:13:00+00:00,9.78
2023-01-23 22:03:00+00:00,4.7275
2023-02-04 10:30:00+00:00,11.1425
2023-02-22 16:24:00+00:00,6.94
2023-06-13 07:23:00+00:00,3.6288
2023-05-14 13:27:00+00:00,4.3163
2023-06-21 03:58:00+00:00,15.32
2023-05-13 00:10:00+00:00,5.74
2023-06-05 23:47:00+00:00,7.8187
2023-03-26 00:46:00+00:00,9.18
2023-02-21 03:15:00+00:00,14.12
2023-01-20 19:28:00+00:00,11.1738
2023-02-13 19:14:00+00:00,6.36
2023-04-13 18:48:00+00:00,5.2525
2023-03-26 00:03:00+00:00,9.73
2023-06-22 04:07:00+00:00,6.94
2023-06-21 03:58:00+00:00,8.8138
2023-01-19 18:36:00+00:00,4.5725
2023-02-03 09:39:00+00:00,15.36
2023-01-17 04:45:00+00:00,0.595
2023-05-16 15:02:00+00:00,1.6687
2023-03-22 20:11:00+00:00,11.9
2023-05-29 16:55:00+00:00,9.56
2023-01-20 19:28:00+00:00,4.5738
2023-01-08 19:26:00+00:00,14.44
2023-04-19 12:06:00+00:00,1.985
2023-06-10 04:14:00+00:00,7.575
2023-03-28 14:03:00+00:00,11.62
2023-06-21 15:15:00+00:00,6.6887
2023-03-25 23:11:00+00:00,2.5787
2023-02-12 06:31:00+00:00,8.74
2023-01-02 13:34:00+00:00,1.3262
2023-05-08 19:18:00+00:00,3.1338
2023-03-27 01:20:00+00:00,6.4
2023-02-02 20:21:00+00:00,6.715
2023-03-24 22:11:00+00:00,10.6275
2023-01-23 22:46:00+00:00,8.74
2023-04-14 07:40:00+00:00,4.2287
2023-01-19 18:54:00+00:00,8.1225
2023-02-10 04:05:00+00:00,9.5
2023-06-08 02:31:00+00:00,3.7225
2023-04-01 06:38:00+00:00,6.7875
2023-05-09 08:44:00+00:00,8.86
2023-05-12 23:01:00+00:00,11.8387
2023-02-11 17:48:00+00:00,12.5013
2023-01-01 12:42:00+00:00,6.3
2023-02-03 09:13:00+00:00,11.7413
2023-05-28 03:55:00+00:00,6.8338
2023-06-03 09:39:00+00:00,14.16
2023-01-31 18:12:00+00:00,0.5125
2023-04-12 05:23:00+00:00,0.7762
2023-02-05 23:05:00+00:00,10.6
2023-05-25 00:12:00+00:00,2.33
2023-02-03 21:56:00+00:00,6.7663
2023-03-19 17:36:00+00:00,14.24
2023-04-19 12:24:00+00:00,7.635
2023-01-31 06:55:00+00:00,10.5375
2023-03-03 13:08:00+00:00,15.12
2023-06-06 12:56:00+00:00,12.095
2023-04-12 05:48:00+00:00,8.8262
2023-03-04 02:34:00+00:00,5.94
2023-05-09 08:26:00+00:00,2.56
2023-06-18 00:06:00+00:00,7.71
2023-03-21 19:28:00+00:00,10.28
2023-02-28 10:25:00+00:00,12.5225
2023-02-19 01:07:00+00:00,8.4112
2023-06-11 17:40:00+00:00,9.92
2023-06-15 21:15:00+00:00,2.4562
2023-02-26 08:59:00+00:00,4.22
2023-05-23 10:11:00+00:00,13.14
2023-01-08 19:09:00+00:00,10.4838
2023-04-10 15:57:00+00:00,1.1987
2023-01-17 04:36:00+00:00,11.82
2023-03-15 01:36:00+00:00,6.5412
2023-02-14 08:40:00+00:00,11.63
2023-03-19 05:02:00+00:00,10.64
2023-03-26 12:12:00+00:00,10.555
2023-01-17 16:36:00+00:00,7.62
2023-01-11 22:35:00+00:00,11.7
2023-01-12 23:44:00+00:00,4.2387
2023-01-26 13:55:00+00:00,7.8563
2023-04-18 23:58:00+00:00,14.44
2023-01-26 13:03:00+00:00,1.8062
2023-01-11 22:35:00+00:00,7.3375
2023-02-26 08:16:00+00:00,7.82
2023-02-06 00:30:00+00:00,9.37
2023-03-05 15:34:00+00:00,0.9287
2023-04-16 21:23:00+00:00,6.4
2023-06-01 19:13:00+00:00,12.5638
2023-06-26 08:25:00+00:00,2.32
2023-03-27 13:55:00+00:00,10.4
2023-02-15 09:06:00+00:00,8.5312
2023-04-24 17:24:00+00:00,1.6912
2023-01-21 08:54:00+00:00,9.5
2023-01-13 12:44:00+00:00,4.365
2023-03-13 11:10:00+00:00,11.7637
2023-01-07 06:43:00+00:00,13.22
2023-01-21 20:28:00+00:00,11.625
2023-01-28 03:29:00+00:00,10.8338
2023-03-21 19:28:00+00:00,12.68
2023-01-30 17:47:00+00:00,1.9612
2023-01-26 01:37:00+00:00,2.4813
2023-03-30 04:55:00+00:00,10.46
2023-01-24 23:11:00+00:00,6.2287
2023-03-14 12:18:00+00:00,9.515
2023-02-21 03:33:00+00:00,8.12
2023-02-05 11:39:00+00:00,1.9937
2023-04-10 03:39:00+00:00,12.2238
2023-05-26 13:29:00+00:00,14.8
2023-01-08 19:01:00+00:00,1.2338
2023-01-08 19:01:00+00:00,10.44
2023-02-10 16:57:00+00:00,7.1
2023-06-17 11:49:00+00:00,2.7338
2023-05-26 13:12:00+00:00,5.8563
2023-02-01 07:21:00+00:00,12.52
2023-03-02 12:34:00+00:00,2.775
2023-01-27 14:20:00+00:00,3.5575
2023-04-24 17:16:00+00:00,8.56
2023-01-23 22:54:00+00:00,4.4275
2023-05-14 13:27:00+00:00,3.6662
2023-05-19 06:36:00+00:00,11.06
2023-05-21 08:45:00+00:00,12.0
2023-04-19 12:58:00+00:00,6.385
2023-03-08 06:18:00+00:00,12.02
2023-01-04 03:43:00+00:00,2.1538
2023-06-26 20:33:00+00:00,9.395
2023-05-22 21:11:00+00:00,11.52
2023-01-23 22:37:00+00:00,11.4275
2023-03-16 14:44:00+00:00,4.8675
2023-02-24 06:50:00+00:00,10.18
2023-04-14 19:23:00+00:00,1.0537
2023-06-08 02:22:00+00:00,7.3725
2023-06-11 05:05:00+00:00,12.32
2023-01-27 14:29:00+00:00,6.8575
2023-06-18 00:32:00+00:00,9.76
2023-01-23 22:20:00+00:00,8.74
2023-03-25 11:03:00+00:00,10.7538
2023-03-17 03:45:00+00:00,12.8438
2023-06-09 03:48:00+00:00,9.88
2023-06-27 09:25:00+00:00,7.0713
2023-05-28 03:12:00+00:00,9.1337
2023-06-12 06:48:00+00:00,7.94
2023-01-15 02:10:00+00:00,7.5925
2023-02-15 09:57:00+00:00,9.1312
2023-02-24 18:16:00+00:00,15.38
2023-05-17 16:36:00+00:00,10.72
2023-03-12 22:52:00+00:00,2.1375
2023-02-15 21:32:00+00:00,12.8
2023-05-06 17:35:00+00:00,1.8313
2023-06-15 21:40:00+00:00,6.9062
2023-06-09 03:05:00+00:00,5.88
2023-04-18 23:58:00+00:00,5.2088
2023-04-02 07:38:00+00:00,11.0887
2023-03-02 12:42:00+00:00,9.1
2023-06-02 08:13:00+00:00,7.89
2023-04-01 06:38:00+00:00,8.9375
2023-04-14 19:06:00+00:00,8.76
2023-06-09 03:57:00+00:00,9.9238
2023-05-25 00:20:00+00:00,4.93
2023-03-29 03:46:00+00:00,10.84
2023-06-06 12:05:00+00:00,10.62
2023-02-28 10:59:00+00:00,6.8725
2023-04-01 06:38:00+00:00,9.7
2023-02-25 07:59:00+00:00,3.5688
2023-04-15 08:23:00+00:00,11.23
2023-04-29 22:16:00+00:00,7.46
2023-04-07 12:05:00+00:00,8.695
2023-06-17 23:49:00+00:00,1.2588
2023-03-04 02:08:00+00:00,12.34
2023-04-25 06:50:00+00:00,7.8675
2023-04-15 08:40:00+00:00,1.08
2023-01-18 05:11:00+00:00,11.04
2023-03-11 09:01:00+00:00,4.4612
2023-03-27 01:12:00+00:00,7.4313
2023-02-22 16:33:00+00:00,12.14
2023-04-23 16:33:00+00:00,8.69
2023-01-30 17:47:00+00:00,5.9112
2023-04-16 09:57:00+00:00,12.8
2023-01-03 02:43:00+00:00,10.6525
2023-02-19 01:41:00+00:00,8.5113
2023-05-25 12:37:00+00:00,9.18
2023-02-18 12:58:00+00:00,10.585
2023-02-04 22:04:00+00:00,11.8175
2023-06-07 01:39:00+00:00,14.64
2023-02-01 19:13:00+00:00,1.2637
2023-04-21 14:15:00+00:00,11.5375
2023-06-14 08:40:00+00:00,10.38
2023-06-11 05:40:00+00:00,8.9262
2023-05-29 04:38:00+00:00,8.385
2023-05-07 18:52:00+00:00,8.02
2023-05-23 10:37:00+00:00,2.6525
2023-03-08 06:18:00+00:00,1.0075
2023-05-05 04:09:00+00:00,11.18
2023-06-03 09:47:00+00:00,6.4912
2023-03-18 04:45:00+00:00,0.545
2023-06-06 00:22:00+00:00,11.02
2023-01-10 21:09:00+00:00,3.1362
2023-02-27 21:33:00+00:00,3.4962
2023-06-08 14:31:00+00:00,10.26
2023-05-05 16:52:00+00:00,7.73
2023-04-22 15:58:00+00:00,10.9388
2023-05-18 05:45:00+00:00,7.84
2023-01-16 03:36:00+00:00,1.3438
2023-01-30 17:21:00+00:00,6.0613
2023-05-07 18:09:00+00:00,8.02
2023-02-26 20:16:00+00:00,12.995
2023-01-02 01:51:00+00:00,11.2012
2023-01-15 14:36:00+00:00,13.38
2023-03-14 12:27:00+00:00,1.265
2023-03-09 07:26:00+00:00,3.9087
2023-05-04 03:26:00+00:00,7.16
2023-05-03 02:26:00+00:00,1.6025
2023-05-17 04:45:00+00:00,2.545
2023-01-11 22:52:00+00:00,6.9
2023-02-17 11:23:00+00:00,11.6837
2023-05-10 09:35:00+00:00,12.4113
2023-02-22 04:33:00+00:00,6.54
2023-03-01 11:59:00+00:00,11.3238
2023-04-20 01:15:00+00:00,12.0612
2023-02-05 11:30:00+00:00,14.2
2023-01-25 00:03:00+00:00,3.38
2023-03-30 16:29:00+00:00,9.96
2023-01-15 02:10:00+00:00,7.78
2023-05-19 18:02:00+00:00,9.8725
2023-02-23 17:41:00+00:00,11.8912
2023-03-29 03:03:00+00:00,11.24
2023-01-08 07:18:00+00:00,3.2088
2023-04-25 06:07:00+00:00,7.8675
2023-06-02 20:13:00+00:00,6.14
2023-04-29 22:25:00+00:00,3.1975
2023-03-03 01:00:00+00:00,1.8013
2023-03-26 12:20:00+00:00,14.38
2023-02-07 01:56:00+00:00,9.6212
2023-05-25 12:37:00+00:00,12.405
2023-03-01 11:59:00+00:00,14.28
2023-03-14 00:01:00+00:00,11.09
2023-04-09 14:14:00+00:00,7.5975
2023-01-11 22:44:00+00:00,14.1
2023-01-20 07:02:00+00:00,5.5987
2023-03-19 05:53:00+00:00,2.4463
2023-01-19 06:11:00+00:00,10.66
2023-06-03 09:47:00+00:00,12.0913
2023-01-28 03:12:00+00:00,0.7837
2023-05-15 14:10:00+00:00,10.58
2023-03-25 11:29:00+00:00,12.4038
2023-01-09 20:35:00+00:00,9.785
2023-02-25 19:16:00+00:00,14.6
2023-05-27 14:38:00+00:00,3.6075
2023-05-08 07:52:00+00:00,3.6088
2023-03-02 12:42:00+00:00,11.9
2023-03-27 13:03:00+00:00,3.5063
2023-06-27 21:16:00+00:00,5.4463
2023-05-28 15:21:00+00:00,8.04
2023-03-25 23:11:00+00:00,1.1787
2023-02-28 10:16:00+00:00,8.7225
2023-03-08 18:09:00+00:00,11.22
2023-03-13 11:18:00+00:00,5.5637
2023-01-26 01:29:00+00:00,12.5312
2023-03-20 06:54:00+00:00,7.86
2023-02-08 14:14:00+00:00,1.1975
2023-02-15 09:32:00+00:00,7.6
2023-03-22 08:54:00+00:00,5.5
2023-05-15 02:27:00+00:00,8.6425
2023-04-12 17:05:00+00:00,10.9512
2023-01-19 18:36:00+00:00,15.06
2023-04-18 11:23:00+00:00,12.7837
2023-02-13 07:40:00+00:00,1.3788
2023-02-22 04:41:00+00:00,12.94
2023-03-30 04:55:00+00:00,0.635
2023-06-14 20:14:00+00:00,8.405
2023-05-19 18:28:00+00:00,12.66
2023-04-20 13:49:00+00:00,1.1863
2023-04-18 23:06:00+00:00,11.8087
2023-05-01 12:08:00+00:00,6.3
2023-01-28 15:03:00+00:00,3.3087
2023-03-27 01:20:00+00:00,9.2312
2023-06-08 14:31:00+00:00,9.86
2023-01-26 01:12:00+00:00,8.9812
2023-03-15 01:53:00+00:00,7.8412
2023-05-17 04:28:00+00:00,11.42
2023-01-21 08:02:00+00:00,6.65
2023-01-08 07:18:00+00:00,9.4588
2023-01-27 14:03:00+00:00,12.82
2023-06-02 20:13:00+00:00,10.465
2023-03-06 04:00:00+00:00,1.005
2023-01-03 02:34:00+00:00,5.54
2023-01-06 17:43:00+00:00,3.9312
2023-02-14 08:32:00+00:00,11.73
2023-01-19 06:36:00+00:00,7.46
2023-05-11 10:10:00+00:00,10.3625
2023-02-11 17:05:00+00:00,5.7012
2023-05-07 18:26:00+00:00,13.62
2023-05-22 21:45:00+00:00,0.7762
2023-04-23 04:16:00+00:00,12.115
2023-04-17 22:58:00+00:00,11.62
2023-05-06 17:43:00+00:00,12.1312
2023-06-27 09:16:00+00:00,10.7212
2023-04-14 19:40:00+00:00,7.16
2023-02-14 20:32:00+00:00,9.505
2023-05-21 20:54:00+00:00,9.475
2023-05-16 15:19:00+00:00,7.0
2023-01-31 18:21:00+00:00,4.5625
2023-02-15 09:06:00+00:00,10.2312
2023-02-14 08:14:00+00:00,7.98
2023-06-02 20:30:00+00:00,11.165
2023-04-28 21:42:00+00:00,5.3463
2023-02-08 02:39:00+00:00,11.86
2023-01-17 04:02:00+00:00,10.995
2023-05-09 20:35:00+00:00,5.335
2023-01-22 09:54:00+00:00,15.12
2023-02-01 07:30:00+00:00,8.52
2023-02-28 10:16:00+00:00,8.3725
2023-04-03 08:47:00+00:00,11.74
2023-02-07 01:56:00+00:00,2.1212
2023-02-24 18:59:00+00:00,9.0425
2023-06-16 10:40:00+00:00,6.42
2023-03-16 14:44:00+00:00,2.6175
2023-04-08 01:13:00+00:00,11.1212
2023-05-03 02:00:00+00:00,11.94
2023-05-27 02:03:00+00:00,6.5325
2023-01-22 09:11:00+00:00,12.0013
2023-01-29 04:21:00+00:00,14.86
2023-01-26 13:46:00+00:00,3.8062
2023-06-02 20:13:00+00:00,3.465
2023-03-08 18:52:00+00:00,10.02
2023-05-03 02:43:00+00:00,10.7025
2023-03-08 18:18:00+00:00,3.8825
2023-06-21 03:33:00+00:00,8.12
2023-02-18 00:24:00+00:00,5.46
2023-06-20 14:07:00+00:00,3.4375
2023-06-24 18:07:00+00:00,14.58
2023-05-25 12:20:00+00:00,3.255
2023-02-15 09:40:00+00:00,8.8313
2023-01-28 15:38:00+00:00,10.04
2023-01-16 03:53:00+00:00,4.5938
2023-06-12 18:06:00+00:00,9.2525
2023-06-26 20:59:00+00:00,14.22
2023-01-15 02:19:00+00:00,2.8925
2023-01-15 02:44:00+00:00,11.8425
2023-01-25 12:54:00+00:00,9.18
2023-01-17 16:19:00+00:00,7.22
2023-01-24 11:29:00+00:00,2.0038
2023-04-05 10:39:00+00:00,10.18
2023-01-28 15:29:00+00:00,9.7088
2023-03-19 05:53:00+00:00,4.4962
2023-05-26 13:03:00+00:00,5.6
2023-01-02 01:00:00+00:00,4.1013
2023-05-31 18:12:00+00:00,12.2125
2023-05-20 19:11:00+00:00,15.08
2023-02-20 14:41:00+00:00,1.6375
2023-03-22 20:28:00+00:00,10.225
2023-06-03 09:13:00+00:00,14.16
2023-01-02 13:43:00+00:00,8.4262
2023-04-28 21:42:00+00:00,11.1962
2023-04-26 19:07:00+00:00,13.4
2023-05-17 16:36:00+00:00,5.57
2023-05-16 15:45:00+00:00,4.1688
2023-02-27 21:33:00+00:00,10.64
2023-02-01 19:55:00+00:00,5.5137
2023-03-11 21:52:00+00:00,5.4863
2023-02-28 22:51:00+00:00,8.66
2023-03-14 12:36:00+00:00,10.215
2023-05-26 13:20:00+00:00,3.5562
2023-04-02 19:04:00+00:00,6.92
2023-05-05 16:26:00+00:00,7.78
2023-01-09 20:09:00+00:00,4.235
2023-04-20 01:58:00+00:00,14.88
2023-03-11 09:44:00+00:00,8.5612
2023-05-27 14:38:00+00:00,3.8075
2023-01-13 12:44:00+00:00,9.34
2023-03-16 02:10:00+00:00,0.8925
2023-01-30 17:47:00+00:00,9.0113
2023-03-23 21:54:00+00:00,12.72
2023-01-31 18:47:00+00:00,7.8625
2023-02-22 16:33:00+00:00,0.59
2023-02-22 16:24:00+00:00,12.14
2023-05-05 04:34:00+00:00,6.405
2023-02-17 11:23:00+00:00,6.1338
2023-05-27 02:29:00+00:00,12.82
2023-02-28 10:51:00+00:00,11.3225
2023-03-14 00:44:00+00:00,2.19
2023-05-20 19:54:00+00:00,14.28
2023-04-22 03:07:00+00:00,8.7137
2023-05-29 16:38:00+00:00,7.81
2023-02-28 10:25:00+00:00,7.46
2023-02-04 10:56:00+00:00,2.8425
2023-04-05 10:22:00+00:00,2.3425
2023-05-29 04:04:00+00:00,9.66
2023-01-08 07:43:00+00:00,8.3588
2023-05-29 16:46:00+00:00,1.46
2023-04-04 21:39:00+00:00,6.96
2023-03-27 13:12:00+00:00,5.3063
2023-04-28 09:51:00+00:00,10.8712
2023-05-18 05:36:00+00:00,11.44
2023-01-04 03:34:00+00:00,2.2538
2023-04-18 23:06:00+00:00,10.3588
2023-04-20 01:32:00+00:00,8.88
2023-06-23 05:24:00+00:00,8.3163
2023-01-23 22:54:00+00:00,1.9775
2023-03-15 01:53:00+00:00,14.16
2023-01-16 03:19:00+00:00,9.6937
2023-03-10 20:52:00+00:00,4.985
2023-04-24 05:33:00+00:00,12.96
2023-04-26 19:07:00+00:00,0.9938
2023-02-20 14:15:00+00:00,0.6375
2023-02-11 05:40:00+00:00,7.52
2023-06-25 07:07:00+00:00,3.2687
2023-01-28 15:03:00+00:00,6.1588
2023-04-15 20:06:00+00:00,11.18
2023-05-11 10:01:00+00:00,8.0625
2023-06-03 09:13:00+00:00,7.76
2023-01-17 16:53:00+00:00,14.62
2023-02-28 22:59:00+00:00,3.3475
2023-04-10 03:22:00+00:00,11.6237
2023-02-25 07:07:00+00:00,9.0
2023-06-25 19:50:00+00:00,6.0438
2023-06-15 21:57:00+00:00,9.2063
2023-05-10 09:01:00+00:00,10.88
2023-01-29 04:38:00+00:00,1.835
2023-01-25 00:46:00+00:00,8.48
2023-02-05 23:22:00+00:00,5.8
2023-01-14 13:44:00+00:00,8.8163
2023-02-20 02:24:00+00:00,11.9625
2023-05-05 04:26:00+00:00,11.98
2023-02-10 04:40:00+00:00,8.525
2023-03-02 00:08:00+00:00,7.25
2023-06-09 03:48:00+00:00,12.68
2023-05-15 14:44:00+00:00,8.4675
2023-03-09 19:43:00+00:00,10.1337
2023-01-06 05:09:00+00:00,7.6
2023-03-27 13:12:00+00:00,7.0062
2023-04-10 15:39:00+00:00,5.5488
2023-01-08 19:18:00+00:00,14.44
2023-03-04 02:51:00+00:00,7.9525
2023-02-02 20:04:00+00:00,7.415
2023-04-22 15:07:00+00:00,14.92
2023-04-03 08:30:00+00:00,2.84
2023-05-08 19:26:00+00:00,11.7837
2023-03-06 04:00:00+00:00,9.18
2023-03-02 12:17:00+00:00,7.425
2023-06-07 01:56:00+00:00,0.7212
2023-06-02 20:47:00+00:00,11.34
2023-04-07 00:30:00+00:00,8.82
2023-05-10 21:44:00+00:00,8.4863
2023-05-08 07:43:00+00:00,14.04
2023-03-14 00:18:00+00:00,7.99
2023-06-03 09:04:00+00:00,7.8412
2023-03-04 14:00:00+00:00,11.54
2023-03-02 00:00:00+00:00,9.95
2023-05-05 16:26:00+00:00,8.53
2023-03-15 01:36:00+00:00,8.56
2023-03-19 05:19:00+00:00,1.5462
2023-03-15 13:36:00+00:00,4.5163
2023-05-30 05:47:00+00:00,15.28
2023-04-21 02:41:00+00:00,1.4625
2023-06-17 23:49:00+00:00,9.5587
2023-01-02 13:34:00+00:00,8.72
2023-02-28 22:16:00+00:00,9.3975
2023-02-02 08:30:00+00:00,5.44
2023-04-24 05:33:00+00:00,6.56
2023-05-06 17:52:00+00:00,12.0
2023-05-31 18:04:00+00:00,9.0125
2023-04-20 13:41:00+00:00,10.88
2023-02-05 11:56:00+00:00,5.8937
2023-01-12 11:18:00+00:00,11.5137
2023-04-27 20:16:00+00:00,11.82
2023-06-13 19:31:00+00:00,9.0038
2023-06-05 11:39:00+00:00,1.4438
2023-05-25 12:12:00+00:00,15.18
2023-02-26 08:59:00+00:00,4.22
2023-03-06 04:17:00+00:00,0.705
2023-06-19 01:49:00+00:00,6.48
2023-03-14 00:01:00+00:00,6.49
2023-01-09 08:09:00+00:00,1.56
2023-04-04 21:39:00+00:00,12.56
2023-06-28 10:16:00+00:00,7.2725
2023-04-24 05:59:00+00:00,7.8662
2023-05-15 14:10:00+00:00,11.38
2023-01-15 02:02:00+00:00,12.3925
2023-01-12 11:01:00+00:00,12.6638
2023-01-03 02:43:00+00:00,11.14
2023-03-02 00:34:00+00:00,2.7
2023-03-23 09:28:00+00:00,12.3012
2023-05-07 06:26:00+00:00,14.82
2023-01-24 23:11:00+00:00,4.9287
2023-05-21 20:02:00+00:00,6.425
2023-04-02 19:04:00+00:00,11.32
2023-04-13 18:48:00+00:00,9.5525
2023-01-23 10:20:00+00:00,3.3525
2023-06-18 12:06:00+00:00,8.86
2023-03-25 11:20:00+00:00,4.1538
2023-05-20 07:37:00+00:00,8.6988
2023-02-04 10:04:00+00:00,6.58
2023-03-11 21:27:00+00:00,1.3363
2023-03-31 17:04:00+00:00,7.6612
2023-04-27 20:08:00+00:00,6.22
2023-03-08 06:43:00+00:00,1.5075
2023-05-01 12:51:00+00:00,9.025
2023-06-29 11:59:00+00:00,15.08
2023-02-15 21:23:00+00:00,2.1063
2023-02-13 07:49:00+00:00,3.7788
2023-05-10 21:44:00+00:00,9.28
2023-06-24 06:24:00+00:00,10.3675
2023-05-04 15:43:00+00:00,4.9787
2023-06-06 12:39:00+00:00,13.02
2023-03-01 11:59:00+00:00,7.4238
2023-06-12 18:23:00+00:00,7.9525
2023-04-15 20:23:00+00:00,8.78
2023-04-04 09:04:00+00:00,9.0412
2023-04-18 11:23:00+00:00,5.5838
2023-02-20 14:24:00+00:00,9.3
2023-05-07 06:18:00+00:00,2.0575
2023-01-31 18:04:00+00:00,6.2625
2023-01-12 11:44:00+00:00,6.12
2023-05-17 04:28:00+00:00,8.145
2023-05-30 05:47:00+00:00,2.1362
2023-06-13 19:23:00+00:00,5.96
2023-05-11 22:35:00+00:00,4.2375
2023-06-12 06:23:00+00:00,1.8775
2023-06-05 11:22:00+00:00,9.8
2023-03-15 13:10:00+00:00,12.1163
2023-05-03 14:51:00+00:00,4.5775
2023-05-08 19:01:00+00:00,7.64
2023-03-07 17:26:00+00:00,11.7812
2023-03-19 05:53:00+00:00,2.7462
2023-05-26 13:03:00+00:00,12.4
2023-03-15 01:27:00+00:00,0.5413
2023-04-18 11:41:00+00:00,10.5337
2023-05-25 00:54:00+00:00,12.78
2023-05-16 15:27:00+00:00,2.7687
2023-02-06 12:05:00+00:00,7.495
2023-05-24 23:54:00+00:00,5.56
2023-04-21 14:07:00+00:00,3.7375
2023-05-16 03:36:00+00:00,12.7438
2023-01-28 03:12:00+00:00,12.84
2023-03-16 02:02:00+00:00,8.6425
2023-01-27 02:55:00+00:00,5.1825
2023-01-19 18:54:00+00:00,10.26
2023-04-23 04:24:00+00:00,4.215
2023-06-05 23:47:00+00:00,9.1188
2023-01-02 01:43:00+00:00,12.32
2023-06-27 21:25:00+00:00,9.3462
2023-04-28 09:51:00+00:00,4.2713
2023-06-02 20:21:00+00:00,10.54
2023-01-14 01:53:00+00:00,11.9913
2023-02-16 10:15:00+00:00,2.5325
2023-01-26 13:29:00+00:00,14.0
2023-05-22 21:11:00+00:00,1.7763
2023-04-04 21:56:00+00:00,3.4162
2023-01-17 16:45:00+00:00,14.22
2023-01-07 06:52:00+00:00,4.7075
2023-03-24 10:37:00+00:00,7.4025
2023-02-06 00:22:00+00:00,11.02
2023-02-28 22:51:00+00:00,1.8975
2023-04-13 18:14:00+00:00,10.8025
2023-05-27 02:03:00+00:00,12.02
2023-01-20 07:11:00+00:00,10.2487
2023-02-25 19:07:00+00:00,7.2938
2023-01-08 07:09:00+00:00,8.04
2023-04-01 06:21:00+00:00,4.8875
2023-04-14 19:40:00+00:00,14.36
2023-02-02 08:21:00+00:00,14.94
2023-03-03 13:25:00+00:00,9.9262
2023-06-24 18:16:00+00:00,6.0925
2023-01-25 12:12:00+00:00,5.58
2023-05-14 13:10:00+00:00,8.8163
2023-05-05 16:09:00+00:00,9.78
2023-02-14 08:32:00+00:00,6.38
2023-05-13 12:53:00+00:00,7.515
2023-06-07 01:56:00+00:00,3.3712
2023-04-27 20:08:00+00:00,8.22
2023-01-10 09:27:00+00:00,7.8113
2023-01-01 12:42:00+00:00,12.325
2023-06-07 01:05:00+00:00,14.24
2023-06-27 21:25:00+00:00,2.4463
2023-02-01 19:38:00+00:00,7.8637
2023-04-30 23:59:00+00:00,13.48
2023-05-29 04:21:00+00:00,8.835
2023-06-02 08:30:00+00:00,8.44
2023-02-16 22:15:00+00:00,10.42
2023-01-15 14:19:00+00:00,11.2175
2023-06-14 20:57:00+00:00,9.605
2023-06-27 21:33:00+00:00,9.04
2023-06-08 14:31:00+00:00,5.7975
2023-01-26 13:37:00+00:00,3.2062
2023-06-11 17:31:00+00:00,11.92
2023-06-29 23:08:00+00:00,0.7488
2023-05-26 01:55:00+00:00,7.1312
2023-03-02 12:42:00+00:00,7.5
2023-04-10 15:22:00+00:00,11.0488
2023-04-25 06:59:00+00:00,2.0175
2023-06-13 19:40:00+00:00,14.76
2023-06-22 16:33:00+00:00,6.44
2023-06-13 07:23:00+00:00,2.4287
2023-01-04 03:34:00+00:00,8.76
2023-02-19 01:15:00+00:00,6.0113
2023-01-30 17:55:00+00:00,7.0113
2023-01-29 04:46:00+00:00,10.86
2023-02-12 18:14:00+00:00,9.0525
2023-04-30 11:34:00+00:00,0.6737
2023-03-03 13:43:00+00:00,14.32
2023-06-22 04:41:00+00:00,10.865
2023-06-23 17:50:00+00:00,4.4912
2023-06-11 17:31:00+00:00,7.12
2023-05-15 14:02:00+00:00,10.5175
2023-05-05 16:52:00+00:00,8.83
2023-06-16 10:15:00+00:00,10.42
2023-01-25 12:54:00+00:00,11.755
2023-02-07 13:56:00+00:00,11.9462
2023-01-01 12:34:00+00:00,11.1
2023-05-23 10:37:00+00:00,14.74
2023-01-03 02:00:00+00:00,5.8525
2023-02-10 16:31:00+00:00,10.7
2023-01-16 03:10:00+00:00,7.3937
2023-06-29 23:42:00+00:00,9.9488
2023-01-21 08:11:00+00:00,15.1
2023-03-16 14:02:00+00:00,3.4175
2023-04-01 06:30:00+00:00,3.7875
2023-03-31 17:29:00+00:00,10.08
2023-03-30 04:46:00+00:00,3.835
2023-01-06 17:52:00+00:00,8.0813
2023-03-10 20:44:00+00:00,14.46
2023-01-28 03:03:00+00:00,12.2837
2023-05-11 22:18:00+00:00,10.0375
2023-02-27 21:33:00+00:00,9.84
2023-04-11 04:57:00+00:00,4.375
2023-05-31 06:21:00+00:00,6.9875
2023-01-03 02:26:00+00:00,12.34
2023-05-19 06:02:00+00:00,5.1975
2023-04-02 19:21:00+00:00,9.5638
2023-06-27 21:25:00+00:00,13.44
2023-01-13 12:01:00+00:00,5.065
2023-03-19 05:45:00+00:00,11.4462
2023-02-09 03:57:00+00:00,9.88
2023-03-14 00:44:00+00:00,4.44
2023-06-01 07:47:00+00:00,9.4887
2023-02-08 02:31:00+00:00,11.06
2023-03-01 11:59:00+00:00,11.1738
2023-03-30 16:12:00+00:00,5.06
2023-06-01 19:55:00+00:00,8.12
2023-01-25 00:12:00+00:00,11.58
2023-04-18 11:58:00+00:00,4.3338
2023-04-11 16:05:00+00:00,6.7
2023-06-26 20:59:00+00:00,1.695
2023-01-24 23:11:00+00:00,11.3788
2023-03-07 17:35:00+00:00,13.6
2023-04-24 17:16:00+00:00,9.1913
2023-05-16 03:53:00+00:00,4.9938
2023-06-23 05:33:00+00:00,14.96
2023-06-14 20:32:00+00:00,10.705
2023-02-10 04:14:00+00:00,9.925
2023-03-28 02:29:00+00:00,6.02
2023-01-10 09:35:00+00:00,1.4613
2023-01-09 20:35:00+00:00,9.735
2023-05-21 20:20:00+00:00,14.7
2023-01-25 00:54:00+00:00,10.68
2023-04-24 05:24:00+00:00,6.4662
2023-05-18 17:02:00+00:00,9.84
2023-06-22 16:58:00+00:00,5.49
2023-02-23 17:33:00+00:00,4.1412
2023-02-09 15:48:00+00:00,7.08
2023-04-14 19:06:00+00:00,1.0038
2023-02-09 15:14:00+00:00,12.0488
2023-05-01 12:17:00+00:00,11.1
2023-06-16 10:32:00+00:00,11.8825
2023-05-19 06:45:00+00:00,10.7975
2023-02-18 00:49:00+00:00,8.86
2023-05-11 10:01:00+00:00,9.2625
2023-05-18 17:11:00+00:00,6.6712
2023-05-15 02:36:00+00:00,11.78
2023-03-24 22:03:00+00:00,2.2275
2023-06-03 21:13:00+00:00,4.5163
2023-05-12 11:53:00+00:00,8.52
2023-06-05 11:47:00+00:00,7.9938
2023-01-11 22:10:00+00:00,2.9375
2023-06-02 08:21:00+00:00,8.54
2023-06-27 09:25:00+00:00,10.3212
2023-04-12 05:31:00+00:00,9.4763
2023-04-26 07:33:00+00:00,10.6
2023-06-13 07:14:00+00:00,3.6288
2023-02-20 14:32:00+00:00,6.3375
2023-02-11 17:57:00+00:00,5.52
2023-06-18 00:32:00+00:00,7.21
2023-01-28 15:29:00+00:00,9.5587
2023-06-07 01:39:00+00:00,14.24
2023-02-18 12:58:00+00:00,7.885
2023-03-05 03:09:00+00:00,5.6537
2023-06-16 22:49:00+00:00,6.42
2023-02-02 20:38:00+00:00,3.165
2023-01-30 17:12:00+00:00,1.6113
2023-03-07 17:17:00+00:00,9.6
2023-01-11 10:44:00+00:00,5.3125
2023-01-10 09:27:00+00:00,0.8613
2023-04-08 13:48:00+00:00,6.64
2023-04-26 07:07:00+00:00,12.8688
2023-05-17 16:10:00+00:00,7.37
2023-06-22 16:07:00+00:00,12.14
2023-04-27 08:08:00+00:00,4.17
2023-06-17 11:41:00+00:00,6.2337
2023-06-02 20:56:00+00:00,7.74
2023-02-12 06:40:00+00:00,5.8775
2023-01-14 13:36:00+00:00,3.0663
2023-05-11 10:10:00+00:00,5.7
2023-03-28 02:46:00+00:00,4.6825
2023-05-30 17:12:00+00:00,3.5112
2023-01-21 20:20:00+00:00,9.9
2023-05-30 05:47:00+00:00,8.5862
2023-02-16 10:32:00+00:00,12.3825
2023-02-10 04:14:00+00:00,10.3
2023-02-27 09:25:00+00:00,11.3212
2023-06-27 21:51:00+00:00,15.04
2023-05-22 21:45:00+00:00,11.12
2023-02-22 04:16:00+00:00,0.765
2023-06-20 14:32:00+00:00,7.3375
2023-05-21 08:11:00+00:00,8.3
2023-03-04 14:08:00+00:00,11.3775
2023-06-18 00:41:00+00:00,3.86
2023-01-11 10:35:00+00:00,5.7
2023-03-08 18:35:00+00:00,1.3825
2023-01-07 18:26:00+00:00,7.0825
2023-05-08 07:52:00+00:00,14.44
2023-03-08 18:52:00+00:00,8.7825
2023-04-16 21:32:00+00:00,6.5563
2023-03-16 02:36:00+00:00,15.38
2023-01-09 20:52:00+00:00,7.935
2023-03-04 02:51:00+00:00,7.4525
2023-05-21 08:54:00+00:00,14.3
2023-03-25 11:03:00+00:00,3.2538
2023-04-25 06:24:00+00:00,4.7675
2023-03-02 00:25:00+00:00,13.9
2023-05-27 02:46:00+00:00,7.8325
2023-03-13 23:44:00+00:00,3.2887
2023-06-23 17:50:00+00:00,11.36
2023-05-30 17:47:00+00:00,5.7613
2023-05-21 20:20:00+00:00,8.575
2023-06-23 05:33:00+00:00,12.56
2023-02-22 16:24:00+00:00,6.34
2023-05-17 04:28:00+00:00,8.695
2023-03-02 12:08:00+00:00,8.3
2023-02-21 15:15:00+00:00,2.2888
2023-04-03 08:04:00+00:00,9.54
2023-03-24 22:46:00+00:00,15.14
2023-05-06 17:00:00+00:00,6.9813
2023-03-08 18:18:00+00:00,10.5825
2023-06-11 05:05:00+00:00,11.52
2023-06-08 02:31:00+00:00,2.3725
2023-06-10 04:40:00+00:00,1.375
2023-05-13 12:53:00+00:00,12.54
2023-01-23 22:37:00+00:00,4.5775
2023-06-17 23:58:00+00:00,1.3087
2023-03-30 16:55:00+00:00,8.06
2023-04-30 11:08:00+00:00,9.2238
2023-04-26 07:42:00+00:00,7.0187
2023-06-08 14:48:00+00:00,15.46
2023-06-15 09:49:00+00:00,2.5312
2023-03-26 00:37:00+00:00,11.68
2023-01-21 20:11:00+00:00,11.5
2023-03-06 04:26:00+00:00,5.705
2023-06-26 08:25:00+00:00,1.32
2023-05-21 20:11:00+00:00,9.9
2023-01-31 06:04:00+00:00,10.1
2023-03-17 03:27:00+00:00,3.7938
2023-04-14 19:40:00+00:00,13.16
2023-05-23 10:46:00+00:00,0.6025
2023-06-16 22:32:00+00:00,10.5075
2023-02-09 15:57:00+00:00,9.88
2023-04-22 03:33:00+00:00,1.9638
2023-06-25 07:42:00+00:00,7.8688
2023-04-01 06:55:00+00:00,10.1
2023-02-05 11:05:00+00:00,0.8438
2023-01-09 08:18:00+00:00,10.21
2023-01-13 00:36:00+00:00,10.54
2023-02-18 12:41:00+00:00,7.835
2023-06-12 18:40:00+00:00,7.6025
2023-05-30 05:38:00+00:00,13.68
2023-02-05 11:30:00+00:00,9.3438
2023-04-28 21:33:00+00:00,12.8963
2023-03-05 03:43:00+00:00,10.76
2023-02-18 12:15:00+00:00,10.835
2023-03-06 16:09:00+00:00,6.33
2023-06-29 23:42:00+00:00,5.88
2023-05-08 19:09:00+00:00,5.9337
2023-03-25 23:11:00+00:00,1.1288
2023-06-12 06:48:00+00:00,7.94
2023-01-13 00:18:00+00:00,5.99
2023-05-17 04:36:00+00:00,11.945
2023-01-09 20:01:00+00:00,12.06
2023-03-13 11:18:00+00:00,8.8637
2023-03-22 08:20:00+00:00,1.35
2023-05-01 00:17:00+00:00,12.3
2023-05-10 21:01:00+00:00,2.7363
2023-02-16 22:06:00+00:00,1.6575
2023-05-24 11:29:00+00:00,15.16
2023-06-19 13:07:00+00:00,1.5862
2023-01-29 04:55:00+00:00,2.685
2023-03-20 18:19:00+00:00,9.06
2023-04-18 11:15:00+00:00,4.1338
2023-06-25 19:33:00+00:00,7.5938
2023-01-19 06:02:00+00:00,13.86
2023-02-27 09:51:00+00:00,10.6212
2023-06-17 11:49:00+00:00,3.5337
2023-01-24 11:46:00+00:00,6.36
2023-04-17 22:06:00+00:00,0.7075
2023-02-16 22:15:00+00:00,5.6075
2023-04-06 23:56:00+00:00,9.4
2023-04-16 09:06:00+00:00,4.6312
2023-04-03 08:56:00+00:00,8.89
2023-03-03 01:43:00+00:00,9.52
2023-04-14 19:40:00+00:00,1.1038
2023-03-23 09:37:00+00:00,10.5013
2023-01-21 08:20:00+00:00,8.7
2023-04-26 19:33:00+00:00,9.2937
2023-06-28 22:51:00+00:00,1.8975
2023-06-15 09:15:00+00:00,12.8
2023-04-15 08:49:00+00:00,8.28
2023-01-17 04:02:00+00:00,6.995
2023-06-03 21:30:00+00:00,9.76
2023-03-22 20:45:00+00:00,11.625
2023-05-19 06:02:00+00:00,11.1975
2023-05-02 01:00:00+00:00,8.32
2023-04-21 02:15:00+00:00,12.1125
2023-04-09 14:48:00+00:00,7.5975
2023-06-15 09:40:00+00:00,11.6
2023-04-29 22:25:00+00:00,7.0475
2023-04-23 16:41:00+00:00,7.84
2023-03-03 13:34:00+00:00,8.72
2023-04-16 09:15:00+00:00,12.3812
2023-03-27 01:37:00+00:00,5.3812
2023-03-04 14:08:00+00:00,5.94
2023-05-09 08:09:00+00:00,2.56
2023-05-12 11:35:00+00:00,0.8638
2023-02-07 01:05:00+00:00,15.44
2023-06-18 00:32:00+00:00,2.26
2023-02-18 00:06:00+00:00,11.16
2023-03-05 15:34:00+00:00,10.36
2023-01-06 05:52:00+00:00,0.5563
2023-06-20 02:15:00+00:00,2.1625
2023-02-20 14:58:00+00:00,8.5
2023-02-10 04:57:00+00:00,7.075
2023-01-09 20:26:00+00:00,4.985
2023-05-14 01:10:00+00:00,11.36
2023-04-05 22:22:00+00:00,9.1675
2023-01-09 20:18:00+00:00,5.985
2023-03-13 11:01:00+00:00,10.12
2023-04-25 06:42:00+00:00,5.4175
2023-01-29 04:46:00+00:00,5.835
2023-04-16 21:15:00+00:00,14.8
2023-06-15 09:23:00+00:00,6.2812
2023-02-22 04:58:00+00:00,9.965
2023-02-24 18:42:00+00:00,11.78
2023-03-31 05:29:00+00:00,4.9363
2023-04-25 06:42:00+00:00,6.3675
2023-06-13 07:49:00+00:00,9.16
2023-06-01 07:47:00+00:00,11.8887
2023-04-07 00:30:00+00:00,9.37
2023-01-06 05:26:00+00:00,13.2
2023-04-21 14:24:00+00:00,3.6875
2023-02-20 02:07:00+00:00,6.2125
2023-04-23 04:50:00+00:00,7.34
2023-05-09 20:01:00+00:00,2.885
2023-01-05 16:43:00+00:00,5.58
2023-06-28 10:25:00+00:00,13.86
2023-06-01 07:55:00+00:00,1.9888
2023-06-10 16:05:00+00:00,7.85
2023-02-05 23:05:00+00:00,15.0
2023-01-13 00:44:00+00:00,6.39
2023-01-15 14:27:00+00:00,4.6175
2023-05-20 19:37:00+00:00,8.28
2023-01-19 18:45:00+00:00,3.8725
2023-03-30 16:04:00+00:00,8.61
2023-01-13 12:27:00+00:00,8.94
2023-02-26 20:08:00+00:00,2.145
2023-01-09 08:35:00+00:00,5.71
2023-04-24 17:24:00+00:00,7.76
2023-03-12 22:35:00+00:00,11.7375
2023-04-17 10:15:00+00:00,10.5825
2023-03-13 11:35:00+00:00,10.52
2023-01-11 10:35:00+00:00,4.1625
2023-05-08 19:26:00+00:00,6.2838
2023-05-14 13:01:00+00:00,11.76
2023-03-03 01:43:00+00:00,2.5013
2023-03-08 18:35:00+00:00,8.3825
2023-06-16 10:58:00+00:00,14.82
2023-02-07 13:13:00+00:00,4.7462
2023-04-10 03:39:00+00:00,9.4238
2023-03-17 15:53:00+00:00,9.0
2023-06-21 15:41:00+00:00,1.3887
2023-01-22 09:11:00+00:00,12.2012
2023-03-25 23:37:00+00:00,8.36
2023-05-19 06:19:00+00:00,4.8975
2023-02-09 15:05:00+00:00,8.3487
2023-01-30 05:04:00+00:00,13.68
2023-05-28 15:38:00+00:00,8.7088
2023-01-20 19:11:00+00:00,2.5238
2023-06-02 08:04:00+00:00,10.14
2023-02-22 04:33:00+00:00,1.515
2023-05-01 12:42:00+00:00,6.025
2023-04-10 15:57:00+00:00,6.28
2023-01-08 07:18:00+00:00,9.5087
2023-03-08 18:09:00+00:00,6.1825
2023-03-18 04:28:00+00:00,12.22
2023-06-23 17:33:00+00:00,10.3413
2023-04-22 15:15:00+00:00,6.5888
2023-05-05 04:26:00+00:00,11.18
2023-05-16 03:36:00+00:00,1.6438
2023-01-26 01:03:00+00:00,7.8312
2023-02-20 14:24:00+00:00,12.9
2023-03-14 00:44:00+00:00,6.14
2023-05-12 11:27:00+00:00,10.3138
2023-04-16 09:57:00+00:00,6.8
2023-04-08 13:13:00+00:00,10.64
2023-02-26 08:50:00+00:00,10.07
2023-01-06 17:09:00+00:00,5.6
2023-03-19 05:19:00+00:00,9.9462
2023-01-17 16:53:00+00:00,10.27
2023-03-25 23:03:00+00:00,9.56
2023-03-21 19:54:00+00:00,3.1237
2023-01-15 14:10:00+00:00,4.5175
2023-06-22 16:16:00+00:00,13.74
2023-01-25 00:12:00+00:00,7.23
2023-05-24 11:29:00+00:00,9.2037
2023-03-11 21:01:00+00:00,15.28
2023-05-25 12:54:00+00:00,4.705
2023-02-16 10:58:00+00:00,3.1825
2023-06-25 19:59:00+00:00,13.0
2023-03-04 02:17:00+00:00,6.0025
2023-04-03 20:30:00+00:00,3.415
2023-02-19 13:07:00+00:00,12.88
2023-03-07 05:00:00+00:00,5.2562
2023-06-09 15:48:00+00:00,2.2988
2023-02-09 03:31:00+00:00,13.88
2023-02-18 00:32:00+00:00,6.61
2023-03-31 17:04:00+00:00,3.3112
2023-03-27 13:03:00+00:00,12.8
2023-06-07 13:05:00+00:00,6.9463
2023-04-17 22:40:00+00:00,5.2575
2023-04-04 09:39:00+00:00,13.36
2023-02-03 09:39:00+00:00,4.9413
2023-02-25 19:59:00+00:00,10.9437
2023-06-06 00:13:00+00:00,11.82
2023-06-03 09:04:00+00:00,3.8912
2023-02-16 22:58:00+00:00,8.9575
2023-01-05 04:17:00+00:00,10.38
2023-03-13 23:44:00+00:00,8.8887
2023-01-17 04:28:00+00:00,1.295
2023-03-25 23:54:00+00:00,11.56
2023-01-28 03:46:00+00:00,7.8338
2023-06-15 09:32:00+00:00,8.9812
2023-01-24 11:11:00+00:00,10.76
2023-06-22 04:07:00+00:00,8.015
2023-05-23 10:28:00+00:00,11.6525
2023-04-14 07:40:00+00:00,9.56
2023-03-24 22:20:00+00:00,12.6275
2023-04-08 13:48:00+00:00,3.8462
2023-06-12 18:14:00+00:00,15.14
2023-02-09 15:31:00+00:00,6.9988
2023-03-20 18:45:00+00:00,9.7225
2023-05-06 05:26:00+00:00,12.4
2023-02-25 07:07:00+00:00,2.8188
2023-04-24 05:50:00+00:00,2.2163
2023-01-13 00:44:00+00:00,6.54
2023-05-08 07:43:00+00:00,4.8087
2023-06-14 20:57:00+00:00,2.505
2023-04-10 15:14:00+00:00,9.88
2023-05-01 00:08:00+00:00,8.95
2023-06-21 03:24:00+00:00,7.1638
2023-06-09 15:48:00+00:00,15.08
2023-02-01 19:21:00+00:00,4.6137
2023-01-18 17:11:00+00:00,10.5712
2023-03-24 10:28:00+00:00,13.94
2023-03-17 15:45:00+00:00,0.8688
2023-01-10 09:44:00+00:00,6.3613
2023-02-04 10:39:00+00:00,12.18
2023-05-26 13:20:00+00:00,2.4062
2023-04-16 21:32:00+00:00,4.4562
2023-06-21 03:24:00+00:00,9.32
2023-03-05 15:17:00+00:00,2.1787
2023-01-10 21:52:00+00:00,5.3863
2023-02-12 18:31:00+00:00,6.74
2023-05-11 22:10:00+00:00,7.0875
2023-02-08 02:22:00+00:00,0.7725
2023-06-14 20:23:00+00:00,8.38
2023-04-24 17:07:00+00:00,6.6413
2023-06-04 10:04:00+00:00,4.7425
2023-02-01 19:55:00+00:00,11.32
2023-05-15 02:44:00+00:00,11.2925
2023-05-11 10:18:00+00:00,12.9125
2023-06-28 22:25:00+00:00,9.86
2023-06-07 13:05:00+00:00,3.2462
2023-05-24 11:29:00+00:00,2.9038
2023-05-01 12:51:00+00:00,5.9
2023-01-15 14:44:00+00:00,6.2675
2023-03-19 17:19:00+00:00,10.3712
2023-04-21 14:32:00+00:00,10.9
2023-06-24 06:24:00+00:00,3.4175
2023-06-08 02:39:00+00:00,6.6225
2023-03-01 11:59:00+00:00,8.28
2023-06-21 15:24:00+00:00,4.2888
2023-01-28 15:38:00+00:00,3.2588
2023-03-22 20:45:00+00:00,11.1
2023-02-23 05:24:00+00:00,11.9162
2023-02-17 23:15:00+00:00,2.2088
2023-03-11 09:44:00+00:00,10.48
2023-06-15 21:23:00+00:00,5.3563
2023-01-07 06:09:00+00:00,10.7075
2023-01-19 06:11:00+00:00,10.26
2023-05-15 02:27:00+00:00,12.4925
2023-03-07 17:17:00+00:00,3.7812
2023-03-14 00:53:00+00:00,7.34
2023-01-13 12:36:00+00:00,7.165
2023-05-10 21:18:00+00:00,8.48
2023-02-20 14:58:00+00:00,9.7
2023-06-25 07:59:00+00:00,3.9688
2023-05-17 16:36:00+00:00,7.77
2023-06-27 09:08:00+00:00,8.24
2023-02-18 00:49:00+00:00,11.91
2023-04-25 06:50:00+00:00,6.7175
2023-05-25 00:29:00+00:00,5.98
2023-05-27 14:20:00+00:00,6.4075
2023-05-26 01:12:00+00:00,6.1312
2023-04-13 06:06:00+00:00,7.54
2023-05-05 04:09:00+00:00,6.605
2023-04-20 13:07:00+00:00,8.8863
2023-02-24 18:24:00+00:00,10.98
2023-04-02 07:38:00+00:00,1.2388
2023-01-06 05:43:00+00:00,4.2562
2023-01-10 21:52:00+00:00,11.28
2023-01-07 06:52:00+00:00,0.6575
2023-04-18 23:58:00+00:00,5.1588
2023-01-14 13:36:00+00:00,9.36
2023-03-28 02:12:00+00:00,2.0825
2023-06-17 23:41:00+00:00,7.9588
2023-01-29 04:46:00+00:00,14.06
2023-05-17 04:19:00+00:00,12.645
2023-01-31 18:55:00+00:00,1.4625
2023-06-29 23:34:00+00:00,9.88
2023-01-04 03:00:00+00:00,10.8537
2023-05-23 10:03:00+00:00,9.5025
2023-02-26 20:42:00+00:00,11.02
2023-03-01 23:42:00+00:00,3.5987
2023-03-13 11:44:00+00:00,12.1137
2023-02-15 09:57:00+00:00,10.0
2023-06-01 19:13:00+00:00,10.2137
2023-05-03 02:34:00+00:00,5.1525
2023-04-13 06:40:00+00:00,11.54
2023-01-28 03:03:00+00:00,1.1338
2023-01-29 16:29:00+00:00,11.31
2023-02-04 10:47:00+00:00,7.78
2023-02-22 04:41:00+00:00,1.715
2023-01-05 04:52:00+00:00,3.505
2023-06-20 02:15:00+00:00,15.3
2023-06-03 21:56:00+00:00,1.7663
2023-06-09 03:48:00+00:00,9.5738
2023-03-20 18:36:00+00:00,14.26
2023-05-30 05:29:00+00:00,7.4363
2023-03-16 02:44:00+00:00,0.9925
2023-04-20 01:49:00+00:00,10.88
2023-01-26 13:46:00+00:00,8.9062
2023-02-08 14:05:00+00:00,1.5975
2023-03-11 09:52:00+00:00,10.08
2023-03-17 03:45:00+00:00,13.8
2023-06-20 14:07:00+00:00,5.8375
2023-02-23 17:50:00+00:00,13.76
2023-06-04 10:56:00+00:00,5.6425
2023-02-28 10:16:00+00:00,0.7225
2023-04-10 15:05:00+00:00,7.48
2023-05-04 03:00:00+00:00,6.1537
2023-05-19 06:45:00+00:00,4.7475
2023-01-10 21:09:00+00:00,8.08
2023-03-29 15:12:00+00:00,11.8087
2023-02-04 22:22:00+00:00,10.5675
2023-06-19 01:49:00+00:00,14.08
2023-01-10 21:18:00+00:00,4.1862
2023-06-04 22:04:00+00:00,7.8175
2023-03-30 16:04:00+00:00,6.46
2023-01-01 00:00:00+00:00,1.85
2023-01-03 02:51:00+00:00,2.4525
2023-03-18 16:53:00+00:00,7.42
2023-05-17 16:02:00+00:00,3.92
2023-03-26 00:12:00+00:00,8.73
2023-02-28 10:25:00+00:00,10.66
2023-06-10 04:57:00+00:00,0.925
2023-02-28 22:42:00+00:00,2.1975
2023-01-12 11:01:00+00:00,6.52
2023-06-10 16:22:00+00:00,6.6
2023-05-23 22:03:00+00:00,10.7775
2023-06-09 15:22:00+00:00,8.68
2023-02-01 19:47:00+00:00,3.3138
2023-06-01 07:21:00+00:00,3.6888
2023-03-14 00:10:00+00:00,10.54
2023-03-20 18:02:00+00:00,10.8225
2023-06-09 15:31:00+00:00,7.1487
2023-04-30 11:25:00+00:00,9.88
2023-03-10 20:35:00+00:00,2.735
2023-02-19 01:07:00+00:00,2.4612
2023-01-11 10:52:00+00:00,12.5
2023-03-18 16:02:00+00:00,12.17
2023-04-13 06:48:00+00:00,10.2275
2023-06-28 10:16:00+00:00,12.66
2023-01-18 17:28:00+00:00,2.2212
2023-01-04 03:09:00+00:00,2.0537
2023-01-15 14:10:00+00:00,13.38
2023-06-24 06:50:00+00:00,11.4175
2023-02-27 09:42:00+00:00,5.0713
2023-02-06 12:56:00+00:00,7.02
2023-06-02 08:30:00+00:00,7.94
2023-04-02 19:30:00+00:00,10.5137
2023-01-24 11:37:00+00:00,11.16
2023-06-11 05:40:00+00:00,3.7763
2023-03-09 19:52:00+00:00,6.6338
2023-03-17 03:02:00+00:00,9.8
2023-06-09 15:31:00+00:00,9.4488
2023-05-08 19:01:00+00:00,4.3338
2023-05-01 12:00:00+00:00,14.3
2023-05-04 03:17:00+00:00,2.7538
2023-02-15 09:23:00+00:00,4.7812
2023-05-16 03:10:00+00:00,7.4
2023-04-08 01:48:00+00:00,4.1212
2023-03-03 13:43:00+00:00,2.4263
2023-05-02 01:08:00+00:00,7.12
2023-01-03 14:17:00+00:00,8.2775
2023-04-24 05:41:00+00:00,8.0162
2023-03-10 20:09:00+00:00,6.46
2023-03-23 21:28:00+00:00,1.9263
2023-06-19 01:58:00+00:00,9.1613
2023-03-13 11:10:00+00:00,6.52
2023-03-12 10:44:00+00:00,7.5125
2023-01-13 00:18:00+00:00,9.54
2023-03-20 18:36:00+00:00,13.06
2023-03-22 08:11:00+00:00,4.3
2023-01-31 18:47:00+00:00,4.3625
2023-05-02 13:17:00+00:00,10.72
2023-06-08 14:14:00+00:00,10.4475
2023-02-22 04:50:00+00:00,11.865
2023-06-21 03:58:00+00:00,9.72
2023-01-01 12:00:00+00:00,10.675
2023-04-26 19:16:00+00:00,5.6437
2023-06-27 21:51:00+00:00,12.64
2023-03-23 09:28:00+00:00,6.7512
2023-01-09 20:35:00+00:00,1.785
2023-06-05 11:56:00+00:00,13.4
2023-01-08 19:09:00+00:00,6.7337
2023-03-20 06:36:00+00:00,2.3975
2023-06-14 20:23:00+00:00,6.78
2023-02-01 07:21:00+00:00,10.6387
2023-03-30 16:55:00+00:00,9.16
2023-06-07 13:13:00+00:00,10.24
2023-04-28 21:16:00+00:00,3.7462
2023-02-24 18:24:00+00:00,5.0925
2023-04-27 08:25:00+00:00,13.42
2023-05-13 00:36:00+00:00,2.49
2023-01-29 16:21:00+00:00,3.91
2023-03-28 14:46:00+00:00,14.82
2023-04-09 02:39:00+00:00,11.5225
2023-05-08 19:35:00+00:00,10.5337
2023-04-26 19:16:00+00:00,13.4
2023-02-08 14:56:00+00:00,12.3475
2023-04-23 16:33:00+00:00,3.29
2023-03-04 02:08:00+00:00,11.54
2023-02-17 11:49:00+00:00,1.8838
2023-05-20 07:02:00+00:00,7.08
2023-01-23 22:37:00+00:00,5.94
2023-06-26 20:42:00+00:00,10.045
2023-05-09 08:01:00+00:00,10.16
2023-01-25 12:37:00+00:00,9.98
2023-03-08 18:09:00+00:00,4.4325
2023-06-21 15:07:00+00:00,7.6387
2023-05-11 10:35:00+00:00,14.5
2023-04-04 09:47:00+00:00,12.2912
2023-04-28 09:33:00+00:00,2.3213
2023-06-24 06:16:00+00:00,7.78
2023-03-25 11:11:00+00:00,11.0538
2023-04-20 01:49:00+00:00,2.7113
2023-04-16 09:23:00+00:00,13.6
2023-02-09 15:22:00+00:00,10.5988
2023-02-05 11:47:00+00:00,10.7438
2023-03-05 15:51:00+00:00,14.76
2023-03-01 23:51:00+00:00,0.6487
2023-01-09 08:52:00+00:00,9.11
2023-05-19 18:54:00+00:00,11.06
2023-03-29 15:03:00+00:00,0.7087
2023-01-20 19:19:00+00:00,9.8238
2023-05-30 17:21:00+00:00,6.48
2023-05-17 16:53:00+00:00,6.62
2023-06-21 15:07:00+00:00,0.8387
2023-06-03 21:30:00+00:00,9.76
2023-02-11 17:14:00+00:00,5.0012
2023-03-28 14:20:00+00:00,0.5575
2023-05-17 04:45:00+00:00,9.02
2023-01-16 03:10:00+00:00,8.4437
2023-06-28 10:16:00+00:00,10.6225
2023-06-18 00:24:00+00:00,13.26
2023-06-12 06:14:00+00:00,10.5775
2023-02-26 20:25:00+00:00,12.195
2023-06-10 16:22:00+00:00,8.7
2023-02-11 17:31:00+00:00,9.4012
2023-04-29 22:34:00+00:00,10.9975
2023-06-24 06:16:00+00:00,13.78
2023-01-24 11:37:00+00:00,1.2538
2023-03-05 15:00:00+00:00,0.5288
2023-05-18 05:28:00+00:00,14.64
2023-04-28 09:59:00+00:00,7.6712
2023-06-08 14:39:00+00:00,7.2475
2023-05-31 06:12:00+00:00,10.1
2023-02-19 01:41:00+00:00,12.0612
2023-02-03 21:30:00+00:00,5.2663
2023-03-05 03:26:00+00:00,14.76
2023-05-25 12:54:00+00:00,7.005
2023-06-20 02:58:00+00:00,7.7125
2023-01-03 14:43:00+00:00,13.54
2023-02-09 03:05:00+00:00,14.68
2023-03-01 11:59:00+00:00,7.6738
2023-05-10 21:35:00+00:00,14.48
2023-01-26 13:46:00+00:00,2.1562
2023-02-27 21:42:00+00:00,10.3462
2023-06-28 22:42:00+00:00,13.06
2023-03-18 04:36:00+00:00,8.195
2023-04-09 14:39:00+00:00,11.9475
2023-05-19 18:19:00+00:00,11.86
2023-05-08 19:09:00+00:00,5.6837
2023-03-03 01:17:00+00:00,10.7012
2023-04-09 02:56:00+00:00,12.66
2023-06-28 10:25:00+00:00,4.7725
2023-02-04 22:56:00+00:00,4.7175
2023-01-23 22:11:00+00:00,10.74
2023-03-04 14:26:00+00:00,5.7775
2023-02-02 20:30:00+00:00,6.365
2023-02-17 23:32:00+00:00,8.04
2023-06-17 23:32:00+00:00,6.0587
2023-02-05 11:22:00+00:00,10.9938
2023-02-01 19:21:00+00:00,7.72
2023-04-07 00:39:00+00:00,8.97
2023-01-10 09:44:00+00:00,3.5612
2023-01-26 01:46:00+00:00,10.4
2023-01-09 20:52:00+00:00,0.885
2023-01-04 15:26:00+00:00,11.4787
2023-03-24 10:54:00+00:00,5.94
2023-01-14 01:10:00+00:00,9.9413
2023-04-30 23:59:00+00:00,12.4488
2023-01-20 07:19:00+00:00,13.88
2023-02-08 14:56:00+00:00,8.8475
2023-05-27 14:03:00+00:00,3.2575
2023-01-23 22:37:00+00:00,8.74
2023-06-03 21:39:00+00:00,8.4162
2023-04-07 12:13:00+00:00,6.295
2023-01-15 02:53:00+00:00,11.38
2023-06-05 11:47:00+00:00,9.9437
2023-06-15 09:40:00+00:00,7.0812
2023-05-11 22:27:00+00:00,6.1
2023-01-13 00:36:00+00:00,9.49
2023-05-23 22:37:00+00:00,8.7775
2023-02-15 09:57:00+00:00,14.4
2023-04-08 13:39:00+00:00,9.8462
2023-01-18 05:53:00+00:00,9.5463
2023-01-21 20:28:00+00:00,11.5
2023-06-14 20:49:00+00:00,0.755
2023-05-04 15:00:00+00:00,5.6787
2023-01-25 00:20:00+00:00,9.18
2023-05-05 04:43:00+00:00,10.005
2023-06-06 12:48:00+00:00,3.195
2023-02-07 01:39:00+00:00,15.04
2023-03-19 17:11:00+00:00,8.0712
2023-05-10 09:09:00+00:00,10.6113
2023-05-21 20:37:00+00:00,13.5
2023-05-16 03:27:00+00:00,1.4937
2023-01-25 12:20:00+00:00,1.605
2023-03-04 14:43:00+00:00,12.34
2023-05-18 05:19:00+00:00,5.8963
2023-01-15 02:02:00+00:00,10.7425
2023-04-17 10:40:00+00:00,12.82
2023-02-14 08:06:00+00:00,1.83
2023-06-10 16:57:00+00:00,2.1
2023-04-09 14:14:00+00:00,15.46
2023-02-15 21:23:00+00:00,10.1062
2023-03-11 09:35:00+00:00,3.9613
2023-03-28 02:20:00+00:00,10.02
2023-03-12 10:35:00+00:00,7.5125
2023-02-12 18:23:00+00:00,1.1525
2023-01-04 15:17:00+00:00,9.96
2023-03-17 03:53:00+00:00,12.6438
2023-02-06 00:22:00+00:00,10.12
2023-05-21 20:20:00+00:00,8.3
2023-04-10 15:22:00+00:00,4.7488
2023-05-04 03:51:00+00:00,6.4037
2023-05-06 17:43:00+00:00,13.6
2023-06-28 22:34:00+00:00,6.2975
2023-05-27 02:03:00+00:00,10.9325
2023-02-22 04:41:00+00:00,11.34
2023-05-09 20:44:00+00:00,0.685
2023-02-26 08:33:00+00:00,3.22
2023-03-07 05:52:00+00:00,8.0
2023-05-19 06:28:00+00:00,1.4975
2023-06-26 08:16:00+00:00,11.42
2023-01-28 15:46:00+00:00,10.44
2023-04-18 11:41:00+00:00,1.5337
2023-04-29 22:16:00+00:00,11.1475
2023-01-29 04:04:00+00:00,8.86
2023-06-08 14:39:00+00:00,5.7475
2023-04-02 07:38:00+00:00,1.6387
2023-05-10 09:44:00+00:00,13.68
2023-03-26 12:54:00+00:00,6.105
2023-02-21 03:15:00+00:00,9.3637
2023-02-13 19:06:00+00:00,9.56
2023-03-08 06:00:00+00:00,11.1075
2023-04-28 21:42:00+00:00,6.8963
2023-02-01 07:30:00+00:00,12.52
2023-04-05 22:47:00+00:00,8.6675
2023-01-05 04:34:00+00:00,11.455
2023-04-20 13:49:00+00:00,8.88
2023-01-12 23:18:00+00:00,10.8387
2023-05-27 14:20:00+00:00,8.82
2023-01-19 06:02:00+00:00,14.66
2023-03-09 19:01:00+00:00,2.1837
2023-06-07 13:56:00+00:00,4.2963
2023-06-24 06:16:00+00:00,7.38
2023-04-14 19:57:00+00:00,6.2038
2023-05-19 06:11:00+00:00,3.5475
2023-01-21 20:20:00+00:00,13.9
2023-03-28 14:12:00+00:00,7.9075
2023-05-10 21:52:00+00:00,9.2863
2023-03-28 14:20:00+00:00,9.62
2023-01-15 14:36:00+00:00,1.7675
2023-01-06 17:09:00+00:00,11.1813
2023-06-06 00:39:00+00:00,10.22
2023-02-18 12:15:00+00:00,11.385
2023-02-08 14:31:00+00:00,3.2475
2023-05-25 00:20:00+00:00,6.78
2023-02-11 05:48:00+00:00,3.1763
2023-01-31 18:47:00+00:00,12.4125
2023-05-01 12:42:00+00:00,13.1
2023-06-24 06:24:00+00:00,11.7175
2023-06-19 01:32:00+00:00,12.9113
2023-05-02 13:00:00+00:00,13.52
2023-02-05 23:22:00+00:00,2.1187
2023-03-13 23:53:00+00:00,10.6387
2023-03-22 20:02:00+00:00,10.7
2023-06-14 08:23:00+00:00,7.93
2023-03-10 08:01:00+00:00,5.01
2023-02-26 08:59:00+00:00,15.02
2023-06-11 05:40:00+00:00,10.3763
2023-04-21 14:50:00+00:00,11.7875
2023-06-19 01:32:00+00:00,7.68
2023-05-04 15:34:00+00:00,11.6288
2023-01-27 02:38:00+00:00,3.2325
2023-05-10 21:27:00+00:00,11.68
2023-01-22 09:54:00+00:00,12.6013
2023-01-05 04:26:00+00:00,4.005
2023-02-11 17:57:00+00:00,10.72
2023-03-28 02:20:00+00:00,1.6325
2023-03-27 13:46:00+00:00,8.1562
2023-04-06 23:47:00+00:00,15.4
2023-01-27 02:29:00+00:00,1.3825
2023-01-21 08:54:00+00:00,7.25
2023-06-28 10:59:00+00:00,11.46
2023-04-01 06:12:00+00:00,11.8375
2023-05-17 16:28:00+00:00,7.57
2023-04-01 18:47:00+00:00,12.5
2023-05-28 15:21:00+00:00,6.6588
2023-03-28 02:20:00+00:00,1.0825
2023-02-02 20:04:00+00:00,13.74
2023-01-18 17:53:00+00:00,14.64
2023-04-13 18:40:00+00:00,5.1525
2023-03-27 01:12:00+00:00,8.4
2023-02-01 07:13:00+00:00,7.2888
2023-04-23 16:50:00+00:00,0.69
2023-06-11 05:14:00+00:00,13.12
2023-06-18 12:24:00+00:00,7.185
2023-02-18 00:15:00+00:00,3.81
2023-06-27 09:16:00+00:00,11.84
2023-03-05 03:09:00+00:00,12.8038
2023-06-22 16:50:00+00:00,7.44
2023-04-05 10:13:00+00:00,9.78
2023-04-01 18:55:00+00:00,2.7625
2023-06-08 14:14:00+00:00,11.5475
2023-02-26 08:50:00+00:00,10.22
2023-01-22 09:11:00+00:00,9.2513
2023-01-05 16:43:00+00:00,4.73
2023-01-30 05:47:00+00:00,8.08
2023-02-09 03:31:00+00:00,7.8738
2023-04-09 14:31:00+00:00,1.4475
2023-01-07 18:35:00+00:00,5.62
2023-01-04 03:51:00+00:00,12.9537
2023-04-07 12:13:00+00:00,9.495
2023-05-20 07:54:00+00:00,11.88
2023-04-13 18:06:00+00:00,3.6525
2023-01-21 20:28:00+00:00,8.425
2023-02-17 11:58:00+00:00,11.24
2023-03-12 22:01:00+00:00,6.9875
2023-05-26 13:46:00+00:00,2.4562
2023-04-08 01:22:00+00:00,14.24
2023-04-27 20:25:00+00:00,6.295
2023-02-08 14:56:00+00:00,2.4475
2023-03-20 18:28:00+00:00,13.46
2023-03-16 14:10:00+00:00,1.3675
2023-04-25 18:50:00+00:00,7.9425
2023-01-30 17:55:00+00:00,8.88
2023-04-25 18:24:00+00:00,8.0425
2023-05-29 16:55:00+00:00,8.46
2023-03-05 03:17:00+00:00,9.56
2023-05-26 13:55:00+00:00,12.9062
2023-02-02 20:13:00+00:00,12.965
2023-03-14 00:27:00+00:00,8.54
2023-04-29 10:08:00+00:00,2.7725
2023-04-23 04:41:00+00:00,3.165
2023-04-27 08:25:00+00:00,7.82
2023-03-01 23:42:00+00:00,1.2988
2023-05-14 01:10:00+00:00,3.1412
2023-06-15 09:15:00+00:00,6.0
2023-01-04 15:26:00+00:00,1.2788
2023-02-15 21:15:00+00:00,11.7562
2023-03-20 18:45:00+00:00,8.66
2023-03-07 05:43:00+00:00,10.4062
2023-02-20 14:58:00+00:00,3.2875
2023-03-05 15:00:00+00:00,7.56
2023-02-27 21:25:00+00:00,9.5463
2023-02-20 14:58:00+00:00,5.3375
2023-02-04 10:04:00+00:00,12.58
2023-06-28 10:59:00+00:00,12.1225
2023-04-19 00:32:00+00:00,3.56
2023-03-16 02:10:00+00:00,6.98
2023-02-05 23:30:00+00:00,7.5187
2023-05-30 17:55:00+00:00,3.6612
2023-03-06 04:00:00+00:00,15.18
2023-05-28 03:29:00+00:00,5.0838
2023-06-19 13:49:00+00:00,4.7862
2023-05-18 05:11:00+00:00,15.04
2023-02-22 04:07:00+00:00,9.465
2023-03-28 14:03:00+00:00,4.6075
2023-05-08 07:09:00+00:00,9.64
2023-06-06 00:13:00+00:00,9.42
2023-04-11 16:40:00+00:00,4.1
2023-04-14 07:31:00+00:00,11.56
2023-02-21 15:41:00+00:00,2.5888
2023-05-11 10:18:00+00:00,3.9625
2023-05-28 15:21:00+00:00,8.04
2023-03-09 07:18:00+00:00,9.3087
2023-01-09 20:52:00+00:00,12.685
2023-06-26 20:33:00+00:00,9.02
2023-01-25 00:46:00+00:00,5.23
2023-03-28 14:55:00+00:00,11.1575
2023-01-28 15:12:00+00:00,9.24
2023-01-29 16:46:00+00:00,5.91
2023-05-30 17:12:00+00:00,7.4612
2023-04-10 15:57:00+00:00,13.08
2023-06-27 09:16:00+00:00,9.3712
2023-02-14 20:49:00+00:00,10.205
2023-01-22 09:28:00+00:00,13.52
2023-02-19 13:15:00+00:00,8.6862
2023-03-27 01:46:00+00:00,9.0312
2023-04-25 18:16:00+00:00,13.78
2023-02-08 14:14:00+00:00,12.0475
2023-01-18 05:28:00+00:00,11.7462
2023-05-07 18:26:00+00:00,14.82
2023-03-10 08:52:00+00:00,1.31
2023-05-30 17:38:00+00:00,3.6113
2023-06-05 23:13:00+00:00,7.4
2023-06-22 16:33:00+00:00,5.04
2023-03-19 05:11:00+00:00,3.4463
2023-05-12 23:35:00+00:00,8.92
2023-03-20 06:54:00+00:00,4.5475
2023-01-12 23:18:00+00:00,9.32
2023-04-23 16:16:00+00:00,12.94
2023-01-26 01:55:00+00:00,6.4313
2023-05-06 17:00:00+00:00,6.6312
2023-02-11 17:14:00+00:00,13.92
2023-05-16 15:02:00+00:00,6.3187
2023-01-27 02:20:00+00:00,2.1325
2023-06-26 08:16:00+00:00,13.02
2023-05-27 02:55:00+00:00,2.9325
2023-03-24 22:37:00+00:00,0.6275
2023-02-02 20:04:00+00:00,14.94
2023-04-26 19:07:00+00:00,6.8438
2023-06-19 13:32:00+00:00,5.6863
2023-01-06 17:43:00+00:00,12.8
2023-06-04 10:56:00+00:00,7.5425
2023-05-25 00:37:00+00:00,0.78
2023-04-05 10:47:00+00:00,13.78
2023-02-09 15:22:00+00:00,5.2488
2023-05-24 23:29:00+00:00,9.3287
2023-02-28 22:34:00+00:00,12.66
2023-06-14 20:14:00+00:00,1.455
2023-04-24 05:16:00+00:00,5.7663
2023-05-07 18:52:00+00:00,6.82
2023-04-08 01:22:00+00:00,2.2212
2023-06-05 11:56:00+00:00,4.7938
2023-05-25 12:37:00+00:00,9.18
2023-03-11 21:01:00+00:00,1.7862
2023-06-10 04:22:00+00:00,6.175
2023-01-11 22:35:00+00:00,10.5
2023-05-20 19:11:00+00:00,8.7238
2023-03-14 00:53:00+00:00,5.99
2023-05-22 09:54:00+00:00,13.12
2023-04-05 10:13:00+00:00,8.9425
2023-05-23 10:03:00+00:00,2.5025
2023-03-27 13:46:00+00:00,8.4
2023-04-05 10:56:00+00:00,4.4925
2023-06-21 03:07:00+00:00,0.6138
2023-05-07 06:52:00+00:00,10.42
2023-06-27 21:33:00+00:00,6.2462
2023-03-22 20:54:00+00:00,9.825
2023-03-05 15:09:00+00:00,11.96
2023-05-17 04:10:00+00:00,12.995
2023-06-14 20:23:00+00:00,0.855
2023-04-28 21:25:00+00:00,10.24
2023-01-21 08:45:00+00:00,9.9
2023-01-02 13:00:00+00:00,12.1263
2023-05-27 14:20:00+00:00,6.82
2023-05-30 05:12:00+00:00,10.7863
2023-06-27 21:08:00+00:00,2.6463
2023-03-15 13:53:00+00:00,10.56
2023-03-25 11:37:00+00:00,8.76
2023-04-01 06:55:00+00:00,8.9375
2023-05-12 11:35:00+00:00,12.12
2023-01-23 10:37:00+00:00,7.4025
2023-05-28 03:38:00+00:00,2.2337
2023-03-28 14:55:00+00:00,5.62
2023-02-12 06:14:00+00:00,5.4275
2023-01-12 11:27:00+00:00,8.0137
2023-02-11 05:23:00+00:00,13.92
2023-04-14 07:06:00+00:00,8.7788
2023-01-07 06:09:00+00:00,6.5575
2023-05-07 18:18:00+00:00,14.82
2023-02-20 14:32:00+00:00,1.4875
2023-02-26 20:33:00+00:00,7.745
2023-04-04 21:30:00+00:00,5.76
2023-04-12 17:40:00+00:00,0.7013
2023-01-14 13:19:00+00:00,4.7663
2023-04-25 18:42:00+00:00,15.38
2023-04-25 18:33:00+00:00,3.6425
2023-02-26 08:50:00+00:00,10.97
2023-02-10 16:40:00+00:00,13.1
2023-05-20 19:45:00+00:00,11.6738
2023-03-15 13:19:00+00:00,4.8662
2023-05-08 07:35:00+00:00,8.44
2023-04-08 01:13:00+00:00,3.8712
2023-05-07 18:09:00+00:00,12.3325
2023-06-24 06:50:00+00:00,15.38
2023-06-22 04:58:00+00:00,1.015
2023-06-15 09:06:00+00:00,8.9812
2023-01-27 14:38:00+00:00,15.22
2023-04-21 14:41:00+00:00,10.6875
2023-05-12 23:27:00+00:00,9.7387
2023-02-25 19:42:00+00:00,9.8
2023-04-17 22:49:00+00:00,4.8575
2023-01-28 03:03:00+00:00,2.6338
2023-03-09 07:43:00+00:00,6.04
2023-02-02 20:21:00+00:00,3.565
2023-01-01 12:17:00+00:00,1.775
2023-05-28 03:46:00+00:00,6.84
2023-01-23 22:46:00+00:00,6.1775
2023-01-10 09:18:00+00:00,1.4112
2023-05-04 03:34:00+00:00,10.36
2023-04-16 21:23:00+00:00,10.6562
2023-06-17 11:32:00+00:00,9.4337
2023-01-11 22:52:00+00:00,11.3
2023-05-23 22:11:00+00:00,5.5775
2023-02-22 16:16:00+00:00,8.34
2023-03-20 06:54:00+00:00,7.46
2023-06-20 14:50:00+00:00,9.3875
2023-01-03 02:17:00+00:00,7.4025
2023-04-10 03:39:00+00:00,7.88
2023-03-14 12:53:00+00:00,2.165
2023-01-01 00:08:00+00:00,2.5
2023-03-10 08:52:00+00:00,8.86
2023-02-08 14:05:00+00:00,10.7475
2023-03-21 07:54:00+00:00,4.9988
2023-01-19 06:19:00+00:00,8.66
2023-06-08 02:31:00+00:00,7.1225
2023-01-24 11:46:00+00:00,0.5038
2023-06-29 23:25:00+00:00,13.08
2023-03-16 02:44:00+00:00,6.3425
2023-05-31 18:21:00+00:00,11.2625
2023-01-27 02:12:00+00:00,15.22
2023-05-18 17:36:00+00:00,9.3712
2023-04-04 21:56:00+00:00,9.8163
2023-03-06 04:09:00+00:00,6.38
2023-04-14 07:57:00+00:00,4.8788
2023-05-03 02:00:00+00:00,2.3025
2023-01-27 14:03:00+00:00,7.62
2023-06-22 04:33:00+00:00,0.515
2023-03-18 04:19:00+00:00,4.245
2023-01-29 04:04:00+00:00,14.46
2023-04-27 08:33:00+00:00,10.12
2023-06-19 13:58:00+00:00,7.7862
2023-03-21 19:37:00+00:00,7.08
2023-03-28 14:03:00+00:00,1.9575
2023-01-05 04:09:00+00:00,8.105
2023-02-14 08:40:00+00:00,14.78
2023-03-26 12:54:00+00:00,12.005
2023-06-12 18:06:00+00:00,5.7025
2023-05-12 11:53:00+00:00,14.12
2023-03-27 13:37:00+00:00,2.7563
2023-06-09 15:48:00+00:00,5.6988
2023-05-21 20:02:00+00:00,5.9
2023-04-05 22:22:00+00:00,12.0175
2023-03-02 12:34:00+00:00,4.375
2023-02-23 17:07:00+00:00,11.36
2023-03-15 13:44:00+00:00,5.6162
2023-05-27 02:12:00+00:00,2.1325
2023-04-16 21:49:00+00:00,11.2
2023-05-30 17:38:00+00:00,4.1113
2023-04-21 02:50:00+00:00,0.5125
2023-02-11 17:23:00+00:00,10.72
2023-06-19 01:41:00+00:00,6.2613
2023-06-28 22:51:00+00:00,9.7475
2023-02-18 12:49:00+00:00,13.26
2023-01-04 03:00:00+00:00,6.9538
2023-04-24 05:50:00+00:00,5.8163
2023-01-09 08:09:00+00:00,8.86
2023-02-26 20:08:00+00:00,5.495
2023-01-02 01:25:00+00:00,5.92
2023-02-18 12:32:00+00:00,6.46
2023-04-07 12:48:00+00:00,11.395
2023-06-29 23:34:00+00:00,10.8987
2023-04-14 19:40:00+00:00,13.56
2023-05-08 19:35:00+00:00,10.3338
2023-04-16 09:06:00+00:00,6.3312
2023-01-24 23:20:00+00:00,14.36
2023-01-28 03:29:00+00:00,5.8338
2023-06-08 14:39:00+00:00,3.8475
2023-01-05 16:17:00+00:00,11.18
2023-05-24 11:11:00+00:00,10.8537
2023-06-29 23:59:00+00:00,3.8487
2023-02-18 00:15:00+00:00,6.46
2023-03-01 11:51:00+00:00,5.7237
2023-06-18 00:41:00+00:00,6.61
2023-02-15 21:06:00+00:00,8.8
2023-03-01 23:17:00+00:00,10.5988
2023-06-28 10:51:00+00:00,0.7225
2023-01-09 08:18:00+00:00,15.26
2023-01-26 01:55:00+00:00,8.6813
2023-04-23 04:24:00+00:00,2.865
2023-03-02 12:51:00+00:00,11.9
2023-06-24 06:50:00+00:00,9.1175
2023-05-27 14:20:00+00:00,6.1575
2023-01-04 15:09:00+00:00,13.96
2023-01-11 10:18:00+00:00,4.0125
2023-02-28 22:25:00+00:00,12.3975
2023-02-18 00:49:00+00:00,9.66
2023-03-22 20:54:00+00:00,6.975
2023-05-19 18:28:00+00:00,4.0725
2023-05-17 04:28:00+00:00,12.62
2023-01-31 06:12:00+00:00,3.4875
2023-01-14 13:27:00+00:00,3.7163
2023-01-26 01:46:00+00:00,9.2
2023-05-22 09:45:00+00:00,2.2012
2023-01-09 08:44:00+00:00,2.06
2023-05-22 21:54:00+00:00,12.72
2023-01-05 16:43:00+00:00,2.18
2023-05-24 23:11:00+00:00,8.5288
2023-05-22 21:54:00+00:00,14.72
2023-04-22 03:15:00+00:00,9.2137
2023-03-13 23:27:00+00:00,9.2888
2023-04-26 07:50:00+00:00,13.4
2023-01-24 11:29:00+00:00,6.2038
2023-04-22 15:24:00+00:00,3.1888
2023-05-31 06:47:00+00:00,13.3
2023-06-27 21:33:00+00:00,11.5962
2023-04-05 22:47:00+00:00,1.8175
2023-05-26 13:12:00+00:00,12.4
2023-04-10 03:05:00+00:00,8.28
2023-05-19 18:45:00+00:00,8.4225
2023-03-14 00:10:00+00:00,6.14
2023-03-01 11:42:00+00:00,8.3238
2023-05-29 16:04:00+00:00,12.66
2023-05-25 12:54:00+00:00,7.58
2023-01-20 19:02:00+00:00,9.0237
2023-01-05 16:00:00+00:00,9.23
2023-02-21 03:50:00+00:00,10.92
2023-03-16 02:27:00+00:00,10.6425
2023-04-25 06:42:00+00:00,10.6175
2023-03-05 03:00:00+00:00,9.96
2023-06-02 08:13:00+00:00,10.09
2023-03-30 16:46:00+00:00,10.26
2023-03-31 17:21:00+00:00,12.88
2023-05-04 03:17:00+00:00,2.3037
2023-03-07 05:17:00+00:00,6.1562
2023-01-09 20:26:00+00:00,13.26
2023-01-25 12:12:00+00:00,12.255
2023-06-02 20:04:00+00:00,9.465
2023-05-09 08:44:00+00:00,10.86
2023-05-30 17:21:00+00:00,1.5112
2023-01-08 19:18:00+00:00,9.7338
2023-03-29 15:55:00+00:00,10.84
2023-02-24 18:59:00+00:00,1.6425
2023-05-01 12:17:00+00:00,6.225
2023-06-05 11:13:00+00:00,13.4
2023-06-26 20:42:00+00:00,1.795
2023-06-16 22:06:00+00:00,0.7575
2023-05-22 21:28:00+00:00,9.12
2023-01-14 13:27:00+00:00,11.3663
2023-03-05 03:17:00+00:00,4.6037
2023-02-05 11:30:00+00:00,12.2
2023-03-08 18:26:00+00:00,8.7325
2023-01-14 01:44:00+00:00,0.9412
2023-02-14 20:14:00+00:00,9.58
2023-05-21 20:20:00+00:00,7.975
2023-03-04 02:43:00+00:00,9.4525
2023-01-03 14:34:00+00:00,5.94
2023-04-16 21:49:00+00:00,10.9563
2023-01-31 18:55:00+00:00,1.4125
2023-01-21 08:45:00+00:00,13.1
2023-02-15 21:57:00+00:00,2.8563
2023-05-24 11:29:00+00:00,1.6538
2023-02-13 07:23:00+00:00,14.76
2023-03-29 15:46:00+00:00,4.8087
2023-04-20 01:15:00+00:00,7.2112
2023-06-07 13:56:00+00:00,6.64
2023-03-12 10:44:00+00:00,10.4125
2023-06-14 08:32:00+00:00,4.48
2023-04-10 15:31:00+00:00,10.68
2023-04-11 04:31:00+00:00,0.525
2023-05-02 13:51:00+00:00,5.5762
2023-02-28 10:51:00+00:00,6.66
2023-06-27 21:42:00+00:00,6.2962
2023-06-01 19:30:00+00:00,9.5137
2023-05-14 01:44:00+00:00,8.16
2023-01-04 03:43:00+00:00,8.1537
2023-01-15 02:19:00+00:00,9.9925
2023-03-08 06:26:00+00:00,14.82
2023-03-29 15:55:00+00:00,9.3588
2023-02-27 09:08:00+00:00,6.3213
2023-06-14 08:40:00+00:00,8.78
2023-03-03 01:00:00+00:00,8.3012
2023-01-26 13:20:00+00:00,4.7062
2023-06-09 15:57:00+00:00,9.88
2023-02-20 02:15:00+00:00,1.9125
2023-03-05 15:51:00+00:00,6.1787
2023-02-01 07:38:00+00:00,11.32
2023-04-11 04:14:00+00:00,1.975
2023-06-23 17:33:00+00:00,2.0412
2023-04-24 17:50:00+00:00,14.56
2023-06-01 07:38:00+00:00,6.1887
2023-01-13 12:10:00+00:00,11.315
2023-02-27 21:42:00+00:00,7.84
2023-06-08 14:31:00+00:00,10.6475
2023-05-18 05:45:00+00:00,10.8963
2023-03-11 09:44:00+00:00,14.08
2023-04-02 19:21:00+00:00,5.0137
2023-03-11 21:18:00+00:00,4.4863
2023-02-17 11:58:00+00:00,15.24
2023-02-27 21:42:00+00:00,1.8962
2023-02-15 09:15:00+00:00,4.3812
2023-03-09 19:35:00+00:00,11.64
2023-06-20 14:07:00+00:00,2.8375
2023-05-02 01:51:00+00:00,8.4013
2023-03-03 13:25:00+00:00,8.32
2023-06-17 11:23:00+00:00,12.9838
2023-05-30 05:47:00+00:00,10.1862
2023-06-23 17:50:00+00:00,12.56
2023-06-25 19:25:00+00:00,12.0437
2023-04-20 13:58:00+00:00,1.6362
2023-03-26 12:54:00+00:00,13.18
2023-02-19 13:32:00+00:00,4.7363
2023-05-31 06:21:00+00:00,11.9875
2023-01-09 20:01:00+00:00,11.66
2023-01-01 00:34:00+00:00,2.0
2023-05-01 00:42:00+00:00,5.1
2023-04-05 10:04:00+00:00,14.18
2023-04-03 20:04:00+00:00,10.965
2023-05-26 13:46:00+00:00,14.4
2023-01-26 01:37:00+00:00,13.6
2023-01-01 12:25:00+00:00,2.425
2023-06-29 23:25:00+00:00,7.0488
2023-02-23 17:41:00+00:00,9.76
2023-01-31 18:21:00+00:00,12.2625
2023-03-23 21:28:00+00:00,7.0263
2023-05-06 17:52:00+00:00,7.2
2023-06-22 04:24:00+00:00,1.115
2023-03-19 05:02:00+00:00,12.0463
2023-06-16 22:58:00+00:00,12.42
2023-04-28 09:16:00+00:00,2.6713
2023-01-01 12:17:00+00:00,11.225
2023-03-09 07:09:00+00:00,10.84
2023-05-02 13:51:00+00:00,9.3262
2023-03-14 00:36:00+00:00,6.74
2023-04-19 00:32:00+00:00,14.46
2023-06-08 02:31:00+00:00,6.8225
2023-04-28 09:51:00+00:00,5.2213
2023-01-28 03:38:00+00:00,8.44
2023-04-17 22:15:00+00:00,7.8075
2023-05-01 00:34:00+00:00,10.35
2023-01-07 06:00:00+00:00,6.42
2023-03-18 16:36:00+00:00,4.42
2023-01-31 06:47:00+00:00,5.6375
2023-01-25 00:20:00+00:00,13.58
2023-06-04 22:22:00+00:00,9.4675
2023-05-20 19:54:00+00:00,12.9738
2023-03-16 14:53:00+00:00,15.38
2023-05-15 02:19:00+00:00,10.3925
2023-06-19 13:15:00+00:00,6.1363
2023-02-04 22:39:00+00:00,12.58
2023-03-04 02:51:00+00:00,4.3025
2023-04-17 22:58:00+00:00,11.2075
2023-01-18 17:19:00+00:00,7.84
2023-01-15 14:44:00+00:00,1.8675
2023-03-24 22:46:00+00:00,1.2775
2023-01-20 07:45:00+00:00,11.88
2023-03-17 15:19:00+00:00,9.8187
2023-06-10 04:57:00+00:00,1.225
2023-01-05 16:34:00+00:00,12.78
2023-05-22 09:54:00+00:00,8.7012
2023-05-07 18:09:00+00:00,2.7325
2023-05-11 22:27:00+00:00,9.3
2023-03-13 23:53:00+00:00,4.1888
2023-04-17 22:06:00+00:00,9.3075
2023-01-31 06:30:00+00:00,12.1
2023-04-25 06:24:00+00:00,1.2175
2023-02-15 21:23:00+00:00,8.9563
2023-02-21 03:50:00+00:00,9.32
2023-02-07 01:39:00+00:00,9.84
2023-03-17 15:45:00+00:00,0.8187
2023-05-08 07:26:00+00:00,7.64
2023-01-02 13:00:00+00:00,6.2263
2023-01-27 14:38:00+00:00,11.7075
2023-01-11 22:52:00+00:00,14.5
2023-05-13 00:44:00+00:00,6.09
2023-03-15 01:44:00+00:00,10.8912
2023-02-15 21:06:00+00:00,5.6
2023-05-16 03:02:00+00:00,10.5437
2023-03-08 18:09:00+00:00,7.1325
2023-01-07 18:00:00+00:00,5.62
2023-02-16 10:40:00+00:00,6.3325
2023-01-06 05:43:00+00:00,11.8063
2023-05-31 18:38:00+00:00,13.7
2023-01-26 01:46:00+00:00,5.1312
2023-02-12 18:06:00+00:00,7.7525
2023-06-17 23:49:00+00:00,6.84
2023-06-28 10:08:00+00:00,10.5225
2023-06-09 03:05:00+00:00,10.0738
2023-04-20 01:07:00+00:00,12.08
2023-05-20 19:11:00+00:00,12.0237
2023-04-12 17:05:00+00:00,9.4012
2023-03-16 14:27:00+00:00,6.58
2023-02-02 20:04:00+00:00,8.365
2023-06-24 18:50:00+00:00,12.3925
2023-02-12 18:48:00+00:00,9.54
2023-06-28 10:25:00+00:00,4.2225
2023-01-04 15:43:00+00:00,3.4287
2023-01-01 12:42:00+00:00,7.9
2023-01-20 07:02:00+00:00,4.1487
2023-01-06 05:26:00+00:00,11.0062
2023-01-02 01:43:00+00:00,12.72
2023-03-30 04:29:00+00:00,2.935
2023-04-22 03:15:00+00:00,3.5638
2023-04-04 21:47:00+00:00,10.16
2023-03-29 15:21:00+00:00,6.3587
2023-04-03 20:04:00+00:00,4.065
2023-01-03 14:43:00+00:00,7.14
2023-02-27 09:33:00+00:00,9.7713
2023-06-12 18:14:00+00:00,12.4025
2023-02-04 10:30:00+00:00,9.38
2023-02-10 16:22:00+00:00,12.15
2023-02-20 02:50:00+00:00,8.8125
2023-01-02 13:51:00+00:00,11.92
2023-05-13 12:44:00+00:00,1.965
2023-04-19 00:49:00+00:00,2.51
2023-06-20 02:32:00+00:00,14.1
2023-01-31 18:38:00+00:00,11.9125
2023-04-24 17:07:00+00:00,6.6913
2023-02-20 02:07:00+00:00,8.5
2023-06-19 01:07:00+00:00,2.7113
2023-01-08 07:43:00+00:00,11.6587
2023-04-02 19:04:00+00:00,14.52
2023-04-16 21:32:00+00:00,12.1562
2023-04-25 18:33:00+00:00,2.1425
2023-04-14 07:14:00+00:00,7.96
2023-05-09 20:26:00+00:00,6.485
2023-04-20 13:49:00+00:00,7.4863
2023-03-07 17:00:00+00:00,15.2
2023-03-10 20:44:00+00:00,3.635
2023-03-05 15:26:00+00:00,4.8788
2023-01-21 20:28:00+00:00,6.7
2023-05-10 09:44:00+00:00,6.0613
2023-03-17 15:19:00+00:00,3.9188
2023-06-18 12:32:00+00:00,12.46
2023-02-27 21:42:00+00:00,10.1962
2023-05-20 07:02:00+00:00,11.9488
2023-05-09 20:18:00+00:00,13.26
2023-05-01 12:42:00+00:00,7.875
2023-05-18 05:19:00+00:00,2.0462
2023-01-12 23:18:00+00:00,7.72
2023-02-16 10:40:00+00:00,4.9325
2023-05-10 09:35:00+00:00,3.0112
2023-04-03 20:30:00+00:00,11.74
2023-05-06 05:26:00+00:00,0.8562
2023-04-19 12:58:00+00:00,8.485
2023-04-25 18:07:00+00:00,9.38
2023-03-16 02:53:00+00:00,0.9425
2023-02-13 19:40:00+00:00,8.6538
2023-03-30 04:12:00+00:00,7.66
2023-06-01 19:47:00+00:00,8.2637
2023-06-16 10:49:00+00:00,1.7325
2023-02-21 03:50:00+00:00,14.92
2023-04-16 09:15:00+00:00,11.1813
2023-04-11 04:57:00+00:00,4.475
2023-01-06 17:52:00+00:00,7.6
2023-02-15 21:32:00+00:00,4.5563
2023-01-02 01:51:00+00:00,6.7012
2023-04-11 04:14:00+00:00,9.5
2023-02-27 09:51:00+00:00,0.6212
2023-06-24 18:33:00+00:00,12.3925
2023-02-20 02:58:00+00:00,8.9
2023-01-25 00:37:00+00:00,11.98
2023-05-20 07:45:00+00:00,12.0488
2023-03-28 14:55:00+00:00,12.02
2023-06-10 04:05:00+00:00,5.625
2023-05-17 04:10:00+00:00,7.645
2023-03-25 11:29:00+00:00,14.36
2023-02-19 01:32:00+00:00,7.6612
2023-02-01 19:04:00+00:00,5.72
2023-04-22 03:07:00+00:00,6.52
2023-03-01 23:34:00+00:00,5.5488
2023-03-09 19:26:00+00:00,8.8338
2023-06-23 05:41:00+00:00,9.76
2023-06-13 19:49:00+00:00,4.6537
2023-01-30 05:47:00+00:00,6.1363
2023-03-06 16:09:00+00:00,12.78
2023-04-11 16:48:00+00:00,12.65
2023-06-23 05:16:00+00:00,10.3663
2023-06-10 04:31:00+00:00,13.9
2023-02-01 19:47:00+00:00,5.0637
2023-02-09 03:05:00+00:00,7.9737
2023-04-03 20:21:00+00:00,12.54
2023-04-15 08:32:00+00:00,4.93
2023-05-22 21:37:00+00:00,2.8763
2023-02-07 01:39:00+00:00,14.64
2023-05-20 19:28:00+00:00,1.5237
2023-03-12 22:35:00+00:00,6.1375
2023-05-05 16:26:00+00:00,9.18
2023-04-25 18:07:00+00:00,4.6425
2023-02-20 02:50:00+00:00,5.1625
2023-05-13 00:27:00+00:00,7.34
2023-06-10 04:31:00+00:00,4.425
2023-06-12 06:57:00+00:00,10.7775
2023-03-15 13:10:00+00:00,13.76
2023-05-02 13:08:00+00:00,7.1262
2023-02-18 12:06:00+00:00,7.235
2023-04-15 08:14:00+00:00,13.58
2023-02-05 23:47:00+00:00,6.3187
2023-06-13 07:14:00+00:00,4.6787
2023-03-30 04:38:00+00:00,14.06
2023-02-11 05:14:00+00:00,9.4262
2023-02-07 01:05:00+00:00,8.1212
2023-01-11 10:01:00+00:00,8.5
2023-05-04 03:09:00+00:00,4.3037
2023-03-03 01:17:00+00:00,12.9012
2023-01-01 00:51:00+00:00,8.3
2023-05-02 01:00:00+00:00,12.2012
2023-02-13 07:14:00+00:00,4.4287
2023-05-09 08:01:00+00:00,14.46
2023-01-11 10:27:00+00:00,8.4625
2023-06-21 03:33:00+00:00,0.5637
2023-04-17 22:23:00+00:00,10.02
2023-04-23 16:16:00+00:00,3.39
2023-06-12 06:14:00+00:00,3.3775
2023-04-18 11:06:00+00:00,7.24
2023-06-19 13:41:00+00:00,2.8363
2023-03-01 23:51:00+00:00,6.1988
2023-06-17 11:15:00+00:00,14.44
2023-06-21 15:15:00+00:00,8.12
2023-05-15 14:19:00+00:00,11.2175
2023-06-27 09:33:00+00:00,7.04
2023-01-07 18:52:00+00:00,5.4825
2023-02-03 09:47:00+00:00,9.3912
2023-03-17 03:45:00+00:00,12.6
2023-04-25 18:16:00+00:00,1.9425
2023-06-23 05:50:00+00:00,10.0162
2023-01-21 08:20:00+00:00,10.3
2023-05-10 09:27:00+00:00,9.7613
2023-03-21 19:37:00+00:00,12.3238
2023-02-19 13:15:00+00:00,14.88
2023-06-18 12:58:00+00:00,6.035
2023-03-09 07:43:00+00:00,6.9088
2023-06-26 20:33:00+00:00,13.02
2023-06-13 07:06:00+00:00,8.7788
2023-03-12 10:10:00+00:00,10.5625
2023-05-28 03:55:00+00:00,12.44
2023-05-20 07:54:00+00:00,4.8987
2023-01-01 12:25:00+00:00,6.875
2023-06-12 06:48:00+00:00,13.94
2023-03-03 13:34:00+00:00,9.0262
2023-04-25 18:59:00+00:00,1.2425
2023-05-05 16:17:00+00:00,13.98
2023-03-20 18:28:00+00:00,8.8225
2023-05-09 08:44:00+00:00,4.56
2023-04-11 04:22:00+00:00,13.9
2023-02-10 16:57:00+00:00,12.7
2023-02-24 06:59:00+00:00,6.2175
2023-04-12 05:31:00+00:00,7.92
2023-02-26 20:25:00+00:00,12.095
2023-06-12 06:31:00+00:00,5.8775
2023-04-18 23:32:00+00:00,14.44
2023-06-01 19:04:00+00:00,3.4137
2023-02-12 06:14:00+00:00,8.3775
2023-02-02 20:30:00+00:00,11.74
2023-04-09 14:56:00+00:00,2.8475
2023-04-17 22:32:00+00:00,0.6575
2023-01-31 18:21:00+00:00,6.5
2023-06-29 23:51:00+00:00,4.9488
2023-01-12 23:53:00+00:00,12.7387
2023-01-04 15:26:00+00:00,11.56
2023-06-08 02:39:00+00:00,9.4725
2023-01-11 10:52:00+00:00,10.1625
2023-02-06 12:05:00+00:00,15.42
2023-02-15 21:57:00+00:00,9.6062
2023-02-20 02:50:00+00:00,1.3625
2023-06-22 04:33:00+00:00,14.14
2023-03-27 13:55:00+00:00,4.5563
2023-03-25 23:29:00+00:00,1.1288
2023-02-09 15:39:00+00:00,6.68
2023-05-26 01:29:00+00:00,6.3312
2023-01-05 04:52:00+00:00,3.455
2023-06-23 17:07:00+00:00,6.56
2023-02-12 06:23:00+00:00,8.3775
2023-01-04 03:34:00+00:00,1.9038
2023-02-18 00:32:00+00:00,10.06
2023-06-16 10:15:00+00:00,8.7825
2023-05-15 14:44:00+00:00,10.4175
2023-02-04 22:04:00+00:00,11.78
2023-02-08 14:56:00+00:00,5.2975
2023-03-12 22:18:00+00:00,3.9875
2023-04-27 08:50:00+00:00,12.22
2023-02-04 22:13:00+00:00,5.9175
2023-06-04 22:39:00+00:00,1.2675
2023-01-23 22:03:00+00:00,9.94
2023-03-11 09:01:00+00:00,2.1612
2023-04-16 21:23:00+00:00,12.2562
2023-03-04 02:26:00+00:00,9.54
2023-02-26 20:42:00+00:00,11.045
2023-03-31 05:21:00+00:00,11.7863
2023-06-21 03:50:00+00:00,5.72
2023-01-20 19:19:00+00:00,12.1738
2023-04-24 17:50:00+00:00,7.5912
2023-05-01 12:51:00+00:00,13.1
2023-06-28 22:25:00+00:00,4.1975
2023-06-15 21:40:00+00:00,6.7562
2023-04-24 05:33:00+00:00,14.96
2023-06-11 05:57:00+00:00,1.7263
2023-02-08 02:31:00+00:00,10.8225
2023-05-07 06:26:00+00:00,7.22
2023-02-04 10:04:00+00:00,5.2425
2023-05-26 01:55:00+00:00,6.2313
2023-02-06 12:56:00+00:00,10.62
2023-05-15 14:10:00+00:00,12.6675
2023-05-08 07:18:00+00:00,6.6588
2023-02-24 06:59:00+00:00,8.98
2023-04-12 05:48:00+00:00,3.7262
2023-06-08 02:05:00+00:00,0.8225
2023-02-07 01:39:00+00:00,10.64
2023-01-06 17:52:00+00:00,10.2312
2023-02-21 03:07:00+00:00,5.6638
2023-04-17 22:23:00+00:00,8.02
2023-03-10 08:01:00+00:00,2.41
2023-03-06 04:26:00+00:00,6.005
2023-02-09 03:31:00+00:00,6.68
2023-04-04 21:30:00+00:00,9.8163
2023-05-06 05:52:00+00:00,2.6562
2023-02-24 06:59:00+00:00,14.18
2023-02-11 17:40:00+00:00,7.6513
2023-04-25 18:16:00+00:00,9.78
2023-02-04 10:22:00+00:00,10.98
2023-02-22 04:16:00+00:00,4.965
2023-02-18 00:24:00+00:00,11.31
2023-05-17 16:10:00+00:00,9.42
2023-04-28 09:16:00+00:00,1.9712
2023-04-10 15:14:00+00:00,3.2487
2023-05-27 02:55:00+00:00,7.22
2023-06-07 01:13:00+00:00,2.7212
2023-01-18 05:45:00+00:00,10.1463
2023-02-02 08:56:00+00:00,12.54
2023-04-11 04:31:00+00:00,3.725
2023-04-07 00:48:00+00:00,11.87
2023-01-16 15:45:00+00:00,11.8
2023-04-13 06:57:00+00:00,9.7275
2023-03-03 01:08:00+00:00,4.8012
2023-03-13 11:18:00+00:00,8.92
2023-01-05 04:00:00+00:00,9.205
2023-01-31 18:38:00+00:00,11.6125
2023-06-16 22:58:00+00:00,14.42
2023-02-27 09:59:00+00:00,6.9212
2023-05-27 02:20:00+00:00,11.7325
2023-03-05 15:17:00+00:00,9.96
2023-05-30 05:55:00+00:00,3.8363
2023-05-02 01:51:00+00:00,12.6512
2023-01-15 14:36:00+00:00,9.78
2023-06-17 11:58:00+00:00,6.3838
2023-06-25 07:59:00+00:00,0.6687
2023-06-24 06:50:00+00:00,14.58
2023-03-23 21:20:00+00:00,3.9762
2023-03-23 21:54:00+00:00,11.7762
2023-02-09 15:14:00+00:00,10.68
2023-05-24 11:20:00+00:00,10.3038
2023-05-05 04:52:00+00:00,10.005
2023-04-23 16:07:00+00:00,5.74
2023-05-14 13:19:00+00:00,11.0162
2023-04-25 18:50:00+00:00,5.4925
2023-06-16 10:23:00+00:00,15.22
2023-01-13 12:10:00+00:00,4.715
2023-02-02 20:04:00+00:00,1.815
2023-06-22 04:33:00+00:00,12.94
2023-01-27 02:20:00+00:00,12.5825
2023-03-04 14:17:00+00:00,7.4275
2023-06-05 11:05:00+00:00,7.8
2023-06-28 22:51:00+00:00,1.7975
2023-01-12 11:44:00+00:00,1.0637
2023-03-30 04:55:00+00:00,5.66
2023-02-23 17:59:00+00:00,2.7412
2023-03-12 10:35:00+00:00,2.0625
2023-04-19 12:15:00+00:00,12.86
2023-04-12 17:40:00+00:00,9.12
2023-05-08 07:09:00+00:00,11.3087
2023-04-14 07:06:00+00:00,5.56
2023-05-23 10:37:00+00:00,9.1025
2023-04-06 23:39:00+00:00,4.7687
2023-06-01 19:21:00+00:00,6.12
2023-01-31 18:38:00+00:00,7.1125
2023-03-25 11:54:00+00:00,10.2037
2023-04-29 10:16:00+00:00,12.66
2023-03-13 11:53:00+00:00,7.1137
2023-04-26 19:59:00+00:00,9.8438
2023-02-12 18:23:00+00:00,8.74
2023-05-31 18:38:00+00:00,9.5125
2023-04-26 19:33:00+00:00,1.6938
2023-02-03 09:30:00+00:00,8.56
2023-06-27 21:25:00+00:00,6.3963
2023-04-22 03:33:00+00:00,3.3638
2023-01-29 04:04:00+00:00,15.26
2023-01-05 16:09:00+00:00,5.28
2023-02-21 15:50:00+00:00,0.5387
2023-03-03 13:34:00+00:00,9.52
2023-03-16 02:10:00+00:00,9.8425
2023-04-13 06:31:00+00:00,9.7275
2023-06-02 08:21:00+00:00,14.14
2023-02-11 05:40:00+00:00,6.2763
2023-05-11 22:18:00+00:00,9.2875
2023-03-19 05:36:00+00:00,7.44
2023-03-30 16:04:00+00:00,4.46
2023-03-23 09:11:00+00:00,3.3013
2023-04-15 20:06:00+00:00,5.98
2023-03-19 05:36:00+00:00,6.7962
2023-02-13 19:40:00+00:00,11.3038
2023-06-16 22:23:00+00:00,11.22
2023-02-12 06:06:00+00:00,6.9275
2023-04-07 12:39:00+00:00,3.095
2023-05-09 20:26:00+00:00,14.46
2023-01-27 02:46:00+00:00,0.8825
2023-05-13 00:27:00+00:00,12.34
2023-01-03 02:51:00+00:00,12.74
2023-02-28 10:59:00+00:00,11.1725
2023-01-20 19:45:00+00:00,5.5738
2023-06-07 01:05:00+00:00,6.64
2023-05-12 23:18:00+00:00,9.1387
2023-03-05 03:51:00+00:00,7.4538
2023-02-25 07:07:00+00:00,15.0
2023-02-13 07:06:00+00:00,3.0288
2023-05-15 14:44:00+00:00,7.0175
2023-02-28 10:34:00+00:00,13.06
2023-02-18 12:24:00+00:00,6.885
2023-05-11 10:10:00+00:00,10.1625
2023-05-10 09:09:00+00:00,14.88
2023-05-29 04:21:00+00:00,7.935
2023-03-03 01:34:00+00:00,1.4512
2023-05-28 03:03:00+00:00,6.04
2023-04-23 16:41:00+00:00,10.99
2023-04-01 06:55:00+00:00,3.4875
2023-03-03 01:34:00+00:00,7.92
2023-02-07 13:31:00+00:00,9.5962
2023-05-25 00:54:00+00:00,4.88
2023-04-16 21:06:00+00:00,14.0
2023-01-28 15:55:00+00:00,11.6088
2023-06-16 22:15:00+00:00,2.0075
2023-01-17 04:28:00+00:00,15.02
2023-03-15 01:10:00+00:00,1.5413
2023-06-11 17:23:00+00:00,9.7012
2023-02-27 09:25:00+00:00,13.44
2023-05-29 16:55:00+00:00,7.46
2023-03-21 07:54:00+00:00,7.1487
2023-04-05 22:13:00+00:00,7.78
2023-04-18 11:06:00+00:00,11.9838
2023-04-01 18:04:00+00:00,3.3125
2023-05-07 06:09:00+00:00,10.02
2023-01-13 12:53:00+00:00,7.265
2023-06-04 10:39:00+00:00,0.9925
2023-01-04 03:43:00+00:00,9.16
2023-04-18 23:32:00+00:00,8.3087
2023-05-28 15:12:00+00:00,2.9588
2023-03-24 10:20:00+00:00,9.14
2023-03-15 01:36:00+00:00,12.8912
2023-06-19 01:07:00+00:00,7.6612
2023-03-07 05:17:00+00:00,8.8
2023-06-22 04:41:00+00:00,3.615
2023-02-08 14:22:00+00:00,3.8475
2023-06-10 16:05:00+00:00,5.5
2023-05-23 22:28:00+00:00,10.5275
2023-02-11 05:48:00+00:00,10.6762
2023-06-22 04:07:00+00:00,9.34
2023-05-30 05:21:00+00:00,11.9863
2023-02-06 12:05:00+00:00,1.395
2023-01-06 05:52:00+00:00,7.6
2023-05-30 17:55:00+00:00,8.0613
2023-06-29 11:08:00+00:00,12.3737
2023-06-12 06:48:00+00:00,13.54
2023-05-09 08:18:00+00:00,6.66
2023-05-05 16:34:00+00:00,12.23
2023-06-10 04:57:00+00:00,13.5
2023-01-15 02:27:00+00:00,5.3925
2023-06-04 10:22:00+00:00,10.0925
2023-03-02 00:17:00+00:00,9.5
2023-06-10 04:40:00+00:00,3.025
2023-03-28 14:38:00+00:00,15.22
2023-01-26 01:29:00+00:00,10.4
2023-01-02 13:51:00+00:00,8.8763
2023-06-27 21:25:00+00:00,11.7462
2023-01-26 13:12:00+00:00,8.4
2023-01-03 14:51:00+00:00,5.0775
2023-06-27 09:08:00+00:00,8.8212
2023-05-16 15:53:00+00:00,6.2
2023-05-04 15:26:00+00:00,10.0787
2023-06-21 15:58:00+00:00,7.7888
2023-02-24 18:07:00+00:00,8.18
2023-06-15 21:49:00+00:00,3.3062
2023-01-09 08:35:00+00:00,8.06
2023-03-30 04:55:00+00:00,12.06
2023-03-30 16:29:00+00:00,3.86
2023-01-27 14:12:00+00:00,12.3575
2023-03-09 07:26:00+00:00,5.64
2023-04-20 13:07:00+00:00,5.3362
2023-02-11 05:23:00+00:00,10.0762
2023-06-10 16:14:00+00:00,13.1
2023-03-09 07:18:00+00:00,3.2588
2023-01-02 13:43:00+00:00,12.3763
2023-02-20 02:41:00+00:00,9.3
2023-06-22 04:58:00+00:00,7.815
2023-06-15 09:06:00+00:00,1.0813
2023-05-31 06:12:00+00:00,15.3
2023-03-24 10:46:00+00:00,1.1025
2023-01-21 08:20:00+00:00,4.5
2023-05-29 16:12:00+00:00,9.66
2023-04-29 10:51:00+00:00,8.6225
2023-06-14 20:32:00+00:00,1.205
2023-06-16 22:06:00+00:00,10.42
2023-01-23 10:03:00+00:00,11.4025
2023-06-07 01:05:00+00:00,11.1212
2023-04-24 05:33:00+00:00,9.36
2023-05-21 20:54:00+00:00,3.075
2023-02-23 17:16:00+00:00,1.4413
2023-05-20 19:54:00+00:00,7.88
2023-02-18 12:41:00+00:00,11.185
2023-02-14 20:06:00+00:00,0.855
2023-01-04 03:51:00+00:00,7.56
2023-06-02 08:47:00+00:00,7.99
2023-01-10 09:44:00+00:00,2.6113
2023-06-12 18:57:00+00:00,9.14
2023-06-25 07:59:00+00:00,11.1188
2023-02-11 17:57:00+00:00,8.8513
2023-06-22 16:33:00+00:00,10.14
2023-06-12 06:23:00+00:00,0.8275
2023-03-05 15:26:00+00:00,11.2287
2023-06-19 13:32:00+00:00,8.48
2023-06-19 01:58:00+00:00,5.68
2023-06-16 22:40:00+00:00,6.7075
2023-03-23 21:45:00+00:00,13.12
2023-03-27 13:29:00+00:00,8.5563
2023-03-31 17:12:00+00:00,8.6613
2023-06-26 20:08:00+00:00,13.82
2023-05-04 03:26:00+00:00,9.9038
2023-05-24 23:37:00+00:00,1.6287
2023-04-20 13:41:00+00:00,12.48
2023-02-28 10:34:00+00:00,9.3725
2023-06-26 20:25:00+00:00,1.545
2023-03-26 12:46:00+00:00,8.78
2023-01-27 14:12:00+00:00,6.7575
2023-01-26 13:29:00+00:00,5.0563
2023-01-10 09:35:00+00:00,9.28
2023-05-01 12:00:00+00:00,8.525
2023-02-11 17:40:00+00:00,6.4512
2023-04-05 10:22:00+00:00,9.78
2023-02-06 12:30:00+00:00,2.745
2023-05-19 18:02:00+00:00,2.7725
2023-01-27 14:29:00+00:00,6.82
2023-04-19 00:32:00+00:00,12.81
2023-02-13 07:40:00+00:00,5.0287
2023-03-07 05:52:00+00:00,8.4
2023-02-18 00:49:00+00:00,2.66
2023-05-13 12:01:00+00:00,7.615
2023-05-05 04:00:00+00:00,5.58
2023-01-18 05:19:00+00:00,6.7962
2023-06-02 20:30:00+00:00,9.115
2023-02-27 09:59:00+00:00,12.24
2023-05-10 21:27:00+00:00,9.7363
2023-02-06 12:48:00+00:00,3.195
2023-03-24 22:46:00+00:00,9.14
2023-01-01 12:42:00+00:00,1.125
2023-01-19 06:36:00+00:00,0.7975
2023-05-20 19:02:00+00:00,8.68
2023-06-17 11:06:00+00:00,4.4838
2023-02-03 21:04:00+00:00,8.4662
2023-01-24 11:29:00+00:00,6.76
2023-03-24 22:03:00+00:00,5.9775
2023-05-13 12:01:00+00:00,3.065
2023-04-30 23:59:00+00:00,7.08
2023-05-19 06:19:00+00:00,4.5975
2023-04-01 18:55:00+00:00,8.3125
2023-06-24 18:07:00+00:00,5.78
2023-02-16 22:58:00+00:00,8.1075
2023-04-03 08:21:00+00:00,9.64
2023-02-15 09:23:00+00:00,9.6
2023-05-21 20:54:00+00:00,10.825
2023-02-26 20:50:00+00:00,4.145
2023-01-29 16:12:00+00:00,12.06
2023-06-15 09:06:00+00:00,9.0813
2023-01-04 15:34:00+00:00,9.8788
2023-01-19 18:28:00+00:00,15.46
2023-05-11 10:35:00+00:00,2.6625
2023-01-01 00:51:00+00:00,3.75
2023-02-16 10:23:00+00:00,10.82
2023-05-30 05:38:00+00:00,3.3862
2023-06-25 19:33:00+00:00,11.0437
2023-01-17 04:10:00+00:00,13.02
2023-05-01 12:17:00+00:00,1.075
2023-02-23 17:59:00+00:00,11.2413
2023-06-26 08:16:00+00:00,14.62
2023-06-01 07:38:00+00:00,11.5388
2023-03-05 03:34:00+00:00,8.7538
2023-04-20 13:49:00+00:00,7.28
2023-05-13 00:36:00+00:00,3.94
2023-03-16 14:27:00+00:00,5.9175
2023-02-15 09:06:00+00:00,12.4
2023-03-07 17:00:00+00:00,10.3812
2023-04-03 08:13:00+00:00,11.09
2023-04-10 15:14:00+00:00,8.28
2023-06-29 11:25:00+00:00,6.1238
2023-03-19 05:45:00+00:00,4.4962
2023-01-01 12:25:00+00:00,13.1
2023-04-04 09:30:00+00:00,12.4913
2023-01-14 13:27:00+00:00,1.0162
2023-06-06 00:39:00+00:00,14.22
2023-03-07 05:00:00+00:00,5.3063
2023-02-12 06:14:00+00:00,10.6275
2023-06-02 20:04:00+00:00,5.74
2023-05-22 09:54:00+00:00,8.2512
2023-05-03 14:26:00+00:00,3.4275
2023-05-27 14:20:00+00:00,15.22
2023-02-01 19:55:00+00:00,3.6637
2023-04-10 15:14:00+00:00,0.7988
2023-04-26 07:16:00+00:00,10.6
2023-02-04 10:47:00+00:00,3.0925
2023-04-01 06:47:00+00:00,1.3875
2023-01-05 04:00:00+00:00,7.58
2023-02-09 15:48:00+00:00,10.8488
2023-06-15 09:23:00+00:00,9.6813
2023-05-07 06:09:00+00:00,10.42
2023-03-05 15:51:00+00:00,0.9287
2023-06-18 00:41:00+00:00,12.66
2023-04-03 20:30:00+00:00,12.94
2023-03-27 13:29:00+00:00,2.6063
2023-06-28 22:51:00+00:00,10.0975
2023-06-16 22:40:00+00:00,10.82
2023-05-03 02:26:00+00:00,9.6525
2023-04-21 14:41:00+00:00,10.9
2023-04-04 21:04:00+00:00,5.76
2023-03-19 17:53:00+00:00,5.0713
2023-03-13 23:27:00+00:00,0.5387
2023-01-24 11:20:00+00:00,7.16
2023-01-02 01:00:00+00:00,5.8513
2023-04-07 00:39:00+00:00,2.92
2023-02-27 09:25:00+00:00,13.84
2023-02-04 10:04:00+00:00,1.5425
2023-01-12 23:35:00+00:00,1.2388
2023-05-21 20:20:00+00:00,12.3
2023-03-24 22:28:00+00:00,6.7275
2023-01-23 22:28:00+00:00,12.8775
2023-03-01 23:42:00+00:00,14.68
2023-05-16 03:02:00+00:00,5.1937
2023-06-19 01:07:00+00:00,9.2112
2023-06-21 15:15:00+00:00,6.92
2023-01-21 08:28:00+00:00,5.7
2023-03-05 15:00:00+00:00,1.1288
2023-02-08 02:48:00+00:00,10.66
2023-05-09 08:18:00+00:00,3.26
2023-05-01 12:08:00+00:00,3.125
2023-05-30 17:04:00+00:00,6.48
2023-05-03 02:34:00+00:00,11.8025
2023-01-02 01:25:00+00:00,9.4512
2023-03-30 16:29:00+00:00,11.66
2023-03-30 16:12:00+00:00,1.56
2023-01-28 03:29:00+00:00,8.2838
2023-04-27 08:08:00+00:00,8.22
2023-04-15 08:23:00+00:00,0.78
2023-03-24 10:37:00+00:00,6.7525
2023-04-14 07:06:00+00:00,15.16
2023-03-30 04:12:00+00:00,12.335
2023-02-13 19:31:00+00:00,9.1037
2023-05-25 12:03:00+00:00,13.18
2023-04-09 14:05:00+00:00,5.0975
2023-04-08 13:22:00+00:00,3.1963
2023-05-24 23:46:00+00:00,13.56
2023-03-08 06:26:00+00:00,8.8075
2023-03-07 17:17:00+00:00,5.2812
2023-01-14 01:53:00+00:00,7.36
2023-02-22 04:16:00+00:00,5.915
2023-03-20 18:28:00+00:00,10.2725
2023-02-13 19:40:00+00:00,11.16
2023-03-16 02:10:00+00:00,12.2425
2023-06-17 23:06:00+00:00,9.8588
2023-03-19 05:36:00+00:00,13.44
2023-01-06 05:35:00+00:00,8.7562
2023-04-10 03:14:00+00:00,5.3238
2023-03-24 10:54:00+00:00,14.74
2023-04-18 23:23:00+00:00,6.84
2023-06-02 08:13:00+00:00,10.24
2023-01-20 07:45:00+00:00,13.88
2023-05-12 11:10:00+00:00,11.1638
2023-03-29 03:29:00+00:00,0.6338
2023-01-09 20:01:00+00:00,13.66
2023-03-12 22:18:00+00:00,1.7875
2023-02-16 22:23:00+00:00,8.1575
2023-04-22 15:24:00+00:00,14.52
2023-02-09 03:57:00+00:00,1.3738
2023-06-04 10:13:00+00:00,6.4425
2023-06-13 19:57:00+00:00,9.16
2023-02-13 07:57:00+00:00,2.7788
2023-06-20 14:58:00+00:00,11.4875
2023-05-21 20:45:00+00:00,7.1
2023-04-04 09:56:00+00:00,2.3413
2023-02-01 19:30:00+00:00,9.5638
2023-06-13 19:57:00+00:00,11.96
2023-04-16 21:49:00+00:00,9.9062
2023-02-11 05:14:00+00:00,3.4263
2023-03-15 01:10:00+00:00,8.96
2023-04-01 18:21:00+00:00,8.6625
2023-02-24 06:33:00+00:00,9.5175
2023-05-22 09:54:00+00:00,12.72
2023-05-24 23:11:00+00:00,2.1787
2023-06-09 03:31:00+00:00,3.7738
2023-05-22 21:11:00+00:00,11.92
2023-01-26 13:37:00+00:00,2.1562
2023-06-14 20:23:00+00:00,2.705
2023-01-19 06:11:00+00:00,8.66
2023-04-26 07:33:00+00:00,4.6688
2023-06-29 23:08:00+00:00,10.3987
2023-04-15 08:49:00+00:00,8.78
2023-02-09 15:48:00+00:00,3.5987
2023-04-14 07:40:00+00:00,2.1787
2023-05-07 06:09:00+00:00,7.62
2023-05-08 19:52:00+00:00,10.2837
2023-04-29 10:59:00+00:00,12.2725
2023-03-31 17:38:00+00:00,10.88
2023-06-24 06:59:00+00:00,7.4175
2023-05-01 12:08:00+00:00,1.975
2023-04-21 02:15:00+00:00,9.3
2023-01-31 18:47:00+00:00,5.2625
2023-05-11 10:01:00+00:00,4.8125
2023-03-19 05:02:00+00:00,8.24
2023-01-10 21:52:00+00:00,8.0862
2023-03-04 02:00:00+00:00,2.7025
2023-05-25 00:46:00+00:00,14.38
2023-02-01 07:47:00+00:00,5.6887
2023-05-06 17:00:00+00:00,9.2812
2023-03-27 13:46:00+00:00,14.8
2023-05-05 04:52:00+00:00,2.055
2023-06-26 20:50:00+00:00,2.695
2023-06-19 01:07:00+00:00,12.88
2023-03-06 04:00:00+00:00,12.955
2023-04-08 13:56:00+00:00,4.3462
2023-01-31 06:21:00+00:00,13.7
2023-02-08 02:14:00+00:00,12.1725
2023-05-25 00:12:00+00:00,0.73
2023-01-05 16:09:00+00:00,9.58
2023-06-10 16:48:00+00:00,4.5
2023-05-21 20:37:00+00:00,1.675
2023-04-14 07:06:00+00:00,9.56
2023-03-06 16:26:00+00:00,10.48
2023-05-05 16:09:00+00:00,11.53
2023-04-15 20:32:00+00:00,12.38
2023-03-14 12:44:00+00:00,4.265
2023-05-12 23:18:00+00:00,4.9887
2023-03-12 22:18:00+00:00,14.1
2023-04-22 15:33:00+00:00,4.2888
2023-02-23 17:07:00+00:00,6.7412
2023-01-20 07:54:00+00:00,14.28
2023-03-11 21:35:00+00:00,1.2363
2023-05-03 14:26:00+00:00,12.3275
2023-02-17 23:15:00+00:00,6.04
2023-05-05 16:17:00+00:00,7.13
2023-02-13 19:06:00+00:00,5.8537
2023-06-14 20:40:00+00:00,6.38
2023-02-17 23:58:00+00:00,8.1588
2023-04-08 01:31:00+00:00,4.2713
2023-02-12 18:48:00+00:00,11.14
2023-02-01 19:04:00+00:00,11.4637
2023-05-06 17:17:00+00:00,2.9312
2023-04-23 16:41:00+00:00,14.94
2023-06-17 11:41:00+00:00,8.8837
2023-04-08 01:56:00+00:00,8.6212
2023-04-10 15:14:00+00:00,9.48
2023-02-27 09:42:00+00:00,4.1212
2023-02-12 18:57:00+00:00,3.4525
2023-04-25 06:59:00+00:00,11.38
2023-04-01 06:47:00+00:00,1.9875
2023-04-18 23:15:00+00:00,7.9588
2023-02-24 18:16:00+00:00,13.38
2023-04-21 02:32:00+00:00,11.0125
2023-03-14 12:27:00+00:00,7.065
2023-02-24 18:50:00+00:00,12.58
2023-06-10 04:22:00+00:00,2.325
2023-04-02 19:55:00+00:00,7.5637
2023-02-19 13:32:00+00:00,13.28
2023-01-25 12:54:00+00:00,12.155
2023-04-12 17:05:00+00:00,10.72
2023-04-11 16:40:00+00:00,12.3
2023-05-01 00:00:00+00:00,2.25
2023-02-26 20:50:00+00:00,4.845
2023-06-06 12:13:00+00:00,12.22
2023-03-24 22:54:00+00:00,4.4275
2023-03-26 12:54:00+00:00,10.455
2023-03-06 16:09:00+00:00,14.78
2023-06-13 07:06:00+00:00,9.7788
2023-03-28 14:03:00+00:00,8.1575
2023-06-16 22:49:00+00:00,8.42
2023-01-08 07:43:00+00:00,10.5087
2023-01-11 22:27:00+00:00,12.2875
2023-02-06 00:39:00+00:00,14.62
2023-01-06 05:09:00+00:00,10.8063
2023-01-13 00:44:00+00:00,1.79
2023-05-29 04:12:00+00:00,11.66
2023-02-02 20:56:00+00:00,0.615
2023-03-26 12:29:00+00:00,3.005
2023-02-09 03:14:00+00:00,15.08
2023-01-28 15:55:00+00:00,7.5587
2023-01-03 14:51:00+00:00,1.3275
2023-05-31 06:47:00+00:00,14.5
2023-03-11 21:09:00+00:00,6.8362
2023-05-22 09:37:00+00:00,1.0513
2023-01-17 16:45:00+00:00,11.42
2023-05-27 14:12:00+00:00,0.9575
2023-05-30 05:21:00+00:00,1.9863
2023-01-11 22:44:00+00:00,8.9
2023-04-30 23:59:00+00:00,1.9487
2023-01-03 14:51:00+00:00,12.0775
2023-03-03 13:43:00+00:00,10.32
2023-03-29 03:12:00+00:00,3.2338
2023-03-14 00:18:00+00:00,2.79
2023-01-08 07:26:00+00:00,13.64
2023-03-28 02:20:00+00:00,5.8325
2023-02-06 00:39:00+00:00,4.07
2023-03-06 16:52:00+00:00,5.58
2023-03-31 05:38:00+00:00,1.3363
2023-06-27 21:25:00+00:00,3.6463
2023-01-23 10:37:00+00:00,13.94
2023-04-03 20:47:00+00:00,8.665
2023-03-12 10:52:00+00:00,8.7625
2023-06-04 10:39:00+00:00,7.38
2023-06-13 07:14:00+00:00,2.5787
2023-04-22 03:50:00+00:00,11.0137
2023-02-13 07:23:00+00:00,5.96
2023-03-21 07:37:00+00:00,2.5488
2023-01-31 06:21:00+00:00,9.1375
2023-03-13 11:35:00+00:00,11.72
2023-04-14 19:23:00+00:00,11.16
2023-06-18 00:06:00+00:00,0.96
2023-05-19 18:28:00+00:00,9.46
2023-01-02 13:43:00+00:00,7.2763
2023-03-26 00:54:00+00:00,10.08
2023-05-24 23:03:00+00:00,5.56
2023-02-06 00:30:00+00:00,6.72
2023-01-09 08:26:00+00:00,12.91
2023-05-12 23:35:00+00:00,8.12
2023-02-04 22:39:00+00:00,8.7675
2023-01-26 01:55:00+00:00,7.3312
2023-03-08 06:35:00+00:00,15.22
2023-02-24 06:33:00+00:00,6.7675
2023-05-27 14:46:00+00:00,0.5075
2023-04-22 15:58:00+00:00,11.32
2023-01-05 04:17:00+00:00,6.255
2023-06-25 19:07:00+00:00,4.2938
2023-04-28 09:59:00+00:00,12.24
2023-01-08 07:43:00+00:00,10.2587
2023-04-24 05:07:00+00:00,1.9163
2023-06-23 05:59:00+00:00,14.16
2023-06-17 11:32:00+00:00,0.6338
2023-03-18 16:45:00+00:00,12.42
2023-04-07 00:05:00+00:00,14.62
2023-03-08 06:00:00+00:00,5.5575
2023-02-06 00:48:00+00:00,9.12
2023-01-28 15:03:00+00:00,10.04
2023-01-14 01:44:00+00:00,7.2912
2023-03-08 06:26:00+00:00,5.1575
2023-02-05 23:22:00+00:00,7.4
2023-01-25 12:03:00+00:00,7.205
2023-03-29 15:12:00+00:00,2.4087
2023-03-17 03:02:00+00:00,11.8
2023-03-07 17:26:00+00:00,5.5812
2023-03-06 04:17:00+00:00,4.205
2023-04-23 16:16:00+00:00,6.14
2023-05-22 09:03:00+00:00,9.7012
2023-05-14 01:36:00+00:00,3.1412
2023-05-04 03:34:00+00:00,12.76
2023-03-05 03:43:00+00:00,11.3038
2023-06-01 19:55:00+00:00,6.3137
2023-02-28 22:51:00+00:00,10.26
2023-02-04 10:04:00+00:00,6.6925
2023-04-08 13:39:00+00:00,2.5962
2023-02-07 13:39:00+00:00,13.84
2023-01-31 18:30:00+00:00,10.9125
2023-02-25 07:16:00+00:00,8.7688
2023-04-19 12:32:00+00:00,8.06
2023-02-04 10:13:00+00:00,2.8925
2023-04-14 07:14:00+00:00,2.4287
2023-05-10 21:18:00+00:00,8.08
2023-02-02 20:30:00+00:00,3.765
2023-06-08 02:48:00+00:00,6.3725
2023-02-16 22:40:00+00:00,7.62
2023-02-20 14:58:00+00:00,5.5875
2023-06-19 01:32:00+00:00,11.6613
2023-06-11 17:14:00+00:00,11.12
2023-01-11 10:35:00+00:00,9.3625
2023-06-29 11:59:00+00:00,7.8238
2023-06-09 03:48:00+00:00,7.88
2023-01-27 02:20:00+00:00,0.8325
2023-01-03 02:08:00+00:00,1.2025
2023-05-03 02:08:00+00:00,10.74
2023-01-14 01:01:00+00:00,11.3413
2023-03-09 07:09:00+00:00,12.7088
2023-03-13 11:18:00+00:00,14.92
2023-04-21 14:41:00+00:00,7.9875
2023-01-19 18:28:00+00:00,0.7725
2023-03-28 14:29:00+00:00,7.62
2023-04-05 22:30:00+00:00,6.3675
2023-02-28 22:51:00+00:00,7.4475
2023-03-02 00:25:00+00:00,5.9
2023-03-13 11:10:00+00:00,6.2637
2023-05-08 19:18:00+00:00,5.7838
2023-02-19 01:41:00+00:00,10.48
2023-04-25 18:42:00+00:00,3.2425
2023-02-27 21:25:00+00:00,9.2963
2023-01-03 14:34:00+00:00,11.14
2023-05-15 02:44:00+00:00,0.9425
2023-06-16 10:32:00+00:00,5.6825
2023-01-12 11:18:00+00:00,7.32
2023-05-30 17:21:00+00:00,10.3112
2023-02-04 22:22:00+00:00,9.2175
2023-05-30 17:38:00+00:00,6.88
2023-01-14 01:36:00+00:00,7.4413
2023-04-01 06:55:00+00:00,4.7375
2023-06-05 23:47:00+00:00,9.4
2023-06-13 07:14:00+00:00,1.9788
2023-02-25 19:25:00+00:00,9.0437
2023-04-03 20:56:00+00:00,13.34
2023-04-15 08:14:00+00:00,1.68
2023-04-11 04:22:00+00:00,0.925
2023-03-24 10:20:00+00:00,13.94
2023-04-19 00:06:00+00:00,12.96
2023-01-08 07:43:00+00:00,0.6088
2023-03-07 05:00:00+00:00,11.2
2023-04-24 17:07:00+00:00,12.9913
2023-02-18 00:15:00+00:00,12.01
2023-04-12 05:05:00+00:00,14.32
2023-01-19 18:11:00+00:00,1.6725
2023-06-11 05:57:00+00:00,7.12
2023-03-28 14:12:00+00:00,11.62
2023-01-22 09:11:00+00:00,1.8513
2023-04-07 12:30:00+00:00,9.295
2023-03-04 02:26:00+00:00,6.34
2023-01-25 00:03:00+00:00,9.58
2023-06-10 16:14:00+00:00,5.85
2023-06-25 19:16:00+00:00,10.6
2023-03-21 07:37:00+00:00,1.2488
2023-06-23 17:07:00+00:00,2.9912
2023-03-10 08:52:00+00:00,7.66
2023-01-17 16:28:00+00:00,4.07
2023-03-15 13:44:00+00:00,5.9162
2023-01-08 07:43:00+00:00,12.84
2023-05-26 13:03:00+00:00,0.5563
2023-02-28 10:16:00+00:00,3.2725
2023-06-11 05:05:00+00:00,9.92
2023-02-01 19:04:00+00:00,3.9137
2023-05-04 15:09:00+00:00,11.9787
2023-05-02 13:25:00+00:00,6.32
2023-01-11 22:27:00+00:00,11.4375
2023-04-18 23:49:00+00:00,3.0088
2023-04-10 15:05:00+00:00,6.68
2023-05-07 18:26:00+00:00,7.2825
2023-03-22 08:45:00+00:00,0.75
2023-05-25 00:20:00+00:00,11.58
2023-01-24 11:11:00+00:00,1.1038
2023-05-11 10:01:00+00:00,0.6625
2023-05-02 01:00:00+00:00,12.32
2023-03-15 01:27:00+00:00,5.1913
2023-05-07 18:52:00+00:00,6.0825
2023-06-09 15:48:00+00:00,7.08
2023-02-16 10:06:00+00:00,6.4825
2023-02-11 05:31:00+00:00,7.8762
2023-02-18 00:49:00+00:00,15.26
2023-06-13 19:31:00+00:00,9.2037
2023-01-03 14:08:00+00:00,5.3275
2023-05-23 10:54:00+00:00,9.94
2023-04-21 14:07:00+00:00,11.2375
2023-05-27 14:29:00+00:00,6.1575
2023-05-17 16:45:00+00:00,10.22
2023-03-05 03:26:00+00:00,2.8537
2023-03-22 08:45:00+00:00,3.15
2023-05-01 12:34:00+00:00,7.5
2023-03-20 06:28:00+00:00,9.2475
2023-02-05 23:13:00+00:00,9.4688
2023-01-10 21:52:00+00:00,9.28
2023-06-04 10:22:00+00:00,2.8925
2023-02-20 02:15:00+00:00,12.1625
2023-03-28 02:55:00+00:00,10.42
2023-01-17 04:36:00+00:00,11.42
2023-04-10 15:48:00+00:00,4.4488
2023-05-12 23:27:00+00:00,12.92
2023-03-05 15:43:00+00:00,4.4787
2023-03-03 01:34:00+00:00,9.0013
2023-04-05 22:22:00+00:00,6.58
2023-06-14 08:57:00+00:00,1.63
2023-05-08 19:09:00+00:00,5.0338
2023-01-18 17:36:00+00:00,14.24
2023-03-23 09:03:00+00:00,7.4512
2023-05-22 21:28:00+00:00,11.6762
2023-02-22 16:16:00+00:00,9.34
2023-02-09 03:57:00+00:00,0.9738
2023-03-23 21:20:00+00:00,6.7763
2023-01-13 00:10:00+00:00,8.54
2023-05-16 03:45:00+00:00,8.7937
2023-04-16 09:40:00+00:00,6.3312
2023-01-25 00:54:00+00:00,11.58
2023-06-02 08:30:00+00:00,9.79
2023-03-27 01:20:00+00:00,4.1312
2023-02-07 01:39:00+00:00,13.04
2023-01-02 01:34:00+00:00,8.4013
2023-06-28 10:08:00+00:00,6.9725
2023-04-09 02:48:00+00:00,14.26
2023-06-10 04:05:00+00:00,11.075
2023-06-11 17:14:00+00:00,11.8012
2023-02-27 09:51:00+00:00,9.04
2023-05-31 06:55:00+00:00,5.4875
2023-05-12 23:44:00+00:00,11.8387
2023-01-16 15:36:00+00:00,15.4
2023-02-06 00:13:00+00:00,1.32
2023-04-26 07:33:00+00:00,3.7188
2023-05-12 23:53:00+00:00,9.32
2023-05-23 10:11:00+00:00,2.9525
2023-06-14 20:32:00+00:00,0.555
2023-04-11 16:22:00+00:00,7.5
2023-05-17 04:45:00+00:00,4.195
2023-05-27 14:12:00+00:00,8.3575
2023-03-11 21:27:00+00:00,6.88
2023-03-26 00:20:00+00:00,0.63
2023-05-08 19:09:00+00:00,4.6837
2023-05-31 18:30:00+00:00,7.3
2023-05-29 16:29:00+00:00,2.01
2023-06-07 13:22:00+00:00,8.6463
2023-06-18 00:49:00+00:00,12.46
2023-04-06 23:39:00+00:00,9.7188
2023-04-08 13:05:00+00:00,11.9462
2023-04-17 10:23:00+00:00,6.02
2023-05-14 01:10:00+00:00,3.8413
2023-03-18 16:02:00+00:00,11.67
2023-05-06 17:17:00+00:00,11.2
2023-02-18 00:41:00+00:00,12.51
2023-04-21 14:41:00+00:00,7.6375
2023-03-22 08:37:00+00:00,13.9
2023-06-03 21:56:00+00:00,1.7663
2023-04-23 16:41:00+00:00,2.79
2023-05-17 16:53:00+00:00,8.22
2023-03-22 20:37:00+00:00,5.275
2023-05-09 08:35:00+00:00,7.06
2023-01-04 15:17:00+00:00,12.36
2023-06-23 17:59:00+00:00,11.4913
2023-05-25 12:29:00+00:00,1.905
2023-01-06 05:43:00+00:00,12.4
2023-04-04 21:30:00+00:00,4.3662
2023-05-07 18:00:00+00:00,3.6325
2023-06-14 20:57:00+00:00,6.78
2023-03-11 21:01:00+00:00,5.0362
2023-06-17 23:49:00+00:00,2.1087
2023-02-04 10:04:00+00:00,13.38
2023-06-09 15:31:00+00:00,11.3987
2023-06-25 07:07:00+00:00,2.6187
2023-04-13 06:23:00+00:00,5.94
2023-03-12 10:10:00+00:00,4.7125
2023-04-12 05:40:00+00:00,9.2263
2023-01-02 01:43:00+00:00,11.12
2023-02-05 23:39:00+00:00,9.1188
2023-03-20 18:45:00+00:00,12.7225
2023-03-07 05:43:00+00:00,11.2
2023-02-24 06:33:00+00:00,3.1675
2023-04-28 09:16:00+00:00,10.1713
2023-02-19 01:58:00+00:00,9.28
2023-06-27 21:42:00+00:00,5.9463
2023-06-26 08:33:00+00:00,2.17
2023-02-19 01:32:00+00:00,14.88
2023-06-10 04:05:00+00:00,8.525
2023-01-13 12:10:00+00:00,9.615
2023-05-29 04:46:00+00:00,6.06
2023-06-01 19:47:00+00:00,7.6638
2023-06-17 23:23:00+00:00,12.4087
2023-03-08 18:00:00+00:00,6.02
2023-04-28 21:08:00+00:00,12.2963
2023-01-09 20:35:00+00:00,8.335
2023-02-11 17:31:00+00:00,9.92
2023-05-09 20:52:00+00:00,10.435
2023-04-12 05:57:00+00:00,9.8763
2023-05-06 17:43:00+00:00,8.4
2023-06-18 12:41:00+00:00,6.285
2023-02-11 05:40:00+00:00,10.2762
2023-06-06 12:13:00+00:00,11.82
2023-02-03 21:39:00+00:00,11.1163
2023-04-09 14:05:00+00:00,13.06
2023-06-25 07:07:00+00:00,11.4
2023-03-20 06:54:00+00:00,12.5475
2023-06-20 02:24:00+00:00,12.0125
2023-03-16 02:53:00+00:00,7.78
2023-03-20 06:11:00+00:00,7.7475
2023-03-09 07:52:00+00:00,12.6088
2023-02-23 17:33:00+00:00,8.56
2023-02-16 22:58:00+00:00,2.1575
2023-02-04 10:47:00+00:00,10.1425
2023-01-23 22:46:00+00:00,11.14
2023-01-01 12:51:00+00:00,10.575
2023-03-24 22:54:00+00:00,11.0275
2023-05-14 01:19:00+00:00,15.36
2023-06-07 01:48:00+00:00,6.8712
2023-04-07 00:48:00+00:00,10.17
2023-04-17 22:58:00+00:00,14.42
2023-05-22 21:37:00+00:00,4.3262
2023-05-05 04:52:00+00:00,11.555
2023-06-25 19:16:00+00:00,10.6
2023-01-08 07:26:00+00:00,6.5088
2023-05-13 12:36:00+00:00,5.215
2023-01-21 08:45:00+00:00,6.7
2023-01-06 17:00:00+00:00,5.4313
2023-04-15 20:49:00+00:00,8.455
2023-02-22 16:50:00+00:00,8.54
2023-02-03 21:56:00+00:00,10.7662
2023-02-28 22:34:00+00:00,11.1475
2023-05-03 14:00:00+00:00,7.14
2023-05-02 13:34:00+00:00,6.5762
2023-01-14 13:27:00+00:00,7.1662
2023-01-06 05:52:00+00:00,8.0
2023-05-14 13:01:00+00:00,1.7163
2023-04-29 10:34:00+00:00,0.8725
2023-02-07 01:13:00+00:00,13.44
2023-06-09 15:57:00+00:00,6.0987
2023-04-07 12:48:00+00:00,11.945
2023-04-20 01:32:00+00:00,14.88
2023-02-20 02:58:00+00:00,9.6125
2023-05-31 18:04:00+00:00,0.8625
2023-05-02 01:43:00+00:00,10.32
2023-03-28 02:38:00+00:00,8.4825
2023-01-20 19:37:00+00:00,9.0738
2023-06-07 13:31:00+00:00,5.84
2023-04-09 02:56:00+00:00,4.0225
2023-03-26 12:20:00+00:00,1.755
2023-05-08 19:18:00+00:00,12.84
2023-06-04 10:04:00+00:00,5.9425
2023-04-18 23:23:00+00:00,10.6587
2023-06-20 14:24:00+00:00,6.5
2023-02-18 12:58:00+00:00,10.86
2023-04-06 11:39:00+00:00,4.9938
2023-03-12 22:01:00+00:00,13.7
2023-03-06 16:52:00+00:00,11.88
2023-03-05 15:43:00+00:00,7.9287
2023-01-11 22:27:00+00:00,12.5
2023-02-28 10:34:00+00:00,12.9225
2023-01-21 20:37:00+00:00,12.775
2023-04-11 04:22:00+00:00,8.7
2023-06-13 07:57:00+00:00,0.9788
2023-05-08 19:35:00+00:00,6.3838
2023-02-20 14:41:00+00:00,10.1
2023-06-28 10:34:00+00:00,6.9225
2023-06-17 23:23:00+00:00,4.4087
2023-05-20 07:45:00+00:00,11.88
2023-04-11 16:22:00+00:00,10.85
2023-06-27 09:51:00+00:00,7.8213
2023-05-08 19:43:00+00:00,8.84
2023-04-20 01:24:00+00:00,3.6113
2023-01-29 04:04:00+00:00,11.485
2023-02-11 17:05:00+00:00,12.32
2023-05-12 11:10:00+00:00,6.2138
2023-03-29 15:21:00+00:00,7.9088
2023-02-11 05:14:00+00:00,5.52
2023-04-16 21:40:00+00:00,11.0563
2023-04-01 18:47:00+00:00,2.2625
2023-01-22 21:28:00+00:00,7.12
2023-02-12 18:23:00+00:00,11.3525
2023-06-16 22:23:00+00:00,2.4075
2023-03-26 00:54:00+00:00,14.78
2023-02-10 04:40:00+00:00,6.175
2023-05-14 01:10:00+00:00,8.6412
2023-06-17 23:32:00+00:00,12.04
2023-04-02 19:55:00+00:00,5.7138
2023-01-02 13:00:00+00:00,10.2762
2023-03-02 12:25:00+00:00,13.1
2023-04-22 03:58:00+00:00,10.8138
2023-03-31 05:55:00+00:00,1.1863
2023-03-13 23:18:00+00:00,13.72
2023-04-02 07:04:00+00:00,3.3887
2023-02-10 04:31:00+00:00,5.675
2023-02-05 23:22:00+00:00,10.6
2023-03-22 20:02:00+00:00,12.325
2023-02-22 04:50:00+00:00,4.715
2023-02-23 05:33:00+00:00,11.76
2023-04-08 01:13:00+00:00,6.1712
2023-02-06 00:13:00+00:00,11.92
2023-05-07 06:18:00+00:00,14.42
2023-01-31 18:38:00+00:00,10.1625
2023-02-28 10:08:00+00:00,4.9725
2023-02-13 19:57:00+00:00,8.76
2023-03-21 07:11:00+00:00,8.1487
2023-06-24 06:59:00+00:00,4.3175
2023-05-13 12:18:00+00:00,13.34
2023-03-03 01:34:00+00:00,2.4512
2023-01-02 01:43:00+00:00,1.1513
2023-01-09 20:44:00+00:00,11.26
2023-01-18 05:53:00+00:00,12.0463
2023-01-14 01:53:00+00:00,4.8412
2023-03-17 15:27:00+00:00,7.8
2023-03-15 13:19:00+00:00,12.8663
2023-02-27 09:33:00+00:00,1.3712
2023-05-22 09:45:00+00:00,9.52
2023-06-25 19:16:00+00:00,6.4437
2023-04-12 05:05:00+00:00,8.6762
2023-04-11 04:31:00+00:00,12.3
2023-03-24 22:11:00+00:00,3.0775
2023-05-01 00:00:00+00:00,1.65
2023-06-02 08:21:00+00:00,10.54
2023-04-17 22:58:00+00:00,11.1575
2023-01-14 13:36:00+00:00,9.7163
2023-06-28 22:08:00+00:00,14.66
2023-01-02 13:34:00+00:00,12.6762
2023-04-27 08:25:00+00:00,10.82
2023-02-28 10:42:00+00:00,13.86
2023-03-01 23:25:00+00:00,11.5988
2023-05-06 05:00:00+00:00,9.3562
2023-04-27 20:25:00+00:00,9.42
2023-06-26 08:50:00+00:00,1.72
2023-05-02 13:43:00+00:00,5.0762
2023-01-04 15:17:00+00:00,5.96
2023-04-04 21:47:00+00:00,2.6162
2023-04-30 23:25:00+00:00,8.8488
2023-01-05 04:17:00+00:00,13.18
2023-04-22 15:41:00+00:00,3.9888
2023-06-21 15:41:00+00:00,4.4388
2023-02-11 17:31:00+00:00,13.52
2023-05-25 00:03:00+00:00,6.98
2023-01-14 13:53:00+00:00,5.7663
2023-02-19 01:49:00+00:00,6.88
2023-05-28 15:03:00+00:00,6.0088
2023-01-21 08:20:00+00:00,2.45
2023-06-05 11:22:00+00:00,6.2
2023-03-18 16:10:00+00:00,0.62
2023-04-18 11:23:00+00:00,9.3837
2023-04-29 10:08:00+00:00,13.06
2023-05-11 10:52:00+00:00,5.7625
2023-06-13 19:57:00+00:00,12.9537
2023-04-17 10:06:00+00:00,10.82
2023-02-19 01:15:00+00:00,1.9612
2023-06-12 18:57:00+00:00,12.74
2023-05-29 16:21:00+00:00,12.06
2023-01-13 00:27:00+00:00,4.54
2023-03-21 19:11:00+00:00,2.3738
2023-05-17 16:19:00+00:00,10.22
2023-02-08 02:22:00+00:00,7.0725
2023-06-25 07:07:00+00:00,11.8187
2023-06-06 12:48:00+00:00,15.02
2023-06-14 08:57:00+00:00,2.73
2023-04-21 02:07:00+00:00,8.2625
2023-01-13 00:01:00+00:00,8.54
2023-04-13 18:06:00+00:00,3.0025
2023-01-16 15:53:00+00:00,10.2688
2023-01-29 04:38:00+00:00,5.66
2023-06-21 03:15:00+00:00,8.0637
2023-04-02 07:04:00+00:00,8.6888
2023-04-07 12:30:00+00:00,13.02
2023-04-08 13:22:00+00:00,3.8963
2023-02-07 01:56:00+00:00,0.8213
2023-03-06 04:17:00+00:00,6.38
2023-05-12 23:44:00+00:00,7.9887
2023-01-23 22:54:00+00:00,3.8275
2023-02-27 21:59:00+00:00,11.84
2023-05-03 02:51:00+00:00,10.3025
2023-06-08 02:22:00+00:00,8.2225
2023-05-20 19:02:00+00:00,10.28
2023-03-16 02:27:00+00:00,12.4425
2023-04-17 22:58:00+00:00,0.8075
2023-05-04 15:09:00+00:00,6.76
2023-01-09 08:01:00+00:00,11.36
2023-05-21 20:54:00+00:00,11.175
2023-05-15 14:53:00+00:00,12.18
2023-04-22 15:24:00+00:00,10.9887
2023-02-24 18:07:00+00:00,2.1925
2023-01-14 01:01:00+00:00,11.76
2023-02-23 05:59:00+00:00,5.0663
2023-04-30 23:08:00+00:00,1.7988
2023-05-17 04:02:00+00:00,8.22
2023-05-22 21:54:00+00:00,12.3763
2023-02-22 16:41:00+00:00,3.79
2023-04-01 06:04:00+00:00,15.3
2023-04-04 21:47:00+00:00,9.8163
2023-01-20 19:02:00+00:00,3.3737
2023-04-21 02:07:00+00:00,6.5
2023-04-15 20:49:00+00:00,3.405
2023-01-22 21:54:00+00:00,6.4262
2023-06-06 12:13:00+00:00,11.42
2023-05-28 15:38:00+00:00,6.3087
2023-01-29 04:55:00+00:00,8.485
2023-06-09 15:48:00+00:00,11.88
2023-05-03 14:34:00+00:00,11.54
2023-03-14 00:01:00+00:00,7.99
2023-03-24 10:37:00+00:00,8.74
2023-02-22 16:33:00+00:00,8.29
2023-03-03 01:25:00+00:00,12.2012
2023-02-22 16:07:00+00:00,10.54
2023-06-29 11:59:00+00:00,9.8238
2023-02-11 17:14:00+00:00,12.8513
2023-03-10 20:18:00+00:00,14.06
2023-03-03 13:08:00+00:00,1.7263
2023-03-10 20:44:00+00:00,10.485
2023-04-30 23:08:00+00:00,8.68
2023-05-08 07:26:00+00:00,11.7088
2023-03-30 16:55:00+00:00,1.46
2023-05-03 02:17:00+00:00,13.14
2023-01-03 02:00:00+00:00,3.7025
2023-03-10 08:01:00+00:00,6.66
2023-04-04 09:47:00+00:00,14.56
2023-03-19 05:19:00+00:00,10.0463
2023-05-08 07:09:00+00:00,8.6088
2023-06-15 21:06:00+00:00,12.0
2023-01-31 06:38:00+00:00,9.1375
2023-01-16 15:27:00+00:00,4.2687
2023-03-09 19:52:00+00:00,6.84
2023-03-07 17:35:00+00:00,10.3313
2023-05-23 22:28:00+00:00,8.8275
2023-03-30 16:21:00+00:00,10.86
2023-04-12 17:48:00+00:00,12.0512
2023-05-10 21:52:00+00:00,2.6862
2023-04-18 23:32:00+00:00,13.64
2023-03-27 01:29:00+00:00,12.7312
2023-02-24 18:59:00+00:00,10.0925
2023-02-24 18:50:00+00:00,6.18
2023-03-14 12:27:00+00:00,1.315
2023-02-16 22:49:00+00:00,5.2575
2023-03-04 14:08:00+00:00,12.74
2023-02-01 19:04:00+00:00,2.8138
2023-03-07 17:09:00+00:00,0.8812
2023-04-14 07:06:00+00:00,13.96
2023-05-04 15:51:00+00:00,7.5788
2023-04-11 04:57:00+00:00,10.975
2023-02-14 08:06:00+00:00,6.38
2023-03-29 03:29:00+00:00,6.7838
2023-05-18 05:36:00+00:00,12.2963
2023-02-05 23:13:00+00:00,5.8
2023-06-14 08:49:00+00:00,2.28
2023-01-19 18:36:00+00:00,9.8725
2023-04-02 07:30:00+00:00,10.52
2023-03-05 15:17:00+00:00,6.5788
2023-01-21 20:37:00+00:00,5.675
2023-02-12 06:31:00+00:00,13.94
2023-02-15 09:32:00+00:00,10.6813
2023-01-25 12:37:00+00:00,12.505
2023-05-28 03:03:00+00:00,11.24
2023-01-25 00:46:00+00:00,6.23
2023-01-01 00:00:00+00:00,7.25
2023-06-07 13:48:00+00:00,11.04
2023-01-03 14:00:00+00:00,12.5775
2023-06-26 08:59:00+00:00,5.22
2023-01-19 06:02:00+00:00,10.26
2023-05-03 02:34:00+00:00,9.4525
2023-05-17 04:53:00+00:00,8.295
2023-05-13 00:53:00+00:00,6.94
2023-04-20 13:07:00+00:00,12.8362
2023-04-07 12:56:00+00:00,2.095
2023-02-15 09:32:00+00:00,10.0
2023-04-05 22:04:00+00:00,3.3175
2023-04-25 06:07:00+00:00,1.4175
2023-06-16 10:49:00+00:00,10.02
2023-01-23 10:20:00+00:00,12.3025
2023-05-29 04:46:00+00:00,9.185
2023-05-11 22:52:00+00:00,12.1
2023-01-28 15:12:00+00:00,1.5088
2023-02-26 20:33:00+00:00,6.245
2023-01-26 13:46:00+00:00,9.2
2023-04-23 04:58:00+00:00,9.615
2023-05-10 09:18:00+00:00,6.0613
2023-02-05 11:39:00+00:00,6.2
2023-03-12 22:44:00+00:00,0.7375
2023-02-08 14:56:00+00:00,9.5475
2023-03-24 22:11:00+00:00,14.74
2023-03-20 06:11:00+00:00,11.2975
2023-06-04 22:39:00+00:00,3.1675
2023-06-16 10:06:00+00:00,9.62
2023-06-18 12:15:00+00:00,5.085
2023-02-16 22:23:00+00:00,10.8075
2023-02-09 15:39:00+00:00,13.48
2023-05-17 04:28:00+00:00,5.995
2023-03-31 05:04:00+00:00,9.5363
2023-04-02 19:21:00+00:00,10.12
2023-03-03 01:00:00+00:00,6.4512
2023-02-01 07:47:00+00:00,7.7387
2023-03-10 08:09:00+00:00,10.06
2023-04-21 02:07:00+00:00,2.4125
2023-05-23 10:37:00+00:00,12.8525
2023-04-10 15:48:00+00:00,12.68
2023-06-26 20:59:00+00:00,1.645
2023-02-12 06:23:00+00:00,7.9775
2023-03-14 12:01:00+00:00,14.54
2023-06-22 04:16:00+00:00,2.815
2023-02-21 03:58:00+00:00,13.72
2023-06-02 08:30:00+00:00,11.34
2023-01-06 17:17:00+00:00,4.9813
2023-04-13 06:06:00+00:00,6.5775
2023-05-30 17:29:00+00:00,13.28
2023-03-07 05:09:00+00:00,10.5062
2023-04-04 21:13:00+00:00,2.3662
2023-02-04 10:04:00+00:00,5.78
2023-04-06 11:05:00+00:00,3.2938
2023-01-28 03:03:00+00:00,10.4337
2023-02-05 11:39:00+00:00,8.6
2023-03-01 11:08:00+00:00,8.2237
2023-04-11 16:14:00+00:00,3.85
2023-03-02 12:17:00+00:00,14.7
2023-01-16 15:36:00+00:00,11.4688
2023-04-11 16:14:00+00:00,12.4
2023-04-25 06:50:00+00:00,12.98
2023-05-28 15:03:00+00:00,9.9087
2023-05-31 06:30:00+00:00,9.0875
2023-05-20 19:45:00+00:00,11.08
2023-05-31 06:55:00+00:00,9.1875
2023-05-09 20:26:00+00:00,8.385
2023-04-21 02:24:00+00:00,13.7
2023-01-16 03:10:00+00:00,1.6438
2023-01-07 18:43:00+00:00,11.8325
2023-05-06 05:09:00+00:00,13.2
2023-03-06 16:34:00+00:00,4.43
2023-05-12 23:44:00+00:00,11.5887
2023-03-13 11:01:00+00:00,6.12
2023-05-14 01:44:00+00:00,9.9913
2023-04-10 03:57:00+00:00,12.0237
2023-02-15 09:15:00+00:00,6.8
2023-03-07 17:52:00+00:00,11.2812
2023-03-08 06:52:00+00:00,11.0575
2023-05-16 03:27:00+00:00,13.0
2023-04-26 07:25:00+00:00,1.8188
2023-03-09 19:43:00+00:00,12.2837
2023-02-07 01:48:00+00:00,6.24
2023-06-16 22:23:00+00:00,6.3575
2023-04-04 21:56:00+00:00,10.1662
2023-01-10 21:35:00+00:00,14.88
2023-04-07 00:22:00+00:00,7.92
2023-05-16 15:27:00+00:00,9.1687
2023-03-12 10:27:00+00:00,12.1
2023-05-31 18:21:00+00:00,0.5125
2023-06-20 02:24:00+00:00,5.9625
2023-02-17 23:06:00+00:00,8.84
2023-05-16 03:19:00+00:00,10.8938
2023-03-19 05:45:00+00:00,2.0962
2023-06-02 08:21:00+00:00,13.74
2023-05-07 06:18:00+00:00,14.82
2023-05-13 00:18:00+00:00,8.69
2023-01-31 06:21:00+00:00,14.9
2023-05-01 12:25:00+00:00,1.775
2023-01-28 15:38:00+00:00,7.8087
2023-05-20 19:45:00+00:00,9.88
2023-03-28 14:38:00+00:00,7.9575
2023-06-23 05:50:00+00:00,11.5663
2023-01-04 03:43:00+00:00,9.56
2023-02-23 17:24:00+00:00,4.8913
2023-05-19 06:02:00+00:00,1.0975
2023-01-29 04:12:00+00:00,14.06
2023-04-08 13:13:00+00:00,12.0962
2023-04-14 07:57:00+00:00,11.8788
2023-04-26 07:33:00+00:00,13.4
2023-01-04 03:09:00+00:00,9.6538
2023-02-19 01:24:00+00:00,1.5112
2023-04-23 16:33:00+00:00,11.34
2023-04-10 03:31:00+00:00,5.9737
2023-06-03 09:21:00+00:00,3.3413
2023-05-07 18:18:00+00:00,12.42
2023-01-01 12:42:00+00:00,9.425
2023-01-09 20:26:00+00:00,7.285
2023-03-19 05:45:00+00:00,15.44
2023-04-17 22:23:00+00:00,11.2075
2023-03-08 06:00:00+00:00,6.0575
2023-04-14 07:06:00+00:00,12.36
2023-01-05 16:26:00+00:00,9.63
2023-05-03 02:51:00+00:00,8.7025
2023-04-14 19:31:00+00:00,14.76
2023-05-18 05:53:00+00:00,9.7462
2023-04-26 19:42:00+00:00,1.0437
2023-05-15 02:44:00+00:00,7.38
2023-04-21 02:07:00+00:00,9.0125
2023-01-19 06:28:00+00:00,9.9975
2023-01-04 15:51:00+00:00,9.56
2023-06-01 19:04:00+00:00,2.2637
2023-06-14 08:06:00+00:00,10.33
2023-01-18 05:11:00+00:00,5.84
2023-04-09 02:48:00+00:00,10.4225
2023-01-09 08:52:00+00:00,10.41
2023-03-27 13:37:00+00:00,9.6
2023-05-09 08:09:00+00:00,12.36
2023-03-06 16:00:00+00:00,10.38
2023-02-27 09:59:00+00:00,10.64
2023-04-25 06:16:00+00:00,1.3175
2023-01-25 12:46:00+00:00,3.655
2023-01-15 02:02:00+00:00,5.78
2023-01-31 06:38:00+00:00,1.8375
2023-03-18 04:36:00+00:00,0.795
2023-06-29 23:25:00+00:00,10.28
2023-03-03 13:00:00+00:00,9.3262
2023-01-01 00:00:00+00:00,8.85
2023-05-10 09:09:00+00:00,8.88
2023-04-30 11:42:00+00:00,12.1237
2023-02-04 10:39:00+00:00,0.6425
2023-03-14 12:27:00+00:00,10.54
2023-02-18 00:41:00+00:00,10.01
2023-06-02 20:13:00+00:00,0.815
2023-03-17 03:53:00+00:00,14.6
2023-03-06 04:52:00+00:00,0.655
2023-03-25 11:03:00+00:00,11.6538
2023-01-21 08:54:00+00:00,11.9
2023-01-13 12:01:00+00:00,8.265
2023-02-28 22:16:00+00:00,11.0975
2023-05-22 09:28:00+00:00,12.72
2023-05-07 06:35:00+00:00,1.8575
2023-05-08 07:01:00+00:00,5.2088
2023-04-29 22:16:00+00:00,11.86
2023-02-21 03:58:00+00:00,6.1638
2023-05-16 03:27:00+00:00,2.1938
2023-03-19 17:19:00+00:00,14.64
2023-01-15 14:53:00+00:00,1.6675
2023-06-28 22:08:00+00:00,5.3975
2023-02-07 13:56:00+00:00,6.24
2023-01-17 16:45:00+00:00,1.17
2023-01-09 20:44:00+00:00,4.335
2023-01-09 08:01:00+00:00,9.26
2023-01-30 05:21:00+00:00,5.2363
2023-06-19 01:24:00+00:00,9.4113
2023-06-21 03:07:00+00:00,8.92
2023-02-25 19:42:00+00:00,3.6938
2023-03-17 03:10:00+00:00,2.1437
2023-03-24 10:20:00+00:00,13.54
2023-03-19 05:53:00+00:00,6.8963
2023-02-02 20:47:00+00:00,11.865
2023-04-23 04:24:00+00:00,10.94
2023-06-02 20:04:00+00:00,11.465
2023-04-26 19:59:00+00:00,10.8438
2023-05-22 09:54:00+00:00,13.12
2023-01-23 22:11:00+00:00,5.9775
2023-06-18 00:32:00+00:00,0.91
2023-01-30 05:29:00+00:00,6.88
2023-04-02 19:04:00+00:00,3.1138
2023-01-20 19:02:00+00:00,4.9238
2023-05-20 19:19:00+00:00,11.48
2023-06-12 06:23:00+00:00,0.7275
2023-02-21 15:33:00+00:00,9.5887
2023-02-04 10:04:00+00:00,13.78
2023-05-28 15:29:00+00:00,9.0087
2023-02-04 22:04:00+00:00,6.18
2023-02-11 17:31:00+00:00,13.12
2023-06-24 06:24:00+00:00,11.3175
2023-02-08 14:56:00+00:00,10.7975
2023-01-12 11:10:00+00:00,15.32
2023-04-08 13:22:00+00:00,11.2963
2023-05-20 19:02:00+00:00,7.3738
2023-01-20 07:37:00+00:00,13.88
2023-04-17 22:40:00+00:00,8.7075
2023-02-05 23:22:00+00:00,1.3687
2023-03-13 11:44:00+00:00,10.92
2023-02-04 22:22:00+00:00,8.5175
2023-02-24 06:24:00+00:00,12.2175
2023-06-13 07:06:00+00:00,11.96
2023-03-17 03:02:00+00:00,0.7438
2023-01-18 05:19:00+00:00,11.3963
2023-02-07 01:39:00+00:00,12.24
2023-06-11 05:31:00+00:00,7.9262
2023-02-01 07:04:00+00:00,3.2388
2023-05-07 18:43:00+00:00,14.82
2023-04-21 14:41:00+00:00,0.9375
2023-06-06 12:39:00+00:00,3.145
2023-01-21 20:02:00+00:00,14.7
2023-01-10 21:09:00+00:00,9.0363
2023-04-24 05:50:00+00:00,9.2662
2023-01-02 01:00:00+00:00,5.52
2023-03-18 16:53:00+00:00,9.62
2023-04-21 14:50:00+00:00,1.7875
2023-06-20 02:58:00+00:00,8.1
2023-06-28 10:42:00+00:00,1.5225
2023-04-03 20:47:00+00:00,12.965
2023-06-17 11:15:00+00:00,5.64
2023-06-08 14:39:00+00:00,12.4975
2023-02-19 01:41:00+00:00,7.3613
2023-05-03 14:26:00+00:00,6.74
2023-05-05 04:43:00+00:00,3.505
2023-02-22 04:41:00+00:00,12.515
2023-04-09 14:05:00+00:00,10.26
2023-06-19 13:58:00+00:00,10.7363
2023-02-08 14:48:00+00:00,0.9975
2023-01-29 16:29:00+00:00,10.46
2023-05-03 02:34:00+00:00,7.2525
2023-03-31 17:12:00+00:00,2.9112
2023-03-06 16:43:00+00:00,11.58
2023-02-23 05:41:00+00:00,8.2662
2023-01-15 02:10:00+00:00,7.8925
2023-04-18 11:06:00+00:00,9.64
2023-06-28 10:51:00+00:00,3.4225
2023-05-03 02:43:00+00:00,9.1525
2023-02-20 14:24:00+00:00,9.7
2023-03-07 05:35:00+00:00,12.0
2023-02-18 12:49:00+00:00,11.885
2023-03-09 19:01:00+00:00,15.24
2023-05-26 13:37:00+00:00,1.2063
2023-01-02 01:00:00+00:00,9.5512
2023-06-14 20:32:00+00:00,6.38
2023-01-28 03:29:00+00:00,8.1837
2023-05-19 18:19:00+00:00,10.6225
2023-03-31 05:47:00+00:00,8.08
2023-06-08 14:39:00+00:00,0.7475
2023-02-18 12:49:00+00:00,5.785
2023-03-05 03:17:00+00:00,9.96
2023-03-17 15:27:00+00:00,8.7688
2023-06-19 01:58:00+00:00,2.8613
2023-06-21 15:50:00+00:00,13.32
2023-05-04 15:34:00+00:00,3.9787
2023-01-15 14:53:00+00:00,4.7175
2023-01-14 13:27:00+00:00,8.56
2023-02-20 02:24:00+00:00,10.1625
2023-02-04 10:47:00+00:00,10.3425
2023-05-17 16:19:00+00:00,13.02
2023-04-19 00:58:00+00:00,12.96
2023-01-31 06:38:00+00:00,12.4875
2023-04-09 02:48:00+00:00,5.86
2023-03-08 18:18:00+00:00,8.9825
2023-03-10 20:44:00+00:00,8.185
2023-06-02 20:04:00+00:00,9.74
2023-05-16 15:36:00+00:00,2.2188
2023-05-18 05:36:00+00:00,3.7462
2023-04-09 02:22:00+00:00,14.66
2023-01-27 02:03:00+00:00,11.4825
2023-04-10 15:39:00+00:00,9.9987
2023-05-03 02:17:00+00:00,13.14
2023-04-27 20:33:00+00:00,0.995
2023-06-27 09:42:00+00:00,6.1712
2023-03-30 04:55:00+00:00,11.26
2023-03-09 19:26:00+00:00,1.7837
2023-05-18 17:11:00+00:00,1.7712
2023-01-10 21:44:00+00:00,10.48
2023-04-12 05:40:00+00:00,7.5762
2023-04-14 07:06:00+00:00,8.7788
2023-05-02 01:34:00+00:00,9.12
2023-01-07 06:35:00+00:00,2.4575
2023-03-13 11:01:00+00:00,12.9138
2023-04-04 21:47:00+00:00,12.96
2023-02-25 07:33:00+00:00,5.4188
2023-03-19 05:11:00+00:00,9.3462
2023-01-16 03:45:00+00:00,7.4
2023-01-28 03:21:00+00:00,12.9337
2023-01-01 00:00:00+00:00,4.0
2023-02-03 09:30:00+00:00,14.96
2023-05-27 02:03:00+00:00,11.3325
2023-04-18 11:06:00+00:00,1.9338
2023-05-14 01:44:00+00:00,7.36
2023-04-14 07:23:00+00:00,9.5288
2023-04-17 22:15:00+00:00,8.8575
2023-03-15 01:36:00+00:00,6.16
2023-06-18 00:15:00+00:00,5.51
2023-03-05 03:26:00+00:00,5.5537
2023-04-09 02:56:00+00:00,15.06
2023-05-17 04:36:00+00:00,9.545
2023-03-24 10:46:00+00:00,6.7025
2023-06-24 18:24:00+00:00,8.98
2023-06-03 09:47:00+00:00,9.1412
2023-04-27 08:59:00+00:00,9.97
2023-03-20 18:36:00+00:00,13.06
2023-01-05 04:17:00+00:00,10.605
2023-04-25 18:33:00+00:00,5.5925
2023-04-01 06:12:00+00:00,10.1
2023-01-20 19:02:00+00:00,3.5737
2023-02-19 13:32:00+00:00,3.0362
2023-01-10 21:52:00+00:00,8.88
2023-06-11 17:31:00+00:00,5.7512
2023-04-15 08:32:00+00:00,12.98
2023-06-14 08:06:00+00:00,12.38
2023-01-29 16:12:00+00:00,3.21
2023-06-18 12:58:00+00:00,8.285
2023-02-21 15:24:00+00:00,10.52
2023-02-18 12:49:00+00:00,10.235
2023-01-15 02:36:00+00:00,1.1925
2023-04-12 17:14:00+00:00,9.92
2023-01-18 17:19:00+00:00,8.6713
2023-03-13 11:27:00+00:00,1.8638
2023-02-08 02:48:00+00:00,8.26
2023-02-27 09:08:00+00:00,10.4213
2023-04-30 23:34:00+00:00,4.6487
2023-06-22 16:50:00+00:00,6.54
2023-06-18 00:24:00+00:00,6.61
2023-03-11 21:18:00+00:00,9.4863
2023-01-03 02:26:00+00:00,6.74
2023-06-23 17:41:00+00:00,7.5412
2023-04-02 19:55:00+00:00,4.3637
2023-02-06 12:30:00+00:00,13.82
2023-05-07 06:26:00+00:00,11.3575
2023-01-09 20:35:00+00:00,11.635
2023-04-11 04:57:00+00:00,10.7
2023-03-17 15:27:00+00:00,11.9688
2023-06-13 07:57:00+00:00,5.2287
2023-03-18 16:10:00+00:00,11.42
2023-01-13 00:01:00+00:00,4.19
2023-04-12 17:31:00+00:00,10.32
2023-04-06 23:13:00+00:00,10.6
2023-06-12 06:23:00+00:00,9.5775
2023-05-04 03:43:00+00:00,4.0537
2023-04-27 08:50:00+00:00,5.82
2023-02-09 03:57:00+00:00,11.0237
2023-01-09 08:18:00+00:00,10.56
2023-04-28 21:25:00+00:00,8.24
2023-03-10 08:18:00+00:00,3.31
2023-04-10 03:57:00+00:00,6.3238
2023-02-23 05:33:00+00:00,14.56
2023-02-19 13:24:00+00:00,9.9362
2023-06-15 21:06:00+00:00,1.0562
2023-01-28 03:29:00+00:00,12.04
2023-04-04 21:04:00+00:00,5.6162
2023-03-23 09:37:00+00:00,3.0013
2023-03-14 12:18:00+00:00,15.34
2023-04-20 01:07:00+00:00,5.0113
2023-01-23 22:46:00+00:00,8.2275
2023-06-10 16:05:00+00:00,7.1
2023-02-03 09:39:00+00:00,12.0913
2023-05-26 13:46:00+00:00,11.2562
2023-04-25 18:42:00+00:00,12.98
2023-01-09 20:01:00+00:00,0.685
2023-02-17 23:41:00+00:00,6.9088
2023-02-17 23:49:00+00:00,14.44
2023-06-21 15:50:00+00:00,5.0388
2023-06-14 20:49:00+00:00,10.005
2023-02-18 12:41:00+00:00,8.46
2023-05-28 03:21:00+00:00,8.8837
2023-01-10 21:09:00+00:00,0.9863
2023-01-19 18:19:00+00:00,6.66
2023-04-21 02:58:00+00:00,0.5625
2023-05-09 20:26:00+00:00,11.085
2023-05-08 19:35:00+00:00,6.84
2023-01-20 07:54:00+00:00,5.0987
2023-06-05 11:05:00+00:00,3.4438
2023-03-11 21:52:00+00:00,12.48
2023-01-03 02:43:00+00:00,5.4025
2023-02-28 10:42:00+00:00,3.9725
2023-01-02 01:34:00+00:00,5.52
2023-04-15 20:32:00+00:00,12.955
2023-02-03 21:13:00+00:00,7.6662
2023-04-20 01:15:00+00:00,11.28
2023-04-14 07:57:00+00:00,10.2788
2023-06-02 20:56:00+00:00,9.615
2023-02-13 07:31:00+00:00,14.76
2023-03-06 16:52:00+00:00,10.13
2023-02-07 13:48:00+00:00,11.6463
2023-01-08 07:43:00+00:00,12.44
2023-06-27 21:59:00+00:00,11.04
2023-04-17 10:15:00+00:00,12.1825
2023-04-27 08:33:00+00:00,5.82
2023-03-03 13:43:00+00:00,5.6262
2023-04-04 21:13:00+00:00,2.0663
2023-01-19 06:28:00+00:00,7.86
2023-06-28 10:08:00+00:00,3.1225
2023-02-09 15:48:00+00:00,12.9488
2023-06-29 23:42:00+00:00,13.48
2023-01-07 18:09:00+00:00,10.1825
2023-02-03 21:39:00+00:00,12.1662
2023-06-15 09:32:00+00:00,13.2
2023-02-25 19:42:00+00:00,11.9437
2023-03-26 12:54:00+00:00,12.905
2023-01-27 02:55:00+00:00,10.42
2023-06-09 15:31:00+00:00,9.2487
2023-03-17 03:45:00+00:00,9.2937
2023-06-11 05:40:00+00:00,7.12
2023-04-28 21:33:00+00:00,4.5462
2023-02-28 22:51:00+00:00,6.8975
2023-03-09 19:43:00+00:00,14.04
2023-03-08 06:09:00+00:00,1.8575
2023-05-09 08:35:00+00:00,2.86
2023-01-29 16:04:00+00:00,9.26
2023-02-14 08:14:00+00:00,10.38
2023-04-18 11:23:00+00:00,11.9337
2023-01-16 03:19:00+00:00,11.0
2023-01-27 14:03:00+00:00,7.9575
2023-03-22 08:28:00+00:00,6.0
2023-03-18 04:10:00+00:00,13.02
2023-06-23 17:41:00+00:00,2.1413
2023-06-13 07:57:00+00:00,9.8788
2023-04-11 04:40:00+00:00,13.9
2023-05-10 09:18:00+00:00,10.1613
2023-06-03 21:39:00+00:00,11.2163
2023-05-08 07:26:00+00:00,14.04
2023-04-13 18:14:00+00:00,11.1525
2023-02-23 17:50:00+00:00,11.3912
2023-05-06 05:00:00+00:00,14.8
2023-05-17 04:36:00+00:00,6.995
2023-06-20 14:41:00+00:00,9.4875
2023-03-31 17:55:00+00:00,6.88
2023-05-09 20:09:00+00:00,11.985
2023-04-26 19:33:00+00:00,3.2437
2023-05-13 12:27:00+00:00,6.54
2023-01-23 10:54:00+00:00,2.0025
2023-04-04 21:13:00+00:00,2.2163
2023-06-04 10:56:00+00:00,10.58
2023-03-10 08:35:00+00:00,9.16
2023-05-01 12:00:00+00:00,3.825
2023-05-10 21:09:00+00:00,13.68
2023-05-30 17:29:00+00:00,11.7613
2023-04-21 14:15:00+00:00,4.0375
2023-06-29 11:08:00+00:00,5.88
2023-03-01 11:17:00+00:00,9.7737
2023-03-02 12:00:00+00:00,7.425
2023-05-27 14:12:00+00:00,12.42
2023-04-27 20:50:00+00:00,4.345
2023-03-13 11:18:00+00:00,6.6137
2023-06-04 10:30:00+00:00,6.58
2023-05-20 19:37:00+00:00,9.9238
2023-01-28 03:21:00+00:00,9.8837
2023-02-07 01:05:00+00:00,11.44
2023-05-12 23:35:00+00:00,3.0888
2023-05-12 11:18:00+00:00,11.3637
2023-02-09 15:39:00+00:00,6.68
2023-03-22 08:45:00+00:00,9.2
2023-04-29 10:42:00+00:00,3.5725
2023-06-15 21:40:00+00:00,9.2
2023-04-20 13:07:00+00:00,10.8362
2023-06-03 21:04:00+00:00,3.6162
2023-04-04 09:56:00+00:00,8.16
2023-04-16 21:32:00+00:00,2.4062
2023-04-09 02:22:00+00:00,3.4225
2023-06-10 16:57:00+00:00,14.3
2023-02-25 07:25:00+00:00,10.9187
2023-05-28 15:03:00+00:00,6.5088
2023-03-21 19:28:00+00:00,12.28
2023-05-11 10:44:00+00:00,4.4625
2023-06-17 11:23:00+00:00,6.8338
2023-01-02 13:43:00+00:00,15.12
2023-03-26 00:20:00+00:00,9.58
2023-03-02 00:25:00+00:00,6.4
2023-06-19 01:07:00+00:00,12.88
2023-05-23 10:11:00+00:00,1.0525
2023-02-18 12:41:00+00:00,11.485
2023-04-17 22:58:00+00:00,8.82
2023-03-17 03:10:00+00:00,5.6937
2023-06-08 02:56:00+00:00,6.2225
2023-03-14 00:36:00+00:00,14.14
2023-06-06 12:56:00+00:00,1.295
2023-06-14 08:14:00+00:00,8.63
2023-01-05 04:52:00+00:00,11.18
2023-01-17 04:19:00+00:00,5.945
2023-02-14 20:14:00+00:00,10.805
2023-04-28 09:25:00+00:00,11.44
2023-06-18 12:49:00+00:00,12.785
2023-03-08 06:26:00+00:00,8.9075
2023-06-22 04:41:00+00:00,9.34
2023-02-22 04:50:00+00:00,3.865
2023-03-03 01:00:00+00:00,7.92
2023-06-11 17:23:00+00:00,9.52
2023-03-13 23:18:00+00:00,5.0888
2023-03-23 21:37:00+00:00,11.2263
2023-02-19 13:58:00+00:00,14.48
2023-05-07 18:52:00+00:00,8.2825
2023-02-13 19:40:00+00:00,5.8037
2023-01-26 01:46:00+00:00,8.8
2023-01-10 09:09:00+00:00,1.9612
2023-01-07 18:35:00+00:00,7.6825
2023-04-12 05:57:00+00:00,13.92
2023-04-26 19:59:00+00:00,5.1937
2023-06-18 12:15:00+00:00,8.435
2023-05-20 19:54:00+00:00,6.28
2023-02-05 11:30:00+00:00,7.7938
2023-01-28 15:21:00+00:00,12.9087
2023-05-13 12:10:00+00:00,11.34
2023-05-03 14:51:00+00:00,11.9775
2023-03-22 08:54:00+00:00,10.9
2023-03-16 02:44:00+00:00,8.18
2023-03-18 16:19:00+00:00,11.37
2023-02-09 03:48:00+00:00,10.9738
2023-01-28 15:46:00+00:00,13.64
2023-06-16 22:58:00+00:00,7.1075
2023-03-03 01:00:00+00:00,11.7012
2023-04-28 21:42:00+00:00,9.04
2023-03-20 18:19:00+00:00,3.4225
2023-03-05 15:17:00+00:00,1.0787
2023-01-15 14:19:00+00:00,12.58
2023-05-08 19:01:00+00:00,4.0838
2023-06-20 02:24:00+00:00,11.8125
2023-01-08 19:18:00+00:00,9.24
2023-04-05 10:39:00+00:00,5.7925
2023-06-18 12:32:00+00:00,9.135
2023-01-07 06:43:00+00:00,12.02
2023-05-27 14:20:00+00:00,5.6075
2023-05-11 22:35:00+00:00,3.1875
2023-06-12 06:14:00+00:00,13.94
2023-04-12 17:31:00+00:00,2.1513
2023-06-11 17:40:00+00:00,11.3513
2023-01-28 03:21:00+00:00,12.44
2023-01-07 06:00:00+00:00,2.3575
2023-02-24 06:16:00+00:00,6.5175
2023-03-04 14:08:00+00:00,11.94
2023-01-04 15:43:00+00:00,2.9287
2023-06-27 09:08:00+00:00,12.5712
2023-06-21 03:07:00+00:00,6.92
2023-05-25 12:46:00+00:00,12.305
2023-06-01 19:21:00+00:00,7.4638
2023-06-13 07:23:00+00:00,9.96
2023-03-16 14:27:00+00:00,6.98
2023-02-11 05:48:00+00:00,0.9263
2023-01-18 05:28:00+00:00,14.64
2023-04-03 08:56:00+00:00,8.99
2023-01-21 20:02:00+00:00,12.275
2023-02-10 04:57:00+00:00,14.7
2023-03-28 14:20:00+00:00,12.3075
2023-04-28 09:33:00+00:00,9.8212
2023-06-03 09:56:00+00:00,6.96
2023-03-13 11:18:00+00:00,8.9637
2023-02-03 09:47:00+00:00,6.6913
2023-05-17 16:10:00+00:00,7.82
2023-01-05 16:26:00+00:00,2.63
2023-01-15 02:53:00+00:00,4.1925
2023-06-25 19:25:00+00:00,8.6
2023-03-07 17:09:00+00:00,2.0812
2023-03-27 13:03:00+00:00,8.8063
2023-03-24 22:20:00+00:00,13.14
2023-06-12 06:31:00+00:00,4.1275
2023-04-24 05:59:00+00:00,5.8163
2023-06-23 05:41:00+00:00,6.16
2023-03-15 13:10:00+00:00,8.5162
2023-05-15 14:44:00+00:00,9.2675
2023-02-27 09:25:00+00:00,9.04
2023-04-12 17:14:00+00:00,11.1512
2023-03-25 23:20:00+00:00,3.6288
2023-01-26 13:55:00+00:00,11.6
2023-02-26 20:59:00+00:00,0.545
2023-06-03 21:47:00+00:00,12.4663
2023-06-23 17:50:00+00:00,14.56
2023-05-26 13:37:00+00:00,12.7562
2023-05-22 09:28:00+00:00,2.8512
2023-06-20 14:15:00+00:00,7.3
2023-04-30 23:08:00+00:00,10.7487
2023-04-15 08:23:00+00:00,12.78
2023-03-09 19:26:00+00:00,9.24
2023-01-10 09:52:00+00:00,5.7613
2023-03-23 09:03:00+00:00,11.9512
2023-03-15 13:53:00+00:00,15.36
2023-01-21 20:20:00+00:00,10.175
2023-01-09 20:09:00+00:00,8.435
2023-05-31 06:21:00+00:00,7.3
2023-05-14 13:36:00+00:00,11.6662
2023-05-05 16:26:00+00:00,6.88
2023-01-31 06:21:00+00:00,8.9
2023-06-14 20:06:00+00:00,12.555
2023-02-09 15:22:00+00:00,5.6487
2023-03-17 15:02:00+00:00,7.0
2023-02-27 09:42:00+00:00,9.2713
2023-05-09 08:09:00+00:00,10.76
2023-06-09 15:48:00+00:00,7.88
2023-01-02 01:00:00+00:00,11.4012
2023-03-24 10:20:00+00:00,6.5025
2023-03-27 13:37:00+00:00,7.6
2023-05-22 09:54:00+00:00,11.2012
2023-04-30 11:51:00+00:00,1.0737
2023-02-24 18:59:00+00:00,9.78
2023-05-29 16:38:00+00:00,12.91
2023-04-09 02:14:00+00:00,10.0725
2023-04-10 03:48:00+00:00,11.48
2023-04-05 10:47:00+00:00,3.9925
2023-03-07 05:17:00+00:00,7.3063
2023-03-19 17:02:00+00:00,15.44
2023-04-26 07:25:00+00:00,8.4187
2023-01-20 19:37:00+00:00,12.4738
2023-02-09 03:57:00+00:00,13.48
2023-01-30 05:21:00+00:00,8.2363
2023-02-27 09:51:00+00:00,0.9213
2023-05-13 00:36:00+00:00,14.94
2023-05-30 05:47:00+00:00,12.8863
2023-02-24 18:50:00+00:00,9.3425
2023-02-26 20:42:00+00:00,11.02
2023-01-26 01:37:00+00:00,3.0812
2023-06-16 10:58:00+00:00,0.7825
2023-05-08 07:43:00+00:00,9.64
2023-06-20 02:41:00+00:00,8.4125
2023-03-04 14:08:00+00:00,11.9275
2023-04-16 09:06:00+00:00,6.8
2023-04-10 15:22:00+00:00,6.0987
2023-04-27 20:50:00+00:00,3.595
2023-01-17 04:28:00+00:00,10.22
2023-05-10 09:52:00+00:00,3.1612
2023-01-25 00:20:00+00:00,9.78
2023-06-17 11:41:00+00:00,6.04
2023-06-23 17:41:00+00:00,6.1413
2023-01-20 19:37:00+00:00,6.9238
2023-01-25 12:03:00+00:00,11.18
2023-05-04 15:09:00+00:00,1.5788
2023-01-23 10:28:00+00:00,9.4025
2023-01-29 16:38:00+00:00,9.66
2023-04-03 20:04:00+00:00,3.315
2023-01-12 23:53:00+00:00,7.3887
2023-06-13 07:14:00+00:00,9.96
2023-01-08 07:43:00+00:00,9.0087
2023-04-22 15:58:00+00:00,1.3388
2023-06-18 00:24:00+00:00,6.46
2023-06-27 21:25:00+00:00,2.2962
2023-06-27 09:16:00+00:00,4.3213
2023-03-18 16:28:00+00:00,12.22
2023-04-18 11:06:00+00:00,1.9338
2023-03-29 03:46:00+00:00,12.84
2023-01-04 15:51:00+00:00,10.76
2023-05-23 22:46:00+00:00,8.0275
2023-05-19 06:45:00+00:00,2.5475
2023-01-31 06:38:00+00:00,11.3
2023-02-07 01:39:00+00:00,8.5712
2023-02-08 02:14:00+00:00,12.8225
2023-02-22 04:58:00+00:00,7.34
2023-01-21 20:37:00+00:00,3.475
2023-03-11 09:44:00+00:00,12.4113
2023-03-03 01:17:00+00:00,10.72
2023-05-12 11:27:00+00:00,1.3137
2023-01-07 06:18:00+00:00,8.1075
2023-02-09 03:14:00+00:00,13.08
2023-02-02 20:56:00+00:00,3.365
2023-05-07 06:26:00+00:00,1.1075
2023-06-18 00:58:00+00:00,11.26
2023-04-04 21:13:00+00:00,7.2162
2023-04-16 09:57:00+00:00,12.3313
2023-01-30 05:29:00+00:00,10.48
2023-06-03 21:56:00+00:00,10.7662
2023-01-29 04:38:00+00:00,9.235
2023-01-09 08:52:00+00:00,14.86
2023-01-16 03:10:00+00:00,6.4938
2023-02-15 21:06:00+00:00,6.6063
2023-03-23 09:54:00+00:00,14.72
2023-05-05 16:52:00+00:00,5.73
2023-01-06 05:09:00+00:00,2.7062
2023-02-27 21:16:00+00:00,9.44
2023-03-23 21:54:00+00:00,11.2762
2023-02-28 22:08:00+00:00,12.5475
2023-06-15 21:49:00+00:00,8.4
2023-05-27 14:38:00+00:00,2.6575
2023-03-09 19:09:00+00:00,3.3338
2023-03-12 22:44:00+00:00,12.1
2023-05-02 13:43:00+00:00,8.3762
2023-05-18 05:36:00+00:00,4.5462
2023-05-10 09:27:00+00:00,9.68
2023-05-06 05:17:00+00:00,8.9563
2023-04-27 08:50:00+00:00,3.12
2023-04-11 04:40:00+00:00,10.7
2023-06-15 09:40:00+00:00,3.6313
2023-05-23 22:20:00+00:00,3.8775
2023-03-04 02:43:00+00:00,15.14
2023-05-01 00:34:00+00:00,12.75
2023-02-16 10:23:00+00:00,6.8825
2023-06-22 04:50:00+00:00,6.14
2023-06-14 20:49:00+00:00,10.755
2023-06-28 22:34:00+00:00,10.0475
2023-02-16 22:40:00+00:00,13.22
2023-05-13 12:18:00+00:00,9.34
2023-02-10 04:05:00+00:00,4.975
2023-04-28 21:59:00+00:00,11.84
2023-05-13 12:44:00+00:00,0.615
2023-06-25 19:07:00+00:00,11.3938
2023-02-28 22:25:00+00:00,10.66
2023-01-16 15:27:00+00:00,6.8688
2023-04-12 05:31:00+00:00,5.2263
2023-04-17 10:23:00+00:00,10.02
2023-01-27 14:03:00+00:00,2.3575
2023-03-09 19:01:00+00:00,7.9837
2023-01-16 15:53:00+00:00,7.8
2023-04-22 15:07:00+00:00,6.8388
2023-05-25 00:46:00+00:00,6.98
2023-01-16 03:10:00+00:00,9.0
2023-06-09 15:39:00+00:00,4.8487
2023-01-08 19:18:00+00:00,4.4337
2023-06-22 04:07:00+00:00,6.14
2023-06-29 11:42:00+00:00,0.6737
2023-05-18 17:53:00+00:00,6.5213
2023-01-08 19:09:00+00:00,6.84
2023-02-19 13:32:00+00:00,2.3862
2023-01-24 23:29:00+00:00,0.9287
2023-02-16 22:06:00+00:00,15.22
2023-02-13 07:57:00+00:00,8.6788
2023-03-18 04:19:00+00:00,0.545
2023-05-03 14:00:00+00:00,8.74
2023-02-09 03:31:00+00:00,11.8737
2023-04-18 23:06:00+00:00,6.4088
2023-06-07 01:31:00+00:00,7.04
2023-05-15 02:53:00+00:00,9.3925
2023-02-08 14:05:00+00:00,0.8975
2023-02-06 00:48:00+00:00,10.62
2023-02-02 08:13:00+00:00,10.14
2023-02-02 08:21:00+00:00,11.69
2023-03-15 01:19:00+00:00,10.56
2023-02-13 19:57:00+00:00,11.4038
2023-05-02 13:43:00+00:00,3.3763
2023-04-09 02:39:00+00:00,8.66
2023-04-18 11:41:00+00:00,1.6838
2023-01-09 08:18:00+00:00,6.86
2023-01-16 03:27:00+00:00,7.0
2023-06-15 09:15:00+00:00,8.1312
2023-06-09 03:31:00+00:00,5.8738
2023-05-26 01:03:00+00:00,6.4
2023-06-18 12:24:00+00:00,3.535
2023-03-20 18:45:00+00:00,11.6725
2023-04-30 23:59:00+00:00,7.48
2023-06-16 10:23:00+00:00,1.8325
2023-04-18 11:06:00+00:00,6.6338
2023-03-10 20:26:00+00:00,9.66
2023-05-29 04:38:00+00:00,5.785
2023-01-11 10:27:00+00:00,10.7125
2023-04-13 18:14:00+00:00,6.34
2023-05-10 09:52:00+00:00,7.4112
2023-05-11 10:18:00+00:00,5.6125
2023-06-16 10:40:00+00:00,13.62
2023-06-12 06:14:00+00:00,10.3275
2023-05-25 12:12:00+00:00,11.005
2023-02-17 11:41:00+00:00,13.64
2023-01-29 16:29:00+00:00,6.01
2023-02-01 19:04:00+00:00,8.8637
2023-02-13 07:06:00+00:00,14.76
2023-01-08 19:01:00+00:00,7.2337
2023-02-08 02:14:00+00:00,8.1225
2023-04-05 22:47:00+00:00,8.98
2023-04-27 20:50:00+00:00,4.245
2023-06-14 08:14:00+00:00,10.43
2023-01-17 04:19:00+00:00,7.42
2023-05-14 01:10:00+00:00,6.8913
2023-05-29 04:29:00+00:00,12.785
2023-02-20 14:58:00+00:00,9.7
2023-02-03 09:04:00+00:00,3.9912
2023-05-03 14:34:00+00:00,4.6775
2023-05-21 20:37:00+00:00,5.5
2023-01-11 22:27:00+00:00,12.6375
2023-05-16 03:53:00+00:00,2.6437
2023-06-21 15:33:00+00:00,9.32
2023-03-05 03:17:00+00:00,1.2037
2023-02-16 22:32:00+00:00,7.9075
2023-04-26 19:16:00+00:00,6.2
2023-06-07 01:39:00+00:00,1.6712
2023-01-17 04:53:00+00:00,10.045
2023-03-03 01:08:00+00:00,7.12
2023-03-04 14:43:00+00:00,3.7775
2023-02-19 01:15:00+00:00,4.6612
2023-02-21 15:33:00+00:00,12.12
2023-05-05 04:52:00+00:00,6.055
2023-04-28 21:16:00+00:00,10.8462
2023-04-26 07:50:00+00:00,15.4
2023-03-10 20:26:00+00:00,3.885
2023-04-28 09:16:00+00:00,6.6712
2023-03-03 13:51:00+00:00,5.52
2023-02-10 04:40:00+00:00,1.725
2023-05-07 06:35:00+00:00,5.2075
2023-04-09 14:14:00+00:00,10.26
2023-02-18 00:58:00+00:00,2.26
2023-03-11 09:52:00+00:00,4.8113
2023-03-08 18:00:00+00:00,13.62
2023-05-16 03:10:00+00:00,5.5438
2023-03-15 13:27:00+00:00,11.76
2023-03-05 15:09:00+00:00,6.76
2023-06-04 22:39:00+00:00,9.7675
2023-05-22 21:20:00+00:00,12.7762
2023-02-27 09:33:00+00:00,11.04
2023-05-15 02:53:00+00:00,1.6925
2023-06-08 14:14:00+00:00,5.9475
2023-06-16 10:06:00+00:00,14.82
2023-04-01 18:30:00+00:00,11.3625
2023-05-05 16:09:00+00:00,9.03
2023-04-11 16:22:00+00:00,8.3
2023-03-23 09:37:00+00:00,3.7513
2023-03-25 11:20:00+00:00,6.5537
2023-02-21 15:24:00+00:00,7.32
2023-04-28 21:33:00+00:00,3.6463
2023-05-23 10:03:00+00:00,1.1025
2023-05-07 06:52:00+00:00,14.02
2023-01-26 01:03:00+00:00,5.7812
2023-05-10 21:27:00+00:00,3.4863
2023-03-29 03:46:00+00:00,7.24
2023-05-18 05:19:00+00:00,7.0462
2023-04-26 07:25:00+00:00,11.2688
2023-02-06 12:56:00+00:00,7.42
2023-02-06 00:05:00+00:00,10.37
2023-05-06 17:43:00+00:00,6.5812
2023-04-13 18:23:00+00:00,9.94
2023-01-24 11:11:00+00:00,2.7538
2023-06-13 19:23:00+00:00,1.0537
2023-01-12 11:53:00+00:00,10.92
2023-02-12 18:31:00+00:00,7.7525
2023-02-18 12:58:00+00:00,4.335
2023-03-12 10:35:00+00:00,8.5
2023-03-01 23:34:00+00:00,10.7487
2023-01-30 05:55:00+00:00,2.5863
2023-06-04 10:39:00+00:00,15.38
2023-04-12 17:31:00+00:00,11.2513
2023-03-07 05:00:00+00:00,0.6062
2023-01-22 21:37:00+00:00,9.52
2023-06-18 12:06:00+00:00,10.935
2023-01-26 13:03:00+00:00,1.2563
2023-05-19 06:02:00+00:00,15.46
2023-02-24 06:33:00+00:00,4.9675
2023-04-12 17:31:00+00:00,2.1513
2023-04-05 10:22:00+00:00,5.78
2023-05-18 17:11:00+00:00,12.6713
2023-06-03 21:47:00+00:00,8.3163
2023-04-25 18:50:00+00:00,13.78
2023-04-24 05:07:00+00:00,12.2163
2023-06-11 17:57:00+00:00,3.6513
2023-03-12 10:01:00+00:00,11.3
2023-03-16 02:02:00+00:00,9.78
2023-06-05 11:13:00+00:00,2.2437
2023-04-27 08:25:00+00:00,14.22
2023-05-05 16:09:00+00:00,4.93
2023-02-22 16:24:00+00:00,6.94
2023-02-01 19:30:00+00:00,14.92
2023-04-25 06:07:00+00:00,2.8675
2023-03-04 02:51:00+00:00,10.4525
2023-05-12 23:53:00+00:00,13.32
2023-03-25 23:37:00+00:00,2.4787
2023-05-08 07:01:00+00:00,3.3087
2023-02-27 21:42:00+00:00,8.24
2023-06-18 12:58:00+00:00,10.085
2023-01-06 05:35:00+00:00,1.4062
2023-03-19 17:36:00+00:00,10.64
2023-03-09 07:09:00+00:00,12.1587
2023-03-28 14:03:00+00:00,3.0575
2023-06-25 07:07:00+00:00,10.2
2023-02-01 19:13:00+00:00,8.0137
2023-01-17 16:19:00+00:00,7.12
2023-05-17 16:45:00+00:00,15.02
2023-03-23 09:54:00+00:00,10.2513
2023-02-06 12:56:00+00:00,8.295
2023-05-01 12:08:00+00:00,8.3
2023-04-14 07:06:00+00:00,6.9287
2023-02-09 15:31:00+00:00,8.1487
2023-03-10 20:01:00+00:00,10.06
2023-03-11 21:44:00+00:00,2.7862
2023-02-20 14:07:00+00:00,8.5375
2023-06-08 02:14:00+00:00,15.46
2023-03-30 16:21:00+00:00,2.21
2023-01-14 13:53:00+00:00,9.1662
2023-03-21 07:45:00+00:00,9.88
2023-05-24 11:46:00+00:00,4.5038
2023-02-18 00:58:00+00:00,3.66
2023-02-20 02:24:00+00:00,12.5
2023-06-15 09:32:00+00:00,10.4313
2023-01-21 20:28:00+00:00,6.875
2023-02-10 16:05:00+00:00,10.7
2023-06-07 13:13:00+00:00,5.5963
2023-05-27 14:29:00+00:00,10.6575
2023-02-27 21:33:00+00:00,9.84
2023-05-17 04:28:00+00:00,10.495
2023-03-21 07:28:00+00:00,4.7488
2023-04-17 22:15:00+00:00,7.62
2023-03-16 02:10:00+00:00,3.0925
2023-06-09 15:57:00+00:00,9.6988
2023-04-02 19:21:00+00:00,6.92
2023-06-04 22:47:00+00:00,8.7175
2023-05-31 06:47:00+00:00,1.3375
2023-02-09 15:39:00+00:00,6.68
2023-02-08 14:48:00+00:00,2.0475
2023-06-11 17:57:00+00:00,7.4512
2023-05-12 23:18:00+00:00,12.52
2023-03-11 09:44:00+00:00,6.2112
2023-06-09 03:39:00+00:00,6.9737
2023-02-14 08:32:00+00:00,7.18
2023-05-23 10:37:00+00:00,2.1525
2023-02-05 11:56:00+00:00,6.8438
2023-03-31 05:47:00+00:00,14.48
2023-05-07 06:18:00+00:00,10.4575
2023-04-14 19:49:00+00:00,2.7538
2023-02-26 20:42:00+00:00,11.82
2023-05-31 06:21:00+00:00,9.4375
2023-02-09 15:39:00+00:00,4.2988
2023-03-05 15:00:00+00:00,14.76
2023-01-28 03:29:00+00:00,5.4337
2023-02-15 21:06:00+00:00,5.2062
2023-05-20 07:28:00+00:00,8.68
2023-06-06 00:13:00+00:00,8.72
2023-05-22 21:03:00+00:00,1.2763
2023-06-07 13:05:00+00:00,11.44
2023-02-17 11:06:00+00:00,0.7837
2023-05-23 22:28:00+00:00,12.8275
2023-01-15 14:27:00+00:00,10.98
2023-05-14 01:10:00+00:00,5.0912
2023-01-10 09:18:00+00:00,2.8112
2023-04-30 11:59:00+00:00,5.88
2023-06-12 18:48:00+00:00,12.2025
2023-05-12 23:27:00+00:00,5.4387
2023-01-22 21:11:00+00:00,9.12
2023-05-02 01:00:00+00:00,8.7513
2023-05-07 18:26:00+00:00,5.3325
2023-01-13 12:44:00+00:00,7.74
2023-02-19 13:07:00+00:00,0.5363
2023-04-12 05:31:00+00:00,9.4262
2023-06-04 22:56:00+00:00,8.18
2023-03-07 05:35:00+00:00,6.5563
2023-04-29 10:51:00+00:00,4.3225
2023-04-10 15:57:00+00:00,9.48
2023-03-14 12:10:00+00:00,12.315
2023-01-19 18:19:00+00:00,9.6725
2023-03-01 23:59:00+00:00,11.08
2023-05-01 00:42:00+00:00,9.9
2023-05-29 04:04:00+00:00,6.835
2023-06-26 08:42:00+00:00,9.42
2023-05-22 09:54:00+00:00,4.8513
2023-01-29 16:46:00+00:00,10.41
2023-01-19 06:36:00+00:00,5.86
2023-02-03 09:56:00+00:00,1.3413
2023-03-01 11:08:00+00:00,9.08
2023-05-29 16:38:00+00:00,6.46
2023-02-18 00:15:00+00:00,4.51
2023-05-19 18:36:00+00:00,6.0725
2023-02-23 17:59:00+00:00,9.76
2023-05-07 18:26:00+00:00,12.2825
2023-05-02 13:25:00+00:00,0.7263
2023-05-22 09:20:00+00:00,9.92
2023-02-11 17:57:00+00:00,4.1513
2023-04-30 11:08:00+00:00,10.8737
2023-01-22 09:37:00+00:00,9.12
2023-06-22 04:07:00+00:00,10.965
2023-06-22 04:50:00+00:00,1.515
2023-03-17 15:36:00+00:00,9.4
2023-04-22 15:15:00+00:00,1.2388
2023-05-07 18:18:00+00:00,5.6825
2023-02-01 07:38:00+00:00,12.92
2023-01-27 02:55:00+00:00,7.4825
2023-02-07 01:56:00+00:00,4.7713
2023-03-26 12:46:00+00:00,11.18
2023-05-04 15:34:00+00:00,11.9787
2023-01-29 16:55:00+00:00,12.61
2023-05-17 16:36:00+00:00,13.42
2023-02-20 02:32:00+00:00,5.1625
2023-02-22 04:58:00+00:00,6.165
2023-04-25 18:07:00+00:00,10.98
2023-04-18 23:15:00+00:00,1.4587
2023-01-10 09:18:00+00:00,10.2613
2023-03-23 09:37:00+00:00,13.12
2023-04-03 08:21:00+00:00,4.89
2023-03-20 18:45:00+00:00,9.7725
2023-04-08 01:48:00+00:00,6.24
2023-03-26 00:54:00+00:00,11.33
2023-05-10 09:35:00+00:00,3.3112
2023-02-14 20:23:00+00:00,15.18
2023-01-19 06:45:00+00:00,2.0975
2023-06-06 12:39:00+00:00,12.295
2023-06-19 01:07:00+00:00,8.08
2023-03-25 11:37:00+00:00,12.7538
2023-02-02 08:38:00+00:00,5.59
2023-06-26 20:50:00+00:00,11.42
2023-05-25 00:20:00+00:00,4.23
2023-02-18 00:41:00+00:00,12.66
2023-06-28 22:51:00+00:00,13.06
2023-01-20 07:45:00+00:00,4.2988
2023-04-27 20:16:00+00:00,8.745
2023-02-06 12:48:00+00:00,11.42
2023-03-28 02:38:00+00:00,2.5325
2023-02-07 01:22:00+00:00,2.3712
2023-05-09 08:18:00+00:00,10.06
2023-04-18 11:23:00+00:00,8.04
2023-01-24 23:20:00+00:00,5.0287
2023-05-26 01:37:00+00:00,9.2
2023-04-07 12:30:00+00:00,6.995
2023-02-21 15:33:00+00:00,3.2388
2023-05-28 03:46:00+00:00,10.04
2023-01-20 19:54:00+00:00,4.6738
2023-06-27 21:25:00+00:00,1.6963
2023-05-11 22:44:00+00:00,9.7
2023-06-12 06:48:00+00:00,11.2275
2023-06-02 20:30:00+00:00,4.715
2023-05-18 17:19:00+00:00,9.84
2023-05-16 03:02:00+00:00,10.5437
2023-02-17 11:32:00+00:00,12.8837
2023-03-18 16:10:00+00:00,13.82
2023-02-08 02:31:00+00:00,7.8225
2023-03-21 19:28:00+00:00,1.0238
2023-06-17 11:06:00+00:00,12.04
2023-04-04 09:21:00+00:00,8.9413
2023-03-22 20:20:00+00:00,6.525
2023-02-05 23:39:00+00:00,10.2
2023-04-25 06:59:00+00:00,8.4675
2023-02-12 18:31:00+00:00,8.2025
2023-04-06 23:39:00+00:00,9.0
2023-02-17 11:06:00+00:00,3.2338
2023-05-27 14:12:00+00:00,7.9075
2023-04-28 21:51:00+00:00,12.24
2023-06-02 20:30:00+00:00,11.115
2023-01-10 21:18:00+00:00,3.6862
2023-05-29 04:46:00+00:00,5.66
2023-02-07 13:48:00+00:00,6.8963
2023-03-24 10:03:00+00:00,5.5025
2023-01-26 01:12:00+00:00,10.8
2023-05-28 15:21:00+00:00,5.8587
2023-02-09 15:39:00+00:00,5.5488
2023-04-18 23:32:00+00:00,8.84
2023-03-22 08:37:00+00:00,8.55
2023-02-07 01:13:00+00:00,7.0713
2023-03-23 21:45:00+00:00,6.72
2023-03-27 01:46:00+00:00,8.5813
2023-02-27 21:42:00+00:00,9.0463
2023-05-08 07:52:00+00:00,13.24
2023-06-18 00:06:00+00:00,12.46
2023-02-10 04:22:00+00:00,8.875
2023-05-17 16:19:00+00:00,5.82
2023-02-12 06:23:00+00:00,8.6775
2023-04-06 11:22:00+00:00,4.6437
2023-06-29 11:34:00+00:00,12.68
2023-03-03 01:51:00+00:00,0.7013
2023-03-18 04:53:00+00:00,3.945
2023-01-21 08:11:00+00:00,10.3
2023-06-28 10:59:00+00:00,9.9725
2023-01-12 23:53:00+00:00,5.4887
2023-06-15 09:06:00+00:00,11.6
2023-05-11 10:01:00+00:00,0.5125
2023-03-14 12:36:00+00:00,4.165
2023-05-04 03:26:00+00:00,11.16
2023-02-19 13:24:00+00:00,2.0862
2023-02-06 00:30:00+00:00,12.87
2023-05-05 04:34:00+00:00,12.78
2023-06-17 23:06:00+00:00,10.0587
2023-03-16 02:02:00+00:00,12.2925
2023-06-14 20:57:00+00:00,14.38
2023-01-08 07:18:00+00:00,7.8087
2023-05-03 02:00:00+00:00,11.2025
2023-04-16 09:40:00+00:00,9.2
2023-05-28 15:03:00+00:00,7.0088
2023-04-06 11:56:00+00:00,1.4438
2023-03-28 02:55:00+00:00,11.22
2023-03-12 22:44:00+00:00,6.7375
2023-03-05 15:09:00+00:00,9.1788
2023-03-24 22:37:00+00:00,12.34
2023-02-20 14:15:00+00:00,9.9375
2023-02-24 18:50:00+00:00,12.6925
2023-02-13 07:14:00+00:00,7.96
2023-03-04 14:43:00+00:00,9.8775
2023-03-16 14:19:00+00:00,4.0175
2023-02-25 07:50:00+00:00,9.8
2023-01-07 18:43:00+00:00,3.3325
2023-04-03 20:38:00+00:00,3.665
2023-03-21 07:54:00+00:00,5.88
2023-06-12 06:23:00+00:00,7.6775
2023-06-23 17:07:00+00:00,6.3412
2023-04-12 05:40:00+00:00,12.72
2023-02-28 10:34:00+00:00,2.9725
2023-03-28 02:46:00+00:00,10.2825
2023-01-19 06:19:00+00:00,12.66
2023-06-02 20:47:00+00:00,5.965
2023-01-15 02:44:00+00:00,8.2925
2023-05-24 11:37:00+00:00,5.96
2023-04-14 07:40:00+00:00,1.9788
2023-05-25 00:03:00+00:00,9.13
2023-03-01 23:59:00+00:00,8.68
2023-05-03 02:17:00+00:00,3.1025
2023-04-29 10:34:00+00:00,9.4725
2023-01-11 22:27:00+00:00,7.7
2023-01-10 09:35:00+00:00,6.3113
2023-02-07 01:22:00+00:00,10.1212
2023-02-11 05:31:00+00:00,10.32
2023-05-25 12:54:00+00:00,1.355
2023-02-25 07:07:00+00:00,15.4
2023-05-08 19:09:00+00:00,11.24
2023-03-10 20:26:00+00:00,3.635
2023-02-05 11:56:00+00:00,8.5437
2023-01-17 16:45:00+00:00,6.22
2023-02-02 20:30:00+00:00,5.415
2023-04-13 06:57:00+00:00,1.5775
2023-02-01 07:38:00+00:00,14.52
2023-05-26 13:29:00+00:00,6.6063
2023-03-12 22:35:00+00:00,10.5375
2023-04-14 19:40:00+00:00,8.76
2023-06-19 01:32:00+00:00,2.5612
2023-05-18 05:45:00+00:00,7.2462
2023-05-21 20:02:00+00:00,9.5
2023-02-01 07:55:00+00:00,2.8388
2023-06-25 07:25:00+00:00,10.7688
2023-02-24 06:59:00+00:00,14.18
2023-03-14 00:01:00+00:00,7.84
2023-05-20 07:28:00+00:00,6.3987
2023-04-16 21:57:00+00:00,6.8
2023-01-30 17:55:00+00:00,7.1113
2023-05-31 18:55:00+00:00,1.6125
2023-06-23 17:24:00+00:00,15.36
2023-02-27 21:42:00+00:00,0.9963
2023-02-09 15:39:00+00:00,9.3987
2023-04-15 20:57:00+00:00,13.18
2023-05-06 17:43:00+00:00,12.5312
2023-06-26 08:33:00+00:00,0.77
2023-02-27 21:16:00+00:00,11.84
2023-06-02 08:56:00+00:00,10.09
2023-01-05 16:17:00+00:00,6.18
2023-02-04 10:13:00+00:00,7.38
2023-02-22 04:24:00+00:00,9.965
2023-01-14 13:36:00+00:00,9.2662
2023-06-27 09:08:00+00:00,10.64
2023-02-02 20:56:00+00:00,10.115
2023-05-26 13:12:00+00:00,8.0563
2023-03-09 19:26:00+00:00,8.04
2023-01-15 02:36:00+00:00,2.2925
2023-03-21 19:19:00+00:00,12.1237
2023-05-16 15:19:00+00:00,5.8
2023-01-11 22:44:00+00:00,9.1375
2023-01-25 12:54:00+00:00,5.055
2023-06-27 21:25:00+00:00,11.04
2023-01-30 05:29:00+00:00,12.9863
2023-06-18 12:32:00+00:00,6.435
2023-03-15 13:44:00+00:00,12.16
2023-05-17 16:28:00+00:00,10.47
2023-02-22 16:50:00+00:00,6.69
2023-03-09 07:18:00+00:00,12.04
2023-03-21 19:02:00+00:00,13.08
2023-03-06 04:43:00+00:00,6.805
2023-04-11 04:48:00+00:00,12.3
2023-02-19 13:49:00+00:00,10.9863
2023-04-28 21:33:00+00:00,3.8963
2023-03-04 14:26:00+00:00,7.94
2023-01-21 08:20:00+00:00,11.3
2023-06-05 23:30:00+00:00,10.6188
2023-02-17 11:41:00+00:00,11.24
2023-05-07 06:09:00+00:00,5.1075
2023-06-16 22:40:00+00:00,10.5575
2023-06-09 03:39:00+00:00,10.68
2023-03-03 13:51:00+00:00,6.6262
2023-05-24 11:46:00+00:00,11.7037
2023-05-05 04:43:00+00:00,8.78
2023-05-22 21:11:00+00:00,8.0762
2023-03-06 04:43:00+00:00,2.705
2023-03-16 02:19:00+00:00,10.98
2023-06-28 22:42:00+00:00,12.4475
2023-02-02 08:38:00+00:00,2.04
2023-04-09 14:31:00+00:00,12.26
2023-05-09 08:52:00+00:00,5.31
2023-05-01 12:34:00+00:00,4.675
2023-03-21 07:54:00+00:00,10.68
2023-03-28 14:20:00+00:00,4.1075
2023-06-13 07:23:00+00:00,0.9788
2023-02-14 08:06:00+00:00,7.18
2023-02-20 14:58:00+00:00,10.2375
2023-01-25 00:46:00+00:00,7.28
2023-02-26 08:50:00+00:00,7.42
2023-01-17 04:45:00+00:00,2.045
2023-06-08 14:14:00+00:00,10.8975
2023-04-17 22:15:00+00:00,8.02
2023-05-16 03:02:00+00:00,7.5938
2023-04-25 18:59:00+00:00,6.0925
2023-01-19 06:45:00+00:00,12.66
2023-03-22 20:11:00+00:00,5.225
2023-01-29 04:38:00+00:00,11.635
2023-02-06 12:30:00+00:00,11.82
2023-06-01 19:38:00+00:00,5.2138
2023-04-18 23:49:00+00:00,7.0088
2023-04-30 23:59:00+00:00,11.48
2023-01-28 03:55:00+00:00,7.3338
2023-04-29 22:51:00+00:00,10.9975
2023-05-09 08:26:00+00:00,15.26
2023-06-13 07:31:00+00:00,11.1788
2023-04-09 14:56:00+00:00,4.8475
2023-05-05 04:52:00+00:00,11.58
2023-02-16 10:06:00+00:00,7.5325
2023-06-10 04:57:00+00:00,4.025
2023-03-17 03:27:00+00:00,8.2
2023-04-14 07:06:00+00:00,7.0287
2023-02-10 16:48:00+00:00,12.8
2023-01-15 02:02:00+00:00,15.38
2023-02-01 07:38:00+00:00,4.2387
2023-02-15 09:57:00+00:00,3.5812
2023-04-24 17:24:00+00:00,10.16
2023-06-14 08:40:00+00:00,5.58
2023-06-22 04:50:00+00:00,3.565
2023-02-14 08:49:00+00:00,9.98
2023-02-27 09:08:00+00:00,9.5712
2023-02-09 15:48:00+00:00,1.4487
2023-03-17 15:10:00+00:00,15.0
2023-04-28 09:59:00+00:00,8.4713
2023-01-01 12:51:00+00:00,2.875
2023-06-01 07:47:00+00:00,8.52
2023-01-31 18:55:00+00:00,5.2625
2023-03-25 23:03:00+00:00,5.0788
2023-02-16 22:40:00+00:00,8.42
2023-01-21 20:02:00+00:00,1.975
2023-05-08 19:43:00+00:00,10.1337
2023-06-18 12:06:00+00:00,14.06
2023-06-23 05:16:00+00:00,5.9162
2023-06-19 13:41:00+00:00,7.9363
2023-03-02 00:00:00+00:00,6.3
2023-03-13 23:44:00+00:00,4.5888
2023-05-12 11:10:00+00:00,5.6638
2023-04-16 09:49:00+00:00,13.2
2023-02-20 02:07:00+00:00,4.0625
2023-02-09 03:39:00+00:00,2.8237
2023-06-22 16:58:00+00:00,13.34
2023-02-15 09:32:00+00:00,7.3812
2023-01-06 17:17:00+00:00,1.1313
2023-01-07 18:35:00+00:00,7.62
2023-05-19 06:02:00+00:00,3.7975
2023-06-08 02:39:00+00:00,12.5225
2023-04-05 22:13:00+00:00,12.18
2023-06-27 21:08:00+00:00,8.4462
2023-03-23 09:20:00+00:00,11.3513
2023-01-08 19:52:00+00:00,15.24
2023-01-29 16:55:00+00:00,12.71
2023-02-13 07:14:00+00:00,3.7287
2023-06-08 14:05:00+00:00,10.66
2023-03-18 16:28:00+00:00,12.37
2023-04-14 19:14:00+00:00,11.2037
2023-03-26 00:29:00+00:00,6.78
2023-01-30 05:12:00+00:00,7.1363
2023-06-05 23:13:00+00:00,10.2188
2023-04-02 07:30:00+00:00,12.12
2023-02-17 23:15:00+00:00,5.4088
2023-06-27 09:42:00+00:00,8.64
2023-06-23 17:33:00+00:00,11.36
2023-03-18 04:19:00+00:00,9.795
2023-02-25 07:33:00+00:00,10.7688
2023-03-01 23:51:00+00:00,6.28
2023-06-22 04:33:00+00:00,7.415
2023-03-15 13:53:00+00:00,9.9162
2023-01-11 22:10:00+00:00,10.1
2023-04-19 00:24:00+00:00,4.06
2023-01-22 09:03:00+00:00,4.6013
2023-05-02 13:17:00+00:00,10.72
2023-05-23 10:54:00+00:00,9.0025
2023-02-03 21:47:00+00:00,12.5162
2023-06-09 03:31:00+00:00,12.68
2023-03-18 16:53:00+00:00,12.72
2023-04-14 07:06:00+00:00,11.6788
2023-03-20 06:11:00+00:00,6.66
2023-03-16 02:19:00+00:00,6.3425
2023-05-15 14:27:00+00:00,9.4175
2023-03-17 15:45:00+00:00,9.4
2023-04-19 12:32:00+00:00,1.635
2023-05-15 14:02:00+00:00,3.7675
2023-05-05 04:43:00+00:00,9.58
2023-05-31 18:47:00+00:00,4.9625
2023-03-28 02:03:00+00:00,1.0325
2023-01-31 18:30:00+00:00,6.9
2023-04-19 00:15:00+00:00,6.31
