impression_id,age_group,gender,ad_category,platform,region,click_flag,spend_usd,impression_time
401773,25-34,F,Finance,Mobile,Southeast,1,6.76,2023-01-24 11:54:00+00:00
401774,55+,F,Health,Web,South,0,2.9725,2023-04-09 02:14:00+00:00
401775,35-44,F,Auto,Tablet,Midwest,1,2.8037,2023-02-13 19:14:00+00:00
401776,18-24,F,Health,Tablet,Northeast,0,12.9,2023-05-31 06:04:00+00:00
401777,45-54,M,Auto,Web,West,0,0.6438,2023-04-26 19:16:00+00:00
401778,45-54,M,Auto,Web,West,1,8.8775,2023-05-03 14:00:00+00:00
401779,25-34,F,News,Tablet,Southeast,0,9.82,2023-06-06 12:05:00+00:00
401780,35-44,M,News,Web,Midwest,0,4.5362,2023-06-19 13:49:00+00:00
401781,45-54,M,Housing,Tablet,West,0,5.87,2023-05-17 16:19:00+00:00
401782,18-24,F,Auto,Web,Northeast,0,10.14,2023-02-02 08:04:00+00:00
401783,45-54,F,Retail,Mobile,West,0,2.0762,2023-05-22 21:20:00+00:00
401784,18-24,M,Finance,Web,Northeast,1,4.2637,2023-01-12 11:10:00+00:00
401785,45-54,F,News,Mobile,West,1,12.94,2023-06-02 20:21:00+00:00
401786,55+,M,News,Mobile,South,0,10.4688,2023-04-06 23:56:00+00:00
401787,25-34,F,Retail,Mobile,Southeast,1,2.3137,2023-06-01 19:30:00+00:00
401788,45-54,F,News,Mobile,West,1,14.1,2023-06-20 02:07:00+00:00
401789,18-24,F,Housing,Mobile,Northeast,0,2.9463,2023-06-27 21:51:00+00:00
401790,18-24,M,Finance,Tablet,Northeast,0,2.2563,2023-06-15 21:23:00+00:00
401791,35-44,M,News,Tablet,Midwest,0,14.12,2023-04-22 03:24:00+00:00
401792,18-24,M,Finance,Web,Northeast,0,0.8713,2023-02-27 09:42:00+00:00
401793,25-34,M,Health,Tablet,Southeast,0,8.015,2023-02-02 20:13:00+00:00
401794,25-34,F,Retail,Web,Southeast,0,8.8,2023-03-07 05:09:00+00:00
401795,18-24,M,Finance,Mobile,Northeast,0,4.4188,2023-04-26 07:42:00+00:00
401796,25-34,F,News,Tablet,Southeast,0,7.9662,2023-05-14 13:36:00+00:00
401797,55+,M,News,Web,South,0,9.68,2023-04-20 13:58:00+00:00
401798,18-24,M,Retail,Mobile,Northeast,0,9.2338,2023-03-09 19:01:00+00:00
401799,35-44,F,Health,Tablet,Midwest,0,1.8475,2023-02-28 22:59:00+00:00
401800,18-24,M,News,Web,Northeast,0,14.76,2023-03-25 23:46:00+00:00
401801,25-34,F,Housing,Web,Northeast,0,9.94,2023-02-12 18:06:00+00:00
401802,25-34,F,News,Tablet,Southeast,1,0.765,2023-03-14 12:44:00+00:00
401803,35-44,M,News,Tablet,Midwest,0,11.9,2023-03-02 12:25:00+00:00
401804,25-34,M,Health,Mobile,Southeast,0,12.3313,2023-02-15 09:06:00+00:00
401805,45-54,F,Retail,Web,West,0,9.6725,2023-01-19 18:28:00+00:00
401806,18-24,F,Auto,Mobile,Northeast,0,14.46,2023-05-09 08:44:00+00:00
401807,55+,F,Housing,Tablet,South,0,5.5012,2023-03-23 09:11:00+00:00
401808,35-44,F,Housing,Mobile,Midwest,1,5.4688,2023-04-06 23:56:00+00:00
401809,55+,M,News,Mobile,South,1,11.88,2023-03-01 11:51:00+00:00
401810,45-54,M,Housing,Mobile,West,0,5.03,2023-02-14 08:14:00+00:00
401811,18-24,F,Auto,Tablet,Northeast,0,10.0512,2023-06-11 17:05:00+00:00
401812,25-34,F,Finance,Mobile,Southeast,1,12.78,2023-06-14 20:40:00+00:00
401813,35-44,M,Retail,Web,Midwest,0,7.8388,2023-06-21 15:07:00+00:00
401814,35-44,M,News,Web,Midwest,0,12.2525,2023-03-04 02:00:00+00:00
401815,25-34,F,Retail,Mobile,Southeast,0,14.1,2023-05-11 10:18:00+00:00
401816,55+,M,News,Mobile,South,0,7.3513,2023-02-11 17:31:00+00:00
401817,18-24,F,Health,Mobile,Northeast,0,8.2387,2023-02-01 07:13:00+00:00
401818,25-34,F,Finance,Mobile,Southeast,0,6.54,2023-06-02 08:21:00+00:00
401819,55+,F,Auto,Mobile,South,0,11.4738,2023-06-09 03:39:00+00:00
401820,35-44,F,Housing,Tablet,Midwest,0,6.5287,2023-01-04 15:17:00+00:00
401821,18-24,M,News,Mobile,Northeast,1,12.7,2023-01-21 20:11:00+00:00
401822,18-24,M,Finance,Mobile,Northeast,0,9.8987,2023-05-20 07:02:00+00:00
401823,25-34,F,News,Tablet,Southeast,0,4.0612,2023-01-30 17:29:00+00:00
401824,25-34,M,Auto,Web,Southeast,0,8.98,2023-06-04 22:30:00+00:00
401825,55+,M,Finance,Mobile,South,0,0.53,2023-02-14 08:06:00+00:00
401826,18-24,F,Housing,Web,Northeast,0,10.8038,2023-01-24 11:03:00+00:00
401827,25-34,F,Retail,Tablet,Southeast,0,8.26,2023-02-28 22:25:00+00:00
401828,45-54,F,Retail,Tablet,West,0,5.7225,2023-06-08 02:48:00+00:00
401829,35-44,F,Health,Web,Midwest,0,6.3688,2023-02-05 23:47:00+00:00
401830,35-44,F,Auto,Mobile,Midwest,1,11.86,2023-06-28 10:59:00+00:00
401831,18-24,M,Retail,Tablet,Northeast,0,6.1975,2023-02-28 22:42:00+00:00
401832,55+,M,Finance,Mobile,South,0,11.7575,2023-01-07 06:09:00+00:00
401833,18-24,M,News,Web,Northeast,0,12.42,2023-04-17 10:23:00+00:00
401834,55+,M,News,Tablet,South,0,10.1837,2023-02-17 11:49:00+00:00
401835,25-34,M,Housing,Web,Southeast,0,6.3575,2023-01-07 06:35:00+00:00
401836,45-54,F,News,Tablet,West,0,14.22,2023-01-17 04:19:00+00:00
401837,35-44,M,Finance,Web,Midwest,0,11.135,2023-01-29 04:46:00+00:00
401838,45-54,M,Auto,Tablet,West,1,9.4575,2023-05-07 06:18:00+00:00
401839,55+,M,News,Mobile,South,0,7.32,2023-06-21 03:15:00+00:00
401840,18-24,F,Auto,Tablet,Northeast,0,8.205,2023-04-15 20:49:00+00:00
401841,45-54,M,Housing,Tablet,West,1,8.9625,2023-01-11 10:27:00+00:00
401842,25-34,M,Housing,Web,Southeast,0,5.5,2023-02-10 16:31:00+00:00
401843,35-44,F,Housing,Web,Midwest,0,5.7038,2023-02-13 19:06:00+00:00
401844,55+,M,Retail,Mobile,South,0,8.1875,2023-04-21 14:15:00+00:00
401845,45-54,M,Auto,Tablet,West,0,7.7,2023-05-11 22:10:00+00:00
401846,35-44,M,Finance,Tablet,Midwest,0,10.34,2023-04-03 08:21:00+00:00
401847,35-44,F,Auto,Web,Midwest,0,2.8025,2023-06-12 18:06:00+00:00
401848,25-34,M,Auto,Tablet,Southeast,0,13.42,2023-03-18 16:02:00+00:00
401849,18-24,M,News,Mobile,Northeast,1,7.06,2023-04-19 00:32:00+00:00
401850,55+,F,Auto,Web,South,0,6.2275,2023-03-04 14:08:00+00:00
401851,25-34,F,Housing,Tablet,Northeast,0,8.76,2023-03-05 15:34:00+00:00
401852,45-54,F,Finance,Tablet,West,1,9.8025,2023-05-03 02:26:00+00:00
401853,18-24,M,Retail,Web,Northeast,0,7.26,2023-05-09 08:18:00+00:00
401854,45-54,M,Housing,Tablet,West,0,11.98,2023-03-26 12:12:00+00:00
401855,55+,M,Retail,Tablet,South,1,3.4325,2023-01-27 02:20:00+00:00
401856,55+,F,Health,Tablet,South,0,1.1012,2023-01-22 09:45:00+00:00
401857,25-34,F,Retail,Web,Southeast,0,10.96,2023-03-15 01:53:00+00:00
401858,45-54,F,Finance,Mobile,West,0,0.5825,2023-06-16 10:49:00+00:00
401859,18-24,F,Auto,Tablet,Northeast,0,6.8975,2023-06-28 22:25:00+00:00
401860,25-34,F,News,Mobile,Southeast,0,8.58,2023-06-04 10:13:00+00:00
401861,18-24,M,Finance,Web,Northeast,0,5.5912,2023-02-03 09:39:00+00:00
401862,35-44,M,Finance,Web,Midwest,0,11.8912,2023-06-03 09:56:00+00:00
401863,25-34,M,Auto,Tablet,Southeast,0,12.1,2023-03-12 22:18:00+00:00
401864,45-54,M,Health,Web,West,0,2.7963,2023-05-18 05:28:00+00:00
401865,55+,F,Health,Tablet,South,1,3.5187,2023-01-16 15:02:00+00:00
401866,55+,M,News,Mobile,South,0,8.42,2023-02-16 10:58:00+00:00
401867,45-54,F,News,Mobile,West,1,3.285,2023-05-29 04:29:00+00:00
401868,55+,M,Finance,Tablet,South,0,10.32,2023-02-26 08:50:00+00:00
401869,55+,F,Auto,Mobile,South,0,13.52,2023-02-11 05:40:00+00:00
401870,55+,M,Retail,Web,South,0,10.4475,2023-06-28 22:42:00+00:00
401871,55+,M,News,Mobile,South,1,7.87,2023-03-18 16:02:00+00:00
401872,35-44,M,Retail,Mobile,Midwest,0,11.96,2023-03-25 23:46:00+00:00
401873,45-54,M,Health,Mobile,West,0,12.6562,2023-03-07 05:09:00+00:00
401874,55+,F,Health,Tablet,South,0,6.1025,2023-01-23 10:20:00+00:00
401875,55+,F,Health,Tablet,South,1,6.86,2023-05-09 20:01:00+00:00
401876,18-24,M,Finance,Web,Northeast,0,0.525,2023-05-21 20:28:00+00:00
401877,55+,F,Housing,Mobile,South,1,0.6925,2023-04-25 18:16:00+00:00
401878,45-54,F,Retail,Tablet,West,0,6.28,2023-04-10 03:39:00+00:00
401879,18-24,F,Housing,Mobile,Northeast,1,5.4325,2023-05-07 18:26:00+00:00
401880,18-24,F,Auto,Mobile,Northeast,0,4.4238,2023-04-10 03:48:00+00:00
401881,18-24,M,Finance,Tablet,Northeast,0,15.1,2023-02-10 16:05:00+00:00
401882,55+,M,News,Mobile,South,1,10.3275,2023-05-23 22:03:00+00:00
401883,35-44,F,Auto,Tablet,Midwest,0,11.6062,2023-05-06 05:26:00+00:00
401884,45-54,M,Health,Web,West,0,6.16,2023-05-14 13:44:00+00:00
401885,25-34,M,Health,Tablet,Southeast,0,7.045,2023-05-17 04:53:00+00:00
401886,55+,M,Retail,Mobile,South,0,10.8275,2023-05-03 14:00:00+00:00
401887,25-34,M,Housing,Web,Southeast,1,12.94,2023-06-22 16:07:00+00:00
401888,55+,M,News,Mobile,South,1,8.955,2023-05-05 04:43:00+00:00
401889,35-44,M,Finance,Web,Midwest,0,3.1412,2023-05-14 01:44:00+00:00
401890,25-34,M,Auto,Mobile,Southeast,1,14.14,2023-03-14 12:44:00+00:00
401891,18-24,M,News,Tablet,Northeast,0,6.065,2023-04-23 04:50:00+00:00
401892,25-34,F,News,Mobile,Southeast,0,12.3963,2023-04-08 13:48:00+00:00
401893,35-44,F,Auto,Web,Midwest,1,11.42,2023-02-06 00:48:00+00:00
401894,45-54,M,Auto,Mobile,West,1,6.575,2023-05-21 20:20:00+00:00
401895,18-24,F,Housing,Mobile,Northeast,0,1.095,2023-06-06 12:39:00+00:00
401896,35-44,M,Retail,Mobile,Midwest,0,14.18,2023-02-24 18:33:00+00:00
401897,35-44,M,News,Web,Midwest,0,7.6963,2023-06-07 13:48:00+00:00
401898,18-24,F,Health,Tablet,Northeast,0,9.5412,2023-01-14 01:44:00+00:00
401899,45-54,M,Health,Mobile,West,0,13.2,2023-03-07 05:09:00+00:00
401900,25-34,F,Retail,Tablet,Southeast,0,5.8075,2023-04-17 22:06:00+00:00
401901,25-34,F,Housing,Mobile,Northeast,1,8.76,2023-05-24 23:37:00+00:00
401902,25-34,F,News,Web,Southeast,0,14.02,2023-05-27 02:38:00+00:00
401903,45-54,F,Retail,Tablet,West,0,1.4475,2023-01-19 06:54:00+00:00
401904,45-54,M,Health,Web,West,0,7.115,2023-04-23 04:16:00+00:00
401905,35-44,M,News,Web,Midwest,0,7.6,2023-01-06 05:35:00+00:00
401906,35-44,M,Retail,Tablet,Midwest,1,5.055,2023-03-26 12:46:00+00:00
401907,18-24,F,Auto,Tablet,Northeast,1,5.8238,2023-01-20 19:28:00+00:00
401908,18-24,M,Retail,Web,Northeast,0,10.78,2023-04-15 08:06:00+00:00
401909,25-34,M,Auto,Web,Southeast,0,5.785,2023-03-30 04:29:00+00:00
401910,55+,M,News,Tablet,South,0,9.4075,2023-02-16 22:32:00+00:00
401911,45-54,M,Housing,Web,West,1,9.86,2023-03-20 18:36:00+00:00
401912,18-24,F,Auto,Tablet,Northeast,1,6.6588,2023-01-08 07:43:00+00:00
401913,35-44,F,Housing,Tablet,Midwest,0,6.2862,2023-03-31 05:29:00+00:00
401914,35-44,F,Housing,Tablet,Midwest,0,12.66,2023-06-08 02:48:00+00:00
401915,35-44,M,News,Mobile,Midwest,1,4.79,2023-06-22 16:41:00+00:00
401916,45-54,F,Retail,Web,West,0,4.8175,2023-01-15 14:10:00+00:00
401917,55+,M,Finance,Mobile,South,0,8.86,2023-05-29 16:46:00+00:00
401918,25-34,M,Housing,Web,Southeast,0,3.04,2023-01-13 00:36:00+00:00
401919,18-24,M,Finance,Mobile,Northeast,1,0.8225,2023-06-08 02:05:00+00:00
401920,25-34,M,Auto,Web,Southeast,0,7.92,2023-03-03 01:17:00+00:00
401921,25-34,F,News,Tablet,Southeast,0,6.5113,2023-05-30 17:29:00+00:00
401922,55+,F,Auto,Mobile,South,0,6.8463,2023-04-08 13:39:00+00:00
401923,35-44,F,Health,Mobile,Midwest,0,11.12,2023-03-23 21:37:00+00:00
401924,35-44,M,News,Tablet,Midwest,0,4.9037,2023-06-13 19:23:00+00:00
401925,45-54,F,Finance,Mobile,West,0,7.8613,2023-01-10 09:52:00+00:00
401926,55+,F,Housing,Web,South,0,8.12,2023-02-01 19:13:00+00:00
401927,45-54,F,Retail,Web,West,0,11.7925,2023-06-04 10:56:00+00:00
401928,55+,F,Housing,Web,South,0,12.5575,2023-05-27 14:12:00+00:00
401929,18-24,F,Health,Web,Northeast,1,11.58,2023-03-06 16:34:00+00:00
401930,45-54,M,Auto,Tablet,West,0,1.8538,2023-01-24 11:29:00+00:00
401931,45-54,M,Auto,Mobile,West,0,6.505,2023-01-25 12:29:00+00:00
401932,45-54,M,Auto,Mobile,West,0,6.1,2023-06-20 14:07:00+00:00
401933,25-34,M,Auto,Mobile,Southeast,0,6.7812,2023-04-16 09:06:00+00:00
401934,25-34,M,Housing,Tablet,Southeast,0,3.7725,2023-05-19 18:28:00+00:00
401935,25-34,F,News,Tablet,Southeast,0,13.12,2023-04-12 05:48:00+00:00
401936,55+,F,Housing,Web,South,0,12.1638,2023-01-12 11:27:00+00:00
401937,18-24,M,Finance,Tablet,Northeast,0,7.8637,2023-05-12 11:27:00+00:00
401938,45-54,F,Finance,Mobile,West,0,8.34,2023-03-24 10:11:00+00:00
401939,55+,M,News,Tablet,South,0,8.8362,2023-02-19 13:32:00+00:00
401940,25-34,M,Health,Web,Southeast,0,2.0075,2023-05-07 06:00:00+00:00
401941,18-24,F,Auto,Web,Northeast,0,6.48,2023-05-30 05:29:00+00:00
401942,35-44,M,Finance,Mobile,Midwest,1,7.7062,2023-01-26 13:37:00+00:00
401943,35-44,M,News,Mobile,Midwest,0,1.1513,2023-03-23 09:03:00+00:00
401944,18-24,M,Finance,Web,Northeast,0,12.68,2023-01-20 07:45:00+00:00
401945,35-44,F,Housing,Tablet,Midwest,0,3.6612,2023-01-30 17:47:00+00:00
401946,35-44,M,Retail,Mobile,Midwest,0,10.7012,2023-02-11 17:48:00+00:00
401947,45-54,M,Health,Web,West,0,15.26,2023-01-29 04:55:00+00:00
401948,18-24,M,Finance,Mobile,Northeast,0,3.5612,2023-04-20 01:58:00+00:00
401949,35-44,M,Finance,Tablet,Midwest,0,7.8025,2023-04-13 18:40:00+00:00
401950,45-54,F,News,Tablet,West,0,8.44,2023-02-17 23:15:00+00:00
401951,25-34,F,Housing,Tablet,Northeast,0,14.58,2023-04-25 18:50:00+00:00
401952,45-54,F,News,Tablet,West,1,4.3725,2023-04-09 02:48:00+00:00
401953,55+,F,Auto,Tablet,South,0,11.56,2023-04-14 19:49:00+00:00
401954,18-24,M,Retail,Web,Northeast,1,1.6938,2023-04-06 11:05:00+00:00
401955,25-34,M,Auto,Tablet,Southeast,1,7.6238,2023-06-29 11:17:00+00:00
401956,25-34,F,News,Mobile,Southeast,0,11.32,2023-02-21 15:24:00+00:00
401957,18-24,M,Finance,Mobile,Northeast,0,4.4962,2023-04-08 13:22:00+00:00
401958,45-54,F,News,Web,West,1,1.365,2023-03-14 12:10:00+00:00
401959,35-44,F,Housing,Tablet,Midwest,0,8.3,2023-01-01 12:25:00+00:00
401960,25-34,F,News,Mobile,Southeast,1,7.3525,2023-06-12 18:06:00+00:00
401961,35-44,F,Auto,Tablet,Midwest,0,12.4812,2023-01-06 17:09:00+00:00
401962,18-24,F,Health,Mobile,Northeast,0,13.28,2023-03-31 05:38:00+00:00
401963,25-34,F,Finance,Tablet,Southeast,0,6.4988,2023-04-10 15:57:00+00:00
401964,45-54,F,Retail,Web,West,0,11.9038,2023-02-13 19:49:00+00:00
401965,35-44,M,Retail,Tablet,Midwest,0,13.9,2023-03-02 12:34:00+00:00
401966,55+,M,News,Tablet,South,1,8.0525,2023-05-03 02:17:00+00:00
401967,25-34,F,Retail,Mobile,Southeast,0,3.7763,2023-02-11 05:57:00+00:00
401968,45-54,F,News,Web,West,0,9.4,2023-02-25 19:07:00+00:00
401969,35-44,M,Finance,Web,Midwest,1,6.56,2023-03-10 08:26:00+00:00
401970,18-24,F,Housing,Web,Northeast,0,12.4325,2023-01-27 02:55:00+00:00
401971,18-24,F,Auto,Tablet,Northeast,0,7.28,2023-05-10 21:09:00+00:00
401972,18-24,F,Auto,Web,Northeast,0,1.12,2023-04-07 00:22:00+00:00
401973,25-34,F,News,Tablet,Southeast,0,1.21,2023-06-18 00:58:00+00:00
401974,45-54,M,Auto,Mobile,West,0,11.94,2023-03-04 02:26:00+00:00
401975,25-34,M,Housing,Mobile,Southeast,0,11.7175,2023-06-04 22:39:00+00:00
401976,55+,M,Finance,Mobile,South,0,5.4988,2023-06-09 15:48:00+00:00
401977,45-54,F,News,Tablet,West,0,8.24,2023-04-08 01:48:00+00:00
401978,45-54,M,Health,Web,West,0,1.7913,2023-03-15 01:19:00+00:00
401979,55+,F,Housing,Web,South,0,6.025,2023-03-22 20:02:00+00:00
401980,18-24,F,Health,Web,Northeast,0,14.08,2023-03-31 05:21:00+00:00
401981,55+,F,Housing,Web,South,0,1.4475,2023-06-08 14:14:00+00:00
401982,55+,M,News,Web,South,1,6.7412,2023-02-03 09:47:00+00:00
401983,45-54,M,Housing,Tablet,West,0,5.92,2023-05-02 01:17:00+00:00
401984,25-34,M,Housing,Tablet,Southeast,0,9.2662,2023-04-04 21:21:00+00:00
401985,35-44,F,Auto,Tablet,Midwest,0,3.6662,2023-01-14 13:19:00+00:00
401986,55+,M,News,Web,South,0,11.02,2023-03-18 16:19:00+00:00
401987,55+,M,Retail,Tablet,South,0,11.3912,2023-02-03 09:47:00+00:00
401988,45-54,F,Finance,Tablet,West,0,8.5125,2023-01-31 18:55:00+00:00
401989,18-24,M,Retail,Tablet,Northeast,0,14.96,2023-02-23 05:33:00+00:00
401990,55+,M,Retail,Tablet,South,0,8.47,2023-04-07 00:22:00+00:00
401991,18-24,F,Housing,Mobile,Northeast,0,4.1837,2023-01-08 19:52:00+00:00
401992,45-54,M,Housing,Tablet,West,0,8.46,2023-06-18 00:32:00+00:00
401993,55+,M,News,Mobile,South,1,7.7213,2023-06-07 01:05:00+00:00
401994,35-44,M,Retail,Web,Midwest,0,12.835,2023-03-10 20:26:00+00:00
401995,45-54,F,Retail,Web,West,0,6.08,2023-02-19 13:58:00+00:00
401996,35-44,M,News,Tablet,Midwest,0,1.495,2023-06-26 20:42:00+00:00
401997,45-54,M,Health,Web,West,0,4.31,2023-05-29 16:46:00+00:00
401998,45-54,M,Auto,Web,West,1,11.16,2023-06-13 19:14:00+00:00
401999,18-24,F,Auto,Mobile,Northeast,0,2.8563,2023-01-26 13:46:00+00:00
402000,35-44,F,Auto,Tablet,Midwest,0,11.5575,2023-05-07 06:43:00+00:00
402001,25-34,F,Housing,Web,Northeast,0,14.4,2023-03-07 17:17:00+00:00
402002,35-44,M,News,Web,Midwest,0,4.475,2023-01-01 12:51:00+00:00
402003,25-34,M,Auto,Mobile,Southeast,0,12.5887,2023-06-01 07:30:00+00:00
402004,45-54,M,Housing,Tablet,West,0,15.14,2023-03-04 02:43:00+00:00
402005,55+,M,News,Web,South,0,9.7188,2023-06-25 07:16:00+00:00
402006,25-34,M,Health,Web,Southeast,0,6.7912,2023-06-23 17:50:00+00:00
402007,25-34,F,Finance,Tablet,Southeast,0,13.9,2023-02-10 04:22:00+00:00
402008,35-44,M,News,Web,Midwest,1,1.74,2023-02-02 08:13:00+00:00
402009,25-34,M,Health,Tablet,Southeast,0,7.0862,2023-03-31 05:12:00+00:00
402010,55+,F,Health,Mobile,South,0,6.1,2023-05-11 10:01:00+00:00
402011,35-44,M,News,Web,Midwest,0,10.9437,2023-03-17 03:10:00+00:00
402012,18-24,F,Health,Tablet,Northeast,0,1.8325,2023-06-16 10:15:00+00:00
402013,18-24,M,Finance,Web,Northeast,0,7.46,2023-05-19 06:36:00+00:00
402014,45-54,F,Retail,Web,West,0,12.1512,2023-03-03 01:25:00+00:00
402015,35-44,M,Retail,Web,Midwest,0,10.4725,2023-02-08 02:22:00+00:00
402016,25-34,F,News,Tablet,Southeast,0,8.84,2023-01-28 03:55:00+00:00
402017,25-34,M,Housing,Mobile,Southeast,0,10.8,2023-02-10 16:05:00+00:00
402018,55+,F,Auto,Tablet,South,1,5.5237,2023-06-09 03:31:00+00:00
402019,25-34,M,Auto,Mobile,Southeast,0,12.48,2023-02-19 13:07:00+00:00
402020,55+,F,Housing,Mobile,South,0,1.91,2023-01-29 16:12:00+00:00
402021,25-34,M,Auto,Tablet,Southeast,0,9.18,2023-05-25 00:37:00+00:00
402022,25-34,F,News,Web,Southeast,0,5.76,2023-06-23 17:24:00+00:00
402023,25-34,M,Auto,Web,Southeast,0,10.83,2023-05-25 00:03:00+00:00
402024,45-54,F,Finance,Web,West,0,7.0738,2023-01-20 19:45:00+00:00
402025,18-24,F,Health,Mobile,Northeast,0,11.92,2023-03-03 01:51:00+00:00
402026,45-54,M,Auto,Tablet,West,1,7.8175,2023-04-25 06:50:00+00:00
402027,55+,M,News,Tablet,South,0,4.7188,2023-03-17 15:53:00+00:00
402028,45-54,F,Retail,Mobile,West,0,5.78,2023-02-04 22:56:00+00:00
402029,35-44,M,News,Mobile,Midwest,0,6.3075,2023-01-27 14:55:00+00:00
402030,55+,M,Retail,Web,South,0,2.315,2023-04-23 04:16:00+00:00
402031,25-34,M,Auto,Mobile,Southeast,0,14.74,2023-02-12 18:06:00+00:00
402032,35-44,F,Auto,Web,Midwest,1,11.41,2023-01-09 08:18:00+00:00
402033,55+,M,News,Tablet,South,0,9.6888,2023-02-21 15:50:00+00:00
402034,18-24,F,Auto,Web,Northeast,0,13.5,2023-02-10 04:22:00+00:00
402035,45-54,F,News,Web,West,0,6.3012,2023-01-22 09:28:00+00:00
402036,55+,M,Retail,Tablet,South,0,0.6325,2023-06-16 10:49:00+00:00
402037,55+,M,News,Tablet,South,0,14.06,2023-03-30 16:55:00+00:00
402038,25-34,M,Health,Web,Southeast,0,10.1825,2023-01-27 02:38:00+00:00
402039,45-54,F,News,Mobile,West,1,12.5388,2023-03-13 23:44:00+00:00
402040,18-24,M,News,Mobile,Northeast,0,7.12,2023-01-22 21:20:00+00:00
402041,18-24,F,Auto,Web,Northeast,0,7.2325,2023-04-17 10:40:00+00:00
402042,18-24,F,Health,Web,Northeast,1,11.6,2023-01-01 00:17:00+00:00
402043,25-34,M,Health,Tablet,Southeast,0,12.18,2023-06-24 06:42:00+00:00
402044,25-34,M,Housing,Tablet,Southeast,0,0.9725,2023-06-08 02:22:00+00:00
402045,55+,F,Health,Tablet,South,0,2.9625,2023-04-01 18:21:00+00:00
402046,35-44,M,Finance,Mobile,Midwest,1,10.24,2023-03-19 05:28:00+00:00
402047,35-44,M,News,Mobile,Midwest,0,4.6738,2023-06-29 11:08:00+00:00
402048,45-54,M,Housing,Web,West,1,12.6687,2023-03-17 15:02:00+00:00
402049,18-24,M,Retail,Mobile,Northeast,0,6.56,2023-02-03 21:04:00+00:00
402050,18-24,M,News,Mobile,Northeast,0,2.875,2023-05-01 12:08:00+00:00
402051,25-34,F,Housing,Web,Northeast,0,7.66,2023-02-18 00:41:00+00:00
402052,18-24,M,News,Web,Northeast,0,7.3,2023-06-20 14:41:00+00:00
402053,55+,F,Auto,Mobile,South,0,6.3788,2023-04-14 07:23:00+00:00
402054,25-34,F,Finance,Web,Southeast,1,7.6612,2023-01-30 17:29:00+00:00
402055,18-24,M,Finance,Mobile,Northeast,0,9.52,2023-02-11 05:23:00+00:00
402056,25-34,M,Health,Tablet,Southeast,1,0.7037,2023-05-24 11:46:00+00:00
402057,45-54,F,Retail,Web,West,0,7.035,2023-03-30 04:29:00+00:00
402058,45-54,F,Finance,Web,West,0,13.62,2023-01-27 02:55:00+00:00
402059,35-44,M,Finance,Web,Midwest,0,11.16,2023-06-18 00:32:00+00:00
402060,55+,F,Housing,Mobile,South,0,6.6425,2023-06-24 18:42:00+00:00
402061,25-34,F,Retail,Mobile,Southeast,0,9.0,2023-05-16 15:36:00+00:00
402062,45-54,F,Retail,Mobile,West,0,5.0425,2023-01-15 02:44:00+00:00
402063,18-24,F,Health,Web,Northeast,0,1.2188,2023-03-17 15:36:00+00:00
402064,25-34,F,Finance,Tablet,Southeast,0,15.3,2023-02-20 14:58:00+00:00
402065,25-34,F,News,Web,Southeast,0,2.3188,2023-04-26 07:16:00+00:00
402066,35-44,F,Auto,Mobile,Midwest,0,4.8762,2023-04-12 05:48:00+00:00
402067,35-44,M,Retail,Web,Midwest,1,10.34,2023-06-12 18:06:00+00:00
402068,25-34,F,Finance,Mobile,Southeast,1,10.5213,2023-03-19 17:02:00+00:00
402069,18-24,M,News,Web,Northeast,0,10.9262,2023-05-22 21:03:00+00:00
402070,18-24,F,Auto,Tablet,Northeast,0,8.5,2023-04-01 06:12:00+00:00
402071,25-34,M,Health,Mobile,Southeast,0,5.645,2023-02-06 12:30:00+00:00
402072,25-34,F,Retail,Web,Southeast,0,12.6713,2023-04-08 01:31:00+00:00
402073,45-54,M,Auto,Web,West,0,10.24,2023-02-07 13:22:00+00:00
402074,55+,M,Finance,Tablet,South,0,2.585,2023-05-09 20:01:00+00:00
402075,25-34,F,News,Web,Southeast,0,2.5612,2023-04-20 01:07:00+00:00
402076,55+,M,Finance,Web,South,0,9.46,2023-06-28 10:42:00+00:00
402077,35-44,M,Retail,Tablet,Midwest,0,7.5425,2023-04-05 10:47:00+00:00
402078,35-44,M,Retail,Tablet,Midwest,0,10.7812,2023-02-15 09:06:00+00:00
402079,18-24,M,News,Mobile,Northeast,0,15.02,2023-05-17 16:28:00+00:00
402080,35-44,F,Housing,Mobile,Midwest,0,3.5,2023-06-10 16:57:00+00:00
402081,55+,F,Housing,Web,South,1,10.085,2023-01-09 20:18:00+00:00
402082,45-54,F,Finance,Tablet,West,0,9.64,2023-01-28 03:03:00+00:00
402083,45-54,F,Retail,Web,West,0,5.3838,2023-03-09 19:18:00+00:00
402084,55+,M,Retail,Web,South,0,12.6025,2023-01-03 02:08:00+00:00
402085,35-44,F,Housing,Web,Midwest,0,12.34,2023-02-12 18:06:00+00:00
402086,45-54,F,News,Web,West,0,6.2575,2023-06-16 22:23:00+00:00
402087,45-54,F,News,Mobile,West,0,12.6013,2023-06-11 17:14:00+00:00
402088,45-54,F,News,Web,West,0,11.34,2023-06-02 08:13:00+00:00
402089,25-34,M,Housing,Web,Southeast,0,7.6525,2023-06-12 18:57:00+00:00
402090,18-24,M,News,Tablet,Northeast,0,7.8963,2023-06-27 21:33:00+00:00
402091,18-24,F,Housing,Tablet,Northeast,0,14.1,2023-06-20 14:15:00+00:00
402092,45-54,F,Finance,Tablet,West,0,3.8512,2023-06-11 17:57:00+00:00
402093,35-44,M,Finance,Mobile,Midwest,1,0.745,2023-01-17 04:45:00+00:00
402094,55+,F,Auto,Tablet,South,0,8.86,2023-06-18 12:24:00+00:00
402095,55+,F,Auto,Web,South,0,2.3188,2023-03-17 15:19:00+00:00
402096,18-24,M,Finance,Mobile,Northeast,0,1.375,2023-05-21 20:54:00+00:00
402097,35-44,F,Auto,Mobile,Midwest,0,6.84,2023-06-17 11:58:00+00:00
402098,18-24,F,Auto,Tablet,Northeast,1,0.51,2023-02-18 00:24:00+00:00
402099,25-34,F,Retail,Tablet,Southeast,0,9.7438,2023-01-16 03:27:00+00:00
402100,55+,M,Retail,Tablet,South,1,6.74,2023-03-24 22:54:00+00:00
402101,25-34,F,Housing,Web,Northeast,0,14.34,2023-01-23 10:54:00+00:00
402102,55+,M,Retail,Web,South,0,0.7163,2023-02-03 21:04:00+00:00
402103,18-24,F,Housing,Tablet,Northeast,0,12.76,2023-05-04 03:09:00+00:00
402104,25-34,M,Auto,Mobile,Southeast,0,3.465,2023-02-02 20:04:00+00:00
402105,55+,F,Housing,Web,South,0,4.4313,2023-05-06 17:52:00+00:00
402106,55+,F,Health,Tablet,South,1,10.9,2023-05-31 18:12:00+00:00
402107,18-24,F,Auto,Tablet,Northeast,0,2.9287,2023-01-24 23:03:00+00:00
402108,45-54,F,News,Tablet,West,0,3.1075,2023-01-27 14:55:00+00:00
402109,45-54,F,Finance,Web,West,0,8.6,2023-01-16 15:02:00+00:00
402110,18-24,F,Health,Mobile,Northeast,0,7.68,2023-05-05 16:00:00+00:00
402111,25-34,M,Auto,Mobile,Southeast,1,11.385,2023-05-09 20:26:00+00:00
402112,45-54,F,Retail,Mobile,West,0,14.24,2023-02-27 21:59:00+00:00
402113,55+,M,Finance,Web,South,0,1.1763,2023-01-22 21:03:00+00:00
402114,45-54,M,Housing,Mobile,West,0,11.3287,2023-01-04 15:43:00+00:00
402115,45-54,M,Housing,Tablet,West,0,11.1,2023-04-11 04:14:00+00:00
402116,25-34,F,News,Mobile,Southeast,0,12.85,2023-05-01 00:42:00+00:00
402117,45-54,M,Health,Mobile,West,0,7.495,2023-06-06 12:39:00+00:00
402118,55+,M,Retail,Mobile,South,0,7.98,2023-03-06 04:34:00+00:00
402119,45-54,F,Retail,Mobile,West,0,4.3362,2023-04-20 13:32:00+00:00
402120,55+,F,Auto,Mobile,South,0,11.945,2023-04-27 20:25:00+00:00
402121,45-54,M,Housing,Tablet,West,1,11.12,2023-03-03 01:43:00+00:00
402122,18-24,M,News,Mobile,Northeast,1,8.6375,2023-01-31 06:12:00+00:00
402123,18-24,M,Finance,Tablet,Northeast,1,8.1625,2023-04-01 18:04:00+00:00
402124,35-44,M,News,Web,Midwest,1,13.62,2023-03-28 14:46:00+00:00
402125,35-44,F,Auto,Mobile,Midwest,1,9.4775,2023-03-04 14:00:00+00:00
402126,45-54,F,Finance,Web,West,0,3.3512,2023-04-12 17:57:00+00:00
402127,18-24,M,News,Web,Northeast,1,10.12,2023-01-12 11:27:00+00:00
402128,55+,F,Health,Mobile,South,0,5.3113,2023-01-30 17:38:00+00:00
402129,25-34,F,Retail,Mobile,Southeast,0,5.22,2023-02-26 08:50:00+00:00
402130,45-54,M,Housing,Web,West,0,11.48,2023-01-20 19:19:00+00:00
402131,25-34,F,News,Mobile,Southeast,0,11.4838,2023-03-29 03:38:00+00:00
402132,18-24,M,Finance,Tablet,Northeast,0,6.905,2023-04-15 20:23:00+00:00
402133,45-54,M,Auto,Web,West,0,7.04,2023-02-27 09:16:00+00:00
402134,18-24,M,News,Mobile,Northeast,1,0.9012,2023-03-03 01:43:00+00:00
402135,25-34,F,News,Tablet,Southeast,1,10.4887,2023-04-22 15:33:00+00:00
402136,25-34,M,Auto,Web,Southeast,0,7.44,2023-03-19 05:53:00+00:00
402137,18-24,F,Auto,Tablet,Northeast,0,10.8138,2023-02-01 19:38:00+00:00
402138,18-24,M,News,Tablet,Northeast,0,8.3225,2023-02-28 10:08:00+00:00
402139,25-34,F,Finance,Mobile,Southeast,0,6.88,2023-05-30 05:12:00+00:00
402140,55+,F,Auto,Tablet,South,1,12.295,2023-01-17 04:28:00+00:00
402141,25-34,F,News,Web,Southeast,1,2.1113,2023-06-19 01:15:00+00:00
402142,25-34,M,Health,Tablet,Southeast,0,6.96,2023-03-15 01:44:00+00:00
402143,35-44,F,Housing,Mobile,Midwest,0,12.3775,2023-03-04 14:43:00+00:00
402144,35-44,M,Finance,Web,Midwest,0,4.205,2023-01-25 12:03:00+00:00
402145,55+,M,Finance,Mobile,South,1,10.66,2023-02-08 02:56:00+00:00
402146,25-34,F,News,Web,Southeast,0,11.54,2023-06-22 16:16:00+00:00
402147,35-44,F,Health,Tablet,Midwest,1,11.6913,2023-04-04 09:13:00+00:00
402148,55+,M,Retail,Tablet,South,0,5.82,2023-04-27 20:08:00+00:00
402149,55+,F,Auto,Mobile,South,0,10.0638,2023-01-12 11:53:00+00:00
402150,18-24,F,Housing,Mobile,Northeast,0,7.9688,2023-05-16 15:36:00+00:00
402151,25-34,F,Housing,Mobile,Northeast,1,9.08,2023-05-20 07:54:00+00:00
402152,55+,M,Finance,Web,South,0,12.0325,2023-03-28 02:03:00+00:00
402153,35-44,M,Retail,Tablet,Midwest,0,5.3475,2023-04-29 22:25:00+00:00
402154,25-34,M,Housing,Tablet,Southeast,0,13.18,2023-02-14 20:57:00+00:00
402155,18-24,F,Housing,Tablet,Northeast,0,2.1325,2023-05-27 02:29:00+00:00
402156,35-44,M,Retail,Mobile,Midwest,0,10.3275,2023-02-12 06:23:00+00:00
402157,35-44,M,News,Web,Midwest,1,6.84,2023-03-09 07:18:00+00:00
402158,45-54,M,Health,Tablet,West,0,4.8187,2023-04-06 23:13:00+00:00
402159,35-44,F,Housing,Web,Midwest,0,11.1237,2023-06-09 03:31:00+00:00
402160,18-24,M,News,Tablet,Northeast,0,14.84,2023-05-28 03:38:00+00:00
402161,25-34,F,News,Tablet,Southeast,0,1.9638,2023-02-01 19:30:00+00:00
402162,45-54,M,Auto,Mobile,West,0,4.4125,2023-04-21 02:24:00+00:00
402163,18-24,F,Housing,Tablet,Northeast,0,5.66,2023-05-09 08:52:00+00:00
402164,18-24,F,Housing,Tablet,Northeast,0,6.2337,2023-02-17 11:58:00+00:00
402165,25-34,M,Auto,Web,Southeast,0,3.5325,2023-06-16 10:32:00+00:00
402166,25-34,M,Housing,Tablet,Southeast,0,11.38,2023-03-16 02:02:00+00:00
402167,55+,M,Retail,Mobile,South,1,11.5475,2023-06-28 22:59:00+00:00
402168,35-44,M,Finance,Web,Midwest,0,8.7688,2023-05-16 15:53:00+00:00
402169,55+,M,News,Tablet,South,1,7.34,2023-06-02 08:21:00+00:00
402170,25-34,M,Auto,Web,Southeast,0,5.0175,2023-05-15 14:53:00+00:00
402171,35-44,F,Auto,Tablet,Midwest,1,8.9637,2023-05-12 11:35:00+00:00
402172,25-34,F,Finance,Mobile,Southeast,0,14.22,2023-04-07 12:22:00+00:00
402173,45-54,M,Housing,Web,West,0,1.23,2023-01-25 00:20:00+00:00
402174,45-54,F,Retail,Mobile,West,0,0.8787,2023-06-13 07:31:00+00:00
402175,25-34,F,Retail,Tablet,Southeast,1,12.26,2023-04-09 14:56:00+00:00
402176,25-34,M,Auto,Mobile,Southeast,0,2.4463,2023-03-19 05:28:00+00:00
402177,55+,M,Retail,Tablet,South,1,3.1412,2023-02-03 09:13:00+00:00
402178,25-34,M,Auto,Mobile,Southeast,0,9.82,2023-03-18 16:02:00+00:00
402179,45-54,F,Retail,Web,West,0,10.1412,2023-02-23 17:07:00+00:00
402180,25-34,M,Auto,Web,Southeast,0,11.0025,2023-06-12 18:31:00+00:00
402181,25-34,F,News,Tablet,Southeast,1,14.98,2023-06-24 18:16:00+00:00
402182,45-54,M,Housing,Web,West,0,10.1837,2023-02-17 11:41:00+00:00
402183,35-44,F,Health,Tablet,Midwest,0,10.3087,2023-03-29 15:21:00+00:00
402184,55+,F,Health,Mobile,South,0,14.56,2023-03-15 01:44:00+00:00
402185,35-44,F,Housing,Mobile,Midwest,1,1.01,2023-05-29 16:55:00+00:00
402186,35-44,F,Housing,Mobile,Midwest,0,9.3725,2023-02-28 10:08:00+00:00
402187,35-44,M,Finance,Tablet,Midwest,1,13.06,2023-02-08 14:14:00+00:00
402188,55+,F,Housing,Mobile,South,0,12.3287,2023-01-04 15:26:00+00:00
402189,18-24,M,Retail,Mobile,Northeast,1,10.985,2023-03-10 20:35:00+00:00
402190,55+,M,Retail,Mobile,South,0,9.54,2023-05-23 22:54:00+00:00
402191,18-24,F,Housing,Mobile,Northeast,0,8.645,2023-06-26 20:16:00+00:00
402192,45-54,F,News,Mobile,West,1,1.2225,2023-03-20 18:54:00+00:00
402193,25-34,F,Retail,Tablet,Southeast,0,8.32,2023-03-23 09:45:00+00:00
402194,45-54,F,News,Web,West,1,3.4537,2023-01-24 11:46:00+00:00
402195,45-54,M,Housing,Tablet,West,0,5.3163,2023-02-23 05:33:00+00:00
402196,25-34,M,Health,Tablet,Southeast,0,8.58,2023-04-25 06:33:00+00:00
402197,18-24,F,Housing,Web,Northeast,1,5.1612,2023-05-10 09:52:00+00:00
402198,45-54,F,Retail,Mobile,West,0,11.9563,2023-01-06 05:09:00+00:00
402199,45-54,M,Auto,Web,West,0,9.56,2023-03-25 23:20:00+00:00
402200,35-44,F,Auto,Tablet,Midwest,0,6.4238,2023-04-10 03:22:00+00:00
402201,25-34,F,Housing,Tablet,Northeast,0,12.14,2023-03-14 12:53:00+00:00
402202,35-44,F,Health,Web,Midwest,1,9.86,2023-03-20 06:19:00+00:00
402203,55+,M,Retail,Mobile,South,0,7.3537,2023-04-14 19:57:00+00:00
402204,25-34,F,Finance,Mobile,Southeast,0,10.105,2023-03-06 04:17:00+00:00
402205,35-44,F,Housing,Mobile,Midwest,1,5.88,2023-04-10 15:14:00+00:00
402206,45-54,F,Retail,Mobile,West,1,6.7988,2023-03-01 23:17:00+00:00
402207,45-54,F,News,Web,West,1,4.4863,2023-01-10 21:44:00+00:00
402208,25-34,F,Finance,Mobile,Southeast,0,14.58,2023-06-04 22:39:00+00:00
402209,45-54,F,Finance,Mobile,West,0,4.8788,2023-04-14 07:14:00+00:00
402210,25-34,M,Health,Web,Southeast,0,6.8338,2023-05-28 03:12:00+00:00
402211,35-44,M,Retail,Web,Midwest,0,14.28,2023-02-09 15:57:00+00:00
402212,25-34,M,Health,Tablet,Southeast,0,8.0475,2023-04-09 14:31:00+00:00
402213,55+,M,Retail,Tablet,South,1,6.05,2023-01-21 08:45:00+00:00
402214,18-24,M,Finance,Tablet,Northeast,0,5.54,2023-06-12 18:06:00+00:00
402215,35-44,M,Finance,Tablet,Midwest,0,9.6937,2023-04-26 19:42:00+00:00
402216,18-24,F,Auto,Tablet,Northeast,1,4.13,2023-05-05 16:26:00+00:00
402217,35-44,F,Housing,Mobile,Midwest,0,9.1,2023-04-11 16:31:00+00:00
402218,35-44,F,Health,Mobile,Midwest,1,8.9987,2023-04-10 15:39:00+00:00
402219,55+,M,Retail,Mobile,South,0,3.4487,2023-03-21 07:37:00+00:00
402220,45-54,F,Retail,Web,West,0,9.56,2023-06-13 19:31:00+00:00
402221,45-54,F,Finance,Mobile,West,0,7.6662,2023-03-15 13:10:00+00:00
402222,25-34,M,Housing,Tablet,Southeast,0,10.1212,2023-04-28 09:16:00+00:00
402223,35-44,M,Finance,Mobile,Midwest,0,15.16,2023-02-13 07:31:00+00:00
402224,35-44,M,Retail,Mobile,Midwest,0,0.9425,2023-02-24 18:07:00+00:00
402225,45-54,M,Housing,Tablet,West,0,8.035,2023-05-09 20:26:00+00:00
402226,25-34,M,Auto,Tablet,Southeast,1,10.2,2023-06-25 07:16:00+00:00
402227,18-24,M,Retail,Mobile,Northeast,0,3.7837,2023-02-17 11:41:00+00:00
402228,25-34,F,Retail,Mobile,Southeast,0,12.1225,2023-06-08 02:48:00+00:00
402229,55+,F,Health,Tablet,South,0,7.4,2023-04-26 07:25:00+00:00
402230,25-34,M,Housing,Web,Southeast,0,5.8388,2023-06-21 15:15:00+00:00
402231,45-54,M,Auto,Tablet,West,0,7.42,2023-02-06 00:22:00+00:00
402232,25-34,M,Health,Mobile,Southeast,1,15.16,2023-01-24 11:46:00+00:00
402233,35-44,M,Retail,Web,Midwest,1,9.335,2023-01-09 20:44:00+00:00
402234,55+,M,Finance,Web,South,0,3.9425,2023-05-15 02:19:00+00:00
402235,35-44,F,Health,Web,Midwest,1,8.48,2023-06-19 13:32:00+00:00
402236,45-54,F,Finance,Tablet,West,1,9.3112,2023-05-30 17:04:00+00:00
402237,35-44,F,Auto,Web,Midwest,0,7.7588,2023-04-18 23:23:00+00:00
402238,18-24,F,Housing,Tablet,Northeast,0,6.54,2023-02-02 08:56:00+00:00
402239,55+,F,Health,Mobile,South,1,4.8913,2023-04-04 09:30:00+00:00
402240,55+,M,News,Mobile,South,0,1.3687,2023-06-25 07:16:00+00:00
402241,35-44,M,News,Web,Midwest,0,13.66,2023-02-18 12:49:00+00:00
402242,45-54,M,Health,Mobile,West,0,8.4337,2023-03-29 03:29:00+00:00
402243,35-44,F,Housing,Mobile,Midwest,0,5.5263,2023-06-11 05:05:00+00:00
402244,35-44,M,Finance,Mobile,Midwest,0,10.32,2023-01-22 09:54:00+00:00
402245,55+,M,Retail,Web,South,0,4.4725,2023-04-29 10:25:00+00:00
402246,35-44,F,Health,Tablet,Midwest,1,8.8038,2023-04-14 19:14:00+00:00
402247,35-44,M,Finance,Mobile,Midwest,1,6.92,2023-03-13 11:27:00+00:00
402248,18-24,M,News,Web,Northeast,0,0.585,2023-04-19 12:41:00+00:00
402249,25-34,M,Auto,Web,Southeast,0,4.1612,2023-01-30 17:12:00+00:00
402250,35-44,F,Auto,Mobile,Midwest,0,9.08,2023-01-20 07:11:00+00:00
402251,25-34,F,Housing,Tablet,Northeast,0,12.32,2023-06-11 05:48:00+00:00
402252,55+,F,Housing,Tablet,South,0,0.865,2023-05-13 12:27:00+00:00
402253,18-24,F,Housing,Mobile,Northeast,0,11.54,2023-05-23 22:03:00+00:00
402254,55+,F,Housing,Tablet,South,0,8.6625,2023-04-21 02:41:00+00:00
402255,18-24,F,Health,Tablet,Northeast,0,9.3338,2023-02-17 11:15:00+00:00
402256,25-34,F,Finance,Mobile,Southeast,0,6.5,2023-02-20 14:32:00+00:00
402257,45-54,F,Retail,Web,West,0,5.945,2023-04-27 20:50:00+00:00
402258,25-34,M,Housing,Tablet,Southeast,0,6.0287,2023-05-24 23:29:00+00:00
402259,25-34,M,Auto,Web,Southeast,0,12.18,2023-02-04 22:47:00+00:00
402260,18-24,F,Health,Web,Northeast,1,6.69,2023-04-03 08:38:00+00:00
402261,18-24,F,Auto,Web,Northeast,0,10.67,2023-06-06 00:56:00+00:00
402262,25-34,F,Retail,Web,Southeast,0,13.52,2023-05-22 21:28:00+00:00
402263,35-44,M,News,Web,Midwest,1,4.3675,2023-04-05 22:04:00+00:00
402264,25-34,F,Finance,Mobile,Southeast,0,0.65,2023-05-21 08:28:00+00:00
402265,55+,M,Retail,Web,South,0,6.02,2023-05-07 18:52:00+00:00
402266,45-54,F,Retail,Web,West,0,1.5662,2023-05-14 13:53:00+00:00
402267,35-44,F,Housing,Web,Midwest,0,1.3662,2023-04-24 05:07:00+00:00
402268,35-44,M,Retail,Mobile,Midwest,1,13.72,2023-01-12 11:18:00+00:00
402269,55+,F,Auto,Tablet,South,0,7.8262,2023-04-12 05:48:00+00:00
402270,45-54,M,Auto,Web,West,0,7.16,2023-05-29 16:21:00+00:00
402271,35-44,F,Health,Mobile,Midwest,1,10.26,2023-03-20 06:45:00+00:00
402272,45-54,F,Retail,Web,West,0,9.5638,2023-06-01 19:30:00+00:00
402273,55+,M,Finance,Web,South,0,8.67,2023-06-26 08:25:00+00:00
402274,45-54,M,Health,Tablet,West,0,6.3,2023-02-10 04:40:00+00:00
402275,55+,M,Finance,Tablet,South,1,7.8213,2023-05-18 17:36:00+00:00
402276,18-24,M,News,Mobile,Northeast,1,10.6263,2023-05-02 13:43:00+00:00
402277,45-54,F,Retail,Mobile,West,0,7.08,2023-06-29 23:34:00+00:00
402278,18-24,F,Auto,Mobile,Northeast,0,12.7925,2023-06-04 10:22:00+00:00
402279,55+,M,Retail,Web,South,0,6.5675,2023-06-24 06:42:00+00:00
402280,18-24,M,Retail,Tablet,Northeast,0,12.18,2023-02-24 18:50:00+00:00
402281,55+,F,Auto,Tablet,South,0,6.5912,2023-03-15 01:44:00+00:00
402282,35-44,M,Finance,Tablet,Midwest,0,5.9488,2023-03-21 07:45:00+00:00
402283,25-34,F,Retail,Web,Southeast,0,7.68,2023-05-10 21:35:00+00:00
402284,45-54,F,Retail,Mobile,West,0,12.7937,2023-02-05 11:47:00+00:00
402285,25-34,M,Auto,Web,Southeast,0,6.6338,2023-06-17 11:15:00+00:00
402286,35-44,M,News,Mobile,Midwest,0,12.52,2023-04-02 19:13:00+00:00
402287,45-54,M,Health,Web,West,0,6.8863,2023-05-30 05:55:00+00:00
402288,45-54,M,Auto,Mobile,West,0,9.8425,2023-05-15 02:02:00+00:00
402289,35-44,M,News,Tablet,Midwest,1,9.1,2023-01-01 12:51:00+00:00
402290,45-54,F,Retail,Web,West,0,8.5925,2023-03-16 02:10:00+00:00
402291,25-34,M,Housing,Web,Southeast,1,11.6013,2023-01-22 09:45:00+00:00
402292,18-24,M,News,Web,Northeast,1,5.58,2023-06-14 20:32:00+00:00
402293,55+,M,Finance,Tablet,South,0,9.6163,2023-04-24 05:24:00+00:00
402294,55+,M,Finance,Tablet,South,0,12.8313,2023-03-27 01:20:00+00:00
402295,35-44,M,News,Web,Midwest,1,12.04,2023-02-17 23:23:00+00:00
402296,45-54,F,Retail,Web,West,0,7.195,2023-02-26 20:16:00+00:00
402297,55+,F,Health,Web,South,0,0.5913,2023-04-24 17:50:00+00:00
402298,45-54,M,Health,Tablet,West,0,9.52,2023-06-11 17:31:00+00:00
402299,35-44,F,Auto,Web,Midwest,0,5.6638,2023-03-13 11:18:00+00:00
402300,55+,M,News,Mobile,South,1,8.7937,2023-06-25 19:50:00+00:00
402301,25-34,F,Housing,Web,Northeast,0,14.78,2023-02-14 20:14:00+00:00
402302,45-54,F,News,Web,West,0,8.18,2023-05-25 00:03:00+00:00
402303,45-54,F,Finance,Mobile,West,0,8.7762,2023-03-03 13:51:00+00:00
402304,25-34,M,Housing,Web,Southeast,0,14.28,2023-03-21 19:11:00+00:00
402305,55+,F,Auto,Web,South,0,1.955,2023-01-05 04:00:00+00:00
402306,18-24,F,Housing,Mobile,Northeast,1,6.6238,2023-06-09 03:22:00+00:00
402307,55+,M,Finance,Mobile,South,0,10.6,2023-04-26 19:42:00+00:00
402308,55+,M,Finance,Mobile,South,1,2.5537,2023-03-25 11:03:00+00:00
402309,35-44,M,News,Mobile,Midwest,1,4.4912,2023-03-15 01:10:00+00:00
402310,55+,F,Auto,Web,South,1,6.78,2023-01-05 16:09:00+00:00
402311,45-54,F,Finance,Mobile,West,0,2.5913,2023-06-23 17:07:00+00:00
402312,55+,M,News,Mobile,South,0,3.215,2023-04-23 04:50:00+00:00
402313,55+,F,Housing,Web,South,1,7.64,2023-05-28 03:21:00+00:00
402314,45-54,F,Finance,Mobile,West,0,4.6262,2023-05-22 21:28:00+00:00
402315,55+,M,Finance,Web,South,0,6.1375,2023-01-11 22:35:00+00:00
402316,55+,M,Finance,Tablet,South,1,5.94,2023-05-03 02:34:00+00:00
402317,35-44,F,Health,Web,Midwest,0,1.5275,2023-03-24 22:46:00+00:00
402318,35-44,F,Auto,Mobile,Midwest,0,7.4887,2023-01-12 23:18:00+00:00
402319,25-34,M,Auto,Tablet,Southeast,0,10.68,2023-02-09 03:05:00+00:00
402320,55+,M,Finance,Tablet,South,1,9.6562,2023-01-06 05:43:00+00:00
402321,55+,M,News,Web,South,0,11.8987,2023-06-09 15:05:00+00:00
402322,18-24,M,Finance,Mobile,Northeast,0,9.1,2023-04-11 04:57:00+00:00
402323,55+,M,Retail,Mobile,South,0,8.5437,2023-02-05 11:47:00+00:00
402324,45-54,M,Auto,Tablet,West,1,12.1975,2023-05-19 06:28:00+00:00
402325,55+,M,Retail,Mobile,South,0,11.28,2023-01-10 21:35:00+00:00
402326,35-44,F,Auto,Web,Midwest,0,1.4438,2023-02-25 19:42:00+00:00
402327,35-44,M,Finance,Mobile,Midwest,1,11.84,2023-01-13 00:44:00+00:00
402328,25-34,F,Finance,Web,Southeast,1,13.56,2023-01-04 15:26:00+00:00
402329,18-24,F,Health,Mobile,Northeast,0,9.9962,2023-02-27 21:16:00+00:00
402330,35-44,M,Retail,Tablet,Midwest,1,3.9475,2023-02-28 22:51:00+00:00
402331,25-34,M,Health,Mobile,Southeast,0,9.24,2023-01-28 03:12:00+00:00
402332,45-54,F,Finance,Mobile,West,0,3.9413,2023-01-14 01:10:00+00:00
402333,25-34,M,Auto,Web,Southeast,1,11.2275,2023-01-03 14:00:00+00:00
402334,45-54,M,Housing,Tablet,West,1,10.54,2023-02-02 08:56:00+00:00
402335,35-44,M,Retail,Mobile,Midwest,1,6.8475,2023-01-19 06:02:00+00:00
402336,25-34,F,News,Mobile,Southeast,0,3.3087,2023-02-17 23:32:00+00:00
402337,55+,M,Retail,Web,South,0,7.3,2023-03-12 22:27:00+00:00
402338,25-34,F,Retail,Tablet,Southeast,0,6.2275,2023-03-24 22:54:00+00:00
402339,25-34,F,News,Tablet,Southeast,0,2.9375,2023-01-11 22:18:00+00:00
402340,18-24,M,Finance,Tablet,Northeast,0,9.14,2023-04-13 18:06:00+00:00
402341,55+,F,Health,Tablet,South,1,9.41,2023-05-09 08:18:00+00:00
402342,45-54,M,Auto,Mobile,West,0,10.8525,2023-03-04 02:43:00+00:00
402343,55+,F,Health,Mobile,South,0,12.32,2023-03-23 21:45:00+00:00
402344,25-34,F,Finance,Mobile,Southeast,1,9.91,2023-02-18 00:41:00+00:00
402345,45-54,M,Housing,Tablet,West,0,2.4463,2023-03-19 05:02:00+00:00
402346,55+,F,Auto,Tablet,South,0,10.06,2023-01-09 08:44:00+00:00
402347,18-24,M,Finance,Mobile,Northeast,0,8.5762,2023-01-22 21:54:00+00:00
402348,45-54,F,News,Mobile,West,0,6.5237,2023-03-21 19:02:00+00:00
402349,35-44,M,Finance,Web,Midwest,0,12.7,2023-02-10 16:57:00+00:00
402350,35-44,M,Finance,Web,Midwest,0,7.9925,2023-05-15 02:36:00+00:00
402351,25-34,F,Housing,Mobile,Northeast,0,7.66,2023-05-09 08:35:00+00:00
402352,45-54,M,Health,Mobile,West,1,7.72,2023-04-22 03:15:00+00:00
402353,18-24,M,Retail,Tablet,Northeast,0,4.2237,2023-04-30 11:17:00+00:00
402354,35-44,F,Health,Web,Midwest,1,7.9863,2023-05-30 05:04:00+00:00
402355,55+,F,Housing,Tablet,South,0,13.74,2023-04-03 08:13:00+00:00
402356,18-24,M,Finance,Tablet,Northeast,0,3.0537,2023-03-05 03:00:00+00:00
402357,55+,M,News,Tablet,South,0,5.1662,2023-05-14 13:53:00+00:00
402358,45-54,M,Auto,Mobile,West,0,10.52,2023-03-13 23:44:00+00:00
402359,25-34,F,Retail,Tablet,Southeast,1,10.1188,2023-06-05 23:39:00+00:00
402360,55+,F,Health,Mobile,South,1,3.6763,2023-03-23 21:03:00+00:00
402361,35-44,F,Health,Tablet,Midwest,0,15.26,2023-03-10 20:52:00+00:00
402362,55+,F,Housing,Tablet,South,0,9.5337,2023-01-08 19:52:00+00:00
402363,55+,F,Health,Web,South,0,9.7325,2023-02-16 10:06:00+00:00
402364,55+,F,Auto,Tablet,South,0,11.64,2023-06-17 23:49:00+00:00
402365,35-44,F,Housing,Web,Midwest,1,1.6887,2023-04-22 15:15:00+00:00
402366,35-44,M,News,Tablet,Midwest,1,10.695,2023-02-06 12:56:00+00:00
402367,35-44,M,News,Mobile,Midwest,0,7.44,2023-02-07 13:56:00+00:00
402368,35-44,M,News,Web,Midwest,0,6.5475,2023-02-28 22:08:00+00:00
402369,45-54,M,Housing,Web,West,1,0.7137,2023-04-02 19:30:00+00:00
402370,45-54,F,Retail,Mobile,West,0,13.22,2023-05-27 14:55:00+00:00
402371,55+,F,Health,Tablet,South,0,0.93,2023-05-05 16:43:00+00:00
402372,45-54,F,News,Tablet,West,1,12.6463,2023-02-27 21:59:00+00:00
402373,45-54,M,Health,Tablet,West,1,7.12,2023-05-02 13:51:00+00:00
402374,45-54,F,Finance,Tablet,West,0,3.8312,2023-04-16 09:57:00+00:00
402375,18-24,F,Auto,Mobile,Northeast,0,1.59,2023-04-23 16:16:00+00:00
402376,25-34,M,Housing,Web,Southeast,1,6.26,2023-03-20 06:36:00+00:00
402377,35-44,M,Finance,Mobile,Midwest,0,11.2425,2023-02-04 10:22:00+00:00
402378,25-34,M,Auto,Web,Southeast,0,12.7637,2023-04-22 03:58:00+00:00
402379,18-24,F,Housing,Web,Northeast,0,12.08,2023-03-31 17:55:00+00:00
402380,18-24,F,Auto,Mobile,Northeast,0,4.63,2023-01-25 00:29:00+00:00
402381,25-34,F,News,Tablet,Southeast,0,3.03,2023-01-25 00:37:00+00:00
402382,18-24,F,Auto,Mobile,Northeast,0,10.64,2023-02-07 13:31:00+00:00
402383,18-24,F,Auto,Tablet,Northeast,0,5.81,2023-03-30 16:21:00+00:00
402384,18-24,F,Auto,Tablet,Northeast,1,5.525,2023-03-02 12:17:00+00:00
402385,35-44,F,Health,Mobile,Midwest,0,11.62,2023-06-16 10:06:00+00:00
402386,55+,F,Auto,Tablet,South,0,6.5775,2023-03-24 22:37:00+00:00
402387,25-34,M,Housing,Mobile,Southeast,1,2.4225,2023-03-20 18:19:00+00:00
402388,18-24,M,Finance,Tablet,Northeast,0,6.54,2023-04-23 04:07:00+00:00
402389,18-24,F,Housing,Web,Northeast,0,10.9962,2023-03-19 05:02:00+00:00
402390,55+,F,Auto,Web,South,0,4.0,2023-03-02 00:17:00+00:00
402391,25-34,F,Retail,Tablet,Southeast,0,6.76,2023-03-05 03:51:00+00:00
402392,35-44,M,Retail,Mobile,Midwest,1,12.7538,2023-05-04 03:17:00+00:00
402393,18-24,F,Auto,Mobile,Northeast,0,10.89,2023-06-22 16:41:00+00:00
402394,45-54,M,Housing,Mobile,West,0,8.3,2023-05-21 20:28:00+00:00
402395,18-24,F,Auto,Tablet,Northeast,0,12.9187,2023-05-16 15:36:00+00:00
402396,18-24,F,Housing,Web,Northeast,0,9.8737,2023-04-30 11:59:00+00:00
402397,45-54,F,Finance,Tablet,West,1,11.58,2023-05-05 04:09:00+00:00
402398,35-44,F,Auto,Tablet,Midwest,0,12.6463,2023-04-08 13:13:00+00:00
402399,45-54,M,Auto,Tablet,West,0,2.0063,2023-01-06 05:09:00+00:00
402400,45-54,M,Auto,Tablet,West,0,5.56,2023-03-05 03:00:00+00:00
402401,25-34,F,Housing,Mobile,Northeast,0,15.22,2023-05-07 18:09:00+00:00
402402,25-34,M,Auto,Tablet,Southeast,1,11.4575,2023-05-27 14:29:00+00:00
402403,45-54,M,Health,Mobile,West,1,12.58,2023-01-15 14:44:00+00:00
402404,35-44,F,Health,Mobile,Midwest,0,6.915,2023-06-02 20:56:00+00:00
402405,45-54,F,Retail,Web,West,0,7.72,2023-02-06 00:30:00+00:00
402406,25-34,F,News,Mobile,Southeast,0,10.38,2023-05-25 00:12:00+00:00
402407,18-24,F,Housing,Tablet,Northeast,0,11.2212,2023-03-19 17:53:00+00:00
402408,55+,M,Retail,Tablet,South,0,2.9925,2023-02-24 18:16:00+00:00
402409,25-34,F,News,Web,Southeast,1,6.94,2023-02-22 16:50:00+00:00
402410,55+,M,News,Mobile,South,0,10.645,2023-03-18 04:19:00+00:00
402411,45-54,M,Health,Tablet,West,0,2.7662,2023-06-03 21:21:00+00:00
402412,25-34,M,Auto,Tablet,Southeast,0,14.08,2023-03-31 05:47:00+00:00
402413,35-44,F,Auto,Tablet,Midwest,0,6.7088,2023-01-08 07:18:00+00:00
402414,55+,F,Health,Web,South,0,2.6,2023-05-01 00:08:00+00:00
402415,18-24,M,Retail,Mobile,Northeast,0,11.32,2023-06-21 15:33:00+00:00
402416,25-34,M,Health,Web,Southeast,0,4.0875,2023-05-31 06:55:00+00:00
402417,35-44,M,Finance,Web,Midwest,1,11.01,2023-05-09 08:44:00+00:00
402418,45-54,F,News,Web,West,0,6.76,2023-04-14 07:40:00+00:00
402419,35-44,M,Finance,Web,Midwest,1,2.985,2023-01-29 04:21:00+00:00
402420,35-44,F,Housing,Web,Midwest,0,0.9225,2023-02-28 10:34:00+00:00
402421,35-44,F,Housing,Mobile,Midwest,1,9.58,2023-05-05 04:43:00+00:00
402422,25-34,M,Housing,Mobile,Southeast,0,4.0312,2023-01-26 01:20:00+00:00
402423,18-24,M,Retail,Tablet,Northeast,0,2.2163,2023-02-03 21:39:00+00:00
402424,35-44,M,Finance,Mobile,Midwest,0,12.22,2023-06-06 00:48:00+00:00
402425,55+,F,Health,Tablet,South,0,2.8638,2023-03-13 11:01:00+00:00
402426,35-44,M,Retail,Mobile,Midwest,0,8.7425,2023-02-24 18:50:00+00:00
402427,45-54,F,Finance,Web,West,1,10.5,2023-01-11 10:01:00+00:00
402428,45-54,F,News,Mobile,West,0,9.0887,2023-01-12 23:18:00+00:00
402429,45-54,M,Auto,Web,West,0,6.8975,2023-02-28 22:08:00+00:00
402430,45-54,M,Auto,Mobile,West,0,8.36,2023-04-14 07:23:00+00:00
402431,35-44,F,Housing,Web,Midwest,0,8.7475,2023-04-29 22:25:00+00:00
402432,45-54,F,News,Mobile,West,0,7.9525,2023-06-12 18:57:00+00:00
402433,35-44,M,News,Tablet,Midwest,0,9.24,2023-05-28 03:03:00+00:00
402434,18-24,M,Retail,Tablet,Northeast,0,6.5125,2023-02-20 02:58:00+00:00
402435,35-44,F,Housing,Mobile,Midwest,0,7.18,2023-02-14 08:14:00+00:00
402436,18-24,M,Retail,Tablet,Northeast,0,8.84,2023-04-18 23:58:00+00:00
402437,45-54,F,Finance,Tablet,West,0,6.5175,2023-01-15 14:27:00+00:00
402438,18-24,M,Finance,Mobile,Northeast,0,3.3788,2023-03-25 23:29:00+00:00
402439,18-24,M,Retail,Mobile,Northeast,0,12.5,2023-06-20 14:15:00+00:00
402440,45-54,F,News,Tablet,West,0,5.49,2023-04-03 08:47:00+00:00
402441,45-54,M,Housing,Mobile,West,0,6.9713,2023-06-07 01:56:00+00:00
402442,25-34,M,Health,Tablet,Southeast,0,7.88,2023-03-21 19:37:00+00:00
402443,55+,M,Finance,Web,South,0,8.1525,2023-03-04 02:00:00+00:00
402444,18-24,M,Finance,Mobile,Northeast,1,12.53,2023-02-14 08:06:00+00:00
402445,55+,F,Auto,Mobile,South,1,10.94,2023-02-02 20:38:00+00:00
402446,55+,M,Retail,Web,South,1,9.2762,2023-03-03 13:08:00+00:00
402447,45-54,M,Health,Web,West,1,10.4712,2023-06-27 09:16:00+00:00
402448,55+,F,Health,Mobile,South,0,7.56,2023-03-25 11:54:00+00:00
402449,18-24,M,News,Web,Northeast,0,2.7625,2023-01-31 18:47:00+00:00
402450,25-34,M,Housing,Tablet,Southeast,0,12.99,2023-04-23 16:50:00+00:00
402451,25-34,F,Housing,Web,Northeast,1,6.98,2023-06-04 22:47:00+00:00
402452,25-34,M,Auto,Web,Southeast,1,2.6288,2023-04-14 07:14:00+00:00
402453,55+,M,News,Web,South,0,11.0575,2023-05-27 14:46:00+00:00
402454,18-24,M,Finance,Web,Northeast,0,15.2,2023-03-07 05:26:00+00:00
402455,45-54,F,News,Web,West,0,11.0125,2023-03-12 10:52:00+00:00
402456,55+,F,Health,Mobile,South,1,7.3662,2023-04-24 05:24:00+00:00
402457,25-34,M,Health,Web,Southeast,1,13.04,2023-04-08 01:48:00+00:00
402458,45-54,M,Auto,Tablet,West,0,2.2612,2023-04-20 01:49:00+00:00
402459,35-44,M,Finance,Mobile,Midwest,0,0.7712,2023-02-07 01:39:00+00:00
402460,18-24,M,Retail,Tablet,Northeast,1,14.22,2023-02-06 12:39:00+00:00
402461,18-24,F,Housing,Web,Northeast,0,6.0987,2023-06-09 15:57:00+00:00
402462,45-54,M,Auto,Web,West,0,4.7287,2023-04-14 07:14:00+00:00
402463,35-44,M,News,Web,Midwest,1,10.34,2023-04-13 06:23:00+00:00
402464,25-34,M,Auto,Tablet,Southeast,0,7.5625,2023-04-21 02:24:00+00:00
402465,35-44,M,Finance,Web,Midwest,1,1.9563,2023-02-15 21:15:00+00:00
402466,45-54,M,Housing,Web,West,0,10.18,2023-06-04 22:13:00+00:00
402467,18-24,F,Health,Mobile,Northeast,0,5.8262,2023-01-22 21:28:00+00:00
402468,18-24,M,News,Web,Northeast,0,10.0162,2023-02-03 21:39:00+00:00
402469,45-54,F,Retail,Tablet,West,0,9.9,2023-02-10 04:40:00+00:00
402470,55+,F,Health,Mobile,South,1,9.6825,2023-03-08 18:18:00+00:00
402471,45-54,M,Housing,Tablet,West,0,3.0412,2023-02-23 17:16:00+00:00
402472,35-44,M,News,Web,Midwest,0,5.82,2023-04-07 12:13:00+00:00
402473,18-24,F,Health,Web,Northeast,0,12.8837,2023-05-28 03:12:00+00:00
402474,18-24,F,Housing,Tablet,Northeast,0,9.5288,2023-03-25 23:29:00+00:00
402475,35-44,F,Health,Tablet,Midwest,0,13.02,2023-06-26 08:33:00+00:00
402476,55+,M,Retail,Mobile,South,0,11.7387,2023-02-01 07:47:00+00:00
402477,55+,M,Finance,Web,South,0,1.6975,2023-05-19 06:02:00+00:00
402478,25-34,F,News,Mobile,Southeast,0,6.04,2023-03-09 07:01:00+00:00
402479,18-24,M,Retail,Tablet,Northeast,0,4.0225,2023-01-19 18:54:00+00:00
402480,55+,F,Housing,Mobile,South,1,11.4688,2023-01-16 15:19:00+00:00
402481,45-54,F,Finance,Tablet,West,1,7.7,2023-05-11 22:01:00+00:00
402482,35-44,F,Auto,Web,Midwest,0,4.085,2023-05-29 04:29:00+00:00
402483,25-34,F,Retail,Tablet,Southeast,1,8.415,2023-06-22 04:16:00+00:00
402484,18-24,M,Retail,Web,Northeast,0,11.54,2023-02-12 06:31:00+00:00
402485,18-24,F,Auto,Mobile,Northeast,1,8.1775,2023-03-24 22:20:00+00:00
402486,25-34,M,Health,Web,Southeast,1,6.5812,2023-06-15 09:06:00+00:00
402487,35-44,F,Health,Tablet,Midwest,1,9.54,2023-03-24 22:11:00+00:00
402488,35-44,F,Health,Tablet,Midwest,1,11.3663,2023-06-23 05:50:00+00:00
402489,45-54,F,News,Web,West,0,1.6162,2023-02-03 21:39:00+00:00
402490,45-54,M,Housing,Web,West,0,9.96,2023-01-04 03:00:00+00:00
402491,45-54,F,Finance,Tablet,West,1,12.175,2023-01-21 20:20:00+00:00
402492,25-34,F,Finance,Mobile,Southeast,0,7.3863,2023-03-31 05:21:00+00:00
402493,25-34,F,Retail,Mobile,Southeast,0,13.76,2023-04-04 09:13:00+00:00
402494,35-44,M,Finance,Mobile,Midwest,0,12.0638,2023-04-22 03:15:00+00:00
402495,55+,F,Housing,Mobile,South,0,5.39,2023-01-13 00:01:00+00:00
402496,45-54,F,Retail,Web,West,0,12.74,2023-04-13 06:31:00+00:00
402497,25-34,M,Housing,Mobile,Southeast,0,5.7412,2023-06-23 17:33:00+00:00
402498,35-44,F,Auto,Mobile,Midwest,1,3.4125,2023-05-11 10:27:00+00:00
402499,25-34,F,Finance,Tablet,Southeast,0,8.5,2023-04-21 02:41:00+00:00
402500,35-44,M,News,Tablet,Midwest,0,9.1913,2023-04-24 17:07:00+00:00
402501,25-34,F,Housing,Mobile,Northeast,0,8.06,2023-06-18 00:06:00+00:00
402502,18-24,F,Housing,Tablet,Northeast,1,12.1,2023-04-01 18:47:00+00:00
402503,35-44,F,Housing,Tablet,Midwest,1,6.7075,2023-03-28 14:38:00+00:00
402504,55+,F,Health,Mobile,South,0,10.1275,2023-01-23 22:37:00+00:00
402505,18-24,M,News,Tablet,Northeast,0,7.78,2023-06-04 22:04:00+00:00
402506,55+,M,Finance,Web,South,0,9.63,2023-01-05 16:52:00+00:00
402507,55+,F,Health,Mobile,South,0,8.9675,2023-06-04 22:30:00+00:00
402508,18-24,M,Retail,Mobile,Northeast,0,8.26,2023-03-20 06:45:00+00:00
402509,55+,F,Auto,Tablet,South,0,2.4763,2023-06-11 05:14:00+00:00
402510,45-54,M,Auto,Web,West,0,11.9175,2023-02-24 06:33:00+00:00
402511,45-54,F,News,Tablet,West,0,12.92,2023-06-01 19:21:00+00:00
402512,18-24,F,Health,Web,Northeast,1,12.1538,2023-05-24 11:20:00+00:00
402513,25-34,M,Auto,Tablet,Southeast,0,2.4588,2023-05-28 15:46:00+00:00
402514,18-24,F,Auto,Mobile,Northeast,0,11.86,2023-04-09 02:22:00+00:00
402515,35-44,M,News,Web,Midwest,0,12.6962,2023-02-07 13:56:00+00:00
402516,35-44,F,Auto,Mobile,Midwest,0,6.7038,2023-04-14 19:14:00+00:00
402517,45-54,F,Finance,Tablet,West,0,11.84,2023-04-28 21:42:00+00:00
402518,45-54,F,Finance,Web,West,0,0.8313,2023-03-27 01:55:00+00:00
402519,18-24,M,Finance,Web,Northeast,0,10.6837,2023-02-17 11:06:00+00:00
402520,18-24,F,Auto,Tablet,Northeast,0,14.74,2023-05-03 02:43:00+00:00
402521,35-44,M,Retail,Web,Midwest,1,9.0488,2023-06-09 15:48:00+00:00
402522,18-24,F,Auto,Tablet,Northeast,0,0.99,2023-01-13 00:53:00+00:00
402523,45-54,F,News,Mobile,West,0,7.4,2023-02-05 23:22:00+00:00
402524,45-54,F,Retail,Tablet,West,0,5.04,2023-05-13 00:27:00+00:00
402525,25-34,M,Auto,Mobile,Southeast,0,9.6788,2023-03-05 15:51:00+00:00
402526,35-44,M,Finance,Mobile,Midwest,1,12.48,2023-05-30 17:12:00+00:00
402527,18-24,M,News,Mobile,Northeast,1,11.7063,2023-02-15 21:40:00+00:00
402528,55+,F,Health,Tablet,South,1,12.2425,2023-03-16 02:44:00+00:00
402529,25-34,F,Finance,Mobile,Southeast,1,11.02,2023-02-06 12:13:00+00:00
402530,18-24,M,Retail,Web,Northeast,0,12.2912,2023-04-24 17:50:00+00:00
402531,25-34,F,News,Web,Southeast,0,9.86,2023-03-10 08:18:00+00:00
402532,25-34,F,News,Web,Southeast,1,8.56,2023-04-04 09:30:00+00:00
402533,18-24,M,Finance,Web,Northeast,0,5.6762,2023-05-22 21:20:00+00:00
402534,45-54,M,Health,Mobile,West,1,1.63,2023-04-15 08:14:00+00:00
402535,35-44,M,Retail,Mobile,Midwest,0,13.56,2023-06-13 07:31:00+00:00
402536,45-54,M,Health,Mobile,West,0,11.125,2023-06-10 04:22:00+00:00
402537,18-24,M,Finance,Web,Northeast,0,2.8312,2023-03-27 01:55:00+00:00
402538,55+,M,Finance,Web,South,0,12.12,2023-01-12 23:53:00+00:00
402539,55+,F,Health,Web,South,0,8.0538,2023-05-24 11:46:00+00:00
402540,55+,M,Finance,Mobile,South,0,9.1013,2023-03-23 09:20:00+00:00
402541,55+,M,Retail,Mobile,South,1,13.0,2023-05-16 15:27:00+00:00
402542,18-24,F,Auto,Tablet,Northeast,0,0.65,2023-01-21 08:20:00+00:00
402543,25-34,F,Retail,Mobile,Southeast,1,2.8788,2023-01-24 23:29:00+00:00
402544,45-54,M,Housing,Mobile,West,0,12.78,2023-06-14 20:06:00+00:00
402545,35-44,F,Health,Web,Midwest,0,9.2613,2023-01-10 09:09:00+00:00
402546,18-24,M,Finance,Web,Northeast,0,3.49,2023-02-22 16:07:00+00:00
402547,45-54,M,Housing,Tablet,West,0,13.08,2023-01-20 07:02:00+00:00
402548,18-24,M,Finance,Web,Northeast,0,3.51,2023-06-18 00:06:00+00:00
402549,25-34,F,Finance,Web,Southeast,0,12.5113,2023-01-30 17:29:00+00:00
402550,45-54,M,Auto,Tablet,West,0,9.28,2023-04-20 13:15:00+00:00
402551,25-34,F,Housing,Tablet,Northeast,0,8.56,2023-03-15 01:10:00+00:00
402552,25-34,M,Auto,Mobile,Southeast,0,9.2575,2023-03-08 06:43:00+00:00
402553,35-44,F,Auto,Web,Midwest,0,6.06,2023-02-18 00:49:00+00:00
402554,35-44,M,Finance,Web,Midwest,0,4.4787,2023-06-13 07:06:00+00:00
402555,35-44,M,News,Tablet,Midwest,1,9.5612,2023-03-31 17:29:00+00:00
402556,55+,M,News,Mobile,South,0,6.18,2023-05-15 14:36:00+00:00
402557,18-24,F,Housing,Web,Northeast,0,10.915,2023-06-02 20:04:00+00:00
402558,25-34,F,Finance,Tablet,Southeast,1,7.6387,2023-06-01 07:13:00+00:00
402559,45-54,M,Health,Tablet,West,0,8.0,2023-05-06 05:52:00+00:00
402560,25-34,F,News,Web,Southeast,1,12.1713,2023-01-18 17:02:00+00:00
402561,45-54,M,Health,Web,West,1,6.2438,2023-02-05 11:13:00+00:00
402562,55+,F,Housing,Mobile,South,0,9.86,2023-04-09 14:05:00+00:00
402563,18-24,F,Housing,Tablet,Northeast,0,10.0113,2023-03-11 09:09:00+00:00
402564,35-44,F,Health,Web,Midwest,0,6.7175,2023-02-24 06:50:00+00:00
402565,55+,F,Housing,Mobile,South,0,14.34,2023-01-23 10:20:00+00:00
402566,45-54,F,News,Web,West,1,12.1137,2023-01-12 11:35:00+00:00
402567,55+,M,Finance,Tablet,South,0,5.3625,2023-03-12 10:01:00+00:00
402568,18-24,F,Health,Web,Northeast,0,11.82,2023-06-06 00:05:00+00:00
402569,18-24,F,Housing,Mobile,Northeast,1,8.1075,2023-01-27 14:55:00+00:00
402570,18-24,F,Housing,Tablet,Northeast,0,8.6,2023-01-01 00:08:00+00:00
402571,55+,M,Finance,Tablet,South,1,15.02,2023-02-26 20:42:00+00:00
402572,45-54,M,Auto,Web,West,1,4.25,2023-06-10 16:22:00+00:00
402573,35-44,M,Retail,Web,Midwest,1,2.7862,2023-04-20 13:32:00+00:00
402574,35-44,M,Finance,Tablet,Midwest,0,6.98,2023-04-05 22:39:00+00:00
402575,18-24,M,Retail,Mobile,Northeast,1,5.5788,2023-01-24 23:20:00+00:00
402576,18-24,F,Housing,Mobile,Northeast,0,10.1713,2023-06-07 01:31:00+00:00
402577,18-24,M,News,Web,Northeast,1,14.96,2023-04-24 05:33:00+00:00
402578,25-34,M,Health,Web,Southeast,0,4.5825,2023-04-17 10:23:00+00:00
402579,45-54,F,Retail,Mobile,West,0,0.9238,2023-06-29 11:08:00+00:00
402580,25-34,M,Auto,Mobile,Southeast,0,14.82,2023-04-17 10:06:00+00:00
402581,18-24,M,Retail,Mobile,Northeast,0,11.2775,2023-03-04 14:00:00+00:00
402582,55+,F,Health,Tablet,South,0,9.2063,2023-03-07 05:00:00+00:00
402583,18-24,F,Health,Tablet,Northeast,0,12.32,2023-06-11 05:57:00+00:00
402584,18-24,F,Health,Tablet,Northeast,1,9.56,2023-01-29 16:38:00+00:00
402585,25-34,F,Finance,Web,Southeast,0,3.7225,2023-04-29 10:16:00+00:00
402586,45-54,F,Finance,Tablet,West,0,12.14,2023-03-14 12:44:00+00:00
402587,25-34,F,Finance,Mobile,Southeast,1,5.4575,2023-03-08 06:00:00+00:00
402588,55+,M,News,Web,South,1,10.93,2023-02-14 08:14:00+00:00
402589,25-34,F,News,Tablet,Southeast,0,14.74,2023-05-23 10:11:00+00:00
402590,35-44,F,Health,Web,Midwest,0,8.9787,2023-01-24 23:54:00+00:00
402591,25-34,M,Health,Web,Southeast,0,0.7788,2023-06-13 07:57:00+00:00
402592,35-44,F,Auto,Web,Midwest,0,7.82,2023-05-17 04:10:00+00:00
402593,55+,F,Auto,Mobile,South,0,10.41,2023-02-18 00:58:00+00:00
402594,45-54,F,Retail,Mobile,West,0,3.8588,2023-01-08 07:52:00+00:00
402595,18-24,F,Health,Web,Northeast,0,7.06,2023-02-08 02:14:00+00:00
402596,55+,M,News,Web,South,1,8.62,2023-02-26 08:50:00+00:00
402597,35-44,M,Retail,Web,Midwest,0,10.0563,2023-02-15 21:57:00+00:00
402598,18-24,M,News,Mobile,Northeast,0,6.56,2023-05-14 13:53:00+00:00
402599,25-34,M,Auto,Tablet,Southeast,0,7.7162,2023-04-04 21:21:00+00:00
402600,45-54,M,Health,Tablet,West,0,2.7925,2023-06-24 18:16:00+00:00
402601,25-34,F,Housing,Tablet,Northeast,0,11.14,2023-05-03 02:34:00+00:00
402602,55+,M,News,Mobile,South,0,4.75,2023-05-21 08:54:00+00:00
402603,55+,M,News,Web,South,0,1.1787,2023-03-25 23:11:00+00:00
402604,35-44,M,Retail,Web,Midwest,0,11.34,2023-04-03 08:21:00+00:00
402605,18-24,M,News,Web,Northeast,0,3.9413,2023-04-04 09:47:00+00:00
402606,35-44,M,News,Web,Midwest,0,5.2675,2023-02-24 06:42:00+00:00
402607,45-54,F,Finance,Web,West,0,15.44,2023-01-18 17:02:00+00:00
402608,25-34,M,Health,Mobile,Southeast,0,10.1725,2023-05-19 18:54:00+00:00
402609,55+,M,Finance,Web,South,0,1.8825,2023-02-16 10:58:00+00:00
402610,35-44,M,Finance,Mobile,Midwest,0,15.06,2023-06-08 02:22:00+00:00
402611,18-24,M,Retail,Mobile,Northeast,1,6.2188,2023-01-16 15:45:00+00:00
402612,55+,M,Retail,Tablet,South,1,11.3012,2023-03-03 01:43:00+00:00
402613,35-44,M,Finance,Web,Midwest,0,6.72,2023-04-12 17:23:00+00:00
402614,18-24,F,Auto,Mobile,Northeast,0,12.0412,2023-06-03 09:21:00+00:00
402615,45-54,F,News,Mobile,West,0,7.8537,2023-01-04 03:34:00+00:00
402616,35-44,M,Finance,Tablet,Midwest,0,6.12,2023-04-02 07:47:00+00:00
402617,25-34,F,News,Tablet,Southeast,0,1.33,2023-04-15 08:57:00+00:00
402618,55+,M,Finance,Tablet,South,1,6.0425,2023-03-16 02:36:00+00:00
402619,55+,F,Auto,Web,South,0,6.86,2023-03-30 04:55:00+00:00
402620,18-24,F,Auto,Tablet,Northeast,0,10.9238,2023-06-29 11:25:00+00:00
402621,35-44,F,Housing,Web,Midwest,0,7.6312,2023-01-26 01:29:00+00:00
402622,18-24,F,Health,Tablet,Northeast,0,8.36,2023-05-24 11:37:00+00:00
402623,25-34,M,Health,Mobile,Southeast,0,12.5575,2023-01-27 14:03:00+00:00
402624,35-44,F,Health,Web,Midwest,1,10.3975,2023-02-28 22:59:00+00:00
402625,45-54,F,Finance,Tablet,West,0,11.44,2023-04-28 09:42:00+00:00
402626,55+,F,Auto,Web,South,0,8.425,2023-01-01 12:25:00+00:00
402627,35-44,F,Health,Tablet,Midwest,0,10.13,2023-01-25 00:54:00+00:00
402628,25-34,F,News,Tablet,Southeast,1,12.8,2023-03-27 01:55:00+00:00
402629,45-54,M,Auto,Web,West,0,2.9413,2023-03-15 01:19:00+00:00
402630,35-44,M,Finance,Tablet,Midwest,0,8.22,2023-01-17 16:10:00+00:00
402631,45-54,M,Health,Mobile,West,0,5.78,2023-05-15 02:02:00+00:00
402632,35-44,M,Finance,Mobile,Midwest,1,3.4937,2023-02-25 19:16:00+00:00
402633,25-34,M,Housing,Mobile,Southeast,0,11.1412,2023-02-23 17:07:00+00:00
402634,18-24,F,Housing,Web,Northeast,0,8.76,2023-02-13 19:31:00+00:00
402635,45-54,F,Retail,Tablet,West,0,1.245,2023-03-18 04:19:00+00:00
402636,25-34,M,Health,Mobile,Southeast,0,2.165,2023-03-14 12:44:00+00:00
402637,35-44,M,News,Tablet,Midwest,1,6.3,2023-06-10 16:05:00+00:00
402638,55+,F,Health,Tablet,South,0,8.87,2023-04-07 00:13:00+00:00
402639,35-44,M,News,Mobile,Midwest,0,2.2663,2023-02-23 05:07:00+00:00
402640,55+,F,Health,Mobile,South,1,6.84,2023-01-28 03:03:00+00:00
402641,45-54,M,Auto,Tablet,West,1,5.0788,2023-01-24 23:29:00+00:00
402642,25-34,F,Finance,Tablet,Southeast,0,11.5938,2023-02-05 11:22:00+00:00
402643,55+,M,Retail,Tablet,South,1,10.54,2023-06-22 04:16:00+00:00
402644,18-24,F,Health,Web,Northeast,0,5.6775,2023-04-13 06:48:00+00:00
402645,25-34,M,Health,Mobile,Southeast,0,0.7788,2023-03-05 15:34:00+00:00
402646,25-34,F,Finance,Tablet,Southeast,0,9.88,2023-01-20 19:37:00+00:00
402647,45-54,F,Retail,Mobile,West,0,1.4888,2023-06-01 07:47:00+00:00
402648,45-54,M,Health,Tablet,West,0,9.0712,2023-05-18 17:53:00+00:00
402649,25-34,F,Retail,Mobile,Southeast,0,11.32,2023-03-13 23:01:00+00:00
402650,25-34,F,Retail,Mobile,Southeast,0,7.29,2023-06-02 08:13:00+00:00
402651,25-34,F,Housing,Mobile,Northeast,0,6.32,2023-06-11 17:05:00+00:00
402652,25-34,M,Housing,Web,Southeast,0,7.98,2023-06-14 08:40:00+00:00
402653,18-24,F,Health,Web,Northeast,0,11.3287,2023-05-04 15:34:00+00:00
402654,35-44,F,Health,Tablet,Midwest,1,8.0162,2023-04-24 05:24:00+00:00
402655,25-34,M,Health,Mobile,Southeast,0,12.48,2023-04-20 01:41:00+00:00
402656,25-34,M,Housing,Web,Southeast,1,12.4388,2023-06-01 07:55:00+00:00
402657,35-44,F,Housing,Tablet,Midwest,0,7.4337,2023-05-28 03:21:00+00:00
402658,55+,M,Finance,Tablet,South,0,13.22,2023-03-28 14:20:00+00:00
402659,45-54,M,Auto,Mobile,West,0,9.02,2023-05-17 16:28:00+00:00
402660,18-24,M,News,Mobile,Northeast,0,4.8937,2023-03-17 03:36:00+00:00
402661,45-54,M,Health,Mobile,West,0,10.62,2023-01-17 16:45:00+00:00
402662,35-44,F,Auto,Mobile,Midwest,0,3.1212,2023-04-28 09:51:00+00:00
402663,18-24,F,Auto,Mobile,Northeast,1,10.4887,2023-06-01 07:04:00+00:00
402664,55+,F,Health,Tablet,South,0,10.7,2023-01-21 20:02:00+00:00
402665,18-24,F,Housing,Web,Northeast,0,8.3613,2023-05-30 17:38:00+00:00
402666,45-54,F,News,Mobile,West,1,7.6338,2023-03-09 19:09:00+00:00
402667,25-34,F,Finance,Web,Southeast,1,8.76,2023-02-13 07:31:00+00:00
402668,35-44,F,Housing,Web,Midwest,0,10.85,2023-03-22 08:11:00+00:00
402669,45-54,M,Health,Mobile,West,1,3.0438,2023-04-26 19:42:00+00:00
402670,35-44,M,Retail,Web,Midwest,0,11.26,2023-03-10 08:18:00+00:00
402671,45-54,M,Housing,Mobile,West,1,9.2538,2023-06-13 19:57:00+00:00
402672,18-24,M,Finance,Tablet,Northeast,0,6.765,2023-02-02 20:30:00+00:00
402673,45-54,M,Health,Tablet,West,0,10.1,2023-02-20 02:15:00+00:00
402674,18-24,M,Finance,Tablet,Northeast,0,5.0663,2023-02-23 05:16:00+00:00
402675,45-54,M,Housing,Web,West,0,11.82,2023-03-18 16:36:00+00:00
402676,25-34,F,Retail,Tablet,Southeast,0,9.22,2023-05-27 14:20:00+00:00
402677,45-54,M,Housing,Web,West,0,8.2438,2023-04-06 11:39:00+00:00
402678,18-24,F,Health,Mobile,Northeast,0,11.5663,2023-03-15 13:10:00+00:00
402679,45-54,M,Housing,Web,West,0,10.4,2023-02-15 21:49:00+00:00
402680,18-24,M,Finance,Web,Northeast,0,6.285,2023-03-30 04:38:00+00:00
402681,18-24,F,Health,Mobile,Northeast,1,11.1862,2023-01-30 05:55:00+00:00
402682,25-34,M,Health,Mobile,Southeast,0,9.28,2023-04-20 01:32:00+00:00
402683,18-24,F,Housing,Mobile,Northeast,0,11.9337,2023-02-17 11:15:00+00:00
402684,18-24,F,Auto,Web,Northeast,1,0.9738,2023-06-29 11:59:00+00:00
402685,45-54,M,Health,Web,West,0,10.66,2023-04-09 14:31:00+00:00
402686,18-24,F,Auto,Tablet,Northeast,0,1.9737,2023-06-09 03:31:00+00:00
402687,18-24,F,Health,Web,Northeast,0,1.3938,2023-04-06 11:22:00+00:00
402688,35-44,M,Retail,Tablet,Midwest,0,10.34,2023-06-12 18:06:00+00:00
402689,25-34,M,Housing,Mobile,Southeast,1,6.1037,2023-01-24 11:03:00+00:00
402690,45-54,M,Housing,Tablet,West,0,10.0838,2023-04-18 11:41:00+00:00
402691,45-54,F,Retail,Web,West,0,9.26,2023-03-30 04:04:00+00:00
402692,55+,M,News,Tablet,South,1,10.2562,2023-05-26 13:29:00+00:00
402693,18-24,M,News,Tablet,Northeast,0,10.5388,2023-04-02 07:55:00+00:00
402694,18-24,F,Auto,Web,Northeast,0,5.9,2023-03-02 00:25:00+00:00
402695,25-34,F,Finance,Mobile,Southeast,0,8.3688,2023-01-16 15:53:00+00:00
402696,35-44,M,Retail,Mobile,Midwest,0,12.1163,2023-03-15 13:27:00+00:00
402697,18-24,F,Housing,Tablet,Northeast,0,5.56,2023-04-14 19:49:00+00:00
402698,45-54,F,News,Web,West,0,3.775,2023-03-22 20:54:00+00:00
402699,25-34,M,Housing,Tablet,Southeast,1,1.355,2023-03-26 12:54:00+00:00
402700,45-54,M,Health,Mobile,West,1,11.22,2023-05-27 02:38:00+00:00
402701,25-34,F,Housing,Web,Northeast,1,9.22,2023-01-07 18:52:00+00:00
402702,25-34,M,Auto,Web,Southeast,0,2.8912,2023-05-14 01:53:00+00:00
402703,25-34,F,Retail,Mobile,Southeast,0,11.4,2023-02-25 07:25:00+00:00
402704,25-34,F,Finance,Web,Southeast,0,10.2688,2023-04-26 07:33:00+00:00
402705,18-24,M,Retail,Web,Northeast,0,3.7412,2023-04-04 09:47:00+00:00
402706,55+,M,News,Web,South,0,11.82,2023-05-17 16:19:00+00:00
402707,25-34,M,Auto,Web,Southeast,0,3.065,2023-04-23 04:16:00+00:00
402708,45-54,F,Retail,Tablet,West,0,12.495,2023-04-27 20:59:00+00:00
402709,25-34,M,Housing,Mobile,Southeast,0,10.34,2023-06-12 18:06:00+00:00
402710,25-34,F,Retail,Mobile,Southeast,0,3.22,2023-04-07 00:39:00+00:00
402711,55+,F,Auto,Web,South,0,10.9887,2023-06-21 15:33:00+00:00
402712,55+,M,Retail,Web,South,1,6.54,2023-04-23 16:41:00+00:00
402713,25-34,F,News,Mobile,Southeast,0,1.9187,2023-04-26 07:16:00+00:00
402714,45-54,F,Retail,Tablet,West,0,4.1612,2023-05-30 17:12:00+00:00
402715,55+,F,Health,Web,South,0,12.8,2023-04-16 21:57:00+00:00
402716,35-44,M,Retail,Mobile,Midwest,0,10.2737,2023-01-20 19:37:00+00:00
402717,55+,M,News,Web,South,0,6.03,2023-04-15 08:14:00+00:00
402718,55+,F,Housing,Mobile,South,0,10.18,2023-04-05 22:22:00+00:00
402719,25-34,F,News,Mobile,Southeast,1,10.8725,2023-01-19 18:54:00+00:00
402720,55+,F,Housing,Web,South,0,2.1425,2023-06-04 10:30:00+00:00
402721,55+,M,Retail,Mobile,South,0,11.54,2023-01-23 22:20:00+00:00
402722,25-34,M,Health,Web,Southeast,0,1.775,2023-01-01 12:17:00+00:00
402723,35-44,M,Finance,Mobile,Midwest,0,10.36,2023-01-09 08:18:00+00:00
402724,45-54,F,Finance,Mobile,West,1,7.36,2023-06-23 05:16:00+00:00
402725,45-54,M,Auto,Tablet,West,0,3.4575,2023-05-27 14:38:00+00:00
402726,25-34,M,Health,Web,Southeast,0,7.5,2023-01-01 00:51:00+00:00
402727,18-24,F,Housing,Web,Northeast,0,8.02,2023-05-27 14:29:00+00:00
402728,18-24,F,Health,Mobile,Northeast,0,7.6463,2023-02-07 13:05:00+00:00
402729,25-34,F,Finance,Tablet,Southeast,0,4.2713,2023-02-07 01:31:00+00:00
402730,55+,F,Health,Web,South,0,11.68,2023-03-31 17:12:00+00:00
402731,18-24,M,Finance,Web,Northeast,0,0.8375,2023-05-11 22:01:00+00:00
402732,45-54,F,Finance,Mobile,West,0,2.05,2023-01-01 00:17:00+00:00
402733,35-44,F,Health,Web,Midwest,0,9.3,2023-05-31 06:30:00+00:00
402734,18-24,M,News,Tablet,Northeast,0,9.4975,2023-05-19 06:02:00+00:00
402735,45-54,M,Auto,Tablet,West,0,4.5412,2023-01-14 01:44:00+00:00
402736,18-24,F,Housing,Web,Northeast,0,5.66,2023-04-19 12:32:00+00:00
402737,18-24,M,Finance,Web,Northeast,1,10.9987,2023-03-21 07:54:00+00:00
402738,45-54,F,Finance,Tablet,West,0,3.7212,2023-06-07 01:22:00+00:00
402739,45-54,F,Retail,Tablet,West,0,12.44,2023-05-08 19:35:00+00:00
402740,35-44,M,Finance,Tablet,Midwest,1,5.7287,2023-02-13 07:23:00+00:00
402741,45-54,F,Finance,Web,West,1,0.935,2023-03-10 20:26:00+00:00
402742,55+,M,Finance,Web,South,0,13.82,2023-02-06 12:30:00+00:00
402743,25-34,M,Auto,Web,Southeast,0,3.48,2023-01-05 16:43:00+00:00
402744,25-34,F,Finance,Web,Southeast,0,9.2312,2023-01-26 01:20:00+00:00
402745,18-24,M,Retail,Web,Northeast,1,5.5,2023-03-22 20:20:00+00:00
402746,25-34,F,News,Tablet,Southeast,0,4.2737,2023-05-20 19:54:00+00:00
402747,45-54,F,Finance,Web,West,0,3.7738,2023-01-20 19:02:00+00:00
402748,35-44,M,News,Mobile,Midwest,1,8.5,2023-03-12 10:10:00+00:00
402749,55+,M,Finance,Tablet,South,0,2.06,2023-05-09 08:44:00+00:00
402750,35-44,M,Finance,Mobile,Midwest,0,8.77,2023-06-26 08:25:00+00:00
402751,25-34,F,Housing,Tablet,Northeast,0,6.66,2023-04-09 02:14:00+00:00
402752,18-24,F,Housing,Mobile,Northeast,1,10.1862,2023-01-30 05:04:00+00:00
402753,45-54,F,News,Web,West,0,8.0263,2023-01-22 21:45:00+00:00
402754,45-54,F,Retail,Web,West,0,8.44,2023-03-29 03:21:00+00:00
402755,45-54,F,Finance,Mobile,West,0,10.2012,2023-05-22 09:37:00+00:00
402756,18-24,M,Finance,Web,Northeast,0,7.0825,2023-05-27 02:46:00+00:00
402757,18-24,M,Finance,Tablet,Northeast,0,7.64,2023-05-28 03:29:00+00:00
402758,25-34,F,Retail,Tablet,Southeast,0,1.1887,2023-04-02 07:04:00+00:00
402759,25-34,F,Finance,Tablet,Southeast,0,1.1138,2023-06-01 19:55:00+00:00
402760,55+,M,News,Tablet,South,0,9.7,2023-01-11 22:27:00+00:00
402761,25-34,F,News,Tablet,Southeast,0,6.3375,2023-04-21 14:07:00+00:00
402762,18-24,F,Health,Tablet,Northeast,0,12.6613,2023-06-19 01:24:00+00:00
402763,25-34,F,Retail,Tablet,Southeast,0,12.26,2023-02-08 14:14:00+00:00
402764,45-54,M,Health,Tablet,West,0,3.16,2023-01-09 08:26:00+00:00
402765,55+,F,Housing,Tablet,South,0,7.815,2023-02-22 04:50:00+00:00
402766,55+,F,Auto,Mobile,South,1,9.74,2023-03-14 00:10:00+00:00
402767,55+,F,Health,Tablet,South,1,4.9013,2023-02-11 17:40:00+00:00
402768,45-54,M,Auto,Mobile,West,0,1.2738,2023-06-29 11:51:00+00:00
402769,25-34,F,Retail,Tablet,Southeast,0,9.82,2023-03-18 16:19:00+00:00
402770,18-24,F,Auto,Mobile,Northeast,1,1.9038,2023-05-04 03:34:00+00:00
402771,35-44,F,Housing,Web,Midwest,1,2.5938,2023-03-17 03:27:00+00:00
402772,35-44,M,News,Mobile,Midwest,0,5.66,2023-03-10 20:26:00+00:00
402773,35-44,F,Auto,Tablet,Midwest,0,7.66,2023-01-09 08:26:00+00:00
402774,35-44,M,Retail,Web,Midwest,1,9.3513,2023-06-11 17:05:00+00:00
402775,55+,M,News,Mobile,South,0,9.26,2023-04-19 00:58:00+00:00
402776,45-54,F,Finance,Mobile,West,0,4.775,2023-01-21 20:20:00+00:00
402777,18-24,M,News,Mobile,Northeast,0,1.6325,2023-03-28 02:12:00+00:00
402778,45-54,M,Auto,Tablet,West,1,5.56,2023-03-05 15:00:00+00:00
402779,45-54,M,Housing,Tablet,West,0,10.2188,2023-06-05 23:13:00+00:00
402780,55+,M,Finance,Web,South,1,8.9413,2023-04-04 09:39:00+00:00
402781,18-24,F,Health,Mobile,Northeast,0,11.66,2023-04-19 00:15:00+00:00
402782,45-54,M,Housing,Mobile,West,1,2.5625,2023-06-20 02:50:00+00:00
402783,55+,F,Health,Tablet,South,0,9.6062,2023-02-15 21:40:00+00:00
402784,45-54,M,Health,Mobile,West,0,14.04,2023-03-09 19:52:00+00:00
402785,18-24,M,Retail,Tablet,Northeast,0,9.7775,2023-02-12 06:57:00+00:00
402786,55+,M,News,Web,South,1,12.3287,2023-01-04 15:51:00+00:00
402787,25-34,M,Auto,Mobile,Southeast,1,10.66,2023-01-19 06:54:00+00:00
402788,55+,F,Health,Tablet,South,1,9.0137,2023-01-12 11:53:00+00:00
402789,18-24,F,Health,Tablet,Northeast,0,1.2425,2023-06-04 10:47:00+00:00
402790,25-34,F,News,Tablet,Southeast,0,7.52,2023-02-11 05:31:00+00:00
402791,25-34,M,Housing,Mobile,Southeast,0,6.8012,2023-02-11 17:40:00+00:00
402792,45-54,M,Health,Tablet,West,0,11.6088,2023-01-08 07:09:00+00:00
402793,55+,F,Auto,Mobile,South,0,8.54,2023-05-13 00:53:00+00:00
402794,18-24,F,Auto,Web,Northeast,0,0.9363,2023-03-31 05:38:00+00:00
402795,18-24,F,Housing,Tablet,Northeast,1,7.4938,2023-06-05 11:05:00+00:00
402796,55+,M,Finance,Mobile,South,0,8.1,2023-04-01 18:47:00+00:00
402797,55+,F,Housing,Tablet,South,0,6.9025,2023-01-03 02:34:00+00:00
402798,35-44,M,Finance,Web,Midwest,0,6.6013,2023-01-22 09:20:00+00:00
402799,18-24,F,Housing,Mobile,Northeast,1,6.94,2023-06-02 20:21:00+00:00
402800,45-54,F,News,Web,West,0,3.6063,2023-05-26 13:46:00+00:00
402801,25-34,F,Housing,Tablet,Northeast,0,11.08,2023-06-29 11:42:00+00:00
402802,35-44,F,Housing,Mobile,Midwest,0,15.2,2023-05-26 01:37:00+00:00
402803,35-44,F,Health,Mobile,Midwest,1,12.5312,2023-03-07 17:17:00+00:00
402804,35-44,F,Health,Web,Midwest,0,7.8913,2023-02-23 17:33:00+00:00
402805,35-44,F,Auto,Web,Midwest,1,12.76,2023-03-25 23:03:00+00:00
402806,25-34,M,Housing,Web,Southeast,0,5.1363,2023-01-30 05:55:00+00:00
402807,55+,F,Health,Web,South,1,0.5,2023-05-01 00:17:00+00:00
402808,35-44,M,Retail,Web,Midwest,1,7.12,2023-05-22 21:11:00+00:00
402809,35-44,M,Finance,Tablet,Midwest,0,11.2238,2023-04-30 11:51:00+00:00
402810,45-54,F,News,Web,West,0,8.115,2023-01-13 12:36:00+00:00
402811,35-44,M,Finance,Mobile,Midwest,1,13.84,2023-01-18 05:11:00+00:00
402812,35-44,M,Finance,Mobile,Midwest,0,12.2513,2023-06-11 17:48:00+00:00
402813,25-34,M,Auto,Web,Southeast,0,0.58,2023-03-06 16:09:00+00:00
402814,55+,F,Health,Tablet,South,0,10.58,2023-02-04 22:13:00+00:00
402815,25-34,M,Health,Tablet,Southeast,0,10.2025,2023-04-13 18:14:00+00:00
402816,18-24,M,Finance,Mobile,Northeast,0,12.4337,2023-06-17 11:06:00+00:00
402817,35-44,M,Finance,Tablet,Midwest,0,13.8,2023-01-16 03:27:00+00:00
402818,18-24,F,Health,Tablet,Northeast,0,9.565,2023-04-23 04:33:00+00:00
402819,35-44,F,Auto,Tablet,Midwest,0,11.18,2023-01-25 00:54:00+00:00
402820,25-34,M,Health,Mobile,Southeast,1,10.26,2023-04-29 22:34:00+00:00
402821,25-34,M,Housing,Tablet,Southeast,0,11.5825,2023-05-07 18:52:00+00:00
402822,18-24,M,Retail,Tablet,Northeast,1,1.6187,2023-05-16 15:45:00+00:00
402823,25-34,F,Finance,Mobile,Southeast,0,8.9,2023-04-21 14:15:00+00:00
402824,45-54,M,Housing,Mobile,West,1,5.8563,2023-02-15 21:32:00+00:00
402825,45-54,F,Retail,Mobile,West,0,7.0075,2023-05-27 14:20:00+00:00
402826,55+,M,Finance,Mobile,South,1,10.66,2023-01-19 18:02:00+00:00
402827,55+,M,Finance,Tablet,South,0,9.45,2023-04-11 16:05:00+00:00
402828,55+,F,Health,Mobile,South,0,8.2637,2023-04-22 03:58:00+00:00
402829,18-24,F,Health,Web,Northeast,0,13.16,2023-03-25 23:54:00+00:00
402830,55+,M,News,Web,South,0,4.7475,2023-06-28 22:08:00+00:00
402831,18-24,M,Retail,Web,Northeast,0,4.4162,2023-04-24 05:33:00+00:00
402832,18-24,F,Auto,Tablet,Northeast,0,10.74,2023-01-23 22:20:00+00:00
402833,45-54,M,Housing,Mobile,West,0,11.8462,2023-03-19 05:19:00+00:00
402834,45-54,M,Housing,Mobile,West,0,10.3063,2023-03-07 05:52:00+00:00
402835,18-24,M,News,Web,Northeast,0,9.8,2023-03-17 03:02:00+00:00
402836,25-34,F,Finance,Tablet,Southeast,0,12.0712,2023-04-08 01:56:00+00:00
402837,35-44,M,Retail,Web,Midwest,0,10.245,2023-02-26 20:50:00+00:00
402838,35-44,M,Retail,Web,Midwest,1,13.42,2023-01-17 04:28:00+00:00
402839,25-34,M,Housing,Web,Southeast,0,1.4363,2023-05-30 05:55:00+00:00
402840,18-24,M,News,Tablet,Northeast,1,1.33,2023-05-25 00:12:00+00:00
402841,25-34,F,Retail,Tablet,Southeast,0,14.82,2023-05-27 02:29:00+00:00
402842,18-24,M,Retail,Tablet,Northeast,1,12.6788,2023-03-05 15:26:00+00:00
402843,45-54,M,Health,Tablet,West,0,2.58,2023-04-15 08:14:00+00:00
402844,55+,M,Retail,Web,South,0,12.76,2023-04-14 07:40:00+00:00
402845,18-24,M,News,Web,Northeast,0,3.8638,2023-04-22 03:15:00+00:00
402846,55+,M,News,Web,South,0,10.0437,2023-06-25 19:33:00+00:00
402847,55+,F,Health,Mobile,South,0,13.52,2023-05-02 01:17:00+00:00
402848,25-34,F,Retail,Web,Southeast,0,2.2163,2023-06-03 21:21:00+00:00
402849,18-24,M,Finance,Tablet,Northeast,0,11.8362,2023-01-30 05:12:00+00:00
402850,35-44,M,Finance,Mobile,Midwest,0,5.8,2023-02-25 19:25:00+00:00
402851,25-34,F,Housing,Web,Northeast,0,7.26,2023-01-29 04:55:00+00:00
402852,55+,F,Health,Mobile,South,1,3.0863,2023-01-30 05:04:00+00:00
402853,18-24,F,Auto,Tablet,Northeast,0,13.28,2023-02-19 01:49:00+00:00
402854,45-54,F,News,Tablet,West,0,12.3875,2023-04-01 06:38:00+00:00
402855,45-54,M,Health,Tablet,West,0,6.71,2023-05-09 08:26:00+00:00
402856,55+,M,Retail,Tablet,South,0,10.06,2023-02-18 12:15:00+00:00
402857,55+,F,Auto,Mobile,South,0,6.2737,2023-02-09 03:22:00+00:00
402858,25-34,M,Health,Mobile,Southeast,0,6.885,2023-05-29 04:21:00+00:00
402859,55+,M,Finance,Tablet,South,0,8.02,2023-01-07 18:18:00+00:00
402860,18-24,F,Housing,Tablet,Northeast,0,3.8563,2023-06-15 21:15:00+00:00
402861,18-24,M,Finance,Tablet,Northeast,0,2.385,2023-05-29 04:04:00+00:00
402862,18-24,F,Health,Mobile,Northeast,0,13.66,2023-03-30 04:46:00+00:00
402863,35-44,F,Auto,Web,Midwest,0,0.5962,2023-03-19 05:02:00+00:00
402864,18-24,M,Finance,Web,Northeast,0,9.6937,2023-01-16 03:36:00+00:00
402865,45-54,F,Finance,Mobile,West,0,12.06,2023-04-19 12:32:00+00:00
402866,25-34,F,Retail,Mobile,Southeast,0,4.5425,2023-01-15 02:02:00+00:00
402867,35-44,M,News,Mobile,Midwest,0,10.5437,2023-06-05 11:39:00+00:00
402868,35-44,M,Finance,Web,Midwest,0,10.84,2023-01-28 03:29:00+00:00
402869,55+,F,Auto,Web,South,0,5.5888,2023-04-02 07:21:00+00:00
402870,35-44,F,Health,Web,Midwest,0,3.785,2023-05-09 20:26:00+00:00
402871,45-54,M,Auto,Web,West,1,6.38,2023-01-25 00:54:00+00:00
402872,25-34,M,Housing,Mobile,Southeast,0,4.4813,2023-01-26 01:55:00+00:00
402873,35-44,F,Auto,Web,Midwest,0,3.5863,2023-03-11 21:09:00+00:00
402874,55+,F,Health,Web,South,0,10.3,2023-02-10 04:48:00+00:00
402875,25-34,M,Auto,Web,Southeast,0,4.2025,2023-01-03 02:08:00+00:00
402876,55+,M,News,Web,South,0,1.685,2023-03-10 20:35:00+00:00
402877,35-44,F,Housing,Mobile,Midwest,0,13.92,2023-01-22 09:54:00+00:00
402878,45-54,M,Housing,Tablet,West,0,5.98,2023-04-15 08:06:00+00:00
402879,35-44,F,Housing,Web,Midwest,0,8.8875,2023-04-21 14:58:00+00:00
402880,18-24,M,News,Mobile,Northeast,0,7.4,2023-04-06 23:30:00+00:00
402881,18-24,M,Retail,Web,Northeast,1,11.9087,2023-03-29 15:29:00+00:00
402882,45-54,F,Finance,Mobile,West,0,8.8375,2023-04-21 14:58:00+00:00
402883,55+,M,Finance,Tablet,South,0,5.8,2023-06-25 07:25:00+00:00
402884,25-34,F,Retail,Mobile,Southeast,0,0.5625,2023-01-31 18:12:00+00:00
402885,35-44,F,Auto,Web,Midwest,0,9.7775,2023-05-03 14:51:00+00:00
402886,25-34,F,Finance,Mobile,Southeast,1,10.44,2023-03-29 03:03:00+00:00
402887,18-24,F,Health,Tablet,Northeast,1,12.4062,2023-04-16 21:49:00+00:00
402888,35-44,M,News,Mobile,Midwest,0,10.7613,2023-05-30 17:12:00+00:00
402889,55+,M,News,Mobile,South,0,6.94,2023-06-22 16:50:00+00:00
402890,45-54,M,Auto,Mobile,West,0,4.89,2023-05-13 00:53:00+00:00
402891,35-44,M,Retail,Mobile,Midwest,0,4.5663,2023-05-14 13:10:00+00:00
402892,55+,M,Retail,Tablet,South,0,9.98,2023-03-26 12:54:00+00:00
402893,55+,F,Health,Web,South,0,0.6687,2023-04-06 23:22:00+00:00
402894,45-54,F,Retail,Tablet,West,1,0.8088,2023-02-17 23:49:00+00:00
402895,35-44,F,Housing,Tablet,Midwest,0,11.54,2023-03-04 14:51:00+00:00
402896,25-34,M,Housing,Mobile,Southeast,1,9.5412,2023-02-03 09:30:00+00:00
402897,55+,F,Health,Web,South,1,11.4213,2023-02-07 01:31:00+00:00
402898,18-24,F,Health,Tablet,Northeast,0,8.62,2023-02-06 00:22:00+00:00
402899,18-24,F,Health,Web,Northeast,0,1.0362,2023-04-20 13:41:00+00:00
402900,25-34,F,Finance,Tablet,Southeast,1,10.5363,2023-02-19 13:58:00+00:00
402901,25-34,F,Housing,Tablet,Northeast,0,13.82,2023-03-18 16:28:00+00:00
402902,18-24,F,Housing,Web,Northeast,0,6.275,2023-01-21 20:02:00+00:00
402903,18-24,F,Auto,Web,Northeast,1,2.7763,2023-04-12 05:48:00+00:00
402904,55+,M,Finance,Tablet,South,1,5.92,2023-03-03 01:17:00+00:00
402905,45-54,F,Finance,Tablet,West,1,12.1188,2023-02-05 23:30:00+00:00
402906,18-24,M,News,Web,Northeast,0,3.9175,2023-04-05 22:13:00+00:00
402907,55+,M,Finance,Web,South,1,8.32,2023-03-23 09:11:00+00:00
402908,55+,M,Retail,Tablet,South,0,1.4475,2023-05-19 06:45:00+00:00
402909,35-44,M,Retail,Tablet,Midwest,1,2.345,2023-06-26 20:33:00+00:00
402910,35-44,M,Retail,Web,Midwest,0,15.12,2023-01-02 13:51:00+00:00
402911,45-54,F,Retail,Tablet,West,1,2.2825,2023-01-27 02:29:00+00:00
402912,35-44,M,Finance,Tablet,Midwest,1,2.5112,2023-05-10 09:44:00+00:00
402913,55+,F,Housing,Tablet,South,0,12.7,2023-05-21 08:11:00+00:00
402914,18-24,F,Health,Web,Northeast,0,1.2825,2023-04-17 10:23:00+00:00
402915,25-34,F,Finance,Mobile,Southeast,0,11.2075,2023-01-07 06:52:00+00:00
402916,45-54,M,Housing,Web,West,0,8.64,2023-04-28 09:42:00+00:00
402917,25-34,F,Finance,Tablet,Southeast,0,2.2725,2023-05-19 18:45:00+00:00
402918,35-44,M,Retail,Mobile,Midwest,0,12.885,2023-03-10 20:01:00+00:00
402919,55+,F,Health,Mobile,South,0,11.64,2023-04-18 11:32:00+00:00
402920,45-54,M,Housing,Web,West,0,7.8738,2023-05-20 19:19:00+00:00
402921,18-24,M,News,Mobile,Northeast,0,2.2875,2023-04-01 06:55:00+00:00
402922,25-34,M,Health,Tablet,Southeast,0,7.02,2023-05-17 04:10:00+00:00
402923,35-44,M,Finance,Mobile,Midwest,0,6.635,2023-05-29 04:55:00+00:00
402924,25-34,F,Retail,Tablet,Southeast,1,10.2825,2023-06-16 10:58:00+00:00
402925,25-34,M,Auto,Tablet,Southeast,0,5.88,2023-01-20 07:28:00+00:00
402926,45-54,F,Finance,Web,West,1,8.1412,2023-02-23 17:50:00+00:00
402927,18-24,F,Health,Tablet,Northeast,0,6.3637,2023-02-21 03:24:00+00:00
402928,45-54,F,Finance,Tablet,West,1,13.46,2023-02-28 22:16:00+00:00
402929,25-34,M,Auto,Mobile,Southeast,0,2.5888,2023-06-21 15:24:00+00:00
402930,25-34,F,Retail,Tablet,Southeast,0,1.1012,2023-01-02 01:51:00+00:00
402931,35-44,F,Auto,Tablet,Midwest,0,13.46,2023-04-09 14:31:00+00:00
402932,35-44,M,Retail,Mobile,Midwest,0,8.3513,2023-06-11 17:40:00+00:00
402933,25-34,M,Health,Mobile,Southeast,0,2.4763,2023-04-12 05:57:00+00:00
402934,25-34,M,Auto,Web,Southeast,0,9.22,2023-03-08 18:09:00+00:00
402935,45-54,M,Housing,Mobile,West,0,7.5088,2023-06-17 23:49:00+00:00
402936,18-24,F,Auto,Mobile,Northeast,1,6.0163,2023-04-24 05:24:00+00:00
402937,35-44,F,Health,Mobile,Midwest,0,11.86,2023-06-08 02:22:00+00:00
402938,35-44,M,News,Mobile,Midwest,0,11.8613,2023-05-10 09:44:00+00:00
402939,55+,F,Auto,Mobile,South,0,4.94,2023-06-02 08:21:00+00:00
402940,45-54,F,Finance,Web,West,1,10.64,2023-04-28 09:33:00+00:00
402941,55+,F,Health,Web,South,0,7.9575,2023-06-16 22:58:00+00:00
402942,45-54,M,Auto,Web,West,0,1.105,2023-01-25 12:46:00+00:00
402943,18-24,M,Finance,Mobile,Northeast,0,6.7,2023-06-10 16:05:00+00:00
402944,25-34,F,Finance,Web,Southeast,0,2.5013,2023-06-11 17:05:00+00:00
402945,35-44,M,News,Web,Midwest,0,1.4038,2023-01-24 11:46:00+00:00
402946,55+,F,Health,Web,South,0,11.9,2023-03-22 08:20:00+00:00
402947,55+,F,Auto,Tablet,South,1,4.92,2023-02-06 00:56:00+00:00
402948,55+,M,Finance,Tablet,South,1,1.1187,2023-02-25 07:33:00+00:00
402949,25-34,M,Housing,Web,Southeast,0,7.3,2023-04-01 06:12:00+00:00
402950,45-54,F,Retail,Mobile,West,0,4.3513,2023-05-22 09:45:00+00:00
402951,25-34,F,Housing,Web,Northeast,0,13.22,2023-03-28 14:12:00+00:00
402952,25-34,M,Housing,Mobile,Southeast,0,14.48,2023-03-31 05:47:00+00:00
402953,45-54,F,Retail,Tablet,West,0,2.8525,2023-03-24 10:11:00+00:00
402954,25-34,M,Health,Mobile,Southeast,1,4.4825,2023-01-07 18:09:00+00:00
402955,25-34,M,Health,Mobile,Southeast,0,15.32,2023-05-12 11:44:00+00:00
402956,25-34,M,Health,Mobile,Southeast,1,9.14,2023-02-22 16:07:00+00:00
402957,45-54,F,Finance,Tablet,West,0,3.9863,2023-01-30 05:29:00+00:00
402958,18-24,F,Auto,Web,Northeast,0,14.0,2023-04-16 09:57:00+00:00
402959,35-44,F,Housing,Mobile,Midwest,0,8.9763,2023-02-11 05:48:00+00:00
402960,18-24,F,Housing,Tablet,Northeast,0,11.9012,2023-02-11 17:05:00+00:00
402961,35-44,M,Retail,Tablet,Midwest,1,13.9,2023-01-21 20:54:00+00:00
402962,45-54,F,Retail,Tablet,West,0,4.3937,2023-02-25 19:42:00+00:00
402963,35-44,F,Health,Mobile,Midwest,0,7.395,2023-03-18 04:45:00+00:00
402964,25-34,F,Finance,Tablet,Southeast,1,6.5,2023-04-01 18:21:00+00:00
402965,55+,M,Finance,Mobile,South,0,1.6375,2023-01-11 22:44:00+00:00
402966,25-34,M,Auto,Mobile,Southeast,0,9.3375,2023-05-11 22:01:00+00:00
402967,25-34,M,Housing,Tablet,Southeast,0,8.94,2023-04-03 20:21:00+00:00
402968,18-24,F,Auto,Web,Northeast,0,9.9087,2023-05-28 15:38:00+00:00
402969,35-44,M,Finance,Web,Midwest,0,6.5775,2023-03-04 14:26:00+00:00
402970,25-34,M,Auto,Tablet,Southeast,1,8.28,2023-06-29 23:51:00+00:00
402971,45-54,M,Auto,Tablet,West,1,9.465,2023-04-03 20:38:00+00:00
402972,35-44,F,Housing,Tablet,Midwest,0,5.195,2023-01-17 04:02:00+00:00
402973,55+,F,Housing,Web,South,0,6.9,2023-05-11 10:27:00+00:00
402974,25-34,F,News,Web,Southeast,1,5.5275,2023-01-23 22:54:00+00:00
402975,25-34,M,Housing,Mobile,Southeast,0,9.3163,2023-06-23 05:16:00+00:00
402976,55+,M,Finance,Mobile,South,0,13.78,2023-01-15 14:36:00+00:00
402977,18-24,M,News,Tablet,Northeast,0,12.9337,2023-03-29 03:29:00+00:00
402978,35-44,F,Health,Mobile,Midwest,1,1.2738,2023-01-20 19:19:00+00:00
402979,55+,F,Health,Web,South,1,9.36,2023-02-23 05:16:00+00:00
402980,55+,F,Auto,Tablet,South,1,6.745,2023-03-18 04:28:00+00:00
402981,25-34,M,Health,Tablet,Southeast,1,5.595,2023-03-18 04:36:00+00:00
402982,45-54,M,Housing,Mobile,West,0,9.6,2023-02-15 21:49:00+00:00
402983,25-34,M,Auto,Mobile,Southeast,0,12.7088,2023-06-17 23:58:00+00:00
402984,55+,F,Auto,Web,South,1,3.1425,2023-05-15 02:10:00+00:00
402985,18-24,F,Auto,Web,Northeast,0,14.8,2023-05-26 01:29:00+00:00
402986,25-34,M,Auto,Mobile,Southeast,1,4.9488,2023-04-30 23:51:00+00:00
402987,45-54,F,Retail,Tablet,West,1,11.6237,2023-06-09 03:48:00+00:00
402988,18-24,F,Health,Web,Northeast,1,5.54,2023-01-23 10:28:00+00:00
402989,35-44,F,Auto,Mobile,Midwest,1,0.8175,2023-03-16 14:53:00+00:00
402990,55+,M,Retail,Mobile,South,0,10.915,2023-06-22 04:58:00+00:00
402991,45-54,M,Auto,Web,West,0,7.54,2023-05-03 02:26:00+00:00
402992,25-34,F,Retail,Tablet,Southeast,0,11.355,2023-06-14 20:57:00+00:00
402993,45-54,M,Housing,Web,West,0,0.9975,2023-04-09 14:56:00+00:00
402994,25-34,M,Auto,Web,Southeast,1,6.88,2023-01-30 17:04:00+00:00
402995,25-34,M,Health,Web,Southeast,0,1.625,2023-03-22 20:28:00+00:00
402996,55+,F,Auto,Mobile,South,0,11.795,2023-04-07 12:22:00+00:00
402997,45-54,F,Finance,Mobile,West,1,14.98,2023-06-24 18:16:00+00:00
402998,18-24,M,Retail,Web,Northeast,1,6.3275,2023-01-03 14:26:00+00:00
402999,18-24,F,Housing,Mobile,Northeast,1,3.8838,2023-03-09 19:01:00+00:00
403000,45-54,F,News,Mobile,West,0,11.3,2023-04-21 02:07:00+00:00
403001,25-34,F,Housing,Tablet,Northeast,1,8.38,2023-01-05 16:43:00+00:00
403002,18-24,M,Finance,Tablet,Northeast,1,4.7125,2023-01-11 10:52:00+00:00
403003,18-24,F,Auto,Tablet,Northeast,0,6.74,2023-05-03 14:51:00+00:00
403004,18-24,F,Housing,Tablet,Northeast,1,11.5975,2023-03-20 06:45:00+00:00
403005,35-44,M,Retail,Tablet,Midwest,0,7.725,2023-03-22 20:54:00+00:00
403006,35-44,M,Retail,Web,Midwest,1,11.5,2023-01-01 00:08:00+00:00
403007,55+,F,Housing,Web,South,0,1.0575,2023-06-16 22:06:00+00:00
403008,35-44,M,Finance,Web,Midwest,1,1.4163,2023-06-03 21:21:00+00:00
403009,55+,M,News,Tablet,South,0,8.22,2023-02-06 00:39:00+00:00
403010,25-34,M,Housing,Web,Southeast,0,6.1612,2023-02-19 01:24:00+00:00
403011,55+,M,News,Tablet,South,0,3.6575,2023-02-16 22:06:00+00:00
403012,55+,F,Health,Mobile,South,0,7.54,2023-05-03 02:43:00+00:00
403013,18-24,F,Auto,Tablet,Northeast,0,6.605,2023-03-26 12:03:00+00:00
403014,55+,M,Retail,Tablet,South,1,10.3212,2023-02-27 09:33:00+00:00
403015,25-34,M,Health,Web,Southeast,0,9.8,2023-02-05 23:30:00+00:00
403016,45-54,F,Finance,Tablet,West,0,12.8663,2023-06-23 05:07:00+00:00
403017,45-54,M,Health,Web,West,0,3.3287,2023-04-14 07:14:00+00:00
403018,18-24,F,Auto,Web,Northeast,0,11.6,2023-06-15 21:15:00+00:00
403019,18-24,F,Health,Tablet,Northeast,0,5.9562,2023-01-06 05:26:00+00:00
403020,45-54,F,Retail,Web,West,0,12.555,2023-01-25 12:29:00+00:00
403021,55+,M,News,Web,South,1,11.48,2023-02-09 03:39:00+00:00
403022,35-44,M,Retail,Web,Midwest,0,9.9012,2023-02-11 17:48:00+00:00
403023,18-24,M,News,Mobile,Northeast,0,4.6688,2023-01-16 15:10:00+00:00
403024,55+,M,News,Tablet,South,0,8.1,2023-04-21 02:24:00+00:00
403025,55+,F,Auto,Tablet,South,1,12.7625,2023-05-11 10:35:00+00:00
403026,25-34,M,Health,Tablet,Southeast,1,8.115,2023-04-03 20:56:00+00:00
403027,35-44,F,Housing,Web,Midwest,0,11.6,2023-02-15 21:57:00+00:00
403028,25-34,F,News,Mobile,Southeast,0,11.7937,2023-02-05 11:56:00+00:00
403029,18-24,F,Health,Mobile,Northeast,0,2.67,2023-05-17 16:10:00+00:00
403030,55+,F,Health,Web,South,0,6.02,2023-03-28 02:46:00+00:00
403031,18-24,M,Retail,Web,Northeast,0,7.255,2023-05-25 12:20:00+00:00
403032,45-54,F,Retail,Web,West,0,7.995,2023-04-27 20:16:00+00:00
403033,18-24,F,Auto,Tablet,Northeast,0,12.5,2023-03-12 10:44:00+00:00
403034,35-44,M,News,Tablet,Midwest,0,12.9012,2023-03-23 09:45:00+00:00
403035,25-34,F,News,Mobile,Southeast,1,6.9612,2023-05-10 09:52:00+00:00
403036,25-34,F,News,Mobile,Southeast,0,9.08,2023-06-09 15:31:00+00:00
403037,18-24,M,Finance,Mobile,Northeast,0,0.5125,2023-04-01 18:38:00+00:00
403038,25-34,F,Finance,Tablet,Southeast,0,0.8787,2023-05-04 15:51:00+00:00
403039,45-54,M,Housing,Mobile,West,0,7.9,2023-01-21 08:45:00+00:00
403040,55+,F,Auto,Tablet,South,0,8.6113,2023-03-11 09:01:00+00:00
403041,55+,F,Auto,Tablet,South,0,4.1762,2023-05-02 13:08:00+00:00
403042,18-24,F,Health,Web,Northeast,1,5.56,2023-01-24 11:20:00+00:00
403043,45-54,M,Auto,Tablet,West,0,11.1288,2023-06-13 07:40:00+00:00
403044,25-34,M,Housing,Tablet,Southeast,0,4.8438,2023-01-16 03:10:00+00:00
403045,45-54,M,Health,Tablet,West,0,13.14,2023-01-03 02:00:00+00:00
403046,55+,M,Retail,Mobile,South,0,10.7438,2023-05-16 03:27:00+00:00
403047,18-24,M,Retail,Tablet,Northeast,0,0.5913,2023-02-03 09:21:00+00:00
403048,18-24,M,Finance,Web,Northeast,0,13.02,2023-06-06 12:05:00+00:00
403049,55+,M,Finance,Mobile,South,0,1.6575,2023-06-16 22:06:00+00:00
403050,55+,F,Housing,Web,South,0,7.215,2023-04-23 04:41:00+00:00
403051,25-34,F,Housing,Mobile,Northeast,0,12.4,2023-05-06 05:35:00+00:00
403052,25-34,M,Health,Mobile,Southeast,0,6.85,2023-03-02 00:08:00+00:00
403053,35-44,M,News,Web,Midwest,1,6.1425,2023-02-04 10:04:00+00:00
403054,35-44,F,Health,Tablet,Midwest,1,13.04,2023-01-18 17:45:00+00:00
403055,18-24,M,Retail,Web,Northeast,0,0.55,2023-05-01 00:42:00+00:00
403056,35-44,M,Finance,Tablet,Midwest,0,6.9437,2023-06-05 11:47:00+00:00
403057,55+,M,News,Tablet,South,0,9.4,2023-01-16 15:10:00+00:00
403058,25-34,M,Health,Web,Southeast,1,12.8887,2023-01-12 23:10:00+00:00
403059,45-54,F,Retail,Tablet,West,0,12.94,2023-03-14 00:36:00+00:00
403060,55+,M,Finance,Tablet,South,1,6.5,2023-06-20 02:07:00+00:00
403061,45-54,M,Housing,Mobile,West,1,1.8162,2023-02-23 05:07:00+00:00
403062,55+,M,News,Tablet,South,0,0.5525,2023-03-24 10:54:00+00:00
403063,45-54,F,Finance,Mobile,West,0,15.04,2023-04-28 09:25:00+00:00
403064,45-54,F,News,Web,West,0,10.0275,2023-01-03 14:43:00+00:00
403065,45-54,F,Finance,Web,West,1,7.78,2023-05-25 00:03:00+00:00
403066,35-44,F,Housing,Web,Midwest,0,5.98,2023-05-05 16:17:00+00:00
403067,55+,M,News,Tablet,South,1,8.945,2023-05-17 04:10:00+00:00
403068,45-54,F,News,Web,West,0,1.68,2023-06-14 08:40:00+00:00
403069,45-54,F,News,Tablet,West,0,12.36,2023-06-13 19:40:00+00:00
403070,18-24,M,News,Web,Northeast,0,10.0062,2023-04-16 21:49:00+00:00
403071,25-34,F,Retail,Mobile,Southeast,0,5.17,2023-01-17 16:10:00+00:00
403072,18-24,F,Health,Mobile,Northeast,0,13.2,2023-05-06 05:35:00+00:00
403073,18-24,F,Health,Tablet,Northeast,0,5.1675,2023-01-15 14:44:00+00:00
403074,18-24,M,News,Web,Northeast,0,11.225,2023-02-10 04:40:00+00:00
403075,18-24,F,Auto,Web,Northeast,0,6.18,2023-06-24 06:42:00+00:00
403076,55+,F,Health,Web,South,0,7.825,2023-01-01 12:17:00+00:00
403077,35-44,M,Retail,Web,Midwest,0,11.4663,2023-03-15 13:53:00+00:00
403078,35-44,M,Finance,Web,Midwest,0,11.02,2023-03-18 16:36:00+00:00
403079,25-34,F,Finance,Web,Southeast,1,1.6225,2023-03-20 18:02:00+00:00
403080,45-54,M,Auto,Web,West,0,8.8462,2023-02-07 13:39:00+00:00
403081,45-54,M,Auto,Web,West,0,13.04,2023-04-28 21:59:00+00:00
403082,55+,M,Finance,Mobile,South,0,3.9,2023-01-21 08:02:00+00:00
403083,35-44,M,Retail,Tablet,Midwest,1,7.5738,2023-06-29 11:42:00+00:00
403084,55+,M,Retail,Web,South,0,7.56,2023-03-05 03:51:00+00:00
403085,55+,M,News,Web,South,0,4.1787,2023-04-14 07:40:00+00:00
403086,35-44,F,Housing,Web,Midwest,0,11.6487,2023-05-20 07:54:00+00:00
403087,45-54,M,Housing,Tablet,West,0,6.7,2023-03-22 20:54:00+00:00
403088,18-24,M,Finance,Web,Northeast,0,3.7575,2023-06-16 22:23:00+00:00
403089,45-54,M,Health,Mobile,West,0,10.4125,2023-05-31 18:55:00+00:00
403090,25-34,F,Finance,Tablet,Southeast,0,9.98,2023-05-25 12:29:00+00:00
403091,55+,F,Health,Web,South,0,10.7963,2023-03-19 05:28:00+00:00
403092,18-24,F,Housing,Tablet,Northeast,0,12.4537,2023-03-25 11:29:00+00:00
403093,18-24,F,Health,Web,Northeast,0,10.44,2023-05-28 15:21:00+00:00
403094,55+,M,Retail,Tablet,South,0,4.1862,2023-04-20 13:07:00+00:00
403095,55+,F,Housing,Mobile,South,0,9.7025,2023-01-03 02:43:00+00:00
403096,45-54,M,Housing,Web,West,0,7.72,2023-03-13 11:27:00+00:00
403097,25-34,M,Auto,Web,Southeast,0,9.3425,2023-06-04 10:30:00+00:00
403098,35-44,M,Retail,Web,Midwest,1,2.605,2023-02-14 20:32:00+00:00
403099,55+,M,News,Tablet,South,0,5.66,2023-04-19 00:06:00+00:00
403100,45-54,F,Retail,Mobile,West,0,8.0263,2023-01-02 13:17:00+00:00
403101,25-34,F,Housing,Web,Northeast,0,15.02,2023-02-26 20:33:00+00:00
403102,35-44,F,Health,Mobile,Midwest,0,12.38,2023-01-05 04:26:00+00:00
403103,45-54,M,Health,Web,West,1,5.5,2023-05-01 00:08:00+00:00
403104,45-54,F,Finance,Web,West,0,4.7412,2023-06-03 09:47:00+00:00
403105,25-34,M,Auto,Web,Southeast,1,12.04,2023-01-08 07:43:00+00:00
403106,25-34,M,Health,Web,Southeast,1,5.8125,2023-06-20 02:32:00+00:00
403107,45-54,M,Auto,Tablet,West,1,8.3588,2023-02-17 23:41:00+00:00
403108,45-54,M,Auto,Mobile,West,1,11.28,2023-01-30 05:04:00+00:00
403109,25-34,F,Retail,Web,Southeast,0,7.4375,2023-06-20 14:15:00+00:00
403110,35-44,F,Health,Mobile,Midwest,0,12.1475,2023-01-19 06:54:00+00:00
403111,45-54,F,News,Mobile,West,1,14.78,2023-06-14 20:06:00+00:00
403112,18-24,F,Auto,Tablet,Northeast,1,10.5188,2023-01-16 15:45:00+00:00
403113,45-54,F,Retail,Mobile,West,0,2.7812,2023-03-27 01:29:00+00:00
403114,18-24,M,News,Mobile,Northeast,0,10.74,2023-03-24 22:28:00+00:00
403115,25-34,F,Retail,Web,Southeast,0,4.6625,2023-04-01 18:12:00+00:00
403116,45-54,M,Health,Tablet,West,0,2.825,2023-01-01 12:00:00+00:00
403117,45-54,M,Health,Tablet,West,0,6.08,2023-02-19 01:15:00+00:00
403118,35-44,F,Auto,Web,Midwest,0,8.22,2023-06-06 00:56:00+00:00
403119,18-24,M,Finance,Tablet,Northeast,0,9.605,2023-01-25 12:54:00+00:00
403120,25-34,F,News,Web,Southeast,0,6.28,2023-05-20 07:45:00+00:00
403121,55+,M,Finance,Tablet,South,0,11.0913,2023-04-04 09:30:00+00:00
403122,25-34,F,Retail,Web,Southeast,0,3.865,2023-03-14 12:44:00+00:00
403123,35-44,F,Health,Tablet,Midwest,0,12.12,2023-06-21 03:33:00+00:00
403124,25-34,F,Finance,Mobile,Southeast,0,0.5862,2023-01-10 21:01:00+00:00
403125,35-44,M,Retail,Mobile,Midwest,1,8.5013,2023-03-23 09:54:00+00:00
403126,35-44,F,Housing,Tablet,Midwest,0,15.18,2023-04-15 08:23:00+00:00
403127,55+,M,Finance,Tablet,South,0,6.3375,2023-04-21 14:50:00+00:00
403128,55+,F,Auto,Web,South,0,2.1175,2023-01-15 14:53:00+00:00
403129,45-54,F,News,Mobile,West,0,12.12,2023-04-22 03:15:00+00:00
403130,18-24,M,Retail,Tablet,Northeast,0,6.0462,2023-04-28 21:59:00+00:00
403131,25-34,F,Retail,Web,Southeast,0,1.8575,2023-05-27 14:55:00+00:00
403132,25-34,F,Finance,Mobile,Southeast,0,6.86,2023-03-30 04:04:00+00:00
403133,45-54,M,Auto,Web,West,0,0.7612,2023-05-10 09:44:00+00:00
403134,35-44,M,Retail,Mobile,Midwest,0,1.8013,2023-05-02 01:08:00+00:00
403135,35-44,F,Housing,Web,Midwest,0,9.5,2023-04-11 04:22:00+00:00
403136,45-54,M,Health,Mobile,West,0,2.5137,2023-05-12 11:18:00+00:00
403137,55+,M,Finance,Mobile,South,0,11.12,2023-04-07 00:05:00+00:00
403138,45-54,F,Finance,Mobile,West,0,13.76,2023-05-14 13:01:00+00:00
403139,25-34,M,Housing,Mobile,Southeast,1,5.9387,2023-03-13 23:27:00+00:00
403140,25-34,F,Finance,Mobile,Southeast,1,6.59,2023-01-13 00:44:00+00:00
403141,55+,M,Retail,Web,South,0,12.36,2023-06-13 19:49:00+00:00
403142,45-54,M,Auto,Web,West,0,7.8863,2023-03-11 21:18:00+00:00
403143,35-44,M,Retail,Tablet,Midwest,0,6.6988,2023-04-30 23:51:00+00:00
403144,55+,F,Housing,Mobile,South,0,14.74,2023-05-03 14:00:00+00:00
403145,45-54,M,Housing,Tablet,West,0,2.9087,2023-04-18 23:06:00+00:00
403146,25-34,F,News,Tablet,Southeast,0,9.5463,2023-06-27 21:33:00+00:00
403147,18-24,F,Health,Web,Northeast,0,14.5,2023-02-20 02:50:00+00:00
403148,18-24,F,Health,Mobile,Northeast,0,2.9613,2023-03-31 17:04:00+00:00
403149,25-34,M,Health,Web,Southeast,1,4.44,2023-04-03 08:04:00+00:00
403150,35-44,F,Health,Tablet,Midwest,0,11.58,2023-03-26 12:12:00+00:00
403151,25-34,F,Housing,Web,Northeast,0,14.78,2023-03-26 12:46:00+00:00
403152,55+,F,Housing,Web,South,1,12.0663,2023-06-23 05:07:00+00:00
403153,25-34,F,Finance,Tablet,Southeast,0,8.46,2023-05-29 04:04:00+00:00
403154,25-34,M,Housing,Web,Southeast,0,7.1638,2023-03-13 11:27:00+00:00
403155,18-24,M,Retail,Web,Northeast,0,10.3863,2023-03-31 05:38:00+00:00
403156,18-24,M,News,Web,Northeast,0,13.62,2023-01-27 14:20:00+00:00
403157,35-44,M,News,Web,Midwest,1,8.8313,2023-04-16 09:49:00+00:00
403158,45-54,M,Health,Web,West,1,1.4675,2023-04-05 22:22:00+00:00
403159,18-24,M,Finance,Tablet,Northeast,0,7.04,2023-04-28 09:33:00+00:00
403160,18-24,F,Housing,Mobile,Northeast,0,2.9225,2023-01-19 18:19:00+00:00
403161,35-44,F,Auto,Mobile,Midwest,1,9.4275,2023-03-24 22:20:00+00:00
403162,35-44,F,Auto,Mobile,Midwest,0,15.14,2023-02-12 06:40:00+00:00
403163,35-44,M,News,Tablet,Midwest,0,8.7825,2023-01-27 02:03:00+00:00
403164,45-54,M,Auto,Web,West,0,12.7888,2023-01-12 23:10:00+00:00
403165,45-54,F,News,Web,West,0,14.46,2023-06-18 00:24:00+00:00
403166,45-54,M,Auto,Tablet,West,0,11.2688,2023-02-25 07:59:00+00:00
403167,55+,M,News,Tablet,South,0,5.07,2023-01-17 16:45:00+00:00
403168,25-34,F,Retail,Web,Southeast,0,9.58,2023-03-06 04:17:00+00:00
403169,25-34,F,Finance,Mobile,Southeast,0,10.1163,2023-04-24 05:16:00+00:00
403170,25-34,F,Retail,Tablet,Southeast,0,5.205,2023-03-06 04:52:00+00:00
403171,25-34,M,Health,Mobile,Southeast,1,15.14,2023-05-03 02:08:00+00:00
403172,45-54,F,News,Mobile,West,1,7.9925,2023-02-24 18:16:00+00:00
403173,35-44,F,Auto,Web,Midwest,1,11.9437,2023-04-06 11:39:00+00:00
403174,18-24,F,Health,Tablet,Northeast,0,8.6,2023-06-25 19:16:00+00:00
403175,45-54,M,Auto,Web,West,0,8.3575,2023-02-16 22:06:00+00:00
403176,25-34,M,Health,Mobile,Southeast,0,9.3925,2023-03-16 02:10:00+00:00
403177,35-44,F,Housing,Web,Midwest,0,13.08,2023-04-30 11:59:00+00:00
403178,35-44,F,Health,Web,Midwest,0,12.2613,2023-03-11 09:35:00+00:00
403179,35-44,F,Housing,Web,Midwest,0,7.9763,2023-03-23 21:54:00+00:00
403180,18-24,F,Housing,Web,Northeast,0,12.86,2023-05-09 20:18:00+00:00
403181,18-24,M,Retail,Tablet,Northeast,0,4.2062,2023-01-26 13:29:00+00:00
403182,45-54,F,News,Tablet,West,0,5.79,2023-03-14 00:01:00+00:00
403183,18-24,M,Finance,Tablet,Northeast,0,9.36,2023-01-14 13:53:00+00:00
403184,45-54,M,Auto,Mobile,West,0,12.3063,2023-05-06 05:52:00+00:00
403185,18-24,F,Housing,Web,Northeast,1,11.4838,2023-02-17 11:58:00+00:00
403186,55+,F,Housing,Tablet,South,0,10.08,2023-01-10 09:44:00+00:00
403187,18-24,M,Finance,Web,Northeast,1,6.4938,2023-03-17 03:36:00+00:00
403188,45-54,M,Housing,Tablet,West,0,9.2438,2023-06-25 19:25:00+00:00
403189,55+,F,Auto,Web,South,0,9.8,2023-02-05 23:47:00+00:00
403190,55+,M,Finance,Web,South,0,6.5287,2023-04-14 07:06:00+00:00
403191,18-24,F,Auto,Web,Northeast,0,3.8988,2023-02-09 15:57:00+00:00
403192,25-34,F,Finance,Mobile,Southeast,0,9.18,2023-04-15 20:23:00+00:00
403193,18-24,F,Housing,Mobile,Northeast,0,2.35,2023-03-02 00:17:00+00:00
403194,35-44,F,Housing,Mobile,Midwest,1,8.6525,2023-03-24 10:37:00+00:00
403195,35-44,F,Health,Mobile,Midwest,0,10.98,2023-04-25 06:24:00+00:00
403196,18-24,M,Finance,Web,Northeast,0,12.8763,2023-06-11 05:48:00+00:00
403197,55+,M,News,Web,South,0,2.9875,2023-05-31 06:38:00+00:00
403198,18-24,F,Auto,Mobile,Northeast,0,6.02,2023-03-28 14:20:00+00:00
403199,35-44,F,Health,Mobile,Midwest,0,12.015,2023-02-22 04:07:00+00:00
403200,18-24,F,Auto,Mobile,Northeast,1,12.385,2023-04-19 12:49:00+00:00
403201,25-34,F,Housing,Tablet,Northeast,0,14.94,2023-06-22 16:50:00+00:00
403202,25-34,M,Auto,Mobile,Southeast,1,4.16,2023-01-29 16:29:00+00:00
403203,18-24,M,News,Tablet,Northeast,0,2.2725,2023-04-29 10:59:00+00:00
403204,18-24,M,Retail,Mobile,Northeast,0,8.9,2023-06-20 14:24:00+00:00
403205,25-34,F,Finance,Mobile,Southeast,0,11.87,2023-02-26 08:08:00+00:00
403206,55+,M,Retail,Mobile,South,0,4.5438,2023-06-05 11:13:00+00:00
403207,25-34,F,News,Tablet,Southeast,0,14.98,2023-02-04 10:13:00+00:00
403208,35-44,M,Finance,Mobile,Midwest,0,4.7325,2023-02-16 10:06:00+00:00
403209,55+,M,Finance,Tablet,South,0,11.0013,2023-01-22 09:20:00+00:00
403210,55+,M,Retail,Mobile,South,0,12.76,2023-01-24 11:20:00+00:00
403211,18-24,M,News,Web,Northeast,0,3.1475,2023-05-19 06:36:00+00:00
403212,55+,F,Auto,Web,South,0,5.895,2023-04-07 12:22:00+00:00
403213,35-44,F,Health,Tablet,Midwest,1,9.04,2023-04-08 13:39:00+00:00
403214,18-24,F,Housing,Mobile,Northeast,0,11.26,2023-04-19 00:24:00+00:00
403215,45-54,F,News,Tablet,West,0,5.1537,2023-01-04 03:17:00+00:00
403216,18-24,M,Finance,Mobile,Northeast,0,13.82,2023-05-17 04:28:00+00:00
403217,25-34,F,Finance,Mobile,Southeast,0,10.2737,2023-06-29 11:51:00+00:00
403218,18-24,F,Health,Web,Northeast,1,9.6113,2023-03-11 09:52:00+00:00
403219,45-54,M,Auto,Web,West,0,13.9,2023-05-01 00:08:00+00:00
403220,55+,F,Auto,Tablet,South,1,4.18,2023-03-06 16:34:00+00:00
403221,35-44,M,News,Tablet,Midwest,0,2.0263,2023-01-02 13:17:00+00:00
403222,45-54,F,Finance,Web,West,0,12.12,2023-02-21 03:07:00+00:00
403223,55+,F,Auto,Web,South,0,6.0175,2023-02-04 22:47:00+00:00
403224,45-54,M,Auto,Tablet,West,0,5.5312,2023-03-27 01:12:00+00:00
403225,18-24,M,Retail,Web,Northeast,0,12.26,2023-03-20 18:02:00+00:00
403226,18-24,F,Auto,Mobile,Northeast,0,12.8362,2023-02-19 13:41:00+00:00
403227,35-44,M,Retail,Mobile,Midwest,0,11.935,2023-03-10 20:18:00+00:00
403228,25-34,F,Retail,Tablet,Southeast,1,10.88,2023-01-10 09:52:00+00:00
403229,35-44,F,Health,Mobile,Midwest,1,7.4088,2023-02-17 23:23:00+00:00
403230,35-44,F,Housing,Mobile,Midwest,0,1.9587,2023-01-08 07:52:00+00:00
403231,55+,F,Housing,Tablet,South,0,9.18,2023-05-25 00:20:00+00:00
403232,18-24,M,Finance,Web,Northeast,0,12.2637,2023-04-22 03:07:00+00:00
403233,25-34,F,Retail,Tablet,Southeast,0,12.8763,2023-02-11 05:40:00+00:00
403234,45-54,F,Finance,Mobile,West,1,13.32,2023-06-01 07:04:00+00:00
403235,25-34,M,Auto,Mobile,Southeast,0,5.6312,2023-06-15 09:06:00+00:00
403236,55+,F,Auto,Tablet,South,0,5.5113,2023-01-30 17:12:00+00:00
403237,45-54,M,Housing,Web,West,0,5.8,2023-06-05 23:39:00+00:00
403238,45-54,M,Auto,Tablet,West,1,1.77,2023-02-26 08:59:00+00:00
403239,18-24,F,Auto,Tablet,Northeast,0,4.9725,2023-05-19 18:28:00+00:00
403240,18-24,F,Auto,Mobile,Northeast,0,10.3,2023-02-10 16:48:00+00:00
403241,55+,F,Health,Web,South,0,5.3025,2023-04-13 18:31:00+00:00
403242,18-24,F,Housing,Web,Northeast,0,8.4213,2023-03-19 17:53:00+00:00
403243,55+,F,Health,Web,South,0,13.14,2023-05-03 02:08:00+00:00
403244,25-34,F,Finance,Mobile,Southeast,1,5.1325,2023-02-16 10:40:00+00:00
403245,45-54,M,Health,Tablet,West,0,1.525,2023-06-10 04:14:00+00:00
403246,18-24,F,Housing,Mobile,Northeast,0,10.48,2023-05-30 17:12:00+00:00
403247,35-44,M,Finance,Web,Midwest,0,8.795,2023-06-26 20:16:00+00:00
403248,18-24,M,Retail,Tablet,Northeast,0,4.6387,2023-01-12 23:53:00+00:00
403249,45-54,M,Auto,Tablet,West,0,15.08,2023-05-20 07:11:00+00:00
403250,35-44,M,Finance,Web,Midwest,0,11.2513,2023-02-11 17:40:00+00:00
403251,25-34,F,Housing,Tablet,Northeast,0,7.74,2023-04-23 16:33:00+00:00
403252,25-34,M,Housing,Tablet,Southeast,0,11.98,2023-06-14 08:57:00+00:00
403253,35-44,M,Finance,Mobile,Midwest,0,6.6363,2023-05-30 05:21:00+00:00
403254,35-44,F,Health,Web,Midwest,1,1.2575,2023-05-27 14:29:00+00:00
403255,35-44,F,Auto,Tablet,Midwest,1,9.32,2023-04-02 07:30:00+00:00
403256,18-24,F,Housing,Tablet,Northeast,0,12.7438,2023-06-25 19:59:00+00:00
403257,18-24,F,Auto,Tablet,Northeast,0,10.5237,2023-03-21 19:45:00+00:00
403258,25-34,M,Auto,Tablet,Southeast,0,7.9,2023-01-21 08:20:00+00:00
403259,18-24,M,News,Mobile,Northeast,0,1.2862,2023-02-19 13:07:00+00:00
403260,55+,F,Auto,Web,South,0,6.945,2023-04-07 12:05:00+00:00
403261,25-34,M,Housing,Tablet,Southeast,0,12.96,2023-06-23 17:24:00+00:00
403262,35-44,M,Retail,Mobile,Midwest,0,9.8688,2023-04-26 07:25:00+00:00
403263,45-54,M,Auto,Web,West,0,11.0013,2023-01-22 09:54:00+00:00
403264,35-44,M,Finance,Web,Midwest,0,13.9,2023-05-21 08:54:00+00:00
403265,55+,M,Finance,Web,South,0,1.0813,2023-03-07 17:00:00+00:00
403266,55+,M,Finance,Tablet,South,1,8.375,2023-03-02 12:42:00+00:00
403267,25-34,M,Housing,Mobile,Southeast,0,9.74,2023-02-02 08:47:00+00:00
403268,35-44,F,Health,Web,Midwest,1,5.7962,2023-03-19 05:36:00+00:00
403269,55+,F,Housing,Mobile,South,0,7.1562,2023-01-06 05:43:00+00:00
403270,35-44,F,Housing,Mobile,Midwest,1,8.24,2023-03-19 17:02:00+00:00
403271,35-44,M,Finance,Web,Midwest,0,7.7562,2023-05-06 05:52:00+00:00
403272,35-44,F,Housing,Web,Midwest,0,8.4062,2023-03-27 13:37:00+00:00
403273,55+,M,Retail,Web,South,0,6.06,2023-04-19 00:24:00+00:00
403274,55+,F,Housing,Mobile,South,0,4.9612,2023-06-19 01:49:00+00:00
403275,18-24,F,Housing,Web,Northeast,0,7.41,2023-01-09 08:44:00+00:00
403276,55+,F,Health,Tablet,South,0,7.88,2023-04-30 11:59:00+00:00
403277,18-24,M,Retail,Tablet,Northeast,0,12.5962,2023-02-07 13:39:00+00:00
403278,45-54,F,Finance,Web,West,0,12.35,2023-03-02 00:08:00+00:00
403279,25-34,F,Finance,Tablet,Southeast,1,14.8,2023-06-15 21:15:00+00:00
403280,18-24,M,Retail,Mobile,Northeast,0,5.455,2023-04-15 20:14:00+00:00
403281,25-34,M,Auto,Tablet,Southeast,0,3.4825,2023-02-16 10:40:00+00:00
403282,35-44,F,Health,Mobile,Midwest,1,9.52,2023-01-22 21:37:00+00:00
403283,45-54,F,Finance,Web,West,1,6.8825,2023-06-16 10:06:00+00:00
403284,25-34,F,News,Tablet,Southeast,0,7.9363,2023-04-20 13:41:00+00:00
403285,45-54,M,Health,Web,West,0,9.34,2023-06-02 08:21:00+00:00
403286,35-44,M,News,Mobile,Midwest,1,1.3588,2023-01-08 07:18:00+00:00
403287,18-24,F,Health,Mobile,Northeast,0,6.7488,2023-01-20 07:54:00+00:00
403288,25-34,F,News,Web,Southeast,0,14.66,2023-02-28 10:59:00+00:00
403289,55+,F,Health,Web,South,0,3.3825,2023-03-08 18:43:00+00:00
403290,18-24,F,Auto,Web,Northeast,1,4.6275,2023-03-04 14:00:00+00:00
403291,25-34,M,Health,Tablet,Southeast,0,6.06,2023-04-19 12:49:00+00:00
403292,25-34,M,Housing,Mobile,Southeast,0,7.5287,2023-05-04 15:26:00+00:00
403293,55+,F,Housing,Web,South,0,3.3037,2023-06-13 19:14:00+00:00
403294,25-34,F,Retail,Tablet,Southeast,0,5.5,2023-04-11 16:22:00+00:00
403295,35-44,F,Auto,Web,Midwest,0,2.5375,2023-03-12 22:01:00+00:00
403296,35-44,F,Health,Tablet,Midwest,1,10.3212,2023-06-07 01:22:00+00:00
403297,35-44,M,Finance,Tablet,Midwest,0,11.44,2023-03-19 17:28:00+00:00
403298,55+,M,Finance,Mobile,South,0,12.4625,2023-06-20 02:41:00+00:00
403299,35-44,M,Retail,Mobile,Midwest,0,12.23,2023-05-05 16:26:00+00:00
403300,18-24,M,Retail,Tablet,Northeast,0,6.16,2023-02-03 09:56:00+00:00
403301,25-34,F,Housing,Mobile,Northeast,0,15.18,2023-05-25 00:20:00+00:00
403302,55+,F,Housing,Tablet,South,1,12.1487,2023-04-10 15:39:00+00:00
403303,45-54,F,Retail,Mobile,West,0,11.68,2023-03-31 17:12:00+00:00
403304,25-34,F,Finance,Tablet,Southeast,0,2.635,2023-05-09 20:18:00+00:00
403305,18-24,M,Finance,Web,Northeast,0,2.2325,2023-05-27 02:12:00+00:00
403306,45-54,M,Health,Mobile,West,0,13.34,2023-02-02 08:56:00+00:00
403307,45-54,F,Finance,Mobile,West,0,12.7863,2023-01-30 05:12:00+00:00
403308,45-54,M,Auto,Tablet,West,0,11.085,2023-03-10 20:26:00+00:00
403309,35-44,F,Health,Web,Midwest,0,15.06,2023-06-28 22:16:00+00:00
403310,45-54,F,Retail,Tablet,West,0,2.9512,2023-02-11 17:40:00+00:00
403311,18-24,M,Retail,Tablet,Northeast,0,12.9325,2023-01-07 18:00:00+00:00
403312,35-44,F,Auto,Tablet,Midwest,0,6.74,2023-04-13 18:23:00+00:00
403313,35-44,F,Health,Mobile,Midwest,1,8.1675,2023-03-16 14:36:00+00:00
403314,55+,F,Auto,Web,South,0,9.0538,2023-01-04 03:43:00+00:00
403315,25-34,F,News,Mobile,Southeast,0,12.92,2023-05-12 23:27:00+00:00
403316,35-44,M,News,Tablet,Midwest,0,12.2675,2023-04-25 06:33:00+00:00
403317,35-44,F,Auto,Web,Midwest,1,11.22,2023-01-17 16:02:00+00:00
403318,45-54,F,Retail,Tablet,West,0,8.66,2023-04-09 14:14:00+00:00
403319,55+,M,Finance,Mobile,South,1,1.4737,2023-06-09 03:05:00+00:00
403320,25-34,M,Housing,Tablet,Southeast,0,7.0775,2023-04-13 06:57:00+00:00
403321,25-34,F,Retail,Web,Southeast,0,6.14,2023-02-22 16:16:00+00:00
403322,25-34,M,Housing,Web,Southeast,0,4.85,2023-04-11 16:14:00+00:00
403323,18-24,M,News,Tablet,Northeast,1,6.7038,2023-02-13 19:57:00+00:00
403324,45-54,F,News,Web,West,0,8.84,2023-06-17 23:49:00+00:00
403325,25-34,F,Retail,Mobile,Southeast,0,6.845,2023-05-17 04:45:00+00:00
403326,35-44,M,News,Tablet,Midwest,0,9.875,2023-04-11 04:40:00+00:00
403327,25-34,M,Health,Web,Southeast,0,6.82,2023-05-07 18:52:00+00:00
403328,18-24,F,Health,Mobile,Northeast,0,5.785,2023-03-10 20:52:00+00:00
403329,25-34,M,Housing,Tablet,Southeast,0,9.5475,2023-02-28 22:16:00+00:00
403330,18-24,M,Retail,Web,Northeast,0,6.18,2023-01-15 02:10:00+00:00
403331,45-54,M,Housing,Mobile,West,0,6.7713,2023-03-19 17:53:00+00:00
403332,18-24,F,Housing,Mobile,Northeast,0,8.8562,2023-03-27 13:37:00+00:00
403333,35-44,F,Housing,Tablet,Midwest,0,10.16,2023-02-23 05:16:00+00:00
403334,35-44,M,Retail,Mobile,Midwest,0,12.0488,2023-01-20 07:45:00+00:00
403335,18-24,M,Finance,Mobile,Northeast,1,11.8413,2023-05-14 01:10:00+00:00
403336,55+,M,Finance,Mobile,South,0,14.08,2023-02-19 01:15:00+00:00
403337,25-34,M,Housing,Mobile,Southeast,0,3.92,2023-02-26 08:25:00+00:00
403338,18-24,M,News,Tablet,Northeast,1,4.5287,2023-05-04 15:43:00+00:00
403339,25-34,M,Housing,Tablet,Southeast,1,7.44,2023-06-07 13:39:00+00:00
403340,35-44,F,Auto,Web,Midwest,0,11.3387,2023-04-22 15:07:00+00:00
403341,25-34,M,Housing,Web,Southeast,0,0.89,2023-02-22 16:41:00+00:00
403342,55+,F,Health,Mobile,South,0,11.48,2023-03-21 07:11:00+00:00
403343,25-34,M,Health,Tablet,Southeast,0,0.585,2023-03-10 20:01:00+00:00
403344,18-24,M,News,Tablet,Northeast,0,12.2238,2023-06-09 03:22:00+00:00
403345,55+,F,Housing,Tablet,South,0,12.06,2023-01-29 16:29:00+00:00
403346,55+,F,Auto,Mobile,South,0,0.7725,2023-02-28 10:25:00+00:00
403347,55+,M,Finance,Web,South,0,0.7725,2023-05-19 18:28:00+00:00
403348,18-24,M,Retail,Tablet,Northeast,0,15.04,2023-05-18 05:45:00+00:00
403349,55+,M,Retail,Tablet,South,0,1.5413,2023-02-23 17:41:00+00:00
403350,55+,M,Retail,Web,South,0,8.7575,2023-03-28 14:38:00+00:00
403351,25-34,F,Housing,Mobile,Northeast,0,7.36,2023-06-23 05:41:00+00:00
403352,45-54,F,Retail,Mobile,West,1,3.0863,2023-01-30 05:04:00+00:00
403353,45-54,F,Retail,Web,West,0,10.38,2023-06-14 08:32:00+00:00
403354,45-54,M,Auto,Mobile,West,0,11.34,2023-02-22 04:50:00+00:00
403355,55+,M,Retail,Mobile,South,0,6.3625,2023-01-31 18:30:00+00:00
403356,35-44,F,Housing,Web,Midwest,0,6.6688,2023-04-06 23:13:00+00:00
403357,45-54,M,Housing,Mobile,West,0,14.88,2023-06-19 01:49:00+00:00
403358,18-24,M,News,Web,Northeast,0,2.4813,2023-03-07 17:26:00+00:00
403359,55+,M,Finance,Mobile,South,1,10.7825,2023-03-28 02:29:00+00:00
403360,25-34,F,Retail,Tablet,Southeast,1,8.98,2023-01-15 02:53:00+00:00
403361,18-24,M,Finance,Tablet,Northeast,1,3.0675,2023-04-05 22:56:00+00:00
403362,45-54,M,Health,Mobile,West,0,5.5375,2023-05-31 06:12:00+00:00
403363,35-44,M,Finance,Tablet,Midwest,0,8.08,2023-06-19 13:07:00+00:00
403364,35-44,F,Auto,Tablet,Midwest,1,2.3413,2023-06-03 09:39:00+00:00
403365,35-44,M,Finance,Mobile,Midwest,1,10.0538,2023-01-04 03:00:00+00:00
403366,45-54,M,Housing,Tablet,West,1,12.04,2023-04-18 11:06:00+00:00
403367,18-24,M,Retail,Web,Northeast,0,4.4912,2023-04-24 17:50:00+00:00
403368,25-34,M,Health,Tablet,Southeast,0,7.2025,2023-05-03 02:00:00+00:00
403369,55+,M,Finance,Tablet,South,0,9.0,2023-02-05 23:56:00+00:00
403370,55+,F,Housing,Tablet,South,1,9.85,2023-03-22 08:37:00+00:00
403371,25-34,F,News,Mobile,Southeast,0,7.715,2023-04-03 20:56:00+00:00
403372,25-34,M,Housing,Tablet,Southeast,1,14.08,2023-01-30 17:21:00+00:00
403373,35-44,F,Health,Web,Midwest,1,4.975,2023-03-02 12:08:00+00:00
403374,18-24,F,Health,Web,Northeast,0,5.7938,2023-06-25 19:16:00+00:00
403375,35-44,F,Health,Web,Midwest,0,8.92,2023-06-01 07:47:00+00:00
403376,35-44,F,Health,Tablet,Midwest,0,12.4075,2023-01-07 06:18:00+00:00
403377,18-24,F,Health,Web,Northeast,0,4.7575,2023-06-16 22:23:00+00:00
403378,55+,M,News,Web,South,0,6.9,2023-04-21 02:32:00+00:00
403379,18-24,F,Housing,Mobile,Northeast,0,5.275,2023-03-22 20:11:00+00:00
403380,25-34,M,Housing,Mobile,Southeast,1,1.7788,2023-04-14 07:31:00+00:00
403381,45-54,F,Finance,Tablet,West,0,6.9,2023-04-01 06:55:00+00:00
403382,35-44,M,News,Tablet,Midwest,1,7.56,2023-03-30 16:38:00+00:00
403383,25-34,F,News,Mobile,Southeast,0,8.5175,2023-04-05 22:30:00+00:00
403384,35-44,F,Auto,Tablet,Midwest,1,14.92,2023-04-22 15:07:00+00:00
403385,18-24,M,News,Mobile,Northeast,1,7.9575,2023-01-27 14:20:00+00:00
403386,45-54,M,Housing,Tablet,West,0,1.5562,2023-06-15 21:49:00+00:00
403387,25-34,F,News,Mobile,Southeast,1,9.32,2023-04-02 19:21:00+00:00
403388,55+,F,Auto,Tablet,South,1,9.2037,2023-04-14 19:57:00+00:00
403389,25-34,F,News,Tablet,Southeast,0,8.3375,2023-05-31 06:55:00+00:00
403390,25-34,M,Auto,Mobile,Southeast,0,11.1,2023-01-01 00:00:00+00:00
403391,55+,M,Retail,Tablet,South,0,5.0088,2023-02-17 23:49:00+00:00
403392,25-34,M,Health,Web,Southeast,0,2.9225,2023-06-08 02:22:00+00:00
403393,55+,M,Finance,Web,South,1,12.32,2023-03-03 13:43:00+00:00
403394,18-24,F,Housing,Tablet,Northeast,0,7.6212,2023-01-18 17:02:00+00:00
403395,25-34,F,News,Mobile,Southeast,0,8.2613,2023-01-30 17:29:00+00:00
403396,55+,M,Retail,Mobile,South,0,12.06,2023-01-09 08:18:00+00:00
403397,35-44,F,Auto,Tablet,Midwest,0,2.465,2023-04-23 04:41:00+00:00
403398,25-34,F,Retail,Mobile,Southeast,0,3.0312,2023-05-26 01:46:00+00:00
403399,55+,F,Auto,Tablet,South,0,13.28,2023-03-31 05:29:00+00:00
403400,45-54,F,Retail,Web,West,0,9.5663,2023-03-15 13:01:00+00:00
403401,25-34,F,Housing,Mobile,Northeast,0,6.32,2023-01-22 21:37:00+00:00
403402,18-24,F,Health,Mobile,Northeast,0,7.92,2023-03-23 09:11:00+00:00
403403,18-24,M,Finance,Web,Northeast,0,9.665,2023-01-13 12:01:00+00:00
403404,45-54,F,Retail,Tablet,West,0,5.1375,2023-01-11 22:10:00+00:00
403405,25-34,F,Retail,Tablet,Southeast,0,11.56,2023-03-25 23:11:00+00:00
403406,18-24,F,Auto,Web,Northeast,1,10.7163,2023-01-14 13:53:00+00:00
403407,18-24,M,Finance,Mobile,Northeast,0,8.6013,2023-04-12 17:31:00+00:00
403408,25-34,F,Retail,Mobile,Southeast,1,7.36,2023-03-15 13:19:00+00:00
403409,55+,M,Finance,Web,South,1,11.5813,2023-03-07 17:09:00+00:00
403410,25-34,F,Retail,Web,Southeast,0,2.8262,2023-01-02 13:08:00+00:00
403411,18-24,F,Auto,Web,Northeast,1,13.26,2023-01-09 08:44:00+00:00
403412,55+,M,Retail,Tablet,South,1,1.5987,2023-04-10 15:39:00+00:00
403413,55+,M,News,Tablet,South,1,8.9,2023-01-21 08:37:00+00:00
403414,35-44,M,Finance,Mobile,Midwest,1,9.12,2023-01-22 21:11:00+00:00
403415,25-34,F,Finance,Mobile,Southeast,0,11.9162,2023-04-24 05:24:00+00:00
403416,35-44,M,Finance,Mobile,Midwest,1,8.2688,2023-02-05 23:56:00+00:00
403417,35-44,F,Auto,Tablet,Midwest,0,10.66,2023-06-08 14:56:00+00:00
403418,18-24,M,Retail,Mobile,Northeast,0,9.3387,2023-01-12 23:01:00+00:00
403419,45-54,M,Auto,Mobile,West,0,4.21,2023-02-18 00:24:00+00:00
403420,45-54,F,News,Mobile,West,0,6.06,2023-03-30 04:38:00+00:00
403421,55+,F,Auto,Tablet,South,1,2.3275,2023-06-12 06:23:00+00:00
403422,25-34,F,Retail,Tablet,Southeast,0,12.6363,2023-06-19 13:41:00+00:00
403423,18-24,F,Auto,Web,Northeast,0,9.52,2023-05-02 01:34:00+00:00
403424,18-24,F,Housing,Web,Northeast,0,0.7163,2023-06-03 21:56:00+00:00
403425,18-24,F,Auto,Tablet,Northeast,1,5.3338,2023-01-28 03:21:00+00:00
403426,35-44,M,Retail,Web,Midwest,1,14.5,2023-02-20 14:58:00+00:00
403427,25-34,F,Finance,Mobile,Southeast,0,5.7575,2023-03-08 06:00:00+00:00
403428,35-44,F,Health,Tablet,Midwest,0,10.4637,2023-06-01 19:13:00+00:00
403429,55+,M,Retail,Mobile,South,0,8.62,2023-06-26 20:25:00+00:00
403430,35-44,M,News,Mobile,Midwest,1,5.0488,2023-04-30 23:34:00+00:00
403431,25-34,F,Retail,Web,Southeast,0,6.8812,2023-05-06 17:26:00+00:00
403432,35-44,M,News,Web,Midwest,1,6.66,2023-01-19 18:45:00+00:00
403433,55+,F,Auto,Tablet,South,0,8.2525,2023-05-03 02:00:00+00:00
403434,25-34,F,Retail,Web,Southeast,0,3.4175,2023-05-15 14:27:00+00:00
403435,45-54,M,Health,Web,West,1,7.8,2023-06-05 11:30:00+00:00
403436,55+,M,Retail,Tablet,South,0,4.2875,2023-04-21 14:41:00+00:00
403437,55+,M,News,Mobile,South,1,12.6037,2023-03-25 11:20:00+00:00
403438,35-44,F,Auto,Tablet,Midwest,1,14.06,2023-06-18 00:41:00+00:00
403439,35-44,F,Auto,Mobile,Midwest,0,4.9162,2023-06-03 21:30:00+00:00
403440,55+,F,Housing,Tablet,South,1,10.0275,2023-04-13 06:06:00+00:00
403441,45-54,M,Health,Mobile,West,0,11.34,2023-05-13 12:36:00+00:00
403442,35-44,M,Retail,Tablet,Midwest,1,11.9075,2023-03-08 06:26:00+00:00
403443,55+,M,News,Mobile,South,0,7.8887,2023-05-12 23:10:00+00:00
403444,55+,F,Health,Mobile,South,0,13.74,2023-05-13 12:18:00+00:00
403445,35-44,M,News,Web,Midwest,1,12.8325,2023-02-16 10:49:00+00:00
403446,35-44,M,Finance,Mobile,Midwest,1,2.2825,2023-04-17 10:40:00+00:00
403447,45-54,M,Auto,Web,West,0,11.34,2023-06-22 16:07:00+00:00
403448,18-24,M,Finance,Web,Northeast,0,2.7,2023-04-11 16:48:00+00:00
403449,35-44,M,Finance,Mobile,Midwest,0,3.6212,2023-02-27 09:16:00+00:00
403450,45-54,F,News,Web,West,0,14.52,2023-04-02 19:13:00+00:00
403451,25-34,F,Housing,Mobile,Northeast,1,5.68,2023-04-20 13:58:00+00:00
403452,18-24,F,Housing,Mobile,Northeast,0,10.2688,2023-01-16 15:19:00+00:00
403453,18-24,M,Finance,Mobile,Northeast,1,12.86,2023-02-18 12:15:00+00:00
403454,25-34,F,Finance,Web,Southeast,0,1.8037,2023-01-04 03:00:00+00:00
403455,45-54,M,Auto,Tablet,West,0,10.74,2023-03-14 00:44:00+00:00
403456,55+,F,Health,Web,South,1,6.5,2023-04-21 14:41:00+00:00
403457,18-24,M,News,Mobile,Northeast,1,11.225,2023-01-01 12:25:00+00:00
403458,35-44,M,News,Mobile,Midwest,0,5.3075,2023-01-07 06:52:00+00:00
403459,18-24,F,Housing,Web,Northeast,1,15.04,2023-04-28 21:16:00+00:00
403460,35-44,F,Housing,Mobile,Midwest,0,5.98,2023-03-06 16:00:00+00:00
403461,18-24,F,Health,Web,Northeast,0,12.5975,2023-06-28 22:59:00+00:00
403462,55+,M,Finance,Tablet,South,0,10.62,2023-04-07 12:39:00+00:00
403463,45-54,F,News,Web,West,1,0.6125,2023-02-20 02:07:00+00:00
403464,35-44,M,Finance,Mobile,Midwest,0,3.1025,2023-06-12 18:57:00+00:00
403465,35-44,M,News,Web,Midwest,0,7.78,2023-05-15 14:02:00+00:00
403466,25-34,F,News,Tablet,Southeast,0,3.4112,2023-01-10 09:01:00+00:00
403467,55+,M,Finance,Tablet,South,0,6.6375,2023-04-21 14:15:00+00:00
403468,45-54,F,News,Web,West,0,14.06,2023-03-30 16:46:00+00:00
403469,35-44,F,Housing,Mobile,Midwest,0,11.565,2023-05-13 12:53:00+00:00
403470,25-34,M,Housing,Mobile,Southeast,0,7.7237,2023-03-21 19:11:00+00:00
403471,25-34,F,Retail,Web,Southeast,1,8.62,2023-06-06 12:48:00+00:00
403472,55+,F,Health,Mobile,South,0,5.8513,2023-01-02 01:17:00+00:00
403473,18-24,F,Health,Mobile,Northeast,0,5.8525,2023-02-12 18:48:00+00:00
403474,18-24,M,News,Tablet,Northeast,1,11.42,2023-06-06 12:05:00+00:00
403475,35-44,M,News,Mobile,Midwest,0,8.7513,2023-03-03 01:34:00+00:00
403476,35-44,M,News,Tablet,Midwest,0,1.4325,2023-04-17 10:15:00+00:00
403477,35-44,M,Finance,Tablet,Midwest,1,11.2,2023-01-26 01:20:00+00:00
403478,18-24,M,Finance,Mobile,Northeast,0,1.8513,2023-02-11 17:23:00+00:00
403479,45-54,M,Health,Mobile,West,1,3.1862,2023-04-20 13:32:00+00:00
403480,18-24,M,News,Tablet,Northeast,0,7.98,2023-05-05 16:00:00+00:00
403481,35-44,F,Auto,Tablet,Midwest,0,6.9962,2023-01-18 05:36:00+00:00
403482,45-54,M,Health,Tablet,West,0,6.8338,2023-05-08 19:09:00+00:00
403483,18-24,F,Housing,Mobile,Northeast,1,13.42,2023-06-06 00:48:00+00:00
403484,45-54,F,News,Mobile,West,0,10.2888,2023-02-21 15:58:00+00:00
403485,18-24,F,Health,Tablet,Northeast,0,5.765,2023-06-22 04:07:00+00:00
403486,55+,M,Finance,Mobile,South,0,13.64,2023-03-29 15:46:00+00:00
403487,25-34,F,News,Mobile,Southeast,0,4.655,2023-03-06 04:43:00+00:00
403488,18-24,M,Retail,Tablet,Northeast,0,8.2963,2023-05-18 05:19:00+00:00
403489,35-44,F,Health,Web,Midwest,1,11.1,2023-01-01 12:25:00+00:00
403490,35-44,M,Retail,Web,Midwest,0,5.76,2023-05-09 08:35:00+00:00
403491,35-44,M,News,Tablet,Midwest,1,5.1225,2023-06-28 10:34:00+00:00
403492,18-24,M,Finance,Mobile,Northeast,0,7.7,2023-02-20 14:41:00+00:00
403493,55+,F,Health,Tablet,South,1,4.46,2023-02-18 00:24:00+00:00
403494,45-54,F,Finance,Tablet,West,0,7.5762,2023-05-02 13:51:00+00:00
403495,18-24,M,News,Mobile,Northeast,0,10.9,2023-01-31 18:55:00+00:00
403496,45-54,M,Auto,Mobile,West,0,2.6637,2023-06-21 03:15:00+00:00
403497,25-34,M,Health,Mobile,Southeast,0,4.9662,2023-06-23 05:07:00+00:00
403498,35-44,F,Health,Web,Midwest,0,12.12,2023-06-21 03:24:00+00:00
403499,25-34,M,Housing,Web,Southeast,0,8.4187,2023-06-25 07:50:00+00:00
403500,45-54,M,Auto,Mobile,West,1,10.7012,2023-02-11 17:14:00+00:00
403501,25-34,F,Housing,Web,Northeast,0,14.46,2023-05-29 04:04:00+00:00
403502,18-24,F,Housing,Mobile,Northeast,0,6.9437,2023-06-05 11:22:00+00:00
403503,45-54,M,Housing,Web,West,0,5.94,2023-01-13 00:18:00+00:00
403504,55+,F,Housing,Tablet,South,0,14.86,2023-05-29 16:04:00+00:00
403505,45-54,F,Retail,Mobile,West,0,0.5138,2023-03-13 11:27:00+00:00
403506,25-34,F,Retail,Web,Southeast,0,0.775,2023-01-01 12:42:00+00:00
403507,18-24,M,Retail,Mobile,Northeast,0,10.66,2023-04-29 10:42:00+00:00
403508,45-54,M,Health,Tablet,West,0,9.2075,2023-03-08 06:52:00+00:00
403509,25-34,F,Finance,Mobile,Southeast,0,2.5213,2023-04-08 01:05:00+00:00
403510,45-54,F,Finance,Tablet,West,0,6.16,2023-02-23 05:24:00+00:00
403511,18-24,F,Auto,Mobile,Northeast,0,12.4125,2023-05-31 18:47:00+00:00
403512,55+,M,Finance,Mobile,South,0,5.5637,2023-02-21 03:41:00+00:00
403513,35-44,M,News,Web,Midwest,0,9.12,2023-05-22 21:54:00+00:00
403514,55+,F,Auto,Mobile,South,0,8.1088,2023-03-09 07:01:00+00:00
403515,18-24,F,Auto,Web,Northeast,0,1.7875,2023-05-31 06:21:00+00:00
403516,25-34,M,Housing,Tablet,Southeast,0,8.16,2023-01-14 13:44:00+00:00
403517,55+,F,Auto,Mobile,South,0,0.6512,2023-01-02 01:25:00+00:00
403518,18-24,M,Retail,Web,Northeast,0,11.0625,2023-01-11 10:35:00+00:00
403519,35-44,M,Finance,Mobile,Midwest,0,8.86,2023-02-18 12:41:00+00:00
403520,45-54,F,Retail,Web,West,1,2.8675,2023-06-04 22:47:00+00:00
403521,18-24,F,Health,Mobile,Northeast,1,4.1325,2023-05-07 18:09:00+00:00
403522,55+,M,Retail,Web,South,0,8.0,2023-02-15 09:40:00+00:00
403523,25-34,M,Health,Web,Southeast,0,4.5537,2023-01-04 03:34:00+00:00
403524,25-34,M,Health,Tablet,Southeast,0,3.6475,2023-04-09 14:56:00+00:00
403525,25-34,M,Housing,Mobile,Southeast,0,11.9,2023-03-02 00:17:00+00:00
403526,55+,F,Health,Tablet,South,0,11.22,2023-02-26 08:50:00+00:00
403527,35-44,F,Health,Tablet,Midwest,0,5.6188,2023-02-05 23:13:00+00:00
403528,25-34,M,Health,Web,Southeast,0,10.92,2023-06-21 03:33:00+00:00
403529,18-24,F,Health,Tablet,Northeast,1,11.4825,2023-01-07 18:43:00+00:00
403530,18-24,F,Housing,Mobile,Northeast,1,2.9362,2023-03-11 21:44:00+00:00
403531,55+,M,News,Mobile,South,0,10.2,2023-06-25 19:16:00+00:00
403532,55+,F,Health,Tablet,South,0,4.7575,2023-06-16 22:06:00+00:00
403533,45-54,F,Finance,Tablet,West,0,5.0675,2023-03-16 14:02:00+00:00
403534,18-24,M,News,Web,Northeast,0,13.96,2023-05-04 03:51:00+00:00
403535,35-44,F,Housing,Mobile,Midwest,0,6.5812,2023-04-16 09:32:00+00:00
403536,25-34,F,News,Tablet,Southeast,0,2.945,2023-02-26 20:50:00+00:00
403537,55+,M,Retail,Mobile,South,1,8.26,2023-04-29 10:34:00+00:00
403538,55+,F,Health,Tablet,South,0,11.3675,2023-06-24 06:42:00+00:00
403539,25-34,M,Housing,Web,Southeast,1,9.0625,2023-06-20 02:50:00+00:00
403540,45-54,M,Housing,Tablet,West,0,9.68,2023-04-20 13:41:00+00:00
403541,25-34,F,Retail,Web,Southeast,0,2.64,2023-04-03 08:21:00+00:00
403542,18-24,M,Finance,Web,Northeast,0,11.3788,2023-05-24 23:03:00+00:00
403543,25-34,M,Housing,Web,Southeast,0,13.78,2023-03-16 14:44:00+00:00
403544,25-34,M,Auto,Tablet,Southeast,1,4.1325,2023-02-16 10:49:00+00:00
403545,55+,F,Health,Mobile,South,0,10.3963,2023-03-19 05:53:00+00:00
403546,55+,M,News,Mobile,South,0,11.8,2023-02-25 07:59:00+00:00
403547,55+,F,Health,Web,South,1,0.9363,2023-04-20 13:07:00+00:00
403548,25-34,F,Finance,Web,Southeast,0,6.295,2023-01-17 04:10:00+00:00
403549,55+,M,Retail,Web,South,0,13.52,2023-04-12 05:40:00+00:00
403550,55+,M,Retail,Mobile,South,0,3.14,2023-06-22 16:16:00+00:00
403551,25-34,F,Housing,Mobile,Northeast,1,15.18,2023-05-25 00:54:00+00:00
403552,18-24,M,News,Tablet,Northeast,1,13.6,2023-02-15 21:49:00+00:00
403553,35-44,M,Retail,Mobile,Midwest,0,3.5713,2023-01-18 17:28:00+00:00
403554,25-34,F,Finance,Mobile,Southeast,0,10.9975,2023-06-28 22:51:00+00:00
403555,45-54,F,News,Mobile,West,0,14.64,2023-04-28 21:08:00+00:00
403556,25-34,F,Finance,Tablet,Southeast,0,8.6725,2023-02-08 02:39:00+00:00
403557,18-24,M,Finance,Web,Northeast,0,1.9138,2023-04-02 19:04:00+00:00
403558,18-24,M,News,Web,Northeast,1,5.94,2023-01-23 10:03:00+00:00
403559,45-54,M,Housing,Tablet,West,0,6.5788,2023-06-13 07:49:00+00:00
403560,35-44,F,Health,Mobile,Midwest,1,12.8238,2023-01-20 19:45:00+00:00
403561,45-54,F,Retail,Web,West,0,7.64,2023-05-28 15:03:00+00:00
403562,35-44,F,Housing,Tablet,Midwest,0,9.6725,2023-06-28 10:08:00+00:00
403563,45-54,M,Health,Tablet,West,1,8.6075,2023-04-17 22:40:00+00:00
403564,45-54,M,Auto,Web,West,1,12.0,2023-05-06 05:00:00+00:00
403565,45-54,M,Health,Web,West,0,4.3788,2023-05-24 23:37:00+00:00
403566,55+,M,Finance,Tablet,South,0,5.4662,2023-02-23 05:50:00+00:00
403567,55+,M,Finance,Mobile,South,1,10.54,2023-02-22 04:24:00+00:00
403568,25-34,F,Finance,Web,Southeast,0,6.6562,2023-06-15 21:40:00+00:00
403569,25-34,F,News,Tablet,Southeast,0,4.8725,2023-02-08 02:56:00+00:00
403570,25-34,F,Retail,Tablet,Southeast,0,14.98,2023-05-15 14:27:00+00:00
403571,45-54,F,Retail,Tablet,West,0,0.7137,2023-04-02 19:38:00+00:00
403572,35-44,F,Health,Tablet,Midwest,0,7.52,2023-06-06 00:56:00+00:00
403573,25-34,M,Auto,Mobile,Southeast,0,8.52,2023-06-21 15:58:00+00:00
403574,18-24,F,Health,Tablet,Northeast,1,9.9537,2023-01-04 03:34:00+00:00
403575,25-34,F,Finance,Web,Southeast,0,1.635,2023-05-09 20:44:00+00:00
403576,45-54,F,Finance,Mobile,West,1,12.92,2023-04-22 15:50:00+00:00
403577,25-34,M,Housing,Web,Southeast,0,12.9425,2023-02-24 18:42:00+00:00
403578,25-34,F,Finance,Web,Southeast,0,1.4825,2023-03-28 02:03:00+00:00
403579,35-44,F,Auto,Tablet,Midwest,0,12.52,2023-02-01 07:55:00+00:00
403580,45-54,M,Housing,Tablet,West,0,4.9075,2023-04-17 22:32:00+00:00
403581,45-54,M,Housing,Web,West,0,3.9688,2023-04-06 23:22:00+00:00
403582,25-34,M,Health,Web,Southeast,0,10.74,2023-05-23 10:37:00+00:00
403583,25-34,M,Health,Web,Southeast,0,1.3025,2023-06-12 18:57:00+00:00
403584,18-24,F,Auto,Tablet,Northeast,0,6.3525,2023-02-12 18:48:00+00:00
403585,55+,F,Housing,Mobile,South,1,7.88,2023-06-09 03:22:00+00:00
403586,45-54,M,Auto,Web,West,0,3.6913,2023-06-03 09:56:00+00:00
403587,55+,M,Finance,Mobile,South,0,2.4212,2023-06-27 09:42:00+00:00
403588,55+,F,Auto,Web,South,0,10.6,2023-06-05 23:05:00+00:00
403589,45-54,F,News,Tablet,West,1,1.6462,2023-06-27 21:16:00+00:00
403590,25-34,F,Retail,Mobile,Southeast,0,12.4637,2023-03-13 11:35:00+00:00
403591,18-24,M,Finance,Tablet,Northeast,0,8.72,2023-01-02 13:08:00+00:00
403592,35-44,F,Auto,Mobile,Midwest,0,4.9375,2023-02-20 14:24:00+00:00
403593,35-44,F,Housing,Web,Midwest,0,0.57,2023-05-17 16:10:00+00:00
403594,45-54,M,Auto,Tablet,West,0,13.38,2023-05-15 14:02:00+00:00
403595,25-34,M,Health,Mobile,Southeast,0,10.26,2023-05-29 16:29:00+00:00
403596,18-24,F,Housing,Tablet,Northeast,0,12.4938,2023-02-25 19:59:00+00:00
403597,55+,M,Retail,Tablet,South,1,11.04,2023-05-18 17:11:00+00:00
403598,35-44,F,Health,Tablet,Midwest,0,12.0762,2023-03-23 21:11:00+00:00
403599,25-34,F,Retail,Web,Southeast,0,2.0987,2023-03-21 07:37:00+00:00
403600,55+,F,Health,Web,South,1,12.68,2023-02-09 03:14:00+00:00
403601,25-34,F,Housing,Mobile,Northeast,0,12.24,2023-04-28 09:16:00+00:00
403602,18-24,F,Auto,Tablet,Northeast,0,11.895,2023-04-07 12:48:00+00:00
403603,25-34,M,Housing,Web,Southeast,0,11.5,2023-01-21 08:02:00+00:00
403604,18-24,M,Retail,Mobile,Northeast,0,9.7462,2023-04-28 21:42:00+00:00
403605,35-44,M,Retail,Mobile,Midwest,0,9.5838,2023-05-08 19:01:00+00:00
403606,55+,M,Retail,Web,South,1,9.3,2023-01-11 22:52:00+00:00
403607,25-34,M,Health,Web,Southeast,0,1.1763,2023-05-22 21:54:00+00:00
403608,55+,M,Finance,Web,South,1,7.3225,2023-04-09 02:14:00+00:00
403609,55+,M,News,Mobile,South,0,7.22,2023-06-16 22:58:00+00:00
403610,45-54,M,Housing,Tablet,West,0,11.76,2023-02-18 00:24:00+00:00
403611,45-54,F,Retail,Mobile,West,0,1.2825,2023-04-17 10:58:00+00:00
403612,55+,M,Retail,Web,South,0,7.26,2023-05-09 20:09:00+00:00
403613,55+,M,Finance,Mobile,South,0,9.3325,2023-05-07 18:26:00+00:00
403614,45-54,M,Auto,Web,West,1,11.4787,2023-02-13 07:14:00+00:00
403615,18-24,F,Auto,Tablet,Northeast,0,15.24,2023-01-08 07:09:00+00:00
403616,45-54,F,News,Mobile,West,1,3.885,2023-05-09 20:09:00+00:00
403617,55+,F,Auto,Web,South,1,12.3413,2023-06-23 17:41:00+00:00
403618,18-24,M,News,Web,Northeast,0,6.22,2023-01-17 16:53:00+00:00
403619,35-44,F,Auto,Tablet,Midwest,1,6.16,2023-05-09 08:09:00+00:00
403620,35-44,M,News,Mobile,Midwest,0,10.1975,2023-02-08 14:48:00+00:00
403621,25-34,F,Retail,Web,Southeast,0,7.22,2023-02-16 10:40:00+00:00
403622,35-44,F,Auto,Tablet,Midwest,0,11.5538,2023-03-05 03:43:00+00:00
403623,55+,M,Finance,Mobile,South,1,5.08,2023-04-15 08:49:00+00:00
403624,25-34,F,News,Mobile,Southeast,0,5.94,2023-02-12 06:23:00+00:00
403625,25-34,M,Auto,Mobile,Southeast,0,12.3837,2023-05-08 19:43:00+00:00
403626,55+,F,Housing,Tablet,South,0,5.405,2023-01-05 04:09:00+00:00
403627,35-44,F,Health,Mobile,Midwest,0,13.18,2023-03-26 12:37:00+00:00
403628,55+,M,News,Web,South,0,12.1687,2023-06-05 23:13:00+00:00
403629,55+,F,Health,Tablet,South,0,1.335,2023-01-09 20:26:00+00:00
403630,55+,M,News,Tablet,South,0,15.22,2023-01-27 02:55:00+00:00
403631,55+,F,Housing,Tablet,South,1,4.9938,2023-06-25 19:59:00+00:00
403632,35-44,F,Auto,Web,Midwest,1,8.9012,2023-06-11 17:31:00+00:00
403633,55+,M,News,Mobile,South,0,14.28,2023-05-20 07:19:00+00:00
403634,25-34,F,News,Web,Southeast,1,3.3737,2023-04-30 11:17:00+00:00
403635,45-54,F,News,Web,West,0,9.03,2023-03-06 16:17:00+00:00
403636,25-34,M,Auto,Mobile,Southeast,0,10.4,2023-03-27 01:29:00+00:00
403637,18-24,F,Housing,Mobile,Northeast,1,6.84,2023-05-13 00:53:00+00:00
403638,25-34,M,Auto,Web,Southeast,0,0.57,2023-02-26 08:25:00+00:00
403639,18-24,F,Auto,Mobile,Northeast,0,10.44,2023-01-28 03:12:00+00:00
403640,35-44,M,Retail,Web,Midwest,0,11.0,2023-04-11 16:31:00+00:00
403641,45-54,M,Housing,Tablet,West,1,7.29,2023-03-14 00:01:00+00:00
403642,18-24,F,Housing,Web,Northeast,1,11.32,2023-03-13 11:44:00+00:00
403643,45-54,F,News,Tablet,West,0,0.83,2023-04-15 08:40:00+00:00
403644,25-34,M,Health,Mobile,Southeast,0,10.1888,2023-04-22 15:50:00+00:00
403645,35-44,F,Auto,Tablet,Midwest,0,11.18,2023-04-15 20:06:00+00:00
403646,18-24,F,Housing,Mobile,Northeast,0,9.3775,2023-05-23 22:20:00+00:00
403647,45-54,F,Finance,Mobile,West,1,10.4825,2023-03-28 02:12:00+00:00
403648,55+,M,Finance,Tablet,South,1,13.0,2023-02-25 07:25:00+00:00
403649,35-44,F,Health,Tablet,Midwest,0,6.5625,2023-03-12 10:10:00+00:00
403650,55+,F,Health,Tablet,South,0,3.6987,2023-05-20 07:54:00+00:00
403651,25-34,F,Housing,Mobile,Northeast,1,9.96,2023-01-04 03:26:00+00:00
403652,35-44,M,Retail,Web,Midwest,0,12.6962,2023-02-27 21:59:00+00:00
403653,18-24,F,Health,Mobile,Northeast,1,6.1988,2023-01-20 07:54:00+00:00
403654,45-54,M,Housing,Web,West,0,5.92,2023-03-23 09:45:00+00:00
403655,35-44,M,Retail,Tablet,Midwest,0,3.1225,2023-02-28 10:08:00+00:00
403656,45-54,F,News,Tablet,West,0,9.0738,2023-04-10 03:31:00+00:00
403657,45-54,M,Health,Web,West,0,14.3,2023-05-01 12:17:00+00:00
403658,45-54,F,Finance,Web,West,1,4.6262,2023-03-03 13:08:00+00:00
403659,25-34,M,Health,Tablet,Southeast,0,10.3925,2023-04-25 18:16:00+00:00
403660,55+,F,Health,Tablet,South,0,14.88,2023-03-11 21:18:00+00:00
403661,18-24,M,Finance,Web,Northeast,1,8.9887,2023-06-01 07:13:00+00:00
403662,18-24,M,Retail,Web,Northeast,0,8.645,2023-04-07 12:22:00+00:00
403663,18-24,F,Housing,Web,Northeast,0,12.14,2023-04-23 16:33:00+00:00
403664,35-44,F,Health,Tablet,Midwest,1,0.9863,2023-06-19 13:49:00+00:00
403665,55+,M,Finance,Mobile,South,0,8.5738,2023-03-01 11:08:00+00:00
403666,55+,F,Auto,Mobile,South,0,9.38,2023-05-15 14:19:00+00:00
403667,18-24,M,Retail,Tablet,Northeast,0,3.15,2023-06-10 16:31:00+00:00
403668,25-34,M,Housing,Web,Southeast,0,4.7213,2023-04-08 01:56:00+00:00
403669,25-34,M,Health,Web,Southeast,1,8.26,2023-05-19 18:11:00+00:00
403670,55+,M,News,Tablet,South,0,1.5112,2023-06-19 01:07:00+00:00
403671,55+,M,News,Web,South,0,12.7462,2023-01-18 05:11:00+00:00
403672,45-54,M,Auto,Web,West,0,11.68,2023-01-10 09:09:00+00:00
403673,45-54,M,Housing,Tablet,West,0,7.6475,2023-06-28 22:08:00+00:00
403674,18-24,F,Auto,Mobile,Northeast,0,9.5213,2023-06-07 01:05:00+00:00
403675,18-24,M,Finance,Mobile,Northeast,1,6.92,2023-01-12 23:01:00+00:00
403676,35-44,M,News,Web,Midwest,0,11.375,2023-05-01 12:34:00+00:00
403677,18-24,F,Housing,Mobile,Northeast,0,1.1438,2023-04-26 19:07:00+00:00
403678,25-34,F,Finance,Web,Southeast,1,11.0,2023-01-16 03:02:00+00:00
403679,45-54,M,Auto,Web,West,1,6.005,2023-06-14 20:40:00+00:00
403680,45-54,F,Finance,Mobile,West,1,11.6638,2023-04-22 03:07:00+00:00
403681,45-54,M,Auto,Tablet,West,0,6.4,2023-01-06 05:17:00+00:00
403682,55+,F,Auto,Web,South,0,12.7225,2023-04-09 02:39:00+00:00
403683,18-24,M,News,Mobile,Northeast,0,7.2225,2023-06-08 02:48:00+00:00
403684,45-54,F,Finance,Mobile,West,0,9.62,2023-01-07 06:18:00+00:00
403685,35-44,F,Health,Web,Midwest,1,5.7512,2023-03-23 09:03:00+00:00
403686,45-54,F,Retail,Mobile,West,0,4.4562,2023-02-15 21:32:00+00:00
403687,25-34,M,Health,Mobile,Southeast,0,10.34,2023-04-13 18:48:00+00:00
403688,18-24,F,Housing,Mobile,Northeast,0,11.16,2023-01-29 16:12:00+00:00
403689,18-24,F,Housing,Tablet,Northeast,0,11.6962,2023-04-28 21:08:00+00:00
403690,18-24,F,Housing,Mobile,Northeast,0,12.4,2023-02-15 21:32:00+00:00
403691,25-34,M,Housing,Web,Southeast,0,2.0325,2023-05-07 18:09:00+00:00
403692,35-44,F,Housing,Mobile,Midwest,0,11.5687,2023-06-25 07:59:00+00:00
403693,35-44,F,Auto,Mobile,Midwest,0,10.9,2023-04-01 18:04:00+00:00
403694,18-24,M,Retail,Web,Northeast,0,1.9025,2023-02-12 18:23:00+00:00
403695,18-24,F,Health,Web,Northeast,0,12.0913,2023-06-03 09:56:00+00:00
403696,35-44,F,Health,Tablet,Midwest,0,12.94,2023-02-02 20:56:00+00:00
403697,25-34,F,News,Web,Southeast,0,7.325,2023-04-11 04:14:00+00:00
403698,18-24,M,Retail,Tablet,Northeast,1,3.4962,2023-01-18 05:02:00+00:00
403699,18-24,F,Auto,Web,Northeast,1,7.42,2023-06-06 12:48:00+00:00
403700,35-44,M,Retail,Web,Midwest,0,1.3425,2023-06-24 18:24:00+00:00
403701,25-34,F,Housing,Web,Northeast,1,6.82,2023-05-07 18:35:00+00:00
403702,18-24,F,Auto,Mobile,Northeast,0,8.18,2023-06-24 06:33:00+00:00
403703,25-34,F,Retail,Tablet,Southeast,0,10.49,2023-04-03 08:13:00+00:00
403704,45-54,M,Auto,Web,West,0,6.7862,2023-05-30 05:29:00+00:00
403705,18-24,F,Health,Tablet,Northeast,0,13.36,2023-04-04 09:30:00+00:00
403706,45-54,F,Retail,Web,West,0,9.0075,2023-04-17 22:40:00+00:00
403707,45-54,M,Health,Mobile,West,0,7.9525,2023-03-24 10:37:00+00:00
403708,18-24,F,Health,Web,Northeast,0,14.22,2023-03-18 16:53:00+00:00
403709,35-44,F,Housing,Mobile,Midwest,0,7.085,2023-05-09 20:18:00+00:00
403710,25-34,F,Finance,Mobile,Southeast,1,4.07,2023-06-06 00:05:00+00:00
403711,25-34,F,Retail,Web,Southeast,0,8.84,2023-03-09 19:26:00+00:00
403712,18-24,F,Housing,Tablet,Northeast,0,2.7388,2023-04-22 15:07:00+00:00
403713,45-54,M,Auto,Web,West,1,9.0925,2023-06-04 10:56:00+00:00
403714,45-54,F,News,Mobile,West,1,10.16,2023-05-14 01:01:00+00:00
403715,45-54,F,Finance,Mobile,West,0,3.465,2023-02-02 20:13:00+00:00
403716,45-54,F,Retail,Web,West,0,4.8288,2023-05-24 23:46:00+00:00
403717,25-34,M,Health,Tablet,Southeast,0,11.38,2023-02-04 22:04:00+00:00
403718,25-34,F,News,Web,Southeast,0,9.0275,2023-01-23 22:11:00+00:00
403719,45-54,M,Health,Web,West,0,3.9787,2023-05-04 15:00:00+00:00
403720,45-54,M,Housing,Web,West,0,14.7,2023-06-10 04:05:00+00:00
403721,35-44,M,Retail,Web,Midwest,1,9.9738,2023-06-29 11:51:00+00:00
403722,45-54,M,Health,Web,West,0,10.2275,2023-05-23 22:28:00+00:00
403723,35-44,F,Auto,Mobile,Midwest,0,11.76,2023-06-23 17:41:00+00:00
403724,35-44,F,Health,Tablet,Midwest,1,10.4588,2023-06-17 23:32:00+00:00
403725,45-54,F,News,Web,West,0,4.8712,2023-04-08 01:05:00+00:00
403726,45-54,M,Auto,Tablet,West,1,11.7,2023-04-21 02:07:00+00:00
403727,25-34,F,News,Tablet,Southeast,0,3.7525,2023-04-13 18:14:00+00:00
403728,18-24,F,Auto,Mobile,Northeast,0,11.11,2023-02-18 00:41:00+00:00
403729,35-44,F,Housing,Web,Midwest,0,10.84,2023-06-17 11:23:00+00:00
403730,18-24,F,Health,Web,Northeast,0,7.5963,2023-06-27 21:33:00+00:00
403731,35-44,F,Auto,Mobile,Midwest,0,4.4238,2023-05-20 19:54:00+00:00
403732,45-54,F,Finance,Tablet,West,0,13.12,2023-03-03 13:51:00+00:00
403733,45-54,F,Finance,Tablet,West,1,7.16,2023-01-29 16:29:00+00:00
403734,18-24,M,News,Mobile,Northeast,0,5.4538,2023-06-13 19:57:00+00:00
403735,55+,F,Health,Web,South,0,10.4,2023-03-27 13:37:00+00:00
403736,45-54,F,Retail,Tablet,West,0,6.0362,2023-01-10 21:18:00+00:00
403737,35-44,F,Auto,Mobile,Midwest,0,6.0912,2023-01-14 01:36:00+00:00
403738,25-34,M,Health,Web,Southeast,0,8.18,2023-06-24 06:16:00+00:00
403739,25-34,F,News,Mobile,Southeast,1,11.2662,2023-06-03 21:21:00+00:00
403740,55+,F,Health,Web,South,1,5.1387,2023-02-21 15:33:00+00:00
403741,25-34,F,Retail,Mobile,Southeast,0,13.06,2023-02-28 22:34:00+00:00
403742,18-24,M,Retail,Mobile,Northeast,0,1.425,2023-02-10 04:31:00+00:00
403743,55+,M,Retail,Tablet,South,0,10.8975,2023-02-28 22:34:00+00:00
403744,35-44,F,Health,Mobile,Midwest,0,7.98,2023-04-15 20:57:00+00:00
403745,55+,F,Housing,Web,South,0,3.86,2023-04-19 00:32:00+00:00
403746,25-34,F,Finance,Mobile,Southeast,0,11.33,2023-02-14 08:40:00+00:00
403747,18-24,M,News,Mobile,Northeast,0,7.6,2023-01-06 05:09:00+00:00
403748,35-44,F,Health,Web,Midwest,0,4.6537,2023-01-04 03:51:00+00:00
403749,18-24,F,Housing,Mobile,Northeast,0,8.0325,2023-01-07 18:00:00+00:00
403750,25-34,F,Finance,Web,Southeast,0,14.54,2023-06-02 20:04:00+00:00
403751,25-34,F,Housing,Tablet,Northeast,1,6.44,2023-04-18 11:58:00+00:00
403752,55+,M,News,Web,South,0,6.305,2023-03-26 12:29:00+00:00
403753,55+,M,Finance,Tablet,South,0,11.16,2023-05-04 15:17:00+00:00
403754,55+,F,Housing,Web,South,1,1.3213,2023-06-27 09:33:00+00:00
403755,35-44,M,News,Mobile,Midwest,0,7.6837,2023-05-08 19:09:00+00:00
403756,55+,M,Retail,Web,South,1,13.28,2023-01-30 05:38:00+00:00
403757,45-54,F,Retail,Web,West,0,9.0962,2023-04-28 21:51:00+00:00
403758,25-34,F,News,Tablet,Southeast,0,5.4387,2023-03-13 23:53:00+00:00
403759,35-44,M,News,Tablet,Midwest,1,15.42,2023-06-26 08:42:00+00:00
403760,35-44,F,Housing,Web,Midwest,1,5.4875,2023-03-12 22:52:00+00:00
403761,55+,M,News,Web,South,0,4.4313,2023-04-16 09:49:00+00:00
403762,18-24,F,Housing,Mobile,Northeast,0,9.64,2023-05-08 19:26:00+00:00
403763,35-44,F,Auto,Web,Midwest,0,10.7975,2023-02-08 14:05:00+00:00
403764,55+,M,Finance,Web,South,1,4.8738,2023-02-09 03:57:00+00:00
403765,45-54,M,Housing,Mobile,West,1,10.92,2023-04-22 15:41:00+00:00
403766,35-44,F,Auto,Web,Midwest,1,6.3163,2023-03-15 13:27:00+00:00
403767,45-54,F,News,Web,West,0,5.7138,2023-04-22 03:07:00+00:00
403768,35-44,M,News,Mobile,Midwest,1,12.78,2023-01-25 00:37:00+00:00
403769,25-34,M,Auto,Web,Southeast,1,1.59,2023-06-22 16:16:00+00:00
403770,45-54,F,News,Mobile,West,0,11.615,2023-06-22 04:07:00+00:00
403771,25-34,F,News,Mobile,Southeast,0,12.12,2023-06-21 15:24:00+00:00
403772,35-44,M,News,Mobile,Midwest,1,9.8775,2023-03-04 14:26:00+00:00
403773,25-34,M,Health,Tablet,Southeast,0,5.2812,2023-05-26 01:20:00+00:00
403774,18-24,F,Auto,Mobile,Northeast,1,11.82,2023-02-26 20:59:00+00:00
403775,18-24,M,Retail,Web,Northeast,1,5.2012,2023-01-22 09:28:00+00:00
403776,25-34,F,Finance,Mobile,Southeast,0,2.69,2023-06-22 16:24:00+00:00
403777,18-24,M,Finance,Tablet,Northeast,1,7.24,2023-03-09 19:52:00+00:00
403778,25-34,F,News,Tablet,Southeast,0,5.5075,2023-01-07 06:00:00+00:00
403779,35-44,M,Retail,Tablet,Midwest,1,4.6913,2023-06-03 09:56:00+00:00
403780,55+,F,Housing,Tablet,South,0,10.14,2023-02-22 16:16:00+00:00
403781,25-34,F,News,Mobile,Southeast,1,11.9863,2023-03-11 21:52:00+00:00
403782,25-34,F,Retail,Tablet,Southeast,1,1.1875,2023-05-31 06:47:00+00:00
403783,55+,F,Health,Mobile,South,0,10.72,2023-01-02 13:17:00+00:00
403784,35-44,M,Retail,Mobile,Midwest,0,6.7888,2023-04-02 07:13:00+00:00
403785,55+,F,Housing,Web,South,1,6.4662,2023-01-14 13:27:00+00:00
403786,25-34,F,Retail,Tablet,Southeast,0,14.42,2023-01-07 06:00:00+00:00
403787,35-44,M,Finance,Mobile,Midwest,0,5.785,2023-05-09 20:35:00+00:00
403788,25-34,F,Finance,Tablet,Southeast,0,12.6212,2023-04-08 01:13:00+00:00
403789,25-34,F,Finance,Web,Southeast,0,8.08,2023-05-10 21:44:00+00:00
403790,25-34,F,Finance,Web,Southeast,0,3.9312,2023-03-07 17:52:00+00:00
403791,18-24,M,Retail,Tablet,Northeast,0,7.9112,2023-03-31 17:12:00+00:00
403792,35-44,F,Auto,Mobile,Midwest,0,13.98,2023-03-26 12:29:00+00:00
403793,35-44,F,Auto,Tablet,Midwest,1,6.6075,2023-03-28 14:38:00+00:00
403794,25-34,M,Health,Tablet,Southeast,0,11.5137,2023-05-12 11:35:00+00:00
403795,45-54,F,Retail,Tablet,West,0,11.54,2023-05-23 22:20:00+00:00
403796,35-44,M,Retail,Tablet,Midwest,0,8.0188,2023-05-16 15:02:00+00:00
403797,35-44,F,Housing,Mobile,Midwest,0,6.8113,2023-01-10 09:27:00+00:00
403798,18-24,F,Housing,Web,Northeast,0,13.64,2023-05-28 15:46:00+00:00
403799,35-44,F,Health,Tablet,Midwest,1,12.4838,2023-03-09 19:01:00+00:00
403800,18-24,F,Housing,Tablet,Northeast,1,0.57,2023-06-06 00:48:00+00:00
403801,25-34,F,Housing,Web,Northeast,1,11.92,2023-05-02 13:17:00+00:00
403802,55+,M,Finance,Mobile,South,1,10.3012,2023-04-12 17:23:00+00:00
403803,18-24,F,Housing,Tablet,Northeast,0,11.785,2023-01-29 04:12:00+00:00
403804,55+,F,Health,Mobile,South,0,11.36,2023-04-24 05:50:00+00:00
403805,35-44,F,Housing,Mobile,Midwest,0,11.2,2023-02-10 16:48:00+00:00
403806,18-24,M,News,Web,Northeast,1,7.9062,2023-06-15 21:32:00+00:00
403807,18-24,M,News,Tablet,Northeast,0,14.76,2023-03-05 03:00:00+00:00
403808,18-24,F,Auto,Tablet,Northeast,0,11.1762,2023-01-02 13:08:00+00:00
403809,18-24,F,Health,Web,Northeast,1,8.2737,2023-05-20 19:37:00+00:00
403810,45-54,M,Housing,Web,West,1,10.22,2023-05-17 16:36:00+00:00
403811,55+,M,Finance,Mobile,South,0,4.2938,2023-06-05 11:22:00+00:00
403812,25-34,F,Finance,Mobile,Southeast,0,4.61,2023-01-29 16:12:00+00:00
403813,25-34,M,Health,Tablet,Southeast,0,5.5,2023-02-10 16:57:00+00:00
403814,35-44,M,Finance,Web,Midwest,0,7.7588,2023-05-08 07:18:00+00:00
403815,45-54,M,Health,Mobile,West,0,6.3087,2023-01-08 07:35:00+00:00
403816,25-34,M,Auto,Mobile,Southeast,0,7.92,2023-05-22 21:54:00+00:00
403817,45-54,F,Retail,Web,West,0,10.1175,2023-04-05 22:13:00+00:00
403818,25-34,M,Health,Tablet,Southeast,0,11.9913,2023-02-23 17:16:00+00:00
403819,25-34,M,Auto,Web,Southeast,0,6.74,2023-02-12 06:48:00+00:00
403820,45-54,F,Finance,Mobile,West,0,6.4025,2023-05-03 02:08:00+00:00
403821,55+,M,News,Web,South,0,8.0975,2023-01-19 06:28:00+00:00
403822,35-44,M,Retail,Mobile,Midwest,0,8.88,2023-03-11 09:01:00+00:00
403823,55+,M,Retail,Web,South,0,4.3012,2023-03-23 09:54:00+00:00
403824,25-34,M,Housing,Mobile,Southeast,0,11.015,2023-02-02 20:56:00+00:00
403825,45-54,F,Finance,Tablet,West,0,5.88,2023-04-30 11:51:00+00:00
403826,55+,M,News,Tablet,South,0,10.5538,2023-03-25 11:46:00+00:00
403827,35-44,F,Housing,Web,Midwest,1,2.7763,2023-05-02 13:00:00+00:00
403828,25-34,M,Health,Mobile,Southeast,0,13.48,2023-04-10 03:31:00+00:00
403829,25-34,M,Health,Tablet,Southeast,0,11.4362,2023-03-31 05:04:00+00:00
403830,18-24,F,Health,Web,Northeast,0,3.3338,2023-01-08 19:26:00+00:00
403831,55+,M,Finance,Tablet,South,0,9.06,2023-06-28 10:34:00+00:00
403832,55+,F,Housing,Web,South,1,9.47,2023-04-27 08:42:00+00:00
403833,45-54,M,Health,Mobile,West,0,5.1925,2023-04-25 18:50:00+00:00
403834,18-24,F,Health,Mobile,Northeast,0,6.48,2023-02-19 01:58:00+00:00
403835,35-44,F,Housing,Mobile,Midwest,1,3.8875,2023-01-31 06:04:00+00:00
403836,45-54,M,Auto,Web,West,0,7.91,2023-06-18 00:41:00+00:00
403837,45-54,M,Health,Mobile,West,0,10.02,2023-06-16 10:15:00+00:00
403838,45-54,F,Finance,Web,West,0,2.2337,2023-03-09 19:52:00+00:00
403839,18-24,F,Auto,Mobile,Northeast,0,7.215,2023-05-13 12:10:00+00:00
403840,25-34,M,Health,Tablet,Southeast,0,6.22,2023-04-07 00:22:00+00:00
403841,25-34,M,Auto,Web,Southeast,0,1.0175,2023-02-24 06:42:00+00:00
403842,55+,M,Finance,Mobile,South,0,4.705,2023-03-06 04:34:00+00:00
403843,35-44,F,Housing,Tablet,Midwest,1,12.88,2023-04-20 01:07:00+00:00
403844,25-34,F,News,Web,Southeast,0,7.225,2023-03-02 12:51:00+00:00
403845,18-24,M,Finance,Web,Northeast,0,3.3,2023-02-10 16:14:00+00:00
403846,55+,F,Auto,Tablet,South,1,9.28,2023-03-11 09:44:00+00:00
403847,55+,F,Auto,Web,South,0,1.71,2023-01-09 08:44:00+00:00
403848,35-44,F,Auto,Web,Midwest,0,8.4238,2023-06-29 11:42:00+00:00
403849,35-44,F,Auto,Mobile,Midwest,0,7.08,2023-01-20 07:11:00+00:00
403850,55+,F,Housing,Tablet,South,0,3.2625,2023-01-11 10:18:00+00:00
403851,25-34,F,Housing,Web,Northeast,0,7.12,2023-03-23 09:28:00+00:00
403852,18-24,F,Auto,Mobile,Northeast,0,5.72,2023-06-21 03:07:00+00:00
403853,18-24,M,Finance,Tablet,Northeast,0,10.2688,2023-05-16 15:53:00+00:00
403854,35-44,F,Health,Mobile,Midwest,0,2.3375,2023-03-12 22:01:00+00:00
403855,25-34,F,Retail,Tablet,Southeast,0,8.3,2023-05-21 08:02:00+00:00
403856,18-24,M,Retail,Tablet,Northeast,0,8.415,2023-04-23 04:24:00+00:00
403857,45-54,M,Housing,Web,West,0,12.8525,2023-05-23 10:46:00+00:00
403858,25-34,M,Auto,Tablet,Southeast,0,10.54,2023-05-13 12:53:00+00:00
403859,18-24,F,Housing,Mobile,Northeast,0,12.8863,2023-05-30 05:04:00+00:00
403860,18-24,F,Health,Tablet,Northeast,0,6.35,2023-05-21 08:37:00+00:00
403861,55+,F,Housing,Web,South,0,13.7,2023-03-12 22:44:00+00:00
403862,18-24,M,Finance,Web,Northeast,0,8.7012,2023-04-12 17:05:00+00:00
403863,18-24,M,Retail,Tablet,Northeast,0,10.425,2023-01-01 12:00:00+00:00
403864,45-54,F,News,Web,West,0,12.34,2023-06-12 06:31:00+00:00
403865,25-34,M,Health,Tablet,Southeast,0,6.6238,2023-02-09 03:57:00+00:00
403866,18-24,F,Auto,Mobile,Northeast,1,2.495,2023-06-26 20:50:00+00:00
403867,35-44,F,Auto,Tablet,Midwest,0,7.68,2023-02-19 01:07:00+00:00
403868,55+,M,News,Mobile,South,0,3.7975,2023-02-08 14:48:00+00:00
403869,18-24,F,Health,Web,Northeast,0,7.5375,2023-05-11 22:10:00+00:00
403870,45-54,M,Housing,Web,West,1,13.8,2023-04-06 23:47:00+00:00
403871,45-54,F,News,Tablet,West,0,5.9625,2023-03-12 10:27:00+00:00
403872,18-24,F,Health,Mobile,Northeast,1,7.9975,2023-02-08 14:56:00+00:00
403873,45-54,F,Finance,Tablet,West,0,13.06,2023-04-09 02:14:00+00:00
403874,25-34,F,Retail,Tablet,Southeast,1,3.6288,2023-02-13 07:49:00+00:00
403875,45-54,M,Auto,Tablet,West,0,8.095,2023-06-26 20:08:00+00:00
403876,25-34,M,Housing,Web,Southeast,0,12.76,2023-01-24 11:37:00+00:00
403877,55+,F,Health,Tablet,South,0,7.0375,2023-04-21 14:07:00+00:00
403878,35-44,M,Retail,Web,Midwest,0,6.72,2023-04-27 08:33:00+00:00
403879,18-24,M,Retail,Tablet,Northeast,0,6.28,2023-02-09 03:14:00+00:00
403880,25-34,F,Finance,Mobile,Southeast,0,10.7413,2023-05-14 01:27:00+00:00
403881,35-44,M,Retail,Web,Midwest,1,8.7837,2023-01-08 19:18:00+00:00
403882,35-44,M,News,Mobile,Midwest,0,7.68,2023-02-19 01:32:00+00:00
403883,55+,M,Retail,Tablet,South,0,2.705,2023-01-25 12:20:00+00:00
403884,25-34,M,Health,Mobile,Southeast,1,10.09,2023-05-13 00:36:00+00:00
403885,35-44,M,Retail,Mobile,Midwest,0,12.1,2023-04-21 14:41:00+00:00
403886,55+,M,Finance,Web,South,0,0.71,2023-06-18 00:15:00+00:00
403887,35-44,M,Finance,Web,Midwest,0,2.225,2023-01-21 20:02:00+00:00
403888,55+,M,Retail,Mobile,South,0,7.72,2023-01-12 23:10:00+00:00
403889,25-34,F,News,Web,Southeast,0,2.06,2023-03-30 16:46:00+00:00
403890,45-54,M,Health,Tablet,West,0,8.145,2023-01-17 04:53:00+00:00
403891,55+,M,Finance,Tablet,South,0,9.58,2023-02-14 20:49:00+00:00
403892,45-54,M,Auto,Mobile,West,1,9.8238,2023-06-29 11:34:00+00:00
403893,35-44,M,News,Web,Midwest,1,10.6113,2023-01-30 17:29:00+00:00
403894,18-24,F,Housing,Mobile,Northeast,0,10.4,2023-03-07 17:52:00+00:00
403895,35-44,M,Retail,Tablet,Midwest,0,8.0087,2023-01-08 07:26:00+00:00
403896,18-24,M,Retail,Web,Northeast,0,7.9525,2023-01-23 10:54:00+00:00
403897,18-24,M,News,Web,Northeast,0,15.4,2023-06-25 07:07:00+00:00
403898,45-54,M,Health,Mobile,West,1,2.3475,2023-06-28 22:08:00+00:00
403899,45-54,M,Housing,Web,West,0,7.095,2023-05-17 04:36:00+00:00
403900,18-24,M,Retail,Web,Northeast,0,11.16,2023-06-13 19:49:00+00:00
403901,25-34,F,Housing,Mobile,Northeast,0,6.26,2023-06-08 02:31:00+00:00
403902,55+,M,News,Web,South,0,4.0738,2023-05-20 19:45:00+00:00
403903,35-44,F,Health,Mobile,Midwest,0,9.02,2023-02-06 12:05:00+00:00
403904,18-24,F,Health,Web,Northeast,0,11.5475,2023-04-29 22:08:00+00:00
403905,25-34,F,Retail,Tablet,Southeast,0,3.3062,2023-03-07 05:26:00+00:00
403906,18-24,M,Retail,Web,Northeast,0,13.3,2023-03-12 10:27:00+00:00
403907,18-24,F,Housing,Web,Northeast,0,5.21,2023-01-29 16:04:00+00:00
403908,18-24,M,Finance,Tablet,Northeast,0,2.3338,2023-01-08 19:26:00+00:00
403909,55+,M,Retail,Tablet,South,1,9.96,2023-01-04 15:43:00+00:00
403910,45-54,F,Finance,Mobile,West,0,10.9712,2023-02-07 01:31:00+00:00
403911,25-34,M,Auto,Tablet,Southeast,0,2.3125,2023-01-11 10:44:00+00:00
403912,45-54,F,Retail,Web,West,0,11.12,2023-05-02 13:43:00+00:00
403913,35-44,M,News,Mobile,Midwest,0,9.9475,2023-02-28 22:34:00+00:00
403914,18-24,F,Auto,Tablet,Northeast,0,3.6987,2023-04-10 15:14:00+00:00
403915,35-44,F,Auto,Mobile,Midwest,0,9.92,2023-05-02 13:25:00+00:00
403916,55+,F,Housing,Mobile,South,0,5.9062,2023-05-06 05:09:00+00:00
403917,35-44,F,Health,Web,Midwest,0,12.9712,2023-01-18 17:02:00+00:00
403918,25-34,M,Housing,Web,Southeast,0,7.88,2023-02-09 03:31:00+00:00
403919,55+,M,Retail,Tablet,South,1,4.5575,2023-04-17 22:49:00+00:00
403920,35-44,M,Retail,Tablet,Midwest,0,10.1512,2023-02-11 17:48:00+00:00
403921,25-34,F,Retail,Tablet,Southeast,0,15.46,2023-01-19 06:45:00+00:00
403922,55+,F,Health,Web,South,0,11.7413,2023-04-24 17:41:00+00:00
403923,55+,M,News,Mobile,South,1,4.1875,2023-05-11 22:10:00+00:00
403924,45-54,M,Housing,Tablet,West,0,7.04,2023-04-08 01:48:00+00:00
403925,35-44,F,Housing,Tablet,Midwest,0,10.3313,2023-04-16 09:15:00+00:00
403926,25-34,M,Auto,Tablet,Southeast,0,4.4188,2023-02-05 23:05:00+00:00
403927,55+,M,News,Tablet,South,0,9.38,2023-06-04 10:30:00+00:00
403928,25-34,F,News,Mobile,Southeast,1,9.995,2023-02-26 20:59:00+00:00
403929,45-54,M,Health,Web,West,0,4.6162,2023-04-04 21:56:00+00:00
403930,35-44,F,Health,Web,Midwest,1,13.08,2023-03-01 23:25:00+00:00
403931,35-44,M,Retail,Mobile,Midwest,0,4.5825,2023-05-07 18:00:00+00:00
403932,45-54,F,News,Web,West,1,3.1812,2023-01-26 01:20:00+00:00
403933,45-54,M,Auto,Tablet,West,0,12.14,2023-01-13 00:53:00+00:00
403934,25-34,F,News,Tablet,Southeast,0,11.1587,2023-05-08 07:01:00+00:00
403935,55+,F,Auto,Tablet,South,0,0.5837,2023-05-28 03:46:00+00:00
403936,18-24,F,Health,Mobile,Northeast,0,15.48,2023-04-10 15:05:00+00:00
403937,25-34,F,Retail,Tablet,Southeast,0,11.4725,2023-03-20 18:36:00+00:00
403938,18-24,F,Health,Web,Northeast,1,11.4062,2023-04-16 21:32:00+00:00
403939,18-24,F,Health,Tablet,Northeast,0,7.98,2023-02-14 20:49:00+00:00
403940,25-34,M,Auto,Tablet,Southeast,1,2.9925,2023-02-04 10:47:00+00:00
403941,55+,F,Health,Tablet,South,0,7.3087,2023-03-29 15:55:00+00:00
403942,18-24,M,News,Mobile,Northeast,1,5.54,2023-04-13 18:23:00+00:00
403943,35-44,M,Finance,Mobile,Midwest,0,5.3637,2023-02-21 03:33:00+00:00
403944,35-44,F,Auto,Web,Midwest,0,3.2012,2023-04-12 17:48:00+00:00
403945,18-24,M,Finance,Tablet,Northeast,0,13.6,2023-02-15 21:57:00+00:00
403946,18-24,M,Finance,Mobile,Northeast,0,2.8062,2023-03-07 05:00:00+00:00
403947,18-24,F,Auto,Tablet,Northeast,0,10.0488,2023-03-21 07:11:00+00:00
403948,25-34,F,Retail,Tablet,Southeast,0,10.18,2023-03-16 14:10:00+00:00
403949,18-24,F,Health,Mobile,Northeast,0,3.255,2023-01-25 12:29:00+00:00
403950,18-24,F,Health,Mobile,Northeast,0,2.8712,2023-04-28 09:25:00+00:00
403951,25-34,F,Housing,Tablet,Northeast,0,6.16,2023-06-03 21:56:00+00:00
403952,45-54,F,Finance,Tablet,West,1,4.595,2023-05-17 04:02:00+00:00
403953,35-44,F,Auto,Mobile,Midwest,0,12.875,2023-03-02 12:17:00+00:00
403954,45-54,F,Finance,Tablet,West,0,9.5,2023-03-02 00:25:00+00:00
403955,18-24,M,Retail,Tablet,Northeast,0,0.9988,2023-04-10 15:57:00+00:00
403956,18-24,M,Retail,Tablet,Northeast,0,9.6675,2023-04-25 06:16:00+00:00
403957,25-34,F,Retail,Mobile,Southeast,0,6.96,2023-05-14 13:44:00+00:00
403958,45-54,M,Health,Tablet,West,1,8.2162,2023-02-03 21:39:00+00:00
403959,35-44,M,Retail,Web,Midwest,0,9.9425,2023-01-15 02:02:00+00:00
403960,25-34,M,Health,Web,Southeast,0,5.66,2023-03-10 20:26:00+00:00
403961,55+,F,Health,Tablet,South,0,9.1125,2023-02-20 02:07:00+00:00
403962,25-34,M,Health,Web,Southeast,0,8.545,2023-04-07 12:48:00+00:00
403963,45-54,F,Retail,Web,West,0,8.92,2023-05-12 11:44:00+00:00
403964,45-54,M,Health,Web,West,0,3.0825,2023-06-16 10:58:00+00:00
403965,18-24,M,Retail,Web,Northeast,1,6.5187,2023-06-25 07:16:00+00:00
403966,25-34,M,Auto,Mobile,Southeast,1,6.28,2023-06-29 11:08:00+00:00
403967,18-24,M,News,Tablet,Northeast,1,11.8488,2023-04-10 15:14:00+00:00
403968,18-24,F,Auto,Web,Northeast,1,3.9838,2023-04-18 11:58:00+00:00
403969,45-54,F,News,Tablet,West,0,7.18,2023-02-14 08:23:00+00:00
403970,55+,F,Housing,Mobile,South,1,0.9338,2023-02-17 11:49:00+00:00
403971,25-34,M,Health,Mobile,Southeast,0,6.1025,2023-03-04 02:34:00+00:00
403972,45-54,M,Auto,Tablet,West,0,6.6,2023-06-25 07:59:00+00:00
403973,18-24,M,Finance,Mobile,Northeast,0,8.855,2023-05-05 04:00:00+00:00
403974,25-34,F,Finance,Web,Southeast,0,9.5087,2023-01-08 07:09:00+00:00
403975,25-34,F,Finance,Tablet,Southeast,1,15.3,2023-05-31 18:21:00+00:00
403976,55+,M,Retail,Mobile,South,0,12.0137,2023-06-01 19:38:00+00:00
403977,35-44,M,Finance,Tablet,Midwest,0,1.2763,2023-01-02 13:08:00+00:00
403978,35-44,F,Auto,Web,Midwest,0,11.28,2023-03-31 17:47:00+00:00
403979,35-44,F,Health,Web,Midwest,0,8.1163,2023-03-15 13:36:00+00:00
403980,45-54,F,Retail,Tablet,West,0,7.0738,2023-06-09 03:57:00+00:00
403981,55+,M,News,Web,South,1,14.46,2023-03-10 20:52:00+00:00
403982,25-34,M,Health,Mobile,Southeast,0,8.3063,2023-03-27 13:20:00+00:00
403983,55+,F,Housing,Tablet,South,1,6.0987,2023-01-20 07:02:00+00:00
403984,45-54,M,Health,Tablet,West,0,14.36,2023-03-05 03:51:00+00:00
403985,35-44,F,Auto,Mobile,Midwest,1,7.2575,2023-03-08 06:26:00+00:00
403986,25-34,M,Health,Mobile,Southeast,0,5.7675,2023-02-24 06:07:00+00:00
403987,55+,F,Housing,Mobile,South,0,7.54,2023-03-24 10:03:00+00:00
403988,25-34,M,Health,Web,Southeast,0,9.2737,2023-03-01 11:51:00+00:00
403989,55+,F,Health,Mobile,South,0,1.8662,2023-03-15 13:19:00+00:00
403990,45-54,M,Auto,Tablet,West,0,10.94,2023-04-23 04:58:00+00:00
403991,35-44,M,News,Mobile,Midwest,0,9.3175,2023-02-24 06:50:00+00:00
403992,18-24,M,Finance,Web,Northeast,0,4.3175,2023-06-04 22:30:00+00:00
403993,18-24,M,Finance,Web,Northeast,1,10.72,2023-05-22 09:03:00+00:00
403994,18-24,M,News,Mobile,Northeast,0,1.4962,2023-06-07 13:13:00+00:00
403995,45-54,F,Finance,Mobile,West,0,9.25,2023-05-01 00:25:00+00:00
403996,35-44,M,Retail,Web,Midwest,0,8.68,2023-01-20 19:54:00+00:00
403997,18-24,F,Housing,Tablet,Northeast,1,5.2188,2023-03-17 15:53:00+00:00
403998,45-54,F,Finance,Web,West,0,1.8813,2023-03-07 17:35:00+00:00
403999,25-34,M,Health,Web,Southeast,1,13.0,2023-05-16 03:27:00+00:00
404000,18-24,F,Health,Tablet,Northeast,0,1.3287,2023-05-24 23:29:00+00:00
404001,25-34,F,Housing,Tablet,Northeast,1,5.6,2023-01-26 01:46:00+00:00
404002,25-34,F,News,Tablet,Southeast,0,10.46,2023-03-30 04:21:00+00:00
404003,45-54,F,News,Web,West,0,10.4725,2023-06-08 02:05:00+00:00
404004,55+,M,Retail,Mobile,South,0,4.3187,2023-03-17 15:45:00+00:00
404005,55+,F,Auto,Tablet,South,0,7.18,2023-06-14 08:06:00+00:00
404006,18-24,F,Housing,Mobile,Northeast,1,6.685,2023-06-18 12:58:00+00:00
404007,25-34,F,Finance,Mobile,Southeast,0,1.085,2023-01-09 20:35:00+00:00
404008,18-24,M,Retail,Web,Northeast,1,12.6,2023-06-05 23:39:00+00:00
404009,18-24,F,Housing,Web,Northeast,1,2.2788,2023-02-13 07:49:00+00:00
404010,35-44,M,Retail,Web,Midwest,0,10.6075,2023-01-07 06:26:00+00:00
404011,55+,M,News,Web,South,0,9.62,2023-06-16 10:49:00+00:00
404012,55+,F,Health,Mobile,South,0,0.8287,2023-05-24 23:54:00+00:00
404013,45-54,F,News,Web,West,0,3.21,2023-06-18 00:58:00+00:00
404014,25-34,F,News,Tablet,Southeast,1,15.34,2023-05-13 00:27:00+00:00
404015,25-34,F,Retail,Mobile,Southeast,0,11.1212,2023-01-18 17:53:00+00:00
404016,55+,F,Health,Web,South,1,8.7425,2023-06-04 10:13:00+00:00
404017,18-24,F,Auto,Tablet,Northeast,0,11.68,2023-02-19 01:24:00+00:00
404018,25-34,M,Auto,Web,Southeast,0,6.3125,2023-06-20 02:15:00+00:00
404019,18-24,F,Auto,Tablet,Northeast,1,12.095,2023-06-06 12:56:00+00:00
404020,25-34,F,Finance,Web,Southeast,0,8.88,2023-03-11 09:35:00+00:00
404021,18-24,M,Finance,Mobile,Northeast,1,9.5425,2023-06-24 18:24:00+00:00
404022,25-34,F,Finance,Tablet,Southeast,0,1.6425,2023-01-15 02:19:00+00:00
404023,55+,F,Health,Tablet,South,1,10.12,2023-02-01 07:38:00+00:00
404024,45-54,F,Finance,Mobile,West,1,11.87,2023-04-07 00:30:00+00:00
404025,25-34,F,Finance,Mobile,Southeast,1,0.5587,2023-01-08 07:43:00+00:00
404026,35-44,M,Retail,Web,Midwest,1,5.7,2023-04-21 14:58:00+00:00
404027,18-24,M,News,Mobile,Northeast,0,3.6338,2023-05-08 19:35:00+00:00
404028,55+,M,News,Tablet,South,0,9.8675,2023-02-04 22:39:00+00:00
404029,18-24,M,Retail,Tablet,Northeast,0,5.68,2023-04-20 13:58:00+00:00
404030,35-44,F,Health,Web,Midwest,0,11.4925,2023-04-25 18:42:00+00:00
404031,35-44,F,Housing,Tablet,Midwest,0,8.835,2023-04-19 12:15:00+00:00
404032,25-34,M,Housing,Web,Southeast,0,7.98,2023-04-15 20:57:00+00:00
404033,55+,F,Health,Mobile,South,0,3.1713,2023-02-27 09:59:00+00:00
404034,18-24,F,Auto,Tablet,Northeast,0,10.4313,2023-03-27 01:03:00+00:00
404035,45-54,F,Finance,Mobile,West,1,12.16,2023-02-03 09:30:00+00:00
404036,45-54,F,News,Web,West,0,8.1013,2023-05-22 09:45:00+00:00
404037,35-44,M,Retail,Mobile,Midwest,0,7.4337,2023-06-17 11:49:00+00:00
404038,25-34,M,Health,Mobile,Southeast,0,7.44,2023-02-27 21:33:00+00:00
404039,25-34,M,Health,Web,Southeast,0,1.2538,2023-02-13 19:06:00+00:00
404040,35-44,M,Finance,Mobile,Midwest,0,6.3087,2023-03-09 07:18:00+00:00
404041,55+,M,Retail,Mobile,South,0,14.56,2023-04-04 09:30:00+00:00
404042,35-44,M,Retail,Web,Midwest,1,12.5738,2023-05-20 19:54:00+00:00
404043,35-44,F,Housing,Tablet,Midwest,1,10.16,2023-02-18 00:49:00+00:00
404044,18-24,F,Auto,Mobile,Northeast,0,14.88,2023-04-20 01:15:00+00:00
404045,45-54,F,Retail,Tablet,West,0,2.615,2023-02-22 04:33:00+00:00
404046,45-54,M,Housing,Web,West,0,0.5487,2023-03-21 07:19:00+00:00
404047,45-54,F,News,Web,West,0,12.98,2023-06-24 18:07:00+00:00
404048,45-54,F,Retail,Web,West,0,5.27,2023-06-26 08:16:00+00:00
404049,25-34,M,Housing,Web,Southeast,0,4.8362,2023-03-11 21:52:00+00:00
404050,18-24,M,Retail,Web,Northeast,0,6.68,2023-06-09 03:14:00+00:00
404051,25-34,F,Housing,Mobile,Northeast,0,10.98,2023-04-05 22:13:00+00:00
404052,18-24,F,Auto,Web,Northeast,1,11.2,2023-03-22 08:02:00+00:00
404053,35-44,M,Retail,Web,Midwest,1,12.52,2023-03-13 11:44:00+00:00
404054,18-24,F,Auto,Tablet,Northeast,1,5.5725,2023-06-08 02:14:00+00:00
404055,45-54,M,Auto,Mobile,West,0,3.1488,2023-03-21 07:54:00+00:00
404056,45-54,M,Housing,Web,West,0,11.84,2023-02-07 13:48:00+00:00
404057,55+,F,Health,Web,South,0,11.1675,2023-04-05 22:47:00+00:00
404058,18-24,M,News,Mobile,Northeast,0,3.2338,2023-06-17 11:41:00+00:00
404059,55+,F,Health,Tablet,South,0,10.38,2023-02-14 20:06:00+00:00
404060,35-44,M,News,Web,Midwest,1,0.86,2023-01-09 08:09:00+00:00
404061,45-54,F,Finance,Mobile,West,0,7.1625,2023-06-20 02:50:00+00:00
404062,35-44,M,News,Tablet,Midwest,0,10.04,2023-02-17 11:58:00+00:00
404063,18-24,F,Auto,Tablet,Northeast,0,5.0963,2023-02-07 13:31:00+00:00
404064,45-54,M,Health,Web,West,1,3.6725,2023-04-29 10:16:00+00:00
404065,55+,F,Health,Web,South,1,10.98,2023-01-15 14:36:00+00:00
404066,45-54,M,Housing,Mobile,West,1,10.8163,2023-02-23 05:50:00+00:00
404067,18-24,M,Finance,Web,Northeast,0,1.4888,2023-06-01 07:38:00+00:00
404068,55+,F,Health,Tablet,South,0,7.9,2023-01-01 00:34:00+00:00
404069,45-54,F,News,Mobile,West,0,5.7812,2023-05-06 17:00:00+00:00
404070,45-54,F,Retail,Tablet,West,0,2.1763,2023-01-02 13:08:00+00:00
404071,25-34,F,News,Mobile,Southeast,0,12.42,2023-03-08 06:35:00+00:00
404072,35-44,F,Housing,Mobile,Midwest,0,9.8362,2023-05-10 21:52:00+00:00
404073,45-54,F,News,Tablet,West,0,4.3438,2023-05-16 03:53:00+00:00
404074,35-44,M,News,Mobile,Midwest,0,13.58,2023-03-26 00:29:00+00:00
404075,18-24,F,Auto,Web,Northeast,0,3.7775,2023-03-04 14:17:00+00:00
404076,45-54,M,Housing,Tablet,West,0,10.6125,2023-05-31 18:21:00+00:00
404077,45-54,M,Auto,Web,West,0,15.32,2023-02-21 15:07:00+00:00
404078,35-44,F,Housing,Web,Midwest,0,4.77,2023-02-26 08:08:00+00:00
404079,18-24,M,Finance,Mobile,Northeast,0,12.6837,2023-03-09 19:01:00+00:00
404080,45-54,F,News,Tablet,West,1,9.52,2023-01-02 01:00:00+00:00
404081,45-54,M,Housing,Mobile,West,0,4.5113,2023-01-30 17:21:00+00:00
404082,55+,F,Auto,Mobile,South,0,6.415,2023-02-02 20:56:00+00:00
404083,18-24,M,Finance,Mobile,Northeast,0,6.74,2023-03-24 22:20:00+00:00
404084,35-44,M,Finance,Mobile,Midwest,0,6.9238,2023-03-01 11:17:00+00:00
404085,45-54,M,Health,Tablet,West,0,2.3438,2023-04-26 19:07:00+00:00
404086,25-34,M,Auto,Mobile,Southeast,0,12.04,2023-04-18 11:58:00+00:00
404087,35-44,M,Retail,Web,Midwest,0,8.0525,2023-01-23 10:03:00+00:00
404088,25-34,M,Housing,Mobile,Southeast,0,5.81,2023-02-18 00:58:00+00:00
404089,55+,M,Retail,Mobile,South,1,9.92,2023-01-02 01:08:00+00:00
404090,55+,M,News,Web,South,0,9.38,2023-01-25 00:54:00+00:00
404091,25-34,M,Housing,Tablet,Southeast,0,6.8775,2023-03-04 14:26:00+00:00
404092,18-24,F,Auto,Mobile,Northeast,1,11.8,2023-02-25 07:33:00+00:00
404093,45-54,F,News,Mobile,West,0,8.3525,2023-05-23 10:11:00+00:00
404094,55+,F,Health,Web,South,0,11.65,2023-03-22 08:11:00+00:00
404095,45-54,M,Housing,Mobile,West,1,8.24,2023-04-08 13:13:00+00:00
404096,18-24,M,Retail,Mobile,Northeast,1,0.5687,2023-02-05 23:30:00+00:00
404097,55+,F,Health,Mobile,South,0,7.925,2023-03-22 20:11:00+00:00
404098,45-54,F,Retail,Tablet,West,0,9.38,2023-06-24 18:50:00+00:00
404099,18-24,M,Finance,Mobile,Northeast,1,9.8125,2023-04-21 02:50:00+00:00
404100,25-34,F,Retail,Web,Southeast,0,8.935,2023-03-10 20:26:00+00:00
404101,25-34,F,Housing,Mobile,Northeast,1,15.32,2023-01-12 11:01:00+00:00
404102,35-44,F,Housing,Tablet,Midwest,0,1.9975,2023-06-28 22:16:00+00:00
404103,25-34,F,Retail,Mobile,Southeast,1,10.0563,2023-04-16 21:06:00+00:00
404104,45-54,F,Finance,Web,West,0,14.58,2023-02-24 06:24:00+00:00
404105,25-34,F,Finance,Tablet,Southeast,0,1.6413,2023-05-14 01:36:00+00:00
404106,55+,M,News,Web,South,1,10.41,2023-02-18 00:32:00+00:00
404107,35-44,F,Auto,Mobile,Midwest,0,13.76,2023-06-23 17:33:00+00:00
404108,55+,M,News,Web,South,0,5.6725,2023-02-28 10:08:00+00:00
404109,35-44,M,Retail,Mobile,Midwest,0,0.84,2023-05-13 00:36:00+00:00
404110,45-54,M,Health,Mobile,West,0,12.56,2023-04-24 05:50:00+00:00
404111,35-44,M,News,Web,Midwest,0,7.6275,2023-01-03 14:34:00+00:00
404112,25-34,F,Finance,Tablet,Southeast,0,4.6562,2023-04-16 21:49:00+00:00
404113,55+,F,Auto,Tablet,South,0,10.9,2023-03-12 22:10:00+00:00
404114,25-34,M,Health,Tablet,Southeast,1,5.575,2023-01-21 20:37:00+00:00
404115,45-54,M,Health,Web,West,0,9.0575,2023-04-17 22:15:00+00:00
404116,18-24,M,Retail,Mobile,Northeast,0,5.5,2023-05-21 20:28:00+00:00
404117,35-44,M,Finance,Web,Midwest,1,12.285,2023-03-30 04:04:00+00:00
404118,35-44,F,Housing,Mobile,Midwest,0,4.6988,2023-02-09 15:22:00+00:00
404119,25-34,M,Health,Mobile,Southeast,1,5.58,2023-01-05 04:34:00+00:00
404120,55+,M,News,Web,South,0,10.4663,2023-02-03 21:39:00+00:00
404121,45-54,F,Finance,Web,West,0,5.7088,2023-03-29 15:03:00+00:00
404122,45-54,F,Retail,Tablet,West,0,13.34,2023-06-22 16:41:00+00:00
404123,45-54,F,Retail,Tablet,West,0,9.73,2023-05-25 00:37:00+00:00
404124,35-44,F,Housing,Web,Midwest,0,12.65,2023-01-01 00:51:00+00:00
404125,45-54,M,Housing,Web,West,1,8.98,2023-06-04 22:22:00+00:00
404126,55+,M,Finance,Mobile,South,0,4.5425,2023-04-05 10:47:00+00:00
404127,55+,M,Retail,Mobile,South,0,6.6575,2023-01-07 06:35:00+00:00
404128,18-24,M,News,Tablet,Northeast,0,11.44,2023-04-28 09:42:00+00:00
404129,18-24,M,Retail,Tablet,Northeast,0,11.2462,2023-04-08 13:31:00+00:00
404130,25-34,M,Housing,Tablet,Southeast,1,7.565,2023-04-03 20:47:00+00:00
404131,45-54,F,News,Mobile,West,0,9.16,2023-01-24 11:20:00+00:00
404132,45-54,F,Retail,Tablet,West,0,4.7275,2023-02-12 06:23:00+00:00
404133,45-54,F,Retail,Mobile,West,0,5.3563,2023-03-07 05:52:00+00:00
404134,18-24,F,Health,Mobile,Northeast,0,7.08,2023-04-30 11:59:00+00:00
404135,18-24,M,News,Mobile,Northeast,1,2.8862,2023-04-20 13:07:00+00:00
404136,35-44,F,Auto,Mobile,Midwest,0,1.9263,2023-04-12 05:23:00+00:00
404137,55+,M,Retail,Tablet,South,0,5.94,2023-05-23 10:28:00+00:00
404138,55+,F,Health,Tablet,South,0,0.8513,2023-04-12 17:48:00+00:00
404139,35-44,F,Auto,Tablet,Midwest,0,4.8037,2023-06-13 19:06:00+00:00
404140,25-34,M,Housing,Tablet,Southeast,0,8.86,2023-06-18 12:24:00+00:00
404141,25-34,F,News,Web,Southeast,1,9.77,2023-01-17 16:10:00+00:00
404142,35-44,M,Finance,Mobile,Midwest,0,8.0888,2023-03-13 23:27:00+00:00
404143,55+,M,News,Tablet,South,1,6.68,2023-04-10 15:57:00+00:00
404144,35-44,F,Auto,Web,Midwest,0,12.3863,2023-01-10 21:52:00+00:00
404145,18-24,F,Housing,Tablet,Northeast,1,2.4263,2023-01-02 13:17:00+00:00
404146,25-34,M,Health,Tablet,Southeast,0,14.02,2023-05-27 14:20:00+00:00
404147,55+,M,Retail,Web,South,0,12.8912,2023-06-03 09:30:00+00:00
404148,35-44,F,Housing,Web,Midwest,0,7.585,2023-03-10 20:18:00+00:00
404149,35-44,M,Finance,Tablet,Midwest,1,6.24,2023-04-08 13:05:00+00:00
404150,18-24,F,Auto,Web,Northeast,0,5.8613,2023-04-20 01:32:00+00:00
404151,25-34,F,Housing,Web,Northeast,0,5.82,2023-06-26 08:42:00+00:00
404152,55+,F,Health,Mobile,South,0,6.52,2023-06-01 07:13:00+00:00
404153,35-44,M,Retail,Mobile,Midwest,1,6.1113,2023-05-30 17:21:00+00:00
404154,55+,M,Retail,Tablet,South,0,7.0025,2023-05-03 02:00:00+00:00
404155,45-54,M,Auto,Mobile,West,0,7.92,2023-03-23 09:03:00+00:00
404156,35-44,F,Health,Web,Midwest,0,9.56,2023-02-18 00:41:00+00:00
404157,25-34,M,Auto,Web,Southeast,0,6.4275,2023-02-12 06:57:00+00:00
404158,35-44,M,Retail,Web,Midwest,0,10.52,2023-02-21 03:50:00+00:00
404159,35-44,M,News,Mobile,Midwest,0,5.285,2023-03-30 04:04:00+00:00
404160,18-24,F,Housing,Web,Northeast,0,9.485,2023-05-09 20:09:00+00:00
404161,18-24,M,News,Web,Northeast,0,15.38,2023-03-16 02:44:00+00:00
404162,35-44,M,Finance,Tablet,Midwest,1,6.5938,2023-04-06 11:05:00+00:00
404163,25-34,M,Health,Tablet,Southeast,0,8.4863,2023-03-11 21:52:00+00:00
404164,18-24,F,Auto,Mobile,Northeast,0,11.62,2023-06-16 10:15:00+00:00
404165,45-54,F,Finance,Tablet,West,0,3.4125,2023-04-21 02:41:00+00:00
404166,55+,F,Auto,Mobile,South,0,2.6088,2023-05-28 15:55:00+00:00
404167,18-24,M,News,Web,Northeast,1,13.94,2023-02-12 06:06:00+00:00
404168,45-54,F,Retail,Mobile,West,0,3.79,2023-06-22 16:07:00+00:00
404169,35-44,M,Retail,Web,Midwest,0,12.01,2023-01-29 16:55:00+00:00
404170,18-24,M,Retail,Mobile,Northeast,0,11.94,2023-01-03 14:43:00+00:00
404171,45-54,M,Auto,Mobile,West,0,7.7075,2023-03-08 06:43:00+00:00
404172,35-44,M,Retail,Web,Midwest,1,11.895,2023-06-26 20:16:00+00:00
404173,18-24,F,Health,Tablet,Northeast,0,9.94,2023-05-03 02:00:00+00:00
404174,45-54,F,Finance,Web,West,0,5.4413,2023-04-04 09:30:00+00:00
404175,55+,F,Health,Mobile,South,0,3.6375,2023-01-31 06:47:00+00:00
404176,18-24,F,Housing,Tablet,Northeast,0,15.4,2023-04-06 23:05:00+00:00
404177,18-24,F,Health,Mobile,Northeast,1,10.8,2023-02-10 16:05:00+00:00
404178,55+,M,Finance,Mobile,South,0,11.2287,2023-01-24 23:37:00+00:00
404179,18-24,M,Retail,Web,Northeast,0,13.48,2023-06-29 23:42:00+00:00
404180,25-34,F,Retail,Tablet,Southeast,0,4.2462,2023-01-18 05:45:00+00:00
404181,35-44,F,Auto,Tablet,Midwest,0,6.3625,2023-03-12 10:44:00+00:00
404182,55+,M,Retail,Tablet,South,0,11.92,2023-03-23 09:20:00+00:00
404183,45-54,F,News,Mobile,West,0,4.255,2023-05-25 12:20:00+00:00
404184,45-54,M,Auto,Web,West,1,1.16,2023-05-29 16:46:00+00:00
404185,55+,F,Auto,Tablet,South,1,10.84,2023-04-18 23:49:00+00:00
404186,25-34,F,News,Web,Southeast,1,1.36,2023-01-09 08:35:00+00:00
404187,25-34,M,Health,Web,Southeast,1,2.4525,2023-05-03 02:17:00+00:00
404188,25-34,F,Finance,Web,Southeast,0,15.46,2023-02-08 14:31:00+00:00
404189,35-44,M,Retail,Web,Midwest,1,10.3038,2023-01-04 03:17:00+00:00
404190,25-34,F,Retail,Mobile,Southeast,0,12.2112,2023-05-10 09:01:00+00:00
404191,18-24,F,Health,Web,Northeast,0,10.06,2023-05-09 08:26:00+00:00
404192,55+,M,News,Tablet,South,0,7.0537,2023-03-05 03:09:00+00:00
404193,18-24,F,Auto,Web,Northeast,0,8.94,2023-02-22 16:58:00+00:00
404194,55+,F,Health,Web,South,0,13.78,2023-01-15 14:27:00+00:00
404195,35-44,M,Retail,Web,Midwest,0,3.33,2023-02-14 08:40:00+00:00
404196,55+,F,Health,Web,South,1,6.3587,2023-06-17 23:58:00+00:00
404197,45-54,F,Finance,Web,West,0,14.58,2023-01-15 02:36:00+00:00
404198,55+,F,Health,Web,South,0,8.4275,2023-06-12 06:57:00+00:00
404199,45-54,F,News,Web,West,1,3.7425,2023-04-25 18:24:00+00:00
404200,55+,M,Finance,Mobile,South,0,9.5,2023-01-21 20:20:00+00:00
404201,25-34,F,Housing,Tablet,Northeast,0,8.16,2023-04-04 09:13:00+00:00
404202,45-54,F,Finance,Web,West,0,6.195,2023-02-26 20:16:00+00:00
404203,18-24,M,Finance,Mobile,Northeast,1,10.98,2023-03-16 14:36:00+00:00
404204,25-34,M,Housing,Tablet,Southeast,1,9.785,2023-05-09 20:26:00+00:00
404205,25-34,M,Housing,Mobile,Southeast,1,4.1162,2023-04-04 21:56:00+00:00
404206,18-24,M,News,Mobile,Northeast,1,10.16,2023-02-03 21:04:00+00:00
404207,45-54,F,Finance,Web,West,0,6.12,2023-03-18 16:36:00+00:00
404208,18-24,F,Housing,Web,Northeast,1,9.0312,2023-04-16 09:49:00+00:00
404209,35-44,F,Auto,Web,Midwest,0,13.72,2023-06-21 03:15:00+00:00
404210,55+,F,Housing,Mobile,South,0,10.09,2023-04-23 16:07:00+00:00
404211,25-34,M,Health,Mobile,Southeast,0,4.015,2023-02-22 04:41:00+00:00
404212,45-54,F,Finance,Mobile,West,0,14.08,2023-03-11 21:27:00+00:00
404213,18-24,M,News,Tablet,Northeast,1,3.035,2023-03-30 04:55:00+00:00
404214,55+,F,Housing,Tablet,South,1,4.2138,2023-04-02 19:30:00+00:00
404215,55+,F,Health,Tablet,South,0,8.42,2023-02-16 10:15:00+00:00
404216,55+,F,Housing,Tablet,South,0,7.7025,2023-02-12 18:57:00+00:00
404217,18-24,M,Retail,Tablet,Northeast,0,2.8512,2023-03-23 09:45:00+00:00
404218,18-24,F,Housing,Mobile,Northeast,0,12.9,2023-01-31 18:21:00+00:00
404219,55+,M,Retail,Mobile,South,1,4.5263,2023-02-11 05:40:00+00:00
404220,25-34,M,Housing,Tablet,Southeast,0,1.0775,2023-04-13 06:31:00+00:00
404221,45-54,F,News,Tablet,West,0,14.6,2023-03-17 03:53:00+00:00
404222,55+,F,Health,Web,South,0,7.8438,2023-01-16 03:45:00+00:00
404223,45-54,F,Retail,Web,West,0,11.78,2023-03-06 16:34:00+00:00
404224,18-24,F,Housing,Web,Northeast,1,10.52,2023-03-13 11:10:00+00:00
404225,45-54,M,Health,Web,West,1,2.1688,2023-01-16 15:27:00+00:00
404226,55+,F,Housing,Web,South,0,11.12,2023-06-06 00:05:00+00:00
404227,25-34,M,Health,Tablet,Southeast,0,9.1,2023-03-22 20:37:00+00:00
404228,45-54,F,Finance,Web,West,0,9.9938,2023-02-25 19:42:00+00:00
404229,55+,M,Retail,Mobile,South,0,12.2688,2023-06-25 07:59:00+00:00
404230,35-44,F,Health,Tablet,Midwest,0,9.64,2023-04-18 11:58:00+00:00
404231,35-44,F,Health,Mobile,Midwest,0,6.25,2023-03-22 08:37:00+00:00
404232,35-44,M,News,Mobile,Midwest,0,3.505,2023-05-25 12:54:00+00:00
404233,25-34,F,Retail,Tablet,Southeast,0,14.54,2023-02-22 04:24:00+00:00
404234,35-44,F,Auto,Tablet,Midwest,0,5.0563,2023-04-16 21:06:00+00:00
404235,18-24,F,Housing,Tablet,Northeast,0,6.6137,2023-01-12 11:44:00+00:00
404236,35-44,M,Retail,Tablet,Midwest,0,14.38,2023-01-05 04:09:00+00:00
404237,55+,F,Housing,Web,South,0,1.0337,2023-02-17 11:41:00+00:00
404238,35-44,M,Finance,Tablet,Midwest,0,9.95,2023-01-01 00:34:00+00:00
404239,25-34,F,Finance,Mobile,Southeast,0,15.1,2023-05-01 12:00:00+00:00
404240,35-44,M,News,Web,Midwest,0,12.97,2023-06-26 08:42:00+00:00
404241,35-44,M,News,Web,Midwest,0,3.61,2023-05-09 08:35:00+00:00
404242,25-34,F,News,Web,Southeast,0,12.44,2023-06-17 23:15:00+00:00
404243,45-54,M,Auto,Web,West,1,9.9725,2023-06-28 10:34:00+00:00
404244,55+,M,Retail,Mobile,South,1,5.9287,2023-02-13 07:14:00+00:00
404245,45-54,M,Health,Tablet,West,0,12.92,2023-02-01 19:04:00+00:00
404246,18-24,F,Auto,Web,Northeast,0,9.0175,2023-06-24 06:42:00+00:00
404247,18-24,M,Retail,Mobile,Northeast,0,4.2938,2023-04-06 11:13:00+00:00
404248,45-54,F,Finance,Mobile,West,0,6.88,2023-01-30 17:47:00+00:00
404249,35-44,M,Finance,Tablet,Midwest,0,1.0387,2023-03-13 23:01:00+00:00
404250,35-44,M,Retail,Web,Midwest,1,11.965,2023-01-13 12:27:00+00:00
404251,25-34,F,Housing,Mobile,Northeast,0,5.62,2023-06-16 22:58:00+00:00
404252,55+,M,Finance,Mobile,South,1,12.5838,2023-01-08 19:01:00+00:00
404253,45-54,M,Health,Mobile,West,1,1.0613,2023-05-10 09:09:00+00:00
404254,35-44,M,Finance,Web,Midwest,0,14.84,2023-04-18 23:41:00+00:00
404255,45-54,M,Housing,Tablet,West,0,8.1475,2023-02-28 22:34:00+00:00
404256,55+,M,Finance,Web,South,0,5.9262,2023-06-11 05:48:00+00:00
404257,25-34,M,Auto,Tablet,Southeast,0,5.54,2023-06-12 18:06:00+00:00
404258,45-54,M,Auto,Mobile,West,0,3.6288,2023-02-13 07:06:00+00:00
404259,18-24,M,News,Tablet,Northeast,0,2.7687,2023-06-05 23:22:00+00:00
404260,55+,F,Housing,Web,South,0,12.98,2023-03-16 02:10:00+00:00
404261,25-34,F,Finance,Web,Southeast,1,2.8312,2023-06-15 09:57:00+00:00
404262,45-54,F,Retail,Mobile,West,0,9.4512,2023-04-12 17:48:00+00:00
404263,25-34,F,News,Tablet,Southeast,0,5.96,2023-01-04 03:17:00+00:00
404264,25-34,M,Auto,Web,Southeast,1,12.2287,2023-01-04 15:00:00+00:00
404265,25-34,M,Housing,Mobile,Southeast,0,2.03,2023-03-06 16:09:00+00:00
404266,18-24,F,Auto,Web,Northeast,0,6.84,2023-06-17 11:23:00+00:00
404267,45-54,M,Auto,Web,West,0,4.5025,2023-03-24 10:11:00+00:00
404268,25-34,M,Health,Mobile,Southeast,1,6.5587,2023-05-08 07:01:00+00:00
404269,18-24,M,News,Mobile,Northeast,1,6.1,2023-06-20 02:24:00+00:00
404270,45-54,F,Retail,Tablet,West,0,10.2912,2023-05-14 01:01:00+00:00
404271,45-54,F,Finance,Mobile,West,0,12.8812,2023-05-26 01:20:00+00:00
404272,45-54,M,Health,Mobile,West,0,9.28,2023-02-19 01:32:00+00:00
404273,35-44,F,Health,Mobile,Midwest,0,6.1863,2023-03-11 21:35:00+00:00
404274,18-24,F,Auto,Web,Northeast,1,4.9887,2023-03-13 23:01:00+00:00
404275,35-44,M,Finance,Web,Midwest,1,10.24,2023-03-19 05:28:00+00:00
404276,35-44,F,Auto,Tablet,Midwest,0,1.2675,2023-04-05 22:39:00+00:00
404277,18-24,F,Auto,Tablet,Northeast,0,11.7275,2023-01-03 14:51:00+00:00
404278,18-24,F,Housing,Web,Northeast,1,8.54,2023-02-22 04:16:00+00:00
404279,35-44,F,Health,Tablet,Midwest,1,5.555,2023-04-15 20:14:00+00:00
404280,25-34,F,Retail,Mobile,Southeast,0,0.8088,2023-05-28 15:55:00+00:00
404281,35-44,F,Housing,Web,Midwest,0,12.52,2023-06-21 03:07:00+00:00
404282,25-34,F,Retail,Mobile,Southeast,0,9.3112,2023-01-10 09:18:00+00:00
404283,25-34,F,Finance,Mobile,Southeast,1,0.5575,2023-04-17 22:23:00+00:00
404284,18-24,M,News,Tablet,Northeast,0,12.72,2023-03-03 13:17:00+00:00
404285,18-24,F,Housing,Tablet,Northeast,0,5.1162,2023-03-15 13:53:00+00:00
404286,55+,F,Auto,Web,South,0,9.3863,2023-02-19 13:15:00+00:00
404287,35-44,F,Auto,Web,Midwest,0,12.06,2023-05-29 16:29:00+00:00
404288,35-44,F,Auto,Tablet,Midwest,1,12.575,2023-04-11 04:05:00+00:00
404289,18-24,F,Auto,Tablet,Northeast,0,2.7412,2023-04-04 09:04:00+00:00
404290,18-24,M,News,Web,Northeast,0,9.48,2023-04-30 11:42:00+00:00
404291,18-24,F,Health,Mobile,Northeast,0,7.3937,2023-06-25 19:16:00+00:00
404292,55+,M,Retail,Mobile,South,0,10.8025,2023-03-24 10:20:00+00:00
404293,25-34,M,Health,Web,Southeast,0,13.44,2023-04-08 13:31:00+00:00
404294,55+,M,News,Mobile,South,0,1.6338,2023-01-28 03:38:00+00:00
404295,45-54,F,Finance,Web,West,0,6.5012,2023-01-02 01:25:00+00:00
404296,18-24,F,Housing,Tablet,Northeast,0,12.64,2023-04-08 01:05:00+00:00
404297,55+,M,Finance,Mobile,South,0,3.4213,2023-04-28 09:25:00+00:00
404298,25-34,M,Auto,Mobile,Southeast,0,8.39,2023-05-13 00:44:00+00:00
404299,18-24,M,Finance,Tablet,Northeast,0,11.36,2023-05-14 01:19:00+00:00
404300,18-24,F,Housing,Mobile,Northeast,0,2.31,2023-03-30 16:38:00+00:00
404301,25-34,F,Housing,Mobile,Northeast,0,12.7,2023-05-01 00:17:00+00:00
404302,25-34,F,Finance,Mobile,Southeast,0,10.5,2023-02-20 14:58:00+00:00
404303,45-54,M,Auto,Mobile,West,0,1.6225,2023-03-20 18:45:00+00:00
404304,55+,F,Housing,Tablet,South,0,1.1025,2023-05-23 10:54:00+00:00
404305,35-44,F,Health,Mobile,Midwest,0,11.2,2023-05-06 17:52:00+00:00
404306,55+,M,News,Tablet,South,0,2.2938,2023-06-05 11:22:00+00:00
404307,18-24,M,Retail,Tablet,Northeast,0,5.8838,2023-05-08 19:35:00+00:00
404308,25-34,M,Health,Mobile,Southeast,0,12.84,2023-04-18 23:06:00+00:00
404309,35-44,F,Housing,Tablet,Midwest,0,9.0762,2023-03-23 21:37:00+00:00
404310,25-34,F,Finance,Web,Southeast,0,11.33,2023-06-14 08:32:00+00:00
404311,35-44,F,Housing,Mobile,Midwest,0,14.34,2023-01-23 10:20:00+00:00
404312,55+,F,Health,Mobile,South,1,11.41,2023-05-09 08:09:00+00:00
404313,18-24,F,Auto,Tablet,Northeast,0,7.1925,2023-04-25 18:59:00+00:00
404314,45-54,F,Retail,Tablet,West,0,15.3,2023-06-20 14:32:00+00:00
404315,18-24,F,Housing,Tablet,Northeast,1,6.6188,2023-06-25 07:42:00+00:00
404316,45-54,M,Housing,Web,West,0,8.5162,2023-04-24 05:07:00+00:00
404317,45-54,M,Auto,Web,West,1,6.14,2023-04-03 08:13:00+00:00
404318,35-44,M,Retail,Tablet,Midwest,0,8.9525,2023-01-23 10:54:00+00:00
404319,55+,F,Auto,Mobile,South,0,4.035,2023-03-10 20:44:00+00:00
404320,35-44,M,Finance,Tablet,Midwest,0,11.0,2023-01-16 03:27:00+00:00
404321,45-54,M,Housing,Tablet,West,1,4.01,2023-02-18 00:06:00+00:00
404322,55+,M,Finance,Tablet,South,1,1.355,2023-01-05 04:43:00+00:00
404323,45-54,M,Auto,Web,West,0,6.2,2023-05-16 15:19:00+00:00
404324,35-44,F,Health,Web,Midwest,1,4.0713,2023-03-19 17:11:00+00:00
404325,25-34,M,Auto,Mobile,Southeast,0,7.7912,2023-03-15 01:44:00+00:00
404326,35-44,M,News,Web,Midwest,1,9.66,2023-04-19 12:32:00+00:00
404327,18-24,F,Housing,Mobile,Northeast,1,8.9388,2023-04-02 07:55:00+00:00
404328,25-34,M,Health,Mobile,Southeast,0,5.4512,2023-04-12 17:57:00+00:00
404329,45-54,F,News,Mobile,West,0,8.78,2023-01-25 12:03:00+00:00
404330,35-44,M,Finance,Tablet,Midwest,0,6.03,2023-03-06 16:26:00+00:00
404331,45-54,M,Auto,Mobile,West,0,4.1312,2023-02-15 09:40:00+00:00
404332,18-24,M,Retail,Web,Northeast,0,10.46,2023-05-09 08:35:00+00:00
404333,25-34,M,Health,Tablet,Southeast,0,10.285,2023-05-09 20:52:00+00:00
404334,55+,M,Retail,Mobile,South,0,0.515,2023-04-03 20:30:00+00:00
404335,35-44,M,Retail,Web,Midwest,0,14.76,2023-06-13 19:31:00+00:00
404336,35-44,M,Retail,Web,Midwest,0,2.6225,2023-02-08 02:14:00+00:00
404337,25-34,F,Finance,Mobile,Southeast,0,12.52,2023-05-17 16:10:00+00:00
404338,35-44,M,Retail,Mobile,Midwest,0,11.0,2023-05-16 15:36:00+00:00
404339,35-44,F,Auto,Web,Midwest,0,8.9812,2023-03-27 01:20:00+00:00
404340,55+,F,Housing,Tablet,South,0,4.9437,2023-03-17 03:02:00+00:00
404341,55+,F,Health,Web,South,0,13.46,2023-02-08 02:39:00+00:00
404342,35-44,M,Retail,Tablet,Midwest,1,0.7662,2023-06-03 21:56:00+00:00
404343,18-24,F,Auto,Mobile,Northeast,0,4.55,2023-01-01 00:08:00+00:00
404344,45-54,M,Auto,Mobile,West,0,13.62,2023-01-07 18:00:00+00:00
404345,18-24,M,Finance,Mobile,Northeast,0,4.4675,2023-01-15 14:53:00+00:00
404346,55+,M,Finance,Tablet,South,0,11.71,2023-02-18 00:49:00+00:00
404347,18-24,F,Auto,Tablet,Northeast,0,9.78,2023-02-24 06:33:00+00:00
404348,45-54,M,Health,Tablet,West,1,7.0038,2023-05-24 11:20:00+00:00
404349,25-34,F,Retail,Mobile,Southeast,0,10.245,2023-06-26 20:16:00+00:00
404350,45-54,M,Housing,Mobile,West,1,8.18,2023-02-04 10:13:00+00:00
404351,25-34,F,Housing,Web,Northeast,0,6.66,2023-02-28 10:16:00+00:00
404352,55+,M,News,Web,South,0,9.3737,2023-04-30 11:17:00+00:00
404353,25-34,F,News,Mobile,Southeast,0,14.8,2023-06-15 21:57:00+00:00
404354,18-24,F,Health,Web,Northeast,0,12.465,2023-02-02 20:21:00+00:00
404355,35-44,M,Finance,Mobile,Midwest,0,4.1263,2023-01-22 21:45:00+00:00
404356,35-44,M,Retail,Tablet,Midwest,0,13.4,2023-01-16 15:36:00+00:00
404357,25-34,F,Retail,Mobile,Southeast,0,0.83,2023-05-05 16:00:00+00:00
404358,25-34,F,Retail,Tablet,Southeast,0,8.7263,2023-01-22 21:37:00+00:00
404359,35-44,M,News,Tablet,Midwest,0,8.28,2023-01-20 07:37:00+00:00
404360,45-54,M,Health,Mobile,West,0,10.4162,2023-03-15 13:36:00+00:00
404361,18-24,F,Housing,Web,Northeast,0,11.0237,2023-06-29 11:17:00+00:00
404362,25-34,M,Auto,Tablet,Southeast,1,10.68,2023-05-20 07:45:00+00:00
404363,25-34,M,Housing,Tablet,Southeast,1,11.72,2023-02-06 00:22:00+00:00
404364,18-24,M,Retail,Mobile,Northeast,0,0.82,2023-04-07 00:56:00+00:00
404365,18-24,F,Housing,Mobile,Northeast,1,13.4,2023-02-05 11:56:00+00:00
404366,35-44,F,Auto,Web,Midwest,0,5.705,2023-06-14 20:23:00+00:00
404367,45-54,F,Finance,Tablet,West,0,0.6188,2023-02-05 23:22:00+00:00
404368,55+,M,Finance,Mobile,South,0,14.74,2023-04-13 06:31:00+00:00
404369,25-34,M,Auto,Mobile,Southeast,0,5.155,2023-05-05 04:52:00+00:00
404370,55+,F,Auto,Tablet,South,0,2.365,2023-02-22 04:07:00+00:00
404371,55+,M,Finance,Tablet,South,0,12.7,2023-03-22 08:45:00+00:00
404372,18-24,F,Health,Mobile,Northeast,0,9.49,2023-05-13 00:18:00+00:00
404373,25-34,F,News,Mobile,Southeast,0,10.8438,2023-06-05 11:39:00+00:00
404374,18-24,M,News,Tablet,Northeast,0,6.92,2023-04-02 19:38:00+00:00
404375,45-54,M,Health,Mobile,West,0,4.6262,2023-05-22 21:20:00+00:00
404376,25-34,F,Retail,Web,Southeast,1,8.6538,2023-06-13 19:14:00+00:00
404377,55+,M,News,Tablet,South,0,11.06,2023-05-19 06:45:00+00:00
404378,18-24,F,Housing,Tablet,Northeast,0,1.9038,2023-01-04 03:26:00+00:00
404379,35-44,F,Housing,Mobile,Midwest,0,11.6725,2023-03-20 18:36:00+00:00
404380,55+,M,Retail,Tablet,South,0,11.12,2023-01-02 13:17:00+00:00
404381,25-34,F,Retail,Tablet,Southeast,0,2.5962,2023-04-28 21:16:00+00:00
404382,18-24,F,Auto,Mobile,Northeast,0,3.9825,2023-06-16 10:23:00+00:00
404383,18-24,F,Auto,Tablet,Northeast,0,13.02,2023-06-06 12:13:00+00:00
404384,18-24,M,News,Web,Northeast,1,12.135,2023-05-29 04:55:00+00:00
404385,55+,F,Health,Web,South,0,11.62,2023-01-17 16:53:00+00:00
404386,25-34,F,News,Mobile,Southeast,0,9.72,2023-04-02 07:55:00+00:00
404387,45-54,M,Housing,Web,West,1,9.2163,2023-03-15 13:10:00+00:00
404388,18-24,M,News,Mobile,Northeast,0,8.1725,2023-01-19 18:36:00+00:00
404389,55+,M,Finance,Tablet,South,0,13.18,2023-05-25 00:03:00+00:00
404390,45-54,F,Finance,Mobile,West,0,6.7088,2023-04-18 23:23:00+00:00
404391,35-44,F,Health,Mobile,Midwest,1,2.7225,2023-04-29 10:59:00+00:00
404392,45-54,M,Health,Tablet,West,0,9.46,2023-05-19 18:02:00+00:00
404393,35-44,M,News,Web,Midwest,0,9.32,2023-01-17 16:19:00+00:00
404394,45-54,F,Finance,Mobile,West,0,9.5762,2023-03-23 21:37:00+00:00
404395,18-24,F,Auto,Tablet,Northeast,0,9.04,2023-05-18 05:19:00+00:00
404396,45-54,F,News,Mobile,West,0,0.7388,2023-04-02 07:04:00+00:00
404397,35-44,M,News,Tablet,Midwest,0,6.7088,2023-03-09 07:43:00+00:00
404398,55+,M,Finance,Web,South,0,10.92,2023-06-21 15:15:00+00:00
404399,35-44,M,Retail,Mobile,Midwest,0,4.6288,2023-02-13 07:31:00+00:00
404400,55+,M,Retail,Web,South,0,2.17,2023-05-17 16:02:00+00:00
404401,25-34,F,Housing,Tablet,Northeast,1,13.9,2023-05-01 00:51:00+00:00
404402,25-34,M,Health,Mobile,Southeast,0,5.2975,2023-02-28 22:25:00+00:00
404403,18-24,F,Housing,Tablet,Northeast,0,12.56,2023-05-29 16:21:00+00:00
404404,55+,M,Retail,Tablet,South,0,11.72,2023-04-02 19:30:00+00:00
404405,18-24,M,Retail,Tablet,Northeast,0,5.5075,2023-01-27 14:29:00+00:00
404406,25-34,F,News,Mobile,Southeast,0,4.57,2023-05-17 16:45:00+00:00
404407,45-54,F,News,Web,West,1,7.02,2023-05-17 04:02:00+00:00
404408,18-24,F,Health,Tablet,Northeast,0,6.385,2023-05-09 20:18:00+00:00
404409,18-24,F,Housing,Web,Northeast,0,10.335,2023-03-30 04:12:00+00:00
404410,18-24,M,Retail,Mobile,Northeast,0,10.08,2023-05-10 21:27:00+00:00
404411,25-34,F,Finance,Web,Southeast,1,10.1937,2023-03-17 03:27:00+00:00
404412,25-34,F,Finance,Tablet,Southeast,0,7.895,2023-06-06 12:48:00+00:00
404413,35-44,F,Housing,Tablet,Midwest,1,5.78,2023-06-24 06:33:00+00:00
404414,55+,M,News,Web,South,0,3.7912,2023-04-04 09:30:00+00:00
404415,35-44,M,Finance,Mobile,Midwest,1,3.8388,2023-04-22 15:50:00+00:00
404416,45-54,M,Health,Tablet,West,1,7.58,2023-05-25 00:20:00+00:00
404417,25-34,M,Auto,Web,Southeast,0,3.3788,2023-05-04 15:00:00+00:00
404418,35-44,F,Health,Tablet,Midwest,1,1.42,2023-02-06 00:22:00+00:00
404419,25-34,M,Housing,Tablet,Southeast,0,14.24,2023-06-07 01:05:00+00:00
404420,35-44,M,Finance,Mobile,Midwest,0,8.95,2023-06-10 16:31:00+00:00
404421,25-34,F,Finance,Tablet,Southeast,0,2.36,2023-03-30 16:29:00+00:00
404422,55+,F,Health,Tablet,South,1,11.94,2023-06-12 18:06:00+00:00
404423,55+,F,Health,Mobile,South,0,0.7013,2023-05-02 01:25:00+00:00
404424,35-44,F,Health,Tablet,Midwest,0,5.595,2023-04-27 20:42:00+00:00
404425,55+,M,Retail,Tablet,South,0,12.16,2023-02-03 09:56:00+00:00
404426,35-44,F,Housing,Web,Midwest,0,7.0925,2023-06-04 10:04:00+00:00
404427,25-34,F,Finance,Web,Southeast,0,5.245,2023-06-06 12:22:00+00:00
404428,35-44,F,Housing,Mobile,Midwest,0,13.28,2023-02-19 01:07:00+00:00
404429,45-54,F,News,Mobile,West,0,4.2163,2023-06-03 21:56:00+00:00
404430,25-34,M,Housing,Mobile,Southeast,1,5.2062,2023-03-07 05:17:00+00:00
404431,25-34,F,Finance,Tablet,Southeast,0,10.14,2023-01-13 12:44:00+00:00
404432,35-44,F,Health,Web,Midwest,0,12.0437,2023-02-05 11:56:00+00:00
404433,25-34,M,Housing,Tablet,Southeast,0,1.8175,2023-01-15 14:36:00+00:00
404434,18-24,M,News,Mobile,Northeast,0,9.64,2023-02-17 23:06:00+00:00
404435,45-54,M,Health,Tablet,West,0,4.8312,2023-02-15 09:06:00+00:00
404436,25-34,M,Housing,Tablet,Southeast,0,7.5275,2023-05-23 22:28:00+00:00
404437,55+,M,News,Mobile,South,0,6.38,2023-04-15 20:14:00+00:00
404438,55+,F,Health,Mobile,South,1,4.9813,2023-01-06 17:17:00+00:00
404439,18-24,F,Health,Tablet,Northeast,0,10.4462,2023-04-28 21:51:00+00:00
404440,25-34,F,Retail,Web,Southeast,0,7.34,2023-03-14 00:18:00+00:00
404441,18-24,M,Retail,Tablet,Northeast,0,5.0762,2023-01-22 21:11:00+00:00
404442,55+,F,Housing,Mobile,South,0,3.9087,2023-01-28 15:38:00+00:00
404443,45-54,F,Finance,Mobile,West,0,11.14,2023-03-04 02:34:00+00:00
404444,18-24,M,News,Mobile,Northeast,0,1.9538,2023-02-13 19:40:00+00:00
404445,18-24,F,Auto,Mobile,Northeast,0,12.9012,2023-02-11 17:31:00+00:00
404446,25-34,M,Auto,Web,Southeast,0,9.74,2023-05-13 12:53:00+00:00
404447,25-34,F,Retail,Mobile,Southeast,1,4.8187,2023-02-25 07:50:00+00:00
404448,18-24,F,Health,Mobile,Northeast,1,11.5887,2023-03-13 23:10:00+00:00
404449,45-54,M,Auto,Tablet,West,0,12.0,2023-05-06 17:09:00+00:00
404450,45-54,M,Housing,Web,West,0,11.9213,2023-02-27 09:16:00+00:00
404451,25-34,F,Housing,Web,Northeast,0,12.44,2023-01-28 15:29:00+00:00
404452,18-24,F,Housing,Tablet,Northeast,0,6.26,2023-06-28 22:08:00+00:00
404453,35-44,F,Auto,Mobile,Midwest,0,11.2112,2023-05-10 09:35:00+00:00
404454,18-24,F,Auto,Tablet,Northeast,0,5.3812,2023-02-15 09:40:00+00:00
404455,18-24,F,Housing,Web,Northeast,0,10.42,2023-01-07 18:52:00+00:00
404456,18-24,F,Health,Mobile,Northeast,0,10.9462,2023-06-07 13:05:00+00:00
404457,35-44,F,Health,Tablet,Midwest,1,10.815,2023-03-14 12:36:00+00:00
404458,45-54,F,Retail,Web,West,0,14.24,2023-04-28 21:42:00+00:00
404459,25-34,F,Finance,Mobile,Southeast,0,3.8225,2023-04-09 02:05:00+00:00
404460,45-54,F,Retail,Tablet,West,1,7.69,2023-03-14 00:36:00+00:00
404461,35-44,F,Auto,Tablet,Midwest,0,12.64,2023-04-28 21:42:00+00:00
404462,25-34,F,Retail,Mobile,Southeast,0,6.005,2023-04-15 20:23:00+00:00
404463,18-24,M,News,Tablet,Northeast,0,7.9837,2023-05-08 19:52:00+00:00
404464,25-34,M,Housing,Tablet,Southeast,0,6.84,2023-03-29 15:12:00+00:00
404465,18-24,M,Finance,Mobile,Northeast,0,4.1762,2023-03-03 13:25:00+00:00
404466,55+,F,Housing,Mobile,South,1,6.095,2023-02-06 12:22:00+00:00
404467,45-54,M,Housing,Tablet,West,0,14.16,2023-06-03 21:21:00+00:00
404468,45-54,F,Retail,Mobile,West,0,4.8913,2023-06-03 09:47:00+00:00
404469,35-44,F,Health,Mobile,Midwest,0,6.1787,2023-04-14 07:49:00+00:00
404470,45-54,F,News,Tablet,West,1,9.66,2023-03-30 16:46:00+00:00
404471,18-24,M,News,Mobile,Northeast,0,0.9437,2023-06-05 11:47:00+00:00
404472,35-44,M,Finance,Tablet,Midwest,0,2.2412,2023-03-15 01:44:00+00:00
404473,35-44,F,Auto,Mobile,Midwest,0,12.24,2023-05-18 17:45:00+00:00
404474,55+,M,News,Mobile,South,1,8.4375,2023-02-20 14:58:00+00:00
404475,35-44,F,Housing,Mobile,Midwest,0,10.9838,2023-03-09 19:35:00+00:00
404476,35-44,M,Retail,Web,Midwest,0,13.16,2023-01-24 11:54:00+00:00
404477,25-34,M,Health,Web,Southeast,0,4.475,2023-06-10 04:40:00+00:00
404478,25-34,F,News,Mobile,Southeast,1,0.7562,2023-03-07 05:43:00+00:00
404479,45-54,M,Housing,Mobile,West,0,10.96,2023-04-04 21:30:00+00:00
404480,45-54,M,Health,Mobile,West,0,10.0862,2023-01-10 21:44:00+00:00
404481,55+,M,Finance,Web,South,0,5.1363,2023-06-19 13:24:00+00:00
404482,25-34,M,Health,Tablet,Southeast,0,14.14,2023-04-03 20:56:00+00:00
404483,35-44,M,News,Web,Midwest,0,11.2587,2023-05-28 15:21:00+00:00
404484,35-44,F,Auto,Tablet,Midwest,0,2.2612,2023-06-19 01:49:00+00:00
404485,55+,F,Health,Web,South,1,12.0,2023-06-15 09:49:00+00:00
404486,55+,M,News,Web,South,0,8.4375,2023-01-31 06:47:00+00:00
404487,35-44,F,Auto,Web,Midwest,0,5.84,2023-02-22 16:50:00+00:00
404488,45-54,M,Health,Tablet,West,0,14.16,2023-04-04 09:56:00+00:00
404489,18-24,M,News,Web,Northeast,0,6.3525,2023-01-23 10:20:00+00:00
404490,35-44,M,Retail,Mobile,Midwest,0,1.6262,2023-05-22 21:45:00+00:00
404491,55+,F,Health,Tablet,South,0,7.18,2023-03-06 04:43:00+00:00
404492,25-34,F,Retail,Mobile,Southeast,1,8.035,2023-01-29 04:04:00+00:00
404493,35-44,M,News,Tablet,Midwest,0,10.5587,2023-05-08 07:18:00+00:00
404494,55+,M,News,Web,South,1,8.76,2023-01-24 11:54:00+00:00
404495,35-44,F,Health,Tablet,Midwest,0,7.3625,2023-05-31 18:21:00+00:00
404496,55+,F,Housing,Mobile,South,0,6.3362,2023-02-19 13:41:00+00:00
404497,35-44,M,Finance,Mobile,Midwest,1,6.04,2023-06-17 11:49:00+00:00
404498,45-54,F,Finance,Mobile,West,1,6.925,2023-01-21 20:45:00+00:00
404499,55+,M,Retail,Mobile,South,0,11.4262,2023-06-11 05:40:00+00:00
404500,18-24,M,Retail,Mobile,Northeast,1,12.52,2023-06-01 19:55:00+00:00
404501,25-34,F,Housing,Web,Northeast,0,7.32,2023-06-01 19:04:00+00:00
404502,25-34,M,Auto,Tablet,Southeast,0,12.7112,2023-03-11 09:27:00+00:00
404503,55+,M,Retail,Mobile,South,1,7.96,2023-01-24 23:20:00+00:00
404504,45-54,M,Housing,Web,West,0,3.5737,2023-03-21 19:02:00+00:00
404505,45-54,F,Retail,Mobile,West,0,1.3188,2023-01-16 15:45:00+00:00
404506,35-44,M,Retail,Web,Midwest,0,12.38,2023-03-06 04:00:00+00:00
404507,35-44,F,Health,Web,Midwest,0,5.14,2023-04-03 08:21:00+00:00
404508,45-54,M,Housing,Mobile,West,0,2.9537,2023-01-04 03:00:00+00:00
404509,45-54,F,Retail,Tablet,West,1,14.26,2023-02-08 14:39:00+00:00
404510,55+,F,Housing,Mobile,South,0,7.6013,2023-05-22 09:37:00+00:00
404511,18-24,M,News,Web,Northeast,1,8.815,2023-04-23 04:24:00+00:00
404512,35-44,M,Retail,Mobile,Midwest,0,12.0,2023-01-26 13:29:00+00:00
404513,45-54,M,Housing,Tablet,West,1,9.9362,2023-01-10 21:52:00+00:00
404514,45-54,M,Health,Mobile,West,0,1.2675,2023-05-15 14:27:00+00:00
404515,35-44,F,Auto,Mobile,Midwest,0,5.76,2023-01-14 13:27:00+00:00
404516,55+,M,Retail,Web,South,0,4.3788,2023-06-13 07:31:00+00:00
404517,18-24,F,Housing,Tablet,Northeast,0,4.695,2023-02-06 12:05:00+00:00
404518,55+,M,News,Web,South,0,6.66,2023-01-19 18:28:00+00:00
404519,55+,F,Housing,Tablet,South,0,7.3175,2023-06-04 22:39:00+00:00
404520,35-44,M,Retail,Mobile,Midwest,0,12.28,2023-01-05 16:26:00+00:00
404521,18-24,F,Auto,Tablet,Northeast,0,12.8,2023-05-26 01:03:00+00:00
404522,35-44,F,Housing,Mobile,Midwest,0,3.6075,2023-05-07 06:09:00+00:00
404523,18-24,M,News,Web,Northeast,1,7.7912,2023-01-14 01:53:00+00:00
404524,55+,F,Auto,Web,South,1,14.68,2023-06-29 11:59:00+00:00
404525,55+,M,News,Tablet,South,1,6.1913,2023-06-03 09:30:00+00:00
404526,45-54,F,News,Tablet,West,1,9.9313,2023-01-26 01:46:00+00:00
404527,55+,F,Health,Web,South,1,13.32,2023-04-02 19:04:00+00:00
404528,25-34,F,News,Web,Southeast,1,1.4263,2023-05-22 21:11:00+00:00
404529,55+,F,Health,Tablet,South,0,3.2788,2023-05-24 23:54:00+00:00
404530,45-54,F,Retail,Web,West,0,7.06,2023-02-28 10:34:00+00:00
404531,55+,F,Auto,Web,South,0,10.1725,2023-01-19 18:54:00+00:00
404532,35-44,F,Housing,Mobile,Midwest,0,3.865,2023-04-23 04:07:00+00:00
404533,25-34,F,Finance,Mobile,Southeast,0,12.7,2023-02-10 04:40:00+00:00
404534,35-44,M,News,Mobile,Midwest,0,8.245,2023-02-26 20:25:00+00:00
404535,25-34,M,Health,Web,Southeast,0,2.6225,2023-01-19 18:36:00+00:00
404536,25-34,M,Housing,Mobile,Southeast,0,12.22,2023-05-17 04:53:00+00:00
404537,25-34,F,News,Mobile,Southeast,0,12.9012,2023-03-03 01:08:00+00:00
404538,45-54,M,Housing,Tablet,West,0,1.7875,2023-01-11 22:10:00+00:00
404539,35-44,F,Health,Tablet,Midwest,0,12.28,2023-03-21 07:54:00+00:00
404540,18-24,F,Housing,Mobile,Northeast,0,5.3863,2023-03-11 21:35:00+00:00
404541,18-24,M,News,Tablet,Northeast,0,6.32,2023-04-07 00:22:00+00:00
404542,18-24,F,Health,Mobile,Northeast,0,7.26,2023-06-18 00:41:00+00:00
404543,55+,F,Auto,Web,South,1,12.645,2023-04-27 20:42:00+00:00
404544,25-34,F,Retail,Mobile,Southeast,0,1.23,2023-05-25 00:46:00+00:00
404545,35-44,F,Housing,Mobile,Midwest,0,12.7,2023-03-22 20:20:00+00:00
404546,25-34,F,Finance,Mobile,Southeast,0,6.2725,2023-01-19 18:28:00+00:00
404547,25-34,M,Auto,Web,Southeast,1,9.8837,2023-05-08 19:26:00+00:00
404548,18-24,F,Housing,Tablet,Northeast,1,8.72,2023-02-11 17:14:00+00:00
404549,45-54,M,Health,Mobile,West,0,5.8325,2023-05-27 02:46:00+00:00
404550,18-24,M,Retail,Web,Northeast,0,8.2562,2023-01-06 05:09:00+00:00
404551,25-34,F,Housing,Web,Northeast,0,8.32,2023-05-22 21:54:00+00:00
404552,45-54,F,News,Mobile,West,0,7.5825,2023-03-28 02:38:00+00:00
404553,55+,F,Auto,Tablet,South,0,9.5412,2023-04-24 17:24:00+00:00
404554,35-44,F,Auto,Mobile,Midwest,0,10.5,2023-03-12 22:01:00+00:00
404555,25-34,F,News,Web,Southeast,0,10.6475,2023-06-08 14:05:00+00:00
404556,55+,F,Auto,Web,South,1,0.7212,2023-04-28 09:42:00+00:00
404557,45-54,M,Auto,Tablet,West,1,14.9,2023-06-20 02:50:00+00:00
404558,18-24,F,Housing,Mobile,Northeast,0,2.0075,2023-05-27 14:20:00+00:00
404559,35-44,M,Retail,Web,Midwest,0,5.6475,2023-03-20 06:36:00+00:00
404560,18-24,M,News,Web,Northeast,1,6.92,2023-06-21 15:24:00+00:00
404561,25-34,F,News,Web,Southeast,0,5.2825,2023-04-17 10:15:00+00:00
404562,25-34,F,Finance,Tablet,Southeast,0,6.3525,2023-02-12 18:14:00+00:00
404563,18-24,M,News,Tablet,Northeast,0,13.36,2023-04-04 09:04:00+00:00
404564,25-34,F,Finance,Web,Southeast,1,8.7775,2023-03-04 14:43:00+00:00
404565,55+,F,Health,Mobile,South,0,5.3113,2023-01-10 09:35:00+00:00
404566,35-44,M,Retail,Web,Midwest,0,15.36,2023-01-14 01:53:00+00:00
404567,55+,M,Finance,Tablet,South,0,8.3637,2023-01-12 11:44:00+00:00
404568,35-44,M,News,Mobile,Midwest,0,4.48,2023-04-15 08:23:00+00:00
404569,45-54,F,News,Mobile,West,0,13.1,2023-01-01 12:34:00+00:00
404570,55+,F,Health,Mobile,South,0,2.8413,2023-02-03 09:47:00+00:00
404571,18-24,M,Retail,Mobile,Northeast,0,8.9413,2023-03-15 01:36:00+00:00
404572,25-34,M,Auto,Mobile,Southeast,0,6.32,2023-05-02 13:25:00+00:00
404573,25-34,M,Health,Mobile,Southeast,0,0.7975,2023-02-28 22:42:00+00:00
404574,35-44,F,Housing,Mobile,Midwest,1,12.2925,2023-06-04 10:13:00+00:00
404575,55+,M,Retail,Tablet,South,0,14.02,2023-05-07 06:43:00+00:00
404576,55+,M,Retail,Mobile,South,1,2.4087,2023-06-17 23:15:00+00:00
404577,55+,F,Health,Tablet,South,0,12.0162,2023-04-24 05:50:00+00:00
404578,55+,F,Housing,Web,South,0,9.94,2023-05-03 02:26:00+00:00
404579,45-54,F,News,Tablet,West,1,6.5275,2023-04-13 06:06:00+00:00
404580,35-44,F,Auto,Mobile,Midwest,0,2.5925,2023-02-24 18:50:00+00:00
404581,55+,M,Retail,Tablet,South,0,11.14,2023-03-04 02:08:00+00:00
404582,45-54,M,Health,Mobile,West,0,7.0075,2023-03-28 14:12:00+00:00
404583,45-54,F,Finance,Mobile,West,0,2.9225,2023-02-08 02:14:00+00:00
404584,55+,M,Finance,Tablet,South,0,12.28,2023-03-01 23:08:00+00:00
404585,55+,F,Auto,Tablet,South,1,0.6925,2023-04-25 18:59:00+00:00
404586,25-34,M,Health,Mobile,Southeast,0,4.8688,2023-04-06 23:56:00+00:00
404587,55+,M,Retail,Tablet,South,0,11.14,2023-05-03 02:51:00+00:00
404588,25-34,F,Finance,Web,Southeast,1,4.4225,2023-06-08 02:22:00+00:00
404589,35-44,F,Auto,Web,Midwest,1,7.495,2023-02-26 20:25:00+00:00
404590,55+,F,Housing,Tablet,South,1,11.54,2023-04-13 18:14:00+00:00
404591,18-24,F,Auto,Tablet,Northeast,1,1.1538,2023-01-24 11:29:00+00:00
404592,25-34,M,Housing,Web,Southeast,0,10.2788,2023-02-13 07:14:00+00:00
404593,25-34,F,Finance,Web,Southeast,0,12.98,2023-04-25 06:42:00+00:00
404594,25-34,M,Health,Mobile,Southeast,0,9.8812,2023-04-16 09:32:00+00:00
404595,55+,F,Housing,Mobile,South,0,12.7737,2023-03-01 11:17:00+00:00
404596,55+,M,News,Web,South,0,9.62,2023-03-08 18:09:00+00:00
404597,18-24,M,News,Web,Northeast,0,2.555,2023-03-06 04:00:00+00:00
404598,55+,F,Housing,Mobile,South,0,8.585,2023-01-09 20:44:00+00:00
404599,25-34,M,Housing,Web,Southeast,1,13.16,2023-06-13 07:06:00+00:00
404600,45-54,F,News,Mobile,West,0,10.1825,2023-02-16 10:23:00+00:00
404601,25-34,F,Housing,Web,Northeast,0,11.06,2023-05-19 18:19:00+00:00
404602,55+,F,Auto,Web,South,0,7.02,2023-02-06 12:13:00+00:00
404603,18-24,F,Auto,Web,Northeast,1,10.8287,2023-03-25 23:20:00+00:00
404604,55+,F,Auto,Web,South,0,9.1562,2023-05-06 05:17:00+00:00
404605,25-34,F,News,Web,Southeast,0,6.74,2023-03-24 22:11:00+00:00
404606,35-44,F,Auto,Tablet,Midwest,1,7.7763,2023-05-22 21:11:00+00:00
404607,25-34,M,Housing,Web,Southeast,0,1.1713,2023-05-18 17:11:00+00:00
404608,55+,M,Finance,Mobile,South,0,9.28,2023-05-10 09:35:00+00:00
404609,35-44,M,News,Web,Midwest,0,12.7238,2023-06-09 03:57:00+00:00
404610,18-24,M,Retail,Mobile,Northeast,0,5.2538,2023-05-24 11:29:00+00:00
404611,55+,M,News,Web,South,0,6.2,2023-05-16 15:45:00+00:00
404612,55+,M,News,Mobile,South,0,7.2763,2023-05-22 21:37:00+00:00
404613,55+,M,Retail,Tablet,South,0,10.0337,2023-01-28 03:12:00+00:00
404614,25-34,F,Retail,Mobile,Southeast,1,8.04,2023-04-18 23:41:00+00:00
404615,45-54,F,Finance,Web,West,1,8.36,2023-03-10 08:35:00+00:00
404616,55+,F,Housing,Web,South,0,10.83,2023-05-05 16:00:00+00:00
404617,18-24,F,Auto,Web,Northeast,1,8.88,2023-01-30 05:29:00+00:00
404618,55+,M,Finance,Mobile,South,1,3.0762,2023-01-02 13:51:00+00:00
404619,18-24,F,Housing,Tablet,Northeast,1,11.4187,2023-02-25 07:33:00+00:00
404620,35-44,M,Finance,Web,Midwest,0,6.96,2023-03-15 01:53:00+00:00
404621,35-44,M,Retail,Mobile,Midwest,0,3.8388,2023-01-12 23:18:00+00:00
404622,18-24,M,News,Web,Northeast,1,11.4075,2023-03-28 14:46:00+00:00
404623,55+,M,Finance,Web,South,0,6.36,2023-03-25 23:54:00+00:00
404624,45-54,M,Housing,Tablet,West,1,2.55,2023-02-10 16:05:00+00:00
404625,45-54,F,Finance,Web,West,0,7.665,2023-04-03 20:04:00+00:00
404626,35-44,M,Retail,Tablet,Midwest,0,11.62,2023-03-08 18:00:00+00:00
404627,35-44,M,News,Web,Midwest,0,12.185,2023-03-10 20:18:00+00:00
404628,35-44,F,Health,Tablet,Midwest,0,9.6512,2023-03-23 09:11:00+00:00
404629,35-44,M,News,Tablet,Midwest,0,9.2,2023-01-26 13:29:00+00:00
404630,55+,M,Retail,Web,South,0,5.0675,2023-03-16 14:27:00+00:00
404631,25-34,M,Housing,Tablet,Southeast,0,10.4975,2023-06-08 14:56:00+00:00
404632,45-54,M,Housing,Web,West,1,6.7,2023-05-21 08:11:00+00:00
404633,35-44,M,Finance,Mobile,Midwest,0,2.8388,2023-06-21 15:15:00+00:00
404634,45-54,F,Retail,Web,West,0,12.445,2023-02-26 20:33:00+00:00
404635,45-54,M,Housing,Mobile,West,0,13.58,2023-02-14 08:14:00+00:00
404636,45-54,M,Auto,Tablet,West,0,9.2513,2023-03-23 09:11:00+00:00
404637,18-24,F,Health,Tablet,Northeast,1,6.43,2023-04-15 08:40:00+00:00
404638,55+,F,Housing,Mobile,South,0,7.62,2023-05-27 14:38:00+00:00
404639,18-24,M,Retail,Web,Northeast,0,6.7787,2023-01-04 15:09:00+00:00
404640,25-34,M,Auto,Tablet,Southeast,0,3.7437,2023-06-25 19:50:00+00:00
404641,25-34,M,Health,Tablet,Southeast,0,14.5,2023-03-12 10:52:00+00:00
404642,18-24,F,Health,Mobile,Northeast,0,6.6738,2023-02-09 03:05:00+00:00
404643,35-44,M,News,Tablet,Midwest,0,4.9062,2023-01-26 13:46:00+00:00
404644,55+,F,Auto,Tablet,South,1,13.58,2023-01-25 12:03:00+00:00
404645,55+,F,Auto,Tablet,South,0,0.9775,2023-03-04 14:00:00+00:00
404646,35-44,M,Finance,Tablet,Midwest,0,6.33,2023-02-14 08:49:00+00:00
404647,55+,M,Finance,Mobile,South,1,14.44,2023-05-08 07:35:00+00:00
404648,25-34,F,Retail,Mobile,Southeast,1,8.4662,2023-03-15 13:53:00+00:00
404649,18-24,F,Housing,Web,Northeast,0,7.3937,2023-06-25 19:16:00+00:00
404650,55+,M,Finance,Mobile,South,0,11.0,2023-02-05 11:30:00+00:00
404651,25-34,F,Housing,Mobile,Northeast,1,13.7,2023-05-31 18:55:00+00:00
404652,25-34,M,Health,Tablet,Southeast,1,8.7937,2023-03-17 03:45:00+00:00
404653,55+,F,Housing,Web,South,0,7.2,2023-01-06 17:09:00+00:00
404654,25-34,M,Health,Web,Southeast,1,4.635,2023-03-30 04:38:00+00:00
404655,18-24,M,Retail,Mobile,Northeast,1,5.8825,2023-01-27 02:29:00+00:00
404656,18-24,M,News,Tablet,Northeast,0,6.18,2023-04-05 22:30:00+00:00
404657,18-24,M,Finance,Web,Northeast,0,6.3863,2023-05-30 05:29:00+00:00
404658,25-34,M,Housing,Tablet,Southeast,0,3.6688,2023-01-16 15:02:00+00:00
404659,45-54,M,Housing,Web,West,1,12.58,2023-04-05 22:04:00+00:00
404660,25-34,F,Retail,Mobile,Southeast,0,3.905,2023-05-05 04:52:00+00:00
404661,55+,M,News,Mobile,South,0,1.2625,2023-01-31 18:21:00+00:00
404662,25-34,M,Auto,Web,Southeast,0,6.64,2023-04-28 09:42:00+00:00
404663,35-44,M,News,Mobile,Midwest,0,3.4638,2023-02-21 03:15:00+00:00
404664,35-44,F,Auto,Mobile,Midwest,0,12.9025,2023-05-23 10:03:00+00:00
404665,25-34,F,News,Mobile,Southeast,0,11.36,2023-06-03 21:47:00+00:00
404666,35-44,F,Auto,Web,Midwest,0,5.8063,2023-01-06 05:26:00+00:00
404667,18-24,F,Health,Web,Northeast,0,0.7338,2023-02-17 11:32:00+00:00
404668,35-44,F,Auto,Tablet,Midwest,0,9.14,2023-02-12 06:48:00+00:00
404669,55+,F,Auto,Web,South,0,7.9837,2023-01-28 03:03:00+00:00
404670,25-34,M,Housing,Tablet,Southeast,0,8.625,2023-04-11 04:05:00+00:00
404671,45-54,F,Retail,Tablet,West,0,6.62,2023-02-26 20:33:00+00:00
404672,18-24,M,Finance,Web,Northeast,0,3.8825,2023-01-27 02:03:00+00:00
404673,18-24,M,News,Mobile,Northeast,0,3.2287,2023-03-05 15:00:00+00:00
404674,35-44,F,Housing,Mobile,Midwest,1,5.56,2023-03-25 23:03:00+00:00
404675,18-24,M,News,Tablet,Northeast,0,12.5938,2023-04-26 19:25:00+00:00
404676,25-34,M,Health,Web,Southeast,1,10.99,2023-02-02 08:56:00+00:00
404677,45-54,M,Housing,Mobile,West,0,7.8,2023-02-05 11:05:00+00:00
404678,18-24,M,Retail,Mobile,Northeast,0,6.4025,2023-06-12 18:48:00+00:00
404679,35-44,M,Finance,Tablet,Midwest,0,10.9725,2023-06-08 02:14:00+00:00
404680,18-24,M,Finance,Web,Northeast,0,15.22,2023-01-07 06:35:00+00:00
404681,45-54,F,Finance,Tablet,West,0,11.2863,2023-01-30 05:29:00+00:00
404682,25-34,F,Retail,Tablet,Southeast,1,2.135,2023-03-30 04:04:00+00:00
404683,25-34,M,Auto,Web,Southeast,0,15.24,2023-01-28 03:12:00+00:00
404684,35-44,M,News,Tablet,Midwest,0,12.9038,2023-04-14 19:06:00+00:00
404685,55+,F,Auto,Mobile,South,1,7.6863,2023-06-19 13:24:00+00:00
404686,35-44,M,News,Tablet,Midwest,0,15.3,2023-04-01 06:47:00+00:00
404687,35-44,M,News,Mobile,Midwest,0,10.8112,2023-04-20 01:41:00+00:00
404688,55+,F,Housing,Mobile,South,0,0.8275,2023-05-03 14:17:00+00:00
404689,35-44,M,News,Tablet,Midwest,0,12.54,2023-01-13 00:01:00+00:00
404690,45-54,M,Auto,Mobile,West,1,10.9863,2023-05-30 05:12:00+00:00
404691,25-34,F,News,Tablet,Southeast,0,7.4525,2023-05-23 10:20:00+00:00
404692,45-54,F,Finance,Mobile,West,0,8.46,2023-05-09 20:18:00+00:00
404693,35-44,F,Health,Web,Midwest,0,6.5838,2023-01-08 19:52:00+00:00
404694,35-44,F,Auto,Tablet,Midwest,1,3.9613,2023-03-11 09:44:00+00:00
404695,35-44,F,Auto,Mobile,Midwest,0,10.32,2023-05-22 09:28:00+00:00
404696,55+,F,Auto,Web,South,0,3.2713,2023-03-19 17:36:00+00:00
404697,25-34,F,News,Tablet,Southeast,1,0.5513,2023-05-02 01:34:00+00:00
404698,18-24,F,Health,Tablet,Northeast,0,8.22,2023-02-06 12:56:00+00:00
404699,18-24,F,Housing,Web,Northeast,1,0.645,2023-02-26 20:16:00+00:00
404700,35-44,M,Finance,Web,Midwest,0,5.11,2023-03-30 16:46:00+00:00
404701,25-34,F,Housing,Web,Northeast,0,7.56,2023-02-13 19:40:00+00:00
404702,35-44,F,Health,Mobile,Midwest,0,2.4837,2023-03-09 19:01:00+00:00
404703,18-24,F,Health,Mobile,Northeast,0,4.0463,2023-04-08 13:39:00+00:00
404704,45-54,M,Auto,Mobile,West,1,9.3,2023-04-21 14:41:00+00:00
404705,18-24,M,Finance,Mobile,Northeast,0,10.775,2023-02-10 04:05:00+00:00
404706,25-34,F,Retail,Web,Southeast,0,0.9912,2023-06-03 09:13:00+00:00
404707,55+,F,Housing,Web,South,0,8.06,2023-04-19 00:24:00+00:00
404708,35-44,F,Housing,Tablet,Midwest,0,0.6887,2023-01-12 23:27:00+00:00
404709,18-24,F,Health,Web,Northeast,0,11.6013,2023-05-22 09:03:00+00:00
404710,55+,M,Finance,Web,South,0,6.64,2023-01-18 05:11:00+00:00
404711,55+,M,Finance,Web,South,1,10.645,2023-03-18 04:45:00+00:00
404712,18-24,F,Auto,Web,Northeast,1,5.455,2023-05-05 04:00:00+00:00
404713,45-54,M,Auto,Tablet,West,0,7.36,2023-04-24 17:16:00+00:00
404714,25-34,F,Retail,Mobile,Southeast,1,6.6638,2023-01-12 11:10:00+00:00
404715,45-54,F,Retail,Web,West,1,2.8275,2023-03-24 22:54:00+00:00
404716,25-34,F,Retail,Tablet,Southeast,0,8.18,2023-04-25 18:33:00+00:00
404717,35-44,F,Housing,Web,Midwest,0,7.4912,2023-06-23 17:16:00+00:00
404718,55+,M,Retail,Mobile,South,0,4.8812,2023-01-06 17:35:00+00:00
404719,25-34,F,Finance,Tablet,Southeast,0,5.92,2023-02-11 05:48:00+00:00
404720,18-24,M,News,Web,Northeast,0,7.5613,2023-01-30 17:55:00+00:00
404721,45-54,F,News,Web,West,1,12.1387,2023-06-01 07:30:00+00:00
404722,25-34,F,Retail,Tablet,Southeast,0,7.84,2023-04-28 21:51:00+00:00
404723,55+,M,News,Web,South,1,0.705,2023-05-25 12:20:00+00:00
404724,25-34,F,Finance,Tablet,Southeast,0,6.6762,2023-03-23 21:37:00+00:00
404725,35-44,F,Health,Tablet,Midwest,0,6.04,2023-03-29 15:29:00+00:00
404726,18-24,M,Finance,Web,Northeast,0,7.2962,2023-06-07 13:31:00+00:00
404727,35-44,M,Finance,Mobile,Midwest,1,0.7362,2023-05-30 05:29:00+00:00
404728,45-54,M,Auto,Mobile,West,0,7.16,2023-01-04 03:43:00+00:00
404729,18-24,F,Housing,Web,Northeast,0,11.19,2023-04-23 16:07:00+00:00
404730,25-34,M,Auto,Tablet,Southeast,0,5.69,2023-06-22 16:33:00+00:00
404731,55+,F,Housing,Mobile,South,0,10.1,2023-03-12 10:01:00+00:00
404732,35-44,M,News,Web,Midwest,0,0.685,2023-04-19 12:24:00+00:00
404733,18-24,F,Health,Tablet,Northeast,0,12.945,2023-04-27 20:25:00+00:00
404734,18-24,F,Health,Tablet,Northeast,0,7.48,2023-04-30 11:17:00+00:00
404735,55+,F,Auto,Tablet,South,0,10.5825,2023-03-28 02:03:00+00:00
404736,35-44,F,Health,Web,Midwest,1,6.1625,2023-01-31 18:47:00+00:00
404737,55+,F,Health,Web,South,0,8.24,2023-01-18 17:11:00+00:00
404738,35-44,M,Finance,Tablet,Midwest,0,9.5312,2023-02-15 09:40:00+00:00
404739,25-34,F,Finance,Mobile,Southeast,0,2.18,2023-02-14 08:57:00+00:00
404740,18-24,F,Health,Tablet,Northeast,1,15.28,2023-01-30 05:12:00+00:00
404741,25-34,M,Health,Mobile,Southeast,0,8.8187,2023-05-16 15:19:00+00:00
404742,45-54,F,Finance,Web,West,1,7.0375,2023-05-11 22:35:00+00:00
404743,35-44,F,Auto,Mobile,Midwest,0,9.98,2023-01-05 16:17:00+00:00
404744,35-44,F,Auto,Mobile,Midwest,1,12.515,2023-04-03 20:56:00+00:00
404745,25-34,F,Finance,Web,Southeast,1,7.7075,2023-04-17 22:23:00+00:00
404746,35-44,F,Housing,Tablet,Midwest,0,8.8,2023-01-06 05:43:00+00:00
404747,55+,M,News,Web,South,1,11.4238,2023-03-01 11:17:00+00:00
404748,35-44,M,Retail,Web,Midwest,0,3.2088,2023-02-17 23:32:00+00:00
404749,35-44,M,News,Tablet,Midwest,0,11.64,2023-03-29 15:12:00+00:00
404750,35-44,M,News,Mobile,Midwest,1,12.5712,2023-03-19 17:28:00+00:00
404751,25-34,F,Housing,Web,Northeast,0,8.84,2023-06-17 11:49:00+00:00
404752,35-44,F,Housing,Web,Midwest,0,12.56,2023-02-23 05:24:00+00:00
404753,45-54,M,Auto,Mobile,West,0,5.7337,2023-04-18 11:58:00+00:00
404754,18-24,F,Health,Mobile,Northeast,1,10.2625,2023-02-20 02:58:00+00:00
404755,18-24,F,Housing,Mobile,Northeast,0,12.0,2023-01-26 01:29:00+00:00
404756,35-44,F,Auto,Web,Midwest,1,7.9162,2023-06-03 21:13:00+00:00
404757,55+,F,Auto,Tablet,South,0,10.495,2023-06-26 20:16:00+00:00
404758,55+,F,Health,Tablet,South,1,13.12,2023-06-11 05:40:00+00:00
404759,55+,F,Housing,Mobile,South,0,8.1275,2023-03-04 14:26:00+00:00
404760,18-24,F,Health,Tablet,Northeast,0,10.3125,2023-01-11 10:27:00+00:00
404761,55+,F,Health,Mobile,South,1,7.16,2023-05-04 15:17:00+00:00
404762,35-44,M,Retail,Mobile,Midwest,1,8.17,2023-06-06 00:30:00+00:00
404763,45-54,M,Housing,Web,West,0,5.6925,2023-04-25 18:16:00+00:00
404764,35-44,F,Health,Web,Midwest,0,5.74,2023-03-14 12:01:00+00:00
404765,25-34,M,Health,Web,Southeast,1,2.8825,2023-04-17 10:15:00+00:00
404766,35-44,F,Health,Web,Midwest,0,5.6612,2023-04-20 01:15:00+00:00
404767,18-24,M,Finance,Tablet,Northeast,0,10.98,2023-06-04 22:56:00+00:00
404768,55+,F,Housing,Mobile,South,1,9.6888,2023-06-21 15:07:00+00:00
404769,18-24,M,Finance,Tablet,Northeast,0,12.1412,2023-03-15 01:01:00+00:00
404770,55+,F,Auto,Mobile,South,0,12.74,2023-01-23 10:46:00+00:00
404771,55+,M,Retail,Tablet,South,0,9.4525,2023-03-04 02:51:00+00:00
404772,25-34,F,Retail,Web,Southeast,0,6.5225,2023-04-09 02:56:00+00:00
404773,45-54,F,Finance,Mobile,West,1,6.08,2023-03-11 21:27:00+00:00
404774,18-24,F,Housing,Tablet,Northeast,0,12.4012,2023-03-23 09:03:00+00:00
404775,45-54,F,Retail,Mobile,West,0,4.6087,2023-02-17 23:32:00+00:00
404776,35-44,F,Housing,Web,Midwest,0,14.84,2023-03-09 07:09:00+00:00
404777,25-34,M,Housing,Mobile,Southeast,1,1.7263,2023-05-02 13:17:00+00:00
404778,18-24,M,Retail,Mobile,Northeast,0,12.6088,2023-05-08 07:18:00+00:00
404779,45-54,F,News,Tablet,West,1,13.06,2023-06-08 14:05:00+00:00
404780,35-44,M,Finance,Web,Midwest,0,4.1088,2023-05-28 15:03:00+00:00
404781,25-34,F,Finance,Mobile,Southeast,0,8.2112,2023-03-11 09:18:00+00:00
404782,45-54,F,Finance,Mobile,West,0,6.52,2023-04-22 15:15:00+00:00
404783,55+,F,Housing,Web,South,0,0.875,2023-02-10 04:22:00+00:00
404784,35-44,F,Auto,Web,Midwest,0,11.2713,2023-05-18 17:36:00+00:00
404785,35-44,M,Finance,Web,Midwest,0,12.98,2023-02-04 22:22:00+00:00
404786,25-34,M,Auto,Tablet,Southeast,1,11.1363,2023-03-11 21:01:00+00:00
404787,18-24,F,Housing,Mobile,Northeast,0,10.375,2023-05-21 20:54:00+00:00
404788,25-34,F,Retail,Web,Southeast,0,13.54,2023-05-23 10:28:00+00:00
404789,25-34,M,Auto,Mobile,Southeast,1,4.2538,2023-05-24 11:20:00+00:00
404790,35-44,M,Retail,Mobile,Midwest,0,2.0025,2023-01-23 10:28:00+00:00
404791,45-54,F,Retail,Web,West,0,9.8,2023-05-16 15:10:00+00:00
404792,25-34,F,Retail,Tablet,Southeast,0,7.4688,2023-04-26 07:07:00+00:00
404793,45-54,F,News,Mobile,West,0,6.6813,2023-03-27 01:37:00+00:00
404794,18-24,M,Finance,Mobile,Northeast,0,8.78,2023-05-05 16:52:00+00:00
404795,55+,F,Auto,Web,South,0,11.78,2023-02-14 08:49:00+00:00
404796,25-34,M,Health,Web,Southeast,1,3.6963,2023-02-07 13:48:00+00:00
404797,18-24,F,Health,Tablet,Northeast,0,10.06,2023-05-09 20:09:00+00:00
404798,18-24,F,Housing,Mobile,Northeast,0,5.3725,2023-05-19 18:36:00+00:00
404799,18-24,F,Housing,Web,Northeast,1,1.505,2023-06-14 20:40:00+00:00
404800,18-24,M,Finance,Web,Northeast,0,12.68,2023-01-20 19:54:00+00:00
404801,25-34,F,Housing,Tablet,Northeast,1,7.4,2023-06-05 23:47:00+00:00
404802,35-44,F,Health,Tablet,Midwest,0,4.6775,2023-05-03 14:08:00+00:00
404803,25-34,F,Finance,Mobile,Southeast,0,6.36,2023-06-13 07:57:00+00:00
404804,25-34,F,Retail,Mobile,Southeast,0,10.52,2023-03-18 16:19:00+00:00
404805,35-44,M,Retail,Tablet,Midwest,0,10.0475,2023-03-20 06:02:00+00:00
404806,55+,M,Finance,Mobile,South,0,11.46,2023-04-29 22:25:00+00:00
404807,45-54,F,Retail,Tablet,West,0,4.8163,2023-06-03 21:39:00+00:00
404808,35-44,M,Retail,Mobile,Midwest,0,9.7937,2023-01-16 03:45:00+00:00
404809,45-54,F,News,Web,West,0,14.3,2023-06-10 04:48:00+00:00
404810,18-24,F,Auto,Web,Northeast,0,3.7125,2023-04-21 02:50:00+00:00
404811,55+,M,News,Tablet,South,0,9.3812,2023-01-26 01:20:00+00:00
404812,45-54,M,Auto,Mobile,West,0,11.14,2023-01-23 22:37:00+00:00
404813,35-44,F,Health,Tablet,Midwest,0,4.445,2023-04-07 12:30:00+00:00
404814,18-24,F,Housing,Tablet,Northeast,1,9.8038,2023-06-13 19:40:00+00:00
404815,55+,M,News,Mobile,South,1,7.9,2023-05-21 20:11:00+00:00
404816,25-34,F,News,Tablet,Southeast,1,11.0675,2023-05-15 14:02:00+00:00
404817,18-24,M,News,Tablet,Northeast,0,11.5962,2023-02-07 13:22:00+00:00
404818,35-44,F,Auto,Mobile,Midwest,1,6.22,2023-06-26 08:59:00+00:00
404819,35-44,M,Retail,Web,Midwest,1,9.815,2023-04-23 04:07:00+00:00
404820,55+,M,News,Web,South,0,5.6787,2023-01-04 15:00:00+00:00
404821,25-34,F,Retail,Tablet,Southeast,0,9.46,2023-02-08 14:48:00+00:00
404822,55+,F,Health,Mobile,South,0,0.9038,2023-02-13 19:31:00+00:00
404823,55+,M,Retail,Tablet,South,0,9.2675,2023-02-24 06:50:00+00:00
404824,35-44,M,Finance,Web,Midwest,0,7.46,2023-04-29 22:08:00+00:00
404825,45-54,M,Health,Tablet,West,0,4.2387,2023-01-12 23:18:00+00:00
404826,35-44,F,Health,Mobile,Midwest,0,11.465,2023-05-13 12:36:00+00:00
404827,18-24,M,News,Mobile,Northeast,0,10.6,2023-03-17 03:36:00+00:00
404828,45-54,M,Health,Web,West,0,7.3213,2023-02-07 01:22:00+00:00
404829,18-24,F,Health,Web,Northeast,1,1.4087,2023-05-08 07:52:00+00:00
404830,25-34,M,Housing,Web,Southeast,0,7.6,2023-01-26 01:12:00+00:00
404831,25-34,F,Finance,Web,Southeast,1,10.7637,2023-03-13 11:27:00+00:00
404832,35-44,M,Retail,Tablet,Midwest,0,9.9537,2023-05-04 03:00:00+00:00
404833,35-44,F,Housing,Mobile,Midwest,0,11.38,2023-04-05 10:04:00+00:00
404834,55+,M,Retail,Web,South,0,10.6363,2023-03-11 21:35:00+00:00
404835,25-34,F,Retail,Tablet,Southeast,0,5.1188,2023-05-16 15:45:00+00:00
404836,18-24,M,News,Web,Northeast,0,7.62,2023-01-07 18:43:00+00:00
404837,45-54,F,News,Web,West,0,12.0587,2023-01-08 07:18:00+00:00
404838,25-34,F,News,Tablet,Southeast,0,10.1325,2023-03-08 18:26:00+00:00
404839,25-34,F,Finance,Web,Southeast,1,15.28,2023-06-19 01:49:00+00:00
404840,25-34,M,Health,Tablet,Southeast,0,5.12,2023-01-17 16:53:00+00:00
404841,55+,F,Auto,Mobile,South,0,2.5225,2023-02-08 02:05:00+00:00
404842,25-34,M,Auto,Web,Southeast,1,13.1,2023-01-01 12:42:00+00:00
404843,35-44,M,Retail,Mobile,Midwest,0,6.6562,2023-05-06 05:26:00+00:00
404844,25-34,M,Auto,Tablet,Southeast,0,5.2363,2023-03-11 21:44:00+00:00
404845,35-44,M,News,Web,Midwest,0,13.52,2023-01-22 21:45:00+00:00
404846,35-44,M,Finance,Mobile,Midwest,1,3.685,2023-01-29 04:04:00+00:00
404847,25-34,M,Auto,Mobile,Southeast,0,11.7525,2023-01-23 10:03:00+00:00
404848,45-54,M,Health,Tablet,West,0,15.48,2023-02-09 03:05:00+00:00
404849,55+,M,News,Tablet,South,0,7.0163,2023-06-03 21:13:00+00:00
404850,18-24,F,Auto,Web,Northeast,1,11.6125,2023-02-20 02:32:00+00:00
404851,25-34,F,Housing,Web,Northeast,1,15.04,2023-03-19 05:53:00+00:00
404852,55+,M,Retail,Web,South,1,11.3125,2023-05-11 10:52:00+00:00
404853,45-54,F,News,Web,West,0,9.465,2023-04-23 04:41:00+00:00
404854,35-44,F,Auto,Web,Midwest,0,13.72,2023-04-22 03:50:00+00:00
404855,45-54,F,News,Web,West,0,0.5475,2023-02-28 22:25:00+00:00
404856,45-54,M,Health,Mobile,West,0,0.8488,2023-04-30 23:51:00+00:00
404857,25-34,F,Finance,Web,Southeast,1,10.0,2023-03-07 17:35:00+00:00
404858,18-24,F,Housing,Tablet,Northeast,0,10.9838,2023-03-09 19:01:00+00:00
404859,25-34,M,Auto,Tablet,Southeast,0,2.7637,2023-01-12 11:01:00+00:00
404860,45-54,M,Health,Tablet,West,1,9.04,2023-04-28 21:08:00+00:00
404861,55+,F,Health,Tablet,South,1,9.0,2023-05-21 08:54:00+00:00
404862,35-44,F,Housing,Tablet,Midwest,0,2.28,2023-03-26 00:29:00+00:00
404863,18-24,F,Housing,Mobile,Northeast,0,8.68,2023-05-20 07:37:00+00:00
404864,25-34,F,Retail,Mobile,Southeast,1,0.8287,2023-04-14 07:23:00+00:00
404865,18-24,M,Finance,Tablet,Northeast,0,3.3912,2023-06-03 09:30:00+00:00
404866,45-54,M,Housing,Web,West,1,6.56,2023-06-03 09:21:00+00:00
404867,35-44,M,Finance,Tablet,Midwest,1,7.7325,2023-05-27 02:55:00+00:00
404868,45-54,M,Housing,Tablet,West,0,1.49,2023-01-13 00:44:00+00:00
404869,35-44,M,Finance,Tablet,Midwest,0,6.96,2023-02-03 09:13:00+00:00
404870,45-54,F,Finance,Mobile,West,0,1.0863,2023-06-19 13:24:00+00:00
404871,45-54,F,Retail,Web,West,0,7.8012,2023-04-12 17:14:00+00:00
404872,55+,F,Health,Mobile,South,1,8.22,2023-04-27 20:25:00+00:00
404873,25-34,M,Auto,Tablet,Southeast,0,4.34,2023-04-03 08:13:00+00:00
404874,45-54,F,News,Web,West,0,5.8213,2023-05-18 17:45:00+00:00
404875,55+,F,Health,Mobile,South,0,7.4,2023-04-26 19:25:00+00:00
404876,25-34,F,Retail,Web,Southeast,1,12.0988,2023-03-01 23:42:00+00:00
404877,25-34,F,Retail,Tablet,Southeast,1,3.1125,2023-01-31 18:38:00+00:00
404878,35-44,F,Auto,Web,Midwest,0,14.52,2023-06-01 07:38:00+00:00
404879,35-44,F,Health,Tablet,Midwest,1,5.5275,2023-05-03 14:26:00+00:00
404880,35-44,M,News,Web,Midwest,1,12.68,2023-03-26 00:20:00+00:00
404881,45-54,M,Housing,Tablet,West,0,10.74,2023-04-13 18:57:00+00:00
404882,35-44,F,Housing,Tablet,Midwest,1,4.4238,2023-03-01 11:42:00+00:00
404883,35-44,M,Finance,Web,Midwest,0,9.82,2023-02-06 00:13:00+00:00
404884,18-24,M,News,Mobile,Northeast,0,10.96,2023-06-23 05:16:00+00:00
404885,55+,F,Housing,Tablet,South,0,3.1787,2023-05-04 15:17:00+00:00
404886,45-54,F,Retail,Mobile,West,0,11.4213,2023-03-19 17:19:00+00:00
404887,55+,F,Health,Mobile,South,1,11.8,2023-03-17 03:02:00+00:00
404888,18-24,M,Finance,Tablet,Northeast,0,12.3413,2023-06-23 17:50:00+00:00
404889,18-24,M,News,Tablet,Northeast,1,7.1588,2023-04-18 23:23:00+00:00
404890,25-34,F,Finance,Tablet,Southeast,1,14.2,2023-06-25 07:07:00+00:00
404891,55+,M,News,Mobile,South,1,11.3763,2023-04-12 05:05:00+00:00
404892,45-54,F,Retail,Mobile,West,0,1.2138,2023-06-01 19:04:00+00:00
404893,25-34,F,News,Web,Southeast,0,11.68,2023-06-19 01:07:00+00:00
404894,45-54,F,News,Mobile,West,0,3.9312,2023-03-07 17:26:00+00:00
404895,55+,F,Housing,Web,South,0,4.2225,2023-02-08 02:14:00+00:00
404896,55+,F,Housing,Tablet,South,0,7.58,2023-04-15 08:06:00+00:00
404897,45-54,M,Health,Web,West,1,11.8788,2023-05-24 23:11:00+00:00
404898,55+,F,Housing,Tablet,South,0,11.5175,2023-02-04 22:39:00+00:00
404899,25-34,F,Retail,Mobile,Southeast,0,6.2,2023-05-16 15:45:00+00:00
404900,35-44,F,Health,Tablet,Midwest,0,1.1513,2023-06-11 17:40:00+00:00
404901,25-34,F,Housing,Web,Northeast,0,13.78,2023-02-04 10:22:00+00:00
404902,25-34,F,Finance,Tablet,Southeast,0,14.76,2023-04-14 07:31:00+00:00
404903,18-24,F,Health,Mobile,Northeast,0,1.6875,2023-06-20 14:15:00+00:00
404904,35-44,M,Finance,Mobile,Midwest,1,6.5237,2023-03-21 19:28:00+00:00
404905,55+,M,News,Web,South,0,7.58,2023-03-26 00:03:00+00:00
404906,45-54,M,Auto,Tablet,West,1,11.7725,2023-01-19 18:11:00+00:00
404907,18-24,M,Retail,Tablet,Northeast,0,3.4075,2023-06-16 22:06:00+00:00
404908,25-34,M,Housing,Web,Southeast,0,14.84,2023-01-08 19:26:00+00:00
404909,55+,F,Auto,Web,South,0,0.555,2023-05-05 04:09:00+00:00
404910,45-54,F,Retail,Web,West,0,12.8187,2023-02-25 07:07:00+00:00
404911,45-54,M,Housing,Web,West,0,14.0,2023-04-16 09:49:00+00:00
404912,25-34,F,News,Tablet,Southeast,0,8.025,2023-01-21 20:54:00+00:00
404913,45-54,M,Auto,Web,West,1,2.6113,2023-03-11 09:01:00+00:00
404914,45-54,M,Health,Tablet,West,0,9.34,2023-02-22 16:24:00+00:00
404915,35-44,F,Housing,Mobile,Midwest,0,12.6237,2023-01-20 19:02:00+00:00
404916,55+,F,Auto,Mobile,South,0,3.2975,2023-02-08 14:14:00+00:00
404917,18-24,M,Finance,Mobile,Northeast,0,6.58,2023-06-24 18:24:00+00:00
404918,18-24,M,News,Mobile,Northeast,0,8.6625,2023-04-01 18:47:00+00:00
404919,45-54,F,News,Web,West,1,9.6337,2023-03-09 19:35:00+00:00
404920,25-34,F,News,Mobile,Southeast,0,12.84,2023-01-28 15:29:00+00:00
404921,25-34,M,Auto,Mobile,Southeast,1,1.9888,2023-06-21 15:15:00+00:00
404922,35-44,M,Finance,Web,Midwest,0,11.7575,2023-01-27 14:12:00+00:00
404923,55+,M,News,Web,South,1,8.5,2023-01-11 10:01:00+00:00
404924,55+,F,Housing,Web,South,0,3.5737,2023-04-30 11:08:00+00:00
404925,45-54,M,Auto,Mobile,West,0,5.14,2023-02-02 08:21:00+00:00
404926,45-54,M,Health,Mobile,West,0,9.5,2023-03-02 00:25:00+00:00
404927,55+,F,Auto,Tablet,South,0,8.5463,2023-04-08 13:31:00+00:00
404928,25-34,M,Housing,Mobile,Southeast,0,11.75,2023-02-10 16:05:00+00:00
404929,45-54,F,Retail,Tablet,West,1,6.3,2023-05-21 20:28:00+00:00
404930,18-24,F,Health,Mobile,Northeast,0,3.4275,2023-05-23 22:28:00+00:00
404931,35-44,F,Housing,Mobile,Midwest,0,9.585,2023-01-09 20:35:00+00:00
404932,35-44,M,News,Mobile,Midwest,0,12.66,2023-04-29 22:25:00+00:00
404933,18-24,M,Retail,Web,Northeast,1,5.5687,2023-03-17 15:19:00+00:00
404934,25-34,F,News,Mobile,Southeast,0,8.8887,2023-06-21 15:24:00+00:00
404935,55+,M,Retail,Web,South,1,9.38,2023-02-04 10:30:00+00:00
404936,45-54,M,Auto,Mobile,West,0,2.57,2023-03-18 16:53:00+00:00
404937,25-34,F,Retail,Mobile,Southeast,0,12.9512,2023-06-11 17:23:00+00:00
404938,35-44,M,Finance,Tablet,Midwest,0,5.98,2023-05-25 00:54:00+00:00
404939,25-34,M,Health,Web,Southeast,0,7.3825,2023-05-07 18:09:00+00:00
404940,25-34,F,Retail,Web,Southeast,0,12.265,2023-02-22 04:16:00+00:00
404941,35-44,M,Finance,Tablet,Midwest,0,9.44,2023-04-28 09:25:00+00:00
404942,35-44,F,Health,Mobile,Midwest,1,8.4863,2023-05-10 21:27:00+00:00
404943,25-34,M,Housing,Web,Southeast,0,8.6888,2023-02-21 15:07:00+00:00
404944,18-24,M,News,Tablet,Northeast,1,8.2,2023-03-17 15:53:00+00:00
404945,18-24,F,Auto,Web,Northeast,0,7.8925,2023-02-04 10:13:00+00:00
404946,55+,M,Retail,Tablet,South,0,11.5913,2023-06-03 09:39:00+00:00
404947,25-34,F,News,Tablet,Southeast,0,9.82,2023-03-18 16:28:00+00:00
404948,45-54,F,News,Mobile,West,0,2.6375,2023-04-01 06:30:00+00:00
404949,55+,M,News,Web,South,1,9.4125,2023-01-31 18:12:00+00:00
404950,35-44,M,Finance,Tablet,Midwest,0,11.32,2023-02-01 07:04:00+00:00
404951,25-34,F,Housing,Tablet,Northeast,0,11.38,2023-06-24 18:33:00+00:00
404952,25-34,M,Housing,Tablet,Southeast,0,12.75,2023-06-10 16:14:00+00:00
404953,25-34,F,Retail,Tablet,Southeast,0,5.98,2023-05-05 04:34:00+00:00
404954,25-34,F,Retail,Mobile,Southeast,0,6.935,2023-04-19 12:49:00+00:00
404955,55+,F,Health,Web,South,0,11.9763,2023-05-22 21:03:00+00:00
404956,25-34,F,Retail,Web,Southeast,0,10.22,2023-02-06 12:30:00+00:00
404957,35-44,F,Health,Web,Midwest,0,11.095,2023-06-06 12:30:00+00:00
404958,35-44,F,Housing,Mobile,Midwest,0,12.375,2023-03-02 12:00:00+00:00
404959,18-24,F,Auto,Tablet,Northeast,1,8.0,2023-01-06 05:17:00+00:00
404960,25-34,F,News,Tablet,Southeast,1,2.0962,2023-03-19 05:53:00+00:00
404961,45-54,F,Finance,Tablet,West,0,12.1125,2023-05-31 18:30:00+00:00
404962,18-24,F,Auto,Mobile,Northeast,0,9.76,2023-04-04 09:21:00+00:00
404963,35-44,F,Housing,Tablet,Midwest,0,6.6387,2023-06-21 15:41:00+00:00
404964,35-44,M,Retail,Web,Midwest,0,9.4775,2023-05-23 22:28:00+00:00
404965,55+,F,Auto,Web,South,0,8.24,2023-05-18 17:19:00+00:00
404966,25-34,F,Finance,Mobile,Southeast,0,8.7112,2023-05-10 09:52:00+00:00
404967,18-24,M,News,Tablet,Northeast,1,10.0113,2023-05-30 17:21:00+00:00
404968,18-24,F,Auto,Web,Northeast,0,14.86,2023-03-10 20:09:00+00:00
404969,35-44,F,Housing,Web,Midwest,0,11.4712,2023-06-27 09:51:00+00:00
404970,18-24,M,News,Web,Northeast,0,3.4937,2023-05-16 03:53:00+00:00
404971,35-44,M,Finance,Mobile,Midwest,0,14.26,2023-02-28 22:42:00+00:00
404972,18-24,F,Health,Web,Northeast,0,6.9725,2023-02-08 02:05:00+00:00
404973,18-24,F,Auto,Mobile,Northeast,0,11.495,2023-02-06 12:13:00+00:00
404974,45-54,M,Housing,Tablet,West,0,10.16,2023-03-15 13:27:00+00:00
404975,55+,M,Retail,Tablet,South,0,6.3738,2023-01-20 19:45:00+00:00
404976,45-54,F,Finance,Web,West,0,5.7675,2023-03-16 14:53:00+00:00
404977,18-24,F,Auto,Web,Northeast,1,8.06,2023-03-10 08:35:00+00:00
404978,35-44,F,Housing,Tablet,Midwest,0,10.5813,2023-01-06 17:09:00+00:00
404979,45-54,M,Auto,Web,West,0,11.9288,2023-06-13 07:23:00+00:00
404980,55+,F,Auto,Web,South,1,10.24,2023-04-28 21:51:00+00:00
404981,45-54,F,Finance,Mobile,West,0,12.315,2023-02-22 04:33:00+00:00
404982,25-34,M,Auto,Mobile,Southeast,0,5.9938,2023-02-05 11:39:00+00:00
404983,55+,M,News,Tablet,South,1,14.52,2023-02-01 19:47:00+00:00
404984,45-54,M,Housing,Tablet,West,1,11.1288,2023-06-13 07:14:00+00:00
404985,18-24,M,Finance,Mobile,Northeast,1,9.5288,2023-04-14 07:57:00+00:00
404986,25-34,F,News,Tablet,Southeast,0,9.6,2023-06-15 09:23:00+00:00
404987,35-44,F,Health,Mobile,Midwest,0,7.5412,2023-06-23 17:41:00+00:00
404988,25-34,M,Housing,Mobile,Southeast,0,1.8125,2023-03-12 10:01:00+00:00
404989,25-34,F,Finance,Mobile,Southeast,1,11.84,2023-01-18 05:11:00+00:00
404990,45-54,M,Health,Mobile,West,0,6.935,2023-02-18 12:15:00+00:00
404991,55+,F,Auto,Tablet,South,1,2.1738,2023-03-21 19:54:00+00:00
404992,18-24,F,Health,Web,Northeast,0,14.86,2023-01-09 20:44:00+00:00
404993,55+,F,Housing,Mobile,South,0,3.5875,2023-05-31 06:21:00+00:00
404994,35-44,M,News,Web,Midwest,1,3.7062,2023-02-15 21:40:00+00:00
404995,25-34,F,Retail,Web,Southeast,0,8.7,2023-01-21 20:45:00+00:00
404996,55+,F,Health,Mobile,South,0,9.9113,2023-06-19 01:41:00+00:00
404997,25-34,F,Finance,Mobile,Southeast,0,3.8675,2023-01-15 14:27:00+00:00
404998,25-34,M,Health,Mobile,Southeast,1,8.56,2023-02-23 17:24:00+00:00
404999,55+,F,Housing,Tablet,South,1,8.4737,2023-01-20 19:11:00+00:00
405000,55+,F,Health,Tablet,South,0,11.4288,2023-01-04 15:26:00+00:00
405001,25-34,F,Housing,Web,Northeast,0,9.64,2023-02-17 11:49:00+00:00
405002,25-34,F,News,Mobile,Southeast,0,4.2375,2023-01-11 22:35:00+00:00
405003,45-54,F,Retail,Web,West,0,4.3287,2023-04-14 07:49:00+00:00
405004,45-54,F,News,Web,West,0,12.88,2023-06-19 01:07:00+00:00
405005,45-54,M,Housing,Mobile,West,0,11.3462,2023-02-07 13:05:00+00:00
405006,25-34,M,Housing,Tablet,Southeast,0,2.43,2023-05-25 00:29:00+00:00
405007,45-54,F,News,Tablet,West,0,9.42,2023-03-18 16:53:00+00:00
405008,45-54,M,Housing,Web,West,0,11.8488,2023-01-20 07:37:00+00:00
405009,35-44,F,Health,Web,Midwest,0,1.7263,2023-05-22 21:20:00+00:00
405010,35-44,F,Housing,Tablet,Midwest,1,15.48,2023-04-10 15:57:00+00:00
405011,55+,M,News,Mobile,South,0,8.4313,2023-03-27 01:20:00+00:00
405012,35-44,M,News,Mobile,Midwest,0,6.2588,2023-05-08 07:18:00+00:00
405013,25-34,F,Retail,Web,Southeast,0,10.36,2023-06-13 19:49:00+00:00
405014,45-54,F,Retail,Web,West,0,1.63,2023-01-05 16:17:00+00:00
405015,55+,M,Finance,Mobile,South,1,4.1513,2023-05-02 01:25:00+00:00
405016,55+,M,News,Mobile,South,0,14.6,2023-01-16 03:53:00+00:00
405017,55+,M,Finance,Tablet,South,0,0.6713,2023-01-18 17:02:00+00:00
405018,25-34,F,Finance,Web,Southeast,1,9.5988,2023-02-09 15:39:00+00:00
405019,55+,M,Retail,Mobile,South,0,8.72,2023-05-02 13:34:00+00:00
405020,18-24,F,Housing,Web,Northeast,1,7.6125,2023-01-11 10:10:00+00:00
405021,25-34,M,Housing,Mobile,Southeast,0,8.02,2023-06-06 00:30:00+00:00
405022,55+,M,Finance,Web,South,0,11.28,2023-03-31 17:47:00+00:00
405023,25-34,M,Health,Mobile,Southeast,0,2.4525,2023-04-13 18:48:00+00:00
405024,45-54,F,Finance,Tablet,West,1,11.2225,2023-06-28 10:16:00+00:00
405025,18-24,F,Health,Web,Northeast,0,13.36,2023-01-14 13:36:00+00:00
405026,18-24,M,Retail,Tablet,Northeast,1,2.3163,2023-03-15 13:10:00+00:00
405027,55+,F,Housing,Tablet,South,1,4.46,2023-04-19 00:41:00+00:00
405028,35-44,M,Finance,Tablet,Midwest,0,12.92,2023-02-21 03:33:00+00:00
405029,35-44,M,Retail,Web,Midwest,1,10.9812,2023-03-07 17:52:00+00:00
405030,55+,F,Auto,Mobile,South,1,9.355,2023-01-05 04:43:00+00:00
405031,35-44,F,Health,Tablet,Midwest,1,10.78,2023-01-05 16:52:00+00:00
405032,25-34,M,Auto,Tablet,Southeast,1,6.2125,2023-04-01 18:04:00+00:00
405033,55+,F,Housing,Tablet,South,0,8.5488,2023-02-09 15:22:00+00:00
405034,35-44,M,Retail,Tablet,Midwest,0,6.12,2023-01-12 11:27:00+00:00
405035,25-34,M,Housing,Mobile,Southeast,0,1.6462,2023-02-07 13:31:00+00:00
405036,35-44,M,News,Tablet,Midwest,0,2.1925,2023-02-04 10:39:00+00:00
405037,55+,M,Finance,Web,South,0,5.66,2023-01-09 08:18:00+00:00
405038,45-54,F,Finance,Tablet,West,0,7.3838,2023-02-17 11:58:00+00:00
405039,55+,F,Health,Web,South,1,4.73,2023-01-25 00:20:00+00:00
405040,35-44,M,News,Web,Midwest,0,11.76,2023-01-14 13:27:00+00:00
405041,18-24,M,News,Tablet,Northeast,0,1.2725,2023-06-08 02:31:00+00:00
405042,18-24,F,Auto,Web,Northeast,0,5.915,2023-06-02 20:38:00+00:00
405043,55+,M,News,Mobile,South,0,6.2,2023-04-26 07:33:00+00:00
405044,55+,F,Auto,Tablet,South,0,5.9437,2023-04-26 19:16:00+00:00
405045,45-54,M,Health,Web,West,1,0.9062,2023-02-15 21:06:00+00:00
405046,25-34,M,Auto,Web,Southeast,1,6.8,2023-01-26 01:55:00+00:00
405047,18-24,F,Auto,Tablet,Northeast,0,2.8662,2023-05-14 13:01:00+00:00
405048,45-54,F,Retail,Tablet,West,1,10.5087,2023-03-09 07:09:00+00:00
405049,55+,M,Finance,Web,South,0,6.74,2023-05-03 14:00:00+00:00
405050,18-24,M,Finance,Tablet,Northeast,0,6.6688,2023-03-17 15:53:00+00:00
405051,25-34,F,Housing,Web,Northeast,0,12.6,2023-04-06 23:39:00+00:00
405052,45-54,F,News,Mobile,West,1,14.86,2023-03-10 20:18:00+00:00
405053,55+,M,News,Tablet,South,1,2.6612,2023-02-19 01:49:00+00:00
405054,45-54,F,Retail,Web,West,1,2.7713,2023-02-27 09:16:00+00:00
405055,55+,F,Health,Mobile,South,0,13.52,2023-04-12 05:57:00+00:00
405056,35-44,F,Health,Mobile,Midwest,1,3.5025,2023-01-03 02:26:00+00:00
405057,55+,F,Housing,Tablet,South,0,5.2637,2023-06-01 19:47:00+00:00
405058,35-44,M,News,Tablet,Midwest,0,8.52,2023-02-01 19:55:00+00:00
405059,55+,M,News,Tablet,South,0,1.1875,2023-05-11 22:01:00+00:00
405060,45-54,M,Auto,Mobile,West,0,6.9837,2023-06-17 11:49:00+00:00
405061,25-34,M,Auto,Tablet,Southeast,0,6.12,2023-04-02 07:38:00+00:00
405062,25-34,F,Finance,Tablet,Southeast,1,6.82,2023-04-27 08:16:00+00:00
405063,35-44,F,Auto,Web,Midwest,0,10.8475,2023-04-09 14:39:00+00:00
405064,55+,F,Housing,Web,South,0,6.94,2023-01-13 00:01:00+00:00
405065,35-44,F,Auto,Web,Midwest,1,8.9325,2023-04-17 10:23:00+00:00
405066,35-44,F,Health,Mobile,Midwest,0,1.4638,2023-02-01 19:47:00+00:00
405067,55+,M,Finance,Mobile,South,1,15.38,2023-04-05 10:56:00+00:00
405068,55+,M,News,Mobile,South,1,6.5137,2023-02-01 19:38:00+00:00
405069,25-34,F,Retail,Tablet,Southeast,1,6.9225,2023-04-29 10:08:00+00:00
405070,18-24,M,Retail,Web,Northeast,0,6.42,2023-01-07 06:00:00+00:00
405071,25-34,F,Finance,Tablet,Southeast,0,9.82,2023-05-17 16:36:00+00:00
405072,55+,M,News,Web,South,1,12.85,2023-02-10 16:31:00+00:00
405073,35-44,M,Retail,Web,Midwest,0,6.12,2023-02-01 07:30:00+00:00
405074,18-24,F,Housing,Tablet,Northeast,0,4.445,2023-05-17 04:53:00+00:00
405075,25-34,F,Finance,Mobile,Southeast,1,12.05,2023-01-01 00:25:00+00:00
405076,25-34,F,Finance,Web,Southeast,0,12.68,2023-06-29 11:42:00+00:00
405077,18-24,M,News,Mobile,Northeast,0,8.8575,2023-01-27 14:55:00+00:00
405078,18-24,M,Finance,Web,Northeast,1,8.1425,2023-02-04 10:13:00+00:00
405079,18-24,M,Finance,Mobile,Northeast,0,13.14,2023-05-23 22:46:00+00:00
405080,35-44,M,News,Mobile,Midwest,0,2.36,2023-03-30 16:29:00+00:00
405081,18-24,F,Housing,Tablet,Northeast,1,1.6912,2023-04-04 09:39:00+00:00
405082,55+,F,Housing,Tablet,South,1,13.62,2023-04-17 22:49:00+00:00
405083,35-44,M,Retail,Web,Midwest,0,11.0288,2023-06-13 07:23:00+00:00
405084,25-34,F,Finance,Web,Southeast,1,6.575,2023-01-01 12:34:00+00:00
405085,55+,M,News,Mobile,South,0,11.04,2023-04-08 13:13:00+00:00
405086,55+,M,News,Tablet,South,1,11.1613,2023-05-30 17:04:00+00:00
405087,18-24,F,Health,Web,Northeast,0,3.1263,2023-03-23 21:54:00+00:00
405088,18-24,M,News,Web,Northeast,0,13.32,2023-06-21 03:24:00+00:00
405089,45-54,F,Finance,Mobile,West,0,12.63,2023-05-25 00:12:00+00:00
405090,55+,M,News,Mobile,South,0,8.9975,2023-03-20 06:11:00+00:00
405091,45-54,M,Health,Web,West,0,15.08,2023-04-10 03:14:00+00:00
405092,55+,M,Retail,Web,South,1,12.77,2023-04-27 08:25:00+00:00
405093,55+,M,Finance,Tablet,South,0,10.6962,2023-01-18 05:53:00+00:00
405094,18-24,F,Housing,Tablet,Northeast,0,9.16,2023-02-13 07:57:00+00:00
405095,18-24,F,Housing,Tablet,Northeast,1,3.1387,2023-05-12 23:53:00+00:00
405096,18-24,M,Retail,Web,Northeast,0,5.695,2023-02-26 20:42:00+00:00
405097,45-54,M,Health,Tablet,West,0,15.14,2023-05-23 10:54:00+00:00
405098,55+,F,Auto,Tablet,South,0,5.8637,2023-03-13 11:10:00+00:00
405099,25-34,F,News,Mobile,Southeast,0,4.155,2023-03-26 12:46:00+00:00
405100,25-34,F,Retail,Tablet,Southeast,1,12.08,2023-05-30 17:21:00+00:00
405101,25-34,F,Housing,Tablet,Northeast,0,5.5,2023-05-21 08:54:00+00:00
405102,35-44,F,Housing,Mobile,Midwest,1,10.27,2023-05-17 16:45:00+00:00
405103,45-54,F,Finance,Web,West,1,11.92,2023-03-03 01:17:00+00:00
405104,45-54,F,News,Web,West,0,1.3363,2023-04-20 13:58:00+00:00
405105,35-44,F,Auto,Web,Midwest,0,5.8625,2023-01-11 10:18:00+00:00
405106,35-44,F,Housing,Tablet,Midwest,0,12.32,2023-01-22 21:28:00+00:00
405107,55+,M,Finance,Web,South,0,3.2738,2023-02-09 03:57:00+00:00
405108,55+,M,News,Tablet,South,0,0.6175,2023-02-24 06:24:00+00:00
405109,18-24,F,Auto,Tablet,Northeast,1,14.46,2023-01-29 16:12:00+00:00
405110,35-44,M,Retail,Tablet,Midwest,0,4.43,2023-01-05 16:34:00+00:00
405111,25-34,M,Housing,Mobile,Southeast,0,7.4413,2023-06-23 17:24:00+00:00
405112,35-44,F,Auto,Mobile,Midwest,0,14.6,2023-06-05 11:56:00+00:00
405113,18-24,F,Health,Tablet,Northeast,0,0.5625,2023-05-11 10:35:00+00:00
405114,45-54,F,Retail,Web,West,0,6.6625,2023-04-21 02:50:00+00:00
405115,18-24,F,Auto,Mobile,Northeast,1,8.16,2023-04-04 21:56:00+00:00
405116,25-34,M,Health,Web,Southeast,0,10.4462,2023-05-18 05:19:00+00:00
405117,18-24,F,Health,Web,Northeast,1,5.4825,2023-04-17 10:49:00+00:00
405118,45-54,F,Finance,Tablet,West,0,12.2,2023-01-16 03:19:00+00:00
405119,35-44,M,News,Tablet,Midwest,1,7.9175,2023-02-24 06:42:00+00:00
405120,55+,F,Health,Mobile,South,1,11.82,2023-01-17 16:19:00+00:00
405121,25-34,M,Health,Tablet,Southeast,0,13.84,2023-06-27 21:42:00+00:00
405122,18-24,M,Retail,Tablet,Northeast,1,9.2012,2023-05-02 01:43:00+00:00
405123,25-34,F,Retail,Web,Southeast,0,2.4212,2023-04-28 09:25:00+00:00
405124,55+,M,Retail,Web,South,0,9.4,2023-02-05 23:39:00+00:00
405125,45-54,F,Finance,Mobile,West,0,3.7738,2023-06-09 03:31:00+00:00
405126,55+,M,Finance,Web,South,1,10.8287,2023-05-04 15:51:00+00:00
405127,18-24,M,News,Tablet,Northeast,0,6.06,2023-05-29 16:12:00+00:00
405128,25-34,F,Retail,Web,Southeast,1,11.7487,2023-04-10 15:57:00+00:00
405129,35-44,M,Retail,Mobile,Midwest,0,11.7025,2023-02-12 18:40:00+00:00
405130,45-54,M,Auto,Web,West,0,14.84,2023-03-09 19:18:00+00:00
405131,55+,M,Finance,Mobile,South,1,6.6288,2023-03-05 15:17:00+00:00
405132,18-24,M,Retail,Mobile,Northeast,0,12.59,2023-04-23 16:58:00+00:00
405133,25-34,F,Retail,Mobile,Southeast,0,12.36,2023-06-13 19:49:00+00:00
405134,35-44,M,Finance,Mobile,Midwest,1,7.0462,2023-04-08 13:48:00+00:00
405135,55+,M,Retail,Tablet,South,1,9.465,2023-02-02 20:38:00+00:00
405136,18-24,M,Finance,Web,Northeast,0,10.82,2023-04-17 10:23:00+00:00
405137,45-54,M,Health,Web,West,0,5.135,2023-04-19 12:32:00+00:00
405138,45-54,F,News,Web,West,0,8.3375,2023-05-11 22:52:00+00:00
405139,35-44,F,Housing,Mobile,Midwest,1,12.5,2023-06-20 14:24:00+00:00
405140,18-24,M,Retail,Web,Northeast,0,3.3462,2023-05-18 05:28:00+00:00
405141,25-34,M,Auto,Web,Southeast,0,2.77,2023-01-17 16:36:00+00:00
405142,25-34,F,Retail,Web,Southeast,1,10.3,2023-01-21 08:20:00+00:00
405143,18-24,M,Retail,Mobile,Northeast,0,3.7912,2023-03-15 01:19:00+00:00
405144,25-34,F,News,Mobile,Southeast,0,8.1837,2023-01-28 03:55:00+00:00
405145,55+,M,News,Mobile,South,0,12.14,2023-02-22 16:33:00+00:00
405146,55+,M,Retail,Tablet,South,0,5.7925,2023-01-15 02:44:00+00:00
405147,35-44,F,Health,Web,Midwest,0,10.9738,2023-06-09 03:39:00+00:00
405148,25-34,F,Finance,Mobile,Southeast,0,15.38,2023-02-04 22:47:00+00:00
405149,45-54,F,Retail,Mobile,West,0,10.2212,2023-04-08 01:22:00+00:00
405150,35-44,F,Auto,Web,Midwest,0,1.37,2023-01-17 16:10:00+00:00
405151,25-34,F,Housing,Web,Northeast,0,9.86,2023-06-08 02:56:00+00:00
405152,35-44,F,Health,Mobile,Midwest,1,9.9688,2023-04-06 23:05:00+00:00
405153,55+,F,Health,Tablet,South,0,10.5962,2023-05-18 05:19:00+00:00
405154,25-34,F,News,Web,Southeast,0,13.64,2023-03-09 07:01:00+00:00
405155,35-44,M,News,Web,Midwest,1,9.1625,2023-01-31 18:30:00+00:00
405156,35-44,F,Health,Tablet,Midwest,0,0.6963,2023-02-27 21:25:00+00:00
405157,25-34,M,Housing,Mobile,Southeast,0,9.24,2023-01-08 07:35:00+00:00
405158,18-24,F,Housing,Tablet,Northeast,0,8.4413,2023-06-23 17:24:00+00:00
405159,25-34,F,Retail,Tablet,Southeast,0,12.8525,2023-01-23 10:03:00+00:00
405160,25-34,F,News,Tablet,Southeast,0,11.8,2023-03-17 15:19:00+00:00
405161,18-24,M,News,Tablet,Northeast,0,3.6425,2023-01-15 02:10:00+00:00
405162,55+,F,Auto,Tablet,South,0,12.8588,2023-03-09 07:35:00+00:00
405163,18-24,M,Finance,Mobile,Northeast,0,10.26,2023-03-20 18:54:00+00:00
405164,35-44,F,Health,Mobile,Midwest,0,8.6762,2023-05-02 13:34:00+00:00
405165,35-44,M,Finance,Web,Midwest,0,4.5475,2023-01-19 06:45:00+00:00
405166,55+,F,Health,Web,South,0,15.26,2023-04-19 00:06:00+00:00
405167,55+,F,Housing,Mobile,South,0,12.08,2023-01-05 16:34:00+00:00
405168,18-24,M,Retail,Mobile,Northeast,1,7.52,2023-04-07 00:05:00+00:00
405169,45-54,M,Auto,Mobile,West,0,6.06,2023-04-19 12:58:00+00:00
405170,18-24,M,News,Tablet,Northeast,1,5.5388,2023-02-01 07:47:00+00:00
405171,35-44,F,Health,Tablet,Midwest,0,7.7737,2023-03-01 11:51:00+00:00
405172,45-54,M,Auto,Web,West,0,7.94,2023-03-04 14:17:00+00:00
405173,25-34,F,News,Mobile,Southeast,0,2.92,2023-05-17 16:28:00+00:00
405174,18-24,F,Health,Tablet,Northeast,0,4.3012,2023-01-22 09:54:00+00:00
405175,45-54,M,Health,Tablet,West,0,14.36,2023-04-14 07:06:00+00:00
405176,45-54,M,Health,Tablet,West,0,2.3425,2023-02-04 10:04:00+00:00
405177,35-44,M,Finance,Tablet,Midwest,0,0.9113,2023-01-10 09:18:00+00:00
405178,18-24,F,Housing,Mobile,Northeast,0,7.64,2023-01-08 07:01:00+00:00
405179,35-44,M,Finance,Tablet,Midwest,0,5.7275,2023-04-13 06:06:00+00:00
405180,55+,F,Health,Mobile,South,0,10.9738,2023-03-21 19:11:00+00:00
405181,55+,M,Finance,Web,South,1,7.9,2023-01-21 08:02:00+00:00
405182,18-24,F,Housing,Mobile,Northeast,0,3.8425,2023-05-15 02:27:00+00:00
405183,35-44,M,News,Web,Midwest,0,12.0638,2023-06-01 19:38:00+00:00
405184,25-34,F,Finance,Tablet,Southeast,0,11.08,2023-06-29 23:08:00+00:00
405185,55+,M,News,Web,South,0,8.2488,2023-06-09 15:39:00+00:00
405186,18-24,F,Auto,Tablet,Northeast,0,12.895,2023-06-06 12:56:00+00:00
405187,55+,F,Housing,Mobile,South,0,5.94,2023-05-23 10:54:00+00:00
405188,25-34,M,Auto,Mobile,Southeast,0,6.6087,2023-06-17 23:32:00+00:00
405189,45-54,F,News,Web,West,1,3.2975,2023-04-29 22:25:00+00:00
405190,55+,F,Auto,Mobile,South,1,11.96,2023-03-25 11:46:00+00:00
405191,55+,F,Auto,Mobile,South,0,1.3313,2023-02-15 09:06:00+00:00
405192,45-54,F,Retail,Tablet,West,0,12.7338,2023-05-28 03:55:00+00:00
405193,25-34,F,News,Tablet,Southeast,0,6.22,2023-03-18 16:02:00+00:00
405194,55+,F,Health,Mobile,South,0,4.9275,2023-06-12 06:48:00+00:00
405195,45-54,F,Finance,Mobile,West,0,11.42,2023-03-18 16:02:00+00:00
405196,35-44,M,News,Tablet,Midwest,0,7.34,2023-06-02 08:04:00+00:00
405197,35-44,M,Finance,Tablet,Midwest,0,2.8125,2023-01-11 10:35:00+00:00
405198,45-54,F,Finance,Tablet,West,0,8.2175,2023-03-16 14:02:00+00:00
405199,55+,M,Finance,Tablet,South,0,12.6,2023-01-16 03:27:00+00:00
405200,45-54,M,Auto,Web,West,1,1.3775,2023-04-13 06:40:00+00:00
405201,25-34,F,Housing,Mobile,Northeast,0,7.06,2023-06-08 14:56:00+00:00
405202,35-44,F,Health,Tablet,Midwest,0,8.74,2023-04-13 06:14:00+00:00
405203,18-24,M,News,Mobile,Northeast,0,1.8462,2023-04-08 13:05:00+00:00
405204,55+,F,Housing,Web,South,1,12.3175,2023-02-24 06:16:00+00:00
405205,25-34,M,Auto,Mobile,Southeast,0,14.98,2023-05-15 02:19:00+00:00
405206,35-44,M,News,Tablet,Midwest,0,4.78,2023-01-05 16:26:00+00:00
405207,18-24,F,Health,Web,Northeast,0,9.86,2023-05-29 16:29:00+00:00
405208,55+,F,Health,Mobile,South,0,5.52,2023-05-02 01:17:00+00:00
405209,25-34,F,Finance,Web,Southeast,1,8.6975,2023-01-19 06:45:00+00:00
405210,18-24,F,Health,Web,Northeast,0,2.1338,2023-01-08 19:43:00+00:00
405211,45-54,M,Housing,Tablet,West,1,13.96,2023-02-13 19:31:00+00:00
405212,45-54,F,Retail,Tablet,West,0,9.8763,2023-04-12 05:05:00+00:00
405213,45-54,M,Health,Mobile,West,0,1.1637,2023-05-12 11:44:00+00:00
405214,35-44,M,Finance,Web,Midwest,1,7.76,2023-04-24 05:33:00+00:00
405215,25-34,M,Health,Mobile,Southeast,0,2.6175,2023-02-04 22:04:00+00:00
405216,35-44,M,News,Web,Midwest,0,4.4225,2023-02-08 02:39:00+00:00
405217,25-34,F,Finance,Mobile,Southeast,1,13.4,2023-03-17 15:53:00+00:00
405218,35-44,F,Housing,Web,Midwest,0,6.865,2023-03-14 12:44:00+00:00
405219,55+,F,Auto,Mobile,South,0,11.8,2023-05-21 08:11:00+00:00
405220,45-54,F,Finance,Web,West,0,7.64,2023-05-28 03:38:00+00:00
405221,55+,M,Finance,Web,South,0,1.575,2023-06-10 04:22:00+00:00
405222,45-54,M,Housing,Mobile,West,0,10.77,2023-06-06 00:48:00+00:00
405223,35-44,M,News,Web,Midwest,0,14.3,2023-03-02 12:00:00+00:00
405224,18-24,M,Finance,Mobile,Northeast,0,9.77,2023-02-26 08:25:00+00:00
405225,25-34,F,Retail,Web,Southeast,1,10.6625,2023-04-01 18:55:00+00:00
405226,18-24,F,Housing,Tablet,Northeast,0,13.46,2023-01-19 18:36:00+00:00
405227,35-44,M,Finance,Web,Midwest,1,8.0388,2023-06-21 15:24:00+00:00
405228,45-54,M,Health,Tablet,West,0,2.5775,2023-05-03 14:17:00+00:00
405229,45-54,F,News,Tablet,West,0,12.28,2023-04-10 03:22:00+00:00
405230,35-44,M,Retail,Tablet,Midwest,1,10.0663,2023-06-23 05:41:00+00:00
405231,25-34,F,News,Mobile,Southeast,0,11.0437,2023-04-06 11:22:00+00:00
405232,18-24,F,Health,Mobile,Northeast,0,14.64,2023-02-27 21:59:00+00:00
405233,45-54,M,Health,Web,West,1,12.1587,2023-01-28 15:03:00+00:00
405234,45-54,F,Finance,Mobile,West,0,8.825,2023-05-01 12:00:00+00:00
405235,18-24,M,Retail,Tablet,Northeast,0,7.84,2023-04-28 09:59:00+00:00
405236,45-54,F,Retail,Web,West,1,2.115,2023-04-23 04:58:00+00:00
405237,45-54,M,Health,Web,West,0,3.7575,2023-05-07 06:35:00+00:00
405238,45-54,M,Auto,Mobile,West,0,7.08,2023-04-10 15:22:00+00:00
405239,35-44,F,Housing,Mobile,Midwest,0,6.4825,2023-03-28 02:20:00+00:00
405240,45-54,F,Retail,Tablet,West,0,3.9,2023-04-11 16:57:00+00:00
405241,45-54,F,Retail,Mobile,West,1,13.64,2023-03-29 15:21:00+00:00
405242,25-34,F,Retail,Web,Southeast,0,10.87,2023-04-07 00:56:00+00:00
405243,25-34,M,Health,Mobile,Southeast,0,6.8238,2023-03-01 11:42:00+00:00
405244,18-24,F,Health,Web,Northeast,1,6.56,2023-02-03 21:39:00+00:00
405245,35-44,M,Retail,Tablet,Midwest,0,2.385,2023-01-29 04:29:00+00:00
405246,35-44,F,Auto,Mobile,Midwest,0,10.3775,2023-06-12 06:48:00+00:00
405247,18-24,F,Auto,Tablet,Northeast,0,7.04,2023-01-18 17:28:00+00:00
405248,18-24,F,Auto,Mobile,Northeast,0,4.9887,2023-06-01 07:55:00+00:00
405249,18-24,M,Finance,Web,Northeast,1,8.2025,2023-05-23 10:03:00+00:00
405250,55+,F,Housing,Tablet,South,0,10.38,2023-04-15 20:06:00+00:00
405251,25-34,F,Housing,Mobile,Northeast,0,7.26,2023-04-19 12:24:00+00:00
405252,18-24,M,News,Mobile,Northeast,0,7.2962,2023-06-07 13:56:00+00:00
405253,45-54,M,Health,Mobile,West,0,13.58,2023-03-26 00:20:00+00:00
405254,55+,F,Auto,Mobile,South,0,12.9388,2023-06-01 07:21:00+00:00
405255,35-44,M,Retail,Tablet,Midwest,0,6.1863,2023-05-30 05:55:00+00:00
405256,55+,F,Health,Tablet,South,1,11.6,2023-01-26 01:20:00+00:00
405257,45-54,M,Housing,Mobile,West,1,7.9363,2023-04-20 13:58:00+00:00
405258,55+,M,Retail,Mobile,South,1,12.1312,2023-05-26 01:20:00+00:00
405259,18-24,F,Health,Web,Northeast,1,10.84,2023-04-18 23:15:00+00:00
405260,18-24,M,Retail,Web,Northeast,1,0.7188,2023-05-16 15:53:00+00:00
405261,45-54,M,Housing,Mobile,West,0,0.7288,2023-05-24 23:54:00+00:00
405262,35-44,M,Retail,Web,Midwest,0,12.56,2023-05-14 13:53:00+00:00
405263,25-34,M,Health,Web,Southeast,0,7.3563,2023-01-06 05:52:00+00:00
405264,35-44,M,Finance,Mobile,Midwest,1,10.5587,2023-02-17 23:06:00+00:00
405265,35-44,F,Auto,Tablet,Midwest,0,7.9,2023-02-10 04:57:00+00:00
405266,25-34,M,Health,Web,Southeast,0,3.8813,2023-02-15 09:23:00+00:00
405267,35-44,F,Auto,Web,Midwest,0,5.3937,2023-05-16 03:53:00+00:00
405268,25-34,M,Housing,Web,Southeast,0,6.08,2023-05-10 09:01:00+00:00
405269,45-54,M,Auto,Tablet,West,1,10.805,2023-04-15 20:40:00+00:00
405270,55+,M,Finance,Tablet,South,0,5.5888,2023-06-21 15:24:00+00:00
405271,35-44,M,Finance,Mobile,Midwest,1,14.02,2023-01-27 14:12:00+00:00
405272,45-54,F,Finance,Tablet,West,0,6.9588,2023-01-28 15:29:00+00:00
405273,45-54,F,Finance,Web,West,1,1.8475,2023-02-08 14:48:00+00:00
405274,55+,M,Retail,Mobile,South,0,14.24,2023-05-18 05:11:00+00:00
405275,35-44,F,Health,Tablet,Midwest,0,7.705,2023-06-14 20:57:00+00:00
405276,35-44,M,Retail,Web,Midwest,0,2.5562,2023-04-16 21:40:00+00:00
405277,35-44,F,Health,Mobile,Midwest,1,10.78,2023-02-14 20:49:00+00:00
405278,25-34,F,Retail,Web,Southeast,0,4.7225,2023-04-29 10:59:00+00:00
405279,55+,M,Finance,Tablet,South,1,10.4488,2023-06-09 15:05:00+00:00
405280,45-54,M,Auto,Tablet,West,0,11.58,2023-03-06 16:17:00+00:00
405281,55+,F,Auto,Tablet,South,1,8.335,2023-01-29 04:29:00+00:00
405282,18-24,M,Finance,Web,Northeast,0,1.99,2023-02-22 16:07:00+00:00
405283,18-24,M,News,Tablet,Northeast,0,15.24,2023-03-09 07:09:00+00:00
405284,35-44,M,Retail,Web,Midwest,1,2.2287,2023-05-04 15:51:00+00:00
405285,55+,F,Health,Mobile,South,0,5.1612,2023-04-20 01:32:00+00:00
405286,18-24,F,Housing,Tablet,Northeast,0,6.88,2023-05-30 17:29:00+00:00
405287,55+,F,Health,Tablet,South,0,12.5175,2023-06-04 22:47:00+00:00
405288,25-34,F,Retail,Web,Southeast,0,7.4887,2023-01-12 23:01:00+00:00
405289,25-34,M,Auto,Mobile,Southeast,0,9.5,2023-02-10 16:22:00+00:00
405290,55+,M,Retail,Web,South,0,9.8063,2023-01-06 05:09:00+00:00
405291,25-34,F,News,Tablet,Southeast,1,2.2713,2023-04-08 01:39:00+00:00
405292,35-44,F,Housing,Tablet,Midwest,0,9.9,2023-04-11 04:48:00+00:00
405293,45-54,M,Housing,Web,West,0,2.7887,2023-05-12 23:01:00+00:00
405294,55+,M,Finance,Web,South,1,10.1438,2023-02-25 19:07:00+00:00
405295,35-44,F,Health,Mobile,Midwest,0,6.8,2023-05-26 01:46:00+00:00
405296,35-44,M,Retail,Mobile,Midwest,0,5.0338,2023-01-08 19:09:00+00:00
405297,45-54,M,Housing,Tablet,West,0,9.0575,2023-04-17 22:23:00+00:00
405298,35-44,F,Health,Mobile,Midwest,0,10.04,2023-05-08 19:26:00+00:00
405299,45-54,F,News,Mobile,West,0,5.2213,2023-04-08 01:56:00+00:00
405300,18-24,F,Housing,Web,Northeast,0,2.4512,2023-04-12 17:05:00+00:00
405301,25-34,F,Housing,Tablet,Northeast,0,7.88,2023-06-09 15:22:00+00:00
405302,45-54,M,Housing,Mobile,West,0,0.8688,2023-06-05 23:56:00+00:00
405303,18-24,F,Housing,Web,Northeast,0,11.4275,2023-02-12 06:40:00+00:00
405304,45-54,M,Housing,Tablet,West,0,15.28,2023-02-19 01:24:00+00:00
405305,18-24,F,Auto,Tablet,Northeast,0,12.6625,2023-04-21 02:07:00+00:00
405306,45-54,M,Housing,Mobile,West,0,2.035,2023-04-19 12:49:00+00:00
405307,35-44,M,News,Mobile,Midwest,0,10.96,2023-06-03 09:04:00+00:00
405308,35-44,F,Health,Web,Midwest,0,9.3863,2023-04-20 13:15:00+00:00
405309,18-24,F,Housing,Tablet,Northeast,0,12.1375,2023-02-20 14:07:00+00:00
405310,45-54,M,Auto,Mobile,West,0,10.78,2023-05-25 12:29:00+00:00
405311,45-54,M,Health,Mobile,West,0,11.6475,2023-02-08 14:14:00+00:00
405312,18-24,F,Auto,Mobile,Northeast,1,12.865,2023-02-02 20:13:00+00:00
405313,55+,M,News,Web,South,0,13.18,2023-06-14 20:49:00+00:00
405314,18-24,F,Auto,Web,Northeast,0,3.7675,2023-01-15 14:44:00+00:00
405315,55+,M,Finance,Web,South,1,5.7475,2023-03-20 06:28:00+00:00
405316,35-44,M,Finance,Web,Midwest,0,15.02,2023-05-17 16:53:00+00:00
405317,25-34,F,News,Tablet,Southeast,0,7.2525,2023-02-12 18:48:00+00:00
405318,35-44,F,Health,Web,Midwest,0,12.4712,2023-06-27 09:16:00+00:00
405319,55+,F,Housing,Tablet,South,0,7.88,2023-04-10 03:14:00+00:00
405320,55+,M,Finance,Tablet,South,0,11.6037,2023-05-24 11:03:00+00:00
405321,55+,F,Health,Mobile,South,0,12.1925,2023-03-16 02:02:00+00:00
405322,25-34,F,Finance,Tablet,Southeast,0,10.88,2023-01-30 05:12:00+00:00
405323,55+,M,Finance,Tablet,South,0,4.7763,2023-03-23 21:54:00+00:00
405324,55+,M,News,Tablet,South,0,7.5912,2023-02-03 09:30:00+00:00
405325,18-24,M,Retail,Mobile,Northeast,0,10.24,2023-06-07 13:22:00+00:00
405326,55+,M,News,Web,South,1,5.215,2023-02-02 20:47:00+00:00
405327,55+,M,Retail,Web,South,0,0.8787,2023-05-04 15:34:00+00:00
405328,25-34,F,News,Tablet,Southeast,0,11.96,2023-04-14 19:57:00+00:00
405329,55+,F,Auto,Tablet,South,1,12.2975,2023-06-28 22:16:00+00:00
405330,25-34,M,Auto,Web,Southeast,0,2.5562,2023-03-27 13:20:00+00:00
405331,45-54,M,Housing,Web,West,0,14.14,2023-05-13 00:10:00+00:00
405332,35-44,M,Finance,Tablet,Midwest,0,8.2325,2023-05-27 02:55:00+00:00
405333,45-54,F,Finance,Web,West,0,7.745,2023-03-18 04:45:00+00:00
405334,35-44,M,Finance,Web,Midwest,0,14.36,2023-03-25 11:20:00+00:00
405335,25-34,F,News,Web,Southeast,0,6.0625,2023-06-20 02:58:00+00:00
405336,45-54,M,Health,Mobile,West,0,4.8388,2023-04-02 07:30:00+00:00
405337,18-24,F,Auto,Tablet,Northeast,0,8.76,2023-01-24 23:11:00+00:00
405338,18-24,M,Retail,Web,Northeast,0,5.5812,2023-01-26 01:37:00+00:00
405339,18-24,M,News,Mobile,Northeast,0,4.7687,2023-04-26 07:33:00+00:00
405340,45-54,F,News,Tablet,West,0,8.16,2023-06-23 05:24:00+00:00
405341,25-34,F,Retail,Web,Southeast,0,0.7562,2023-01-06 05:00:00+00:00
405342,45-54,M,Auto,Mobile,West,0,12.805,2023-03-26 12:37:00+00:00
405343,35-44,F,Auto,Web,Midwest,0,11.76,2023-02-03 09:30:00+00:00
405344,35-44,F,Auto,Web,Midwest,1,7.9962,2023-03-19 05:28:00+00:00
405345,45-54,F,Retail,Mobile,West,0,1.0063,2023-06-15 21:57:00+00:00
405346,35-44,M,Finance,Tablet,Midwest,1,7.24,2023-06-17 11:06:00+00:00
405347,45-54,F,Finance,Mobile,West,0,2.7612,2023-03-31 17:38:00+00:00
405348,25-34,F,Retail,Tablet,Southeast,0,4.34,2023-03-14 00:44:00+00:00
405349,35-44,F,Health,Mobile,Midwest,1,9.16,2023-06-13 19:31:00+00:00
405350,45-54,F,News,Tablet,West,0,11.11,2023-01-29 16:55:00+00:00
405351,25-34,F,Housing,Mobile,Northeast,0,8.12,2023-02-21 15:50:00+00:00
405352,35-44,M,News,Mobile,Midwest,0,11.9,2023-01-21 20:28:00+00:00
405353,55+,M,Finance,Web,South,0,10.7875,2023-02-20 14:15:00+00:00
405354,18-24,F,Housing,Web,Northeast,0,12.59,2023-02-02 08:04:00+00:00
405355,25-34,M,Auto,Tablet,Southeast,0,7.7,2023-06-20 14:50:00+00:00
405356,18-24,F,Health,Mobile,Northeast,0,11.7112,2023-05-10 09:35:00+00:00
405357,55+,M,News,Tablet,South,0,5.115,2023-04-23 04:33:00+00:00
405358,18-24,M,Finance,Tablet,Northeast,0,8.82,2023-06-16 10:49:00+00:00
405359,35-44,F,Health,Mobile,Midwest,1,5.7287,2023-03-05 15:00:00+00:00
405360,25-34,M,Health,Tablet,Southeast,0,9.6212,2023-05-18 17:19:00+00:00
405361,25-34,F,Retail,Web,Southeast,1,13.32,2023-04-22 15:24:00+00:00
405362,45-54,F,Retail,Mobile,West,0,8.5825,2023-01-27 02:38:00+00:00
405363,55+,M,Retail,Tablet,South,0,3.7662,2023-02-23 05:16:00+00:00
405364,55+,F,Auto,Tablet,South,0,14.14,2023-06-22 04:07:00+00:00
405365,18-24,M,News,Tablet,Northeast,0,12.3963,2023-01-18 05:11:00+00:00
405366,35-44,F,Housing,Mobile,Midwest,0,2.8388,2023-06-21 15:41:00+00:00
405367,25-34,F,Retail,Mobile,Southeast,0,12.54,2023-04-03 20:21:00+00:00
405368,18-24,F,Housing,Tablet,Northeast,1,4.9062,2023-03-07 05:52:00+00:00
405369,55+,F,Health,Tablet,South,0,7.5625,2023-03-12 10:01:00+00:00
405370,25-34,M,Health,Web,Southeast,0,7.36,2023-04-04 21:39:00+00:00
405371,45-54,M,Auto,Tablet,West,0,9.2713,2023-04-28 09:08:00+00:00
405372,45-54,F,Finance,Tablet,West,0,4.87,2023-06-06 00:05:00+00:00
405373,25-34,F,Retail,Tablet,Southeast,0,9.54,2023-06-12 06:57:00+00:00
405374,25-34,F,News,Tablet,Southeast,0,11.9563,2023-02-15 21:40:00+00:00
405375,25-34,F,News,Tablet,Southeast,0,2.3775,2023-04-13 06:06:00+00:00
405376,35-44,F,Auto,Web,Midwest,0,7.54,2023-05-03 02:43:00+00:00
405377,25-34,M,Health,Tablet,Southeast,0,9.095,2023-02-06 12:13:00+00:00
405378,55+,M,Retail,Web,South,1,4.8125,2023-05-31 18:38:00+00:00
405379,18-24,F,Housing,Tablet,Northeast,0,6.02,2023-06-16 22:23:00+00:00
405380,18-24,M,News,Web,Northeast,0,2.5575,2023-03-28 14:03:00+00:00
405381,45-54,F,News,Tablet,West,0,1.1637,2023-02-01 19:38:00+00:00
405382,45-54,F,Retail,Mobile,West,0,14.02,2023-05-27 02:46:00+00:00
405383,35-44,F,Housing,Mobile,Midwest,0,5.3063,2023-03-27 13:29:00+00:00
405384,25-34,F,Retail,Mobile,Southeast,1,0.8113,2023-05-30 17:21:00+00:00
405385,55+,F,Housing,Tablet,South,0,6.64,2023-04-28 21:59:00+00:00
405386,25-34,F,News,Tablet,Southeast,0,2.5762,2023-05-02 13:51:00+00:00
405387,55+,F,Housing,Mobile,South,1,0.7,2023-01-21 08:37:00+00:00
405388,45-54,M,Housing,Web,West,0,10.9,2023-05-11 22:10:00+00:00
405389,18-24,F,Housing,Mobile,Northeast,1,9.51,2023-05-09 08:44:00+00:00
405390,45-54,F,Finance,Tablet,West,1,11.0938,2023-06-25 19:16:00+00:00
405391,25-34,M,Health,Web,Southeast,0,7.68,2023-03-31 17:47:00+00:00
405392,45-54,M,Health,Web,West,1,1.02,2023-05-17 16:53:00+00:00
405393,45-54,F,Finance,Mobile,West,0,12.605,2023-05-05 04:26:00+00:00
405394,18-24,F,Auto,Web,Northeast,0,7.44,2023-04-28 09:25:00+00:00
405395,18-24,F,Health,Mobile,Northeast,0,4.4038,2023-04-14 19:49:00+00:00
405396,35-44,F,Health,Tablet,Midwest,0,2.1375,2023-04-01 06:38:00+00:00
405397,55+,F,Housing,Tablet,South,0,5.8,2023-03-17 15:27:00+00:00
405398,55+,F,Housing,Web,South,1,8.545,2023-02-06 12:13:00+00:00
405399,18-24,F,Housing,Tablet,Northeast,0,4.2513,2023-05-02 01:43:00+00:00
405400,35-44,M,Finance,Web,Midwest,0,10.04,2023-05-28 03:29:00+00:00
405401,25-34,F,Housing,Web,Northeast,1,13.82,2023-05-17 04:19:00+00:00
405402,55+,M,Finance,Tablet,South,1,0.7837,2023-01-28 03:12:00+00:00
405403,55+,F,Housing,Tablet,South,0,8.5,2023-01-11 22:35:00+00:00
405404,45-54,M,Health,Mobile,West,0,7.6775,2023-05-03 14:00:00+00:00
405405,25-34,M,Health,Web,Southeast,0,5.565,2023-03-14 12:10:00+00:00
405406,55+,F,Auto,Web,South,1,10.44,2023-04-18 23:49:00+00:00
405407,35-44,M,Retail,Tablet,Midwest,1,11.2025,2023-01-03 02:34:00+00:00
405408,55+,F,Auto,Tablet,South,1,5.2538,2023-02-13 19:57:00+00:00
405409,45-54,M,Health,Mobile,West,0,12.02,2023-05-27 02:29:00+00:00
405410,45-54,M,Housing,Mobile,West,0,11.5325,2023-06-16 10:32:00+00:00
405411,18-24,F,Housing,Web,Northeast,0,9.1037,2023-06-13 19:49:00+00:00
405412,55+,M,News,Web,South,0,6.4,2023-01-06 05:35:00+00:00
405413,55+,M,Finance,Web,South,0,9.6875,2023-06-20 14:58:00+00:00
405414,35-44,M,News,Mobile,Midwest,1,3.7237,2023-04-10 03:22:00+00:00
405415,25-34,F,News,Web,Southeast,0,5.68,2023-04-20 13:58:00+00:00
405416,35-44,M,Finance,Web,Midwest,0,3.8788,2023-01-24 23:54:00+00:00
405417,35-44,M,Finance,Web,Midwest,0,3.5925,2023-06-04 10:47:00+00:00
405418,35-44,M,Finance,Tablet,Midwest,0,13.0,2023-04-06 11:05:00+00:00
405419,55+,M,Retail,Web,South,0,6.1162,2023-04-04 21:47:00+00:00
405420,18-24,F,Health,Tablet,Northeast,0,2.845,2023-05-17 04:02:00+00:00
405421,55+,F,Health,Web,South,1,12.2,2023-03-17 03:10:00+00:00
405422,45-54,M,Housing,Mobile,West,0,2.155,2023-06-14 20:49:00+00:00
405423,55+,M,Retail,Web,South,0,5.5362,2023-06-19 13:41:00+00:00
405424,35-44,F,Auto,Web,Midwest,0,10.12,2023-04-02 07:47:00+00:00
405425,35-44,F,Health,Web,Midwest,0,4.5725,2023-03-20 18:02:00+00:00
405426,55+,F,Housing,Tablet,South,1,9.2312,2023-03-07 17:35:00+00:00
405427,25-34,M,Health,Web,Southeast,0,12.84,2023-06-17 11:32:00+00:00
405428,18-24,M,Finance,Mobile,Northeast,0,6.515,2023-04-23 04:16:00+00:00
405429,35-44,M,Retail,Web,Midwest,0,12.255,2023-03-06 04:26:00+00:00
405430,45-54,M,Housing,Tablet,West,1,9.3,2023-05-11 10:27:00+00:00
405431,55+,M,Finance,Mobile,South,0,1.8813,2023-03-27 01:37:00+00:00
405432,45-54,F,News,Web,West,1,1.2825,2023-01-07 18:52:00+00:00
405433,18-24,F,Health,Tablet,Northeast,1,11.4,2023-04-26 19:42:00+00:00
405434,35-44,F,Housing,Tablet,Midwest,0,7.7588,2023-02-17 23:06:00+00:00
405435,25-34,M,Health,Mobile,Southeast,0,10.2025,2023-04-13 18:06:00+00:00
405436,18-24,F,Health,Web,Northeast,0,11.24,2023-01-08 19:01:00+00:00
405437,55+,M,Finance,Tablet,South,0,9.4388,2023-04-22 15:33:00+00:00
405438,35-44,F,Health,Tablet,Midwest,0,11.7988,2023-03-01 23:59:00+00:00
405439,25-34,M,Housing,Mobile,Southeast,0,12.98,2023-06-04 22:47:00+00:00
405440,18-24,F,Housing,Mobile,Northeast,0,1.545,2023-06-06 12:13:00+00:00
405441,25-34,F,Finance,Tablet,Southeast,0,6.2325,2023-05-27 02:12:00+00:00
405442,35-44,M,Finance,Tablet,Midwest,1,9.3,2023-03-12 22:27:00+00:00
405443,55+,M,Finance,Tablet,South,1,4.2713,2023-01-18 17:53:00+00:00
405444,18-24,M,Finance,Mobile,Northeast,1,9.6625,2023-06-20 02:50:00+00:00
405445,45-54,M,Housing,Mobile,West,1,13.5,2023-06-10 16:05:00+00:00
405446,55+,M,News,Web,South,0,11.8413,2023-05-14 01:01:00+00:00
405447,35-44,F,Health,Web,Midwest,0,12.435,2023-05-29 04:29:00+00:00
405448,18-24,F,Auto,Tablet,Northeast,1,11.0,2023-02-05 23:30:00+00:00
405449,55+,M,News,Tablet,South,0,8.8238,2023-02-09 03:14:00+00:00
405450,25-34,F,News,Mobile,Southeast,0,3.6862,2023-02-19 13:49:00+00:00
405451,25-34,F,Housing,Mobile,Northeast,0,9.58,2023-05-25 12:37:00+00:00
405452,55+,F,Health,Mobile,South,0,8.5862,2023-03-31 05:12:00+00:00
405453,18-24,F,Auto,Mobile,Northeast,1,1.6,2023-02-10 16:31:00+00:00
405454,55+,M,Finance,Mobile,South,0,12.4,2023-05-06 05:00:00+00:00
405455,35-44,F,Auto,Web,Midwest,1,6.2713,2023-05-18 17:45:00+00:00
405456,35-44,M,Finance,Web,Midwest,1,4.3287,2023-04-14 07:49:00+00:00
405457,45-54,M,Health,Web,West,0,15.28,2023-01-10 21:35:00+00:00
405458,55+,M,Finance,Mobile,South,0,6.7475,2023-04-29 22:34:00+00:00
405459,25-34,M,Auto,Mobile,Southeast,0,2.2188,2023-02-05 23:47:00+00:00
405460,55+,M,News,Web,South,0,13.8,2023-01-16 03:10:00+00:00
405461,45-54,F,News,Mobile,West,0,9.4225,2023-06-08 02:14:00+00:00
405462,25-34,M,Health,Mobile,Southeast,1,12.7475,2023-02-28 22:51:00+00:00
405463,35-44,M,Retail,Mobile,Midwest,0,12.64,2023-06-07 13:05:00+00:00
405464,45-54,F,Finance,Mobile,West,0,4.0175,2023-06-24 06:07:00+00:00
405465,18-24,M,Finance,Tablet,Northeast,0,3.0713,2023-04-28 09:42:00+00:00
405466,25-34,M,Auto,Mobile,Southeast,0,11.28,2023-05-10 21:35:00+00:00
405467,18-24,F,Housing,Web,Northeast,0,2.8588,2023-05-08 07:43:00+00:00
405468,45-54,M,Health,Web,West,0,11.455,2023-05-05 04:43:00+00:00
405469,25-34,M,Housing,Web,Southeast,0,12.08,2023-04-20 13:07:00+00:00
405470,35-44,F,Housing,Tablet,Midwest,0,11.7525,2023-01-23 10:20:00+00:00
405471,35-44,F,Health,Mobile,Midwest,0,3.255,2023-02-14 20:23:00+00:00
405472,18-24,F,Auto,Mobile,Northeast,1,8.9,2023-04-01 06:55:00+00:00
405473,25-34,F,News,Web,Southeast,0,6.0025,2023-04-13 18:48:00+00:00
405474,55+,F,Housing,Mobile,South,0,7.2775,2023-05-03 14:51:00+00:00
405475,55+,M,Finance,Mobile,South,0,6.86,2023-03-10 08:01:00+00:00
405476,55+,M,News,Web,South,1,2.4612,2023-04-20 01:49:00+00:00
405477,18-24,M,News,Web,Northeast,0,7.23,2023-04-15 08:06:00+00:00
405478,55+,F,Health,Tablet,South,0,11.42,2023-02-26 08:59:00+00:00
405479,18-24,M,News,Mobile,Northeast,1,5.085,2023-02-18 12:49:00+00:00
405480,25-34,M,Housing,Tablet,Southeast,0,1.7325,2023-04-17 10:06:00+00:00
405481,18-24,F,Health,Tablet,Northeast,0,12.7,2023-03-22 20:20:00+00:00
405482,45-54,M,Housing,Mobile,West,0,2.25,2023-05-01 00:25:00+00:00
405483,25-34,F,News,Web,Southeast,0,9.1687,2023-04-26 07:07:00+00:00
405484,45-54,M,Housing,Web,West,0,6.96,2023-02-23 17:50:00+00:00
405485,35-44,F,Housing,Mobile,Midwest,0,3.325,2023-05-01 12:42:00+00:00
405486,55+,F,Auto,Mobile,South,0,1.9038,2023-04-14 19:06:00+00:00
405487,55+,M,News,Mobile,South,0,11.72,2023-01-12 11:18:00+00:00
405488,25-34,M,Housing,Mobile,Southeast,0,6.8987,2023-02-09 15:22:00+00:00
405489,55+,M,Finance,Tablet,South,0,5.7525,2023-01-23 10:54:00+00:00
405490,45-54,F,Finance,Tablet,West,0,5.9,2023-03-02 12:34:00+00:00
405491,35-44,F,Auto,Tablet,Midwest,1,12.4375,2023-06-20 14:50:00+00:00
405492,45-54,M,Auto,Tablet,West,0,10.3788,2023-03-05 15:51:00+00:00
405493,25-34,M,Health,Mobile,Southeast,1,9.2,2023-03-27 01:55:00+00:00
405494,25-34,F,Finance,Tablet,Southeast,0,8.5738,2023-02-09 03:57:00+00:00
405495,55+,M,News,Tablet,South,1,9.9563,2023-06-15 21:40:00+00:00
405496,35-44,F,Housing,Web,Midwest,0,7.4,2023-05-16 15:10:00+00:00
405497,55+,F,Auto,Mobile,South,0,10.4087,2023-03-09 07:26:00+00:00
405498,55+,M,Finance,Tablet,South,1,11.9475,2023-02-28 22:34:00+00:00
405499,35-44,F,Health,Mobile,Midwest,0,8.42,2023-05-07 06:43:00+00:00
405500,35-44,M,News,Tablet,Midwest,0,4.8175,2023-06-24 06:07:00+00:00
405501,25-34,F,Housing,Mobile,Northeast,0,11.74,2023-02-22 04:16:00+00:00
405502,55+,F,Housing,Tablet,South,1,5.5,2023-05-01 12:17:00+00:00
405503,25-34,M,Housing,Web,Southeast,1,4.1137,2023-03-13 11:10:00+00:00
405504,25-34,M,Housing,Tablet,Southeast,0,5.7938,2023-02-25 19:59:00+00:00
405505,35-44,M,Finance,Tablet,Midwest,0,8.26,2023-01-19 06:45:00+00:00
405506,25-34,F,News,Mobile,Southeast,0,7.0287,2023-05-04 15:43:00+00:00
405507,55+,F,Health,Mobile,South,0,8.6925,2023-01-15 02:27:00+00:00
405508,18-24,F,Auto,Tablet,Northeast,0,15.04,2023-02-07 13:31:00+00:00
405509,55+,M,Retail,Mobile,South,1,4.61,2023-04-19 00:49:00+00:00
405510,55+,F,Health,Web,South,0,8.4088,2023-03-29 15:29:00+00:00
405511,25-34,M,Health,Mobile,Southeast,0,5.78,2023-04-05 10:56:00+00:00
405512,25-34,F,Finance,Tablet,Southeast,0,7.36,2023-05-09 08:09:00+00:00
405513,25-34,F,Finance,Tablet,Southeast,0,1.3213,2023-06-07 01:56:00+00:00
405514,25-34,M,Auto,Web,Southeast,1,14.2,2023-02-25 07:07:00+00:00
405515,18-24,M,Retail,Tablet,Northeast,0,7.7188,2023-03-17 15:27:00+00:00
405516,55+,F,Health,Web,South,0,10.24,2023-02-22 16:24:00+00:00
405517,18-24,F,Health,Web,Northeast,0,14.24,2023-05-18 05:45:00+00:00
405518,45-54,M,Auto,Mobile,West,1,7.7162,2023-01-14 13:36:00+00:00
405519,25-34,F,News,Tablet,Southeast,0,3.925,2023-04-11 04:57:00+00:00
405520,18-24,F,Housing,Tablet,Northeast,1,15.02,2023-05-17 04:19:00+00:00
405521,45-54,F,News,Tablet,West,0,4.875,2023-06-10 04:31:00+00:00
405522,18-24,M,Finance,Mobile,Northeast,0,9.145,2023-06-06 12:05:00+00:00
405523,18-24,F,Health,Tablet,Northeast,0,11.74,2023-06-22 04:33:00+00:00
405524,35-44,M,Finance,Web,Midwest,0,6.2663,2023-03-15 13:01:00+00:00
405525,25-34,M,Auto,Mobile,Southeast,0,10.2713,2023-06-07 01:56:00+00:00
405526,35-44,M,News,Tablet,Midwest,0,12.04,2023-06-17 11:58:00+00:00
405527,18-24,F,Auto,Mobile,Northeast,1,0.7913,2023-06-23 17:50:00+00:00
405528,45-54,F,Finance,Web,West,0,5.8375,2023-01-31 06:12:00+00:00
405529,55+,M,Retail,Web,South,0,7.68,2023-06-19 01:24:00+00:00
405530,18-24,F,Auto,Mobile,Northeast,0,7.215,2023-06-22 04:50:00+00:00
405531,18-24,F,Auto,Web,Northeast,1,1.1462,2023-01-18 05:36:00+00:00
405532,25-34,M,Health,Tablet,Southeast,1,9.66,2023-04-19 00:32:00+00:00
405533,35-44,F,Auto,Web,Midwest,0,12.0275,2023-03-24 22:46:00+00:00
405534,18-24,M,Retail,Mobile,Northeast,1,12.635,2023-02-18 12:15:00+00:00
405535,35-44,F,Auto,Mobile,Midwest,0,9.58,2023-03-26 00:20:00+00:00
405536,18-24,F,Auto,Web,Northeast,1,5.9863,2023-05-30 05:29:00+00:00
405537,25-34,M,Housing,Tablet,Southeast,0,12.6,2023-06-10 16:40:00+00:00
405538,55+,F,Housing,Web,South,1,11.1,2023-05-01 12:42:00+00:00
405539,55+,M,Retail,Web,South,1,2.1925,2023-02-24 18:42:00+00:00
405540,55+,M,News,Mobile,South,0,11.8588,2023-05-08 07:18:00+00:00
405541,35-44,M,Retail,Tablet,Midwest,0,13.46,2023-04-29 22:42:00+00:00
405542,55+,F,Housing,Mobile,South,0,12.675,2023-04-11 04:57:00+00:00
405543,45-54,F,News,Web,West,0,7.1562,2023-05-06 05:09:00+00:00
405544,25-34,F,Retail,Web,Southeast,1,10.6,2023-01-16 03:36:00+00:00
405545,35-44,M,Retail,Mobile,Midwest,0,3.3862,2023-05-10 21:44:00+00:00
405546,35-44,F,Auto,Web,Midwest,0,4.4388,2023-04-22 15:50:00+00:00
405547,45-54,M,Health,Mobile,West,0,8.54,2023-06-22 04:58:00+00:00
405548,45-54,F,Retail,Tablet,West,0,12.3513,2023-05-02 01:43:00+00:00
405549,18-24,F,Housing,Web,Northeast,0,8.4262,2023-01-22 21:54:00+00:00
405550,18-24,F,Auto,Mobile,Northeast,1,9.4,2023-06-05 23:22:00+00:00
405551,25-34,F,Housing,Mobile,Northeast,0,10.98,2023-02-04 10:22:00+00:00
405552,18-24,M,Retail,Web,Northeast,0,12.2538,2023-05-04 03:17:00+00:00
405553,35-44,F,Housing,Mobile,Midwest,0,12.48,2023-01-30 05:04:00+00:00
405554,45-54,M,Auto,Mobile,West,0,10.2888,2023-02-01 07:21:00+00:00
405555,18-24,F,Housing,Tablet,Northeast,0,7.9463,2023-03-19 05:53:00+00:00
405556,35-44,M,Retail,Tablet,Midwest,0,13.92,2023-05-02 01:17:00+00:00
405557,35-44,F,Health,Web,Midwest,0,0.6212,2023-01-18 17:53:00+00:00
405558,45-54,F,News,Tablet,West,0,1.985,2023-03-30 04:55:00+00:00
405559,18-24,F,Housing,Tablet,Northeast,1,6.64,2023-03-19 05:45:00+00:00
405560,45-54,F,Finance,Web,West,1,6.465,2023-05-13 12:36:00+00:00
405561,55+,F,Housing,Web,South,0,3.4875,2023-03-12 22:18:00+00:00
405562,35-44,F,Health,Tablet,Midwest,0,8.06,2023-02-18 00:24:00+00:00
405563,18-24,F,Housing,Mobile,Northeast,0,8.9575,2023-02-16 22:23:00+00:00
405564,18-24,M,Retail,Mobile,Northeast,0,9.42,2023-04-27 08:33:00+00:00
405565,55+,M,News,Web,South,1,7.74,2023-03-14 12:10:00+00:00
405566,35-44,F,Auto,Mobile,Midwest,0,11.1613,2023-02-19 01:58:00+00:00
405567,45-54,F,News,Tablet,West,1,12.5725,2023-06-08 02:39:00+00:00
405568,55+,F,Auto,Web,South,1,10.14,2023-01-13 00:44:00+00:00
405569,45-54,F,Finance,Mobile,West,0,4.1825,2023-02-16 10:58:00+00:00
405570,25-34,F,Retail,Mobile,Southeast,0,12.8163,2023-02-03 21:39:00+00:00
405571,55+,F,Health,Web,South,0,10.96,2023-04-04 09:30:00+00:00
405572,55+,M,Retail,Tablet,South,0,3.855,2023-03-06 04:17:00+00:00
405573,55+,F,Health,Mobile,South,0,12.8425,2023-06-24 18:24:00+00:00
405574,45-54,M,Health,Mobile,West,0,14.98,2023-01-15 14:53:00+00:00
405575,35-44,F,Housing,Mobile,Midwest,0,10.775,2023-06-10 04:31:00+00:00
405576,18-24,M,News,Web,Northeast,0,9.9275,2023-01-23 22:46:00+00:00
405577,18-24,F,Health,Web,Northeast,1,7.42,2023-05-17 04:45:00+00:00
405578,35-44,M,News,Web,Midwest,0,11.8087,2023-06-17 23:06:00+00:00
405579,35-44,M,Finance,Web,Midwest,0,7.6312,2023-03-27 01:29:00+00:00
405580,45-54,F,Finance,Tablet,West,0,8.78,2023-01-25 00:37:00+00:00
405581,25-34,F,News,Mobile,Southeast,0,6.1975,2023-02-08 14:56:00+00:00
405582,25-34,M,Auto,Tablet,Southeast,0,4.6338,2023-02-17 11:58:00+00:00
405583,35-44,M,News,Tablet,Midwest,0,9.36,2023-06-03 21:30:00+00:00
405584,45-54,F,News,Tablet,West,1,6.2088,2023-06-17 23:23:00+00:00
405585,45-54,F,Finance,Mobile,West,0,8.1037,2023-04-14 19:40:00+00:00
405586,45-54,F,News,Mobile,West,0,6.34,2023-01-03 02:26:00+00:00
405587,35-44,F,Auto,Tablet,Midwest,0,5.3688,2023-02-25 07:07:00+00:00
405588,25-34,M,Health,Web,Southeast,0,11.045,2023-02-06 12:22:00+00:00
405589,25-34,F,Finance,Web,Southeast,0,13.36,2023-06-03 21:56:00+00:00
405590,55+,F,Housing,Tablet,South,0,2.435,2023-04-19 12:32:00+00:00
405591,18-24,M,Finance,Web,Northeast,1,8.92,2023-01-17 16:19:00+00:00
405592,18-24,F,Health,Tablet,Northeast,0,11.58,2023-02-14 20:49:00+00:00
405593,55+,M,Finance,Web,South,0,11.4113,2023-01-30 17:12:00+00:00
405594,25-34,M,Housing,Tablet,Southeast,0,10.6762,2023-03-23 21:20:00+00:00
405595,25-34,M,Housing,Tablet,Southeast,1,13.06,2023-02-28 10:16:00+00:00
405596,35-44,F,Health,Tablet,Midwest,0,12.4725,2023-04-09 02:48:00+00:00
405597,18-24,F,Auto,Web,Northeast,0,1.0888,2023-04-02 07:13:00+00:00
405598,55+,F,Auto,Tablet,South,0,13.92,2023-04-12 05:23:00+00:00
405599,55+,M,News,Mobile,South,0,10.5162,2023-02-03 21:56:00+00:00
405600,35-44,M,Retail,Mobile,Midwest,1,9.835,2023-01-09 20:09:00+00:00
405601,25-34,F,Housing,Mobile,Northeast,0,13.16,2023-01-24 11:54:00+00:00
405602,45-54,F,Finance,Tablet,West,0,3.755,2023-01-05 04:09:00+00:00
405603,45-54,M,Health,Web,West,1,10.7312,2023-01-06 17:00:00+00:00
405604,45-54,M,Health,Web,West,1,5.66,2023-01-29 16:29:00+00:00
405605,18-24,M,News,Tablet,Northeast,0,2.7188,2023-01-16 15:27:00+00:00
405606,45-54,M,Housing,Tablet,West,0,4.9962,2023-01-18 05:11:00+00:00
405607,45-54,F,Retail,Tablet,West,1,8.02,2023-01-07 06:35:00+00:00
405608,55+,M,Finance,Tablet,South,1,2.79,2023-04-23 16:50:00+00:00
405609,55+,F,Housing,Tablet,South,0,0.6038,2023-06-13 19:49:00+00:00
405610,18-24,M,Retail,Tablet,Northeast,0,8.74,2023-03-04 14:08:00+00:00
405611,45-54,M,Auto,Mobile,West,0,7.1413,2023-04-24 17:50:00+00:00
405612,55+,M,Retail,Tablet,South,1,8.8825,2023-01-27 02:29:00+00:00
405613,45-54,F,Retail,Tablet,West,0,12.34,2023-01-23 10:03:00+00:00
405614,55+,F,Health,Tablet,South,0,8.9925,2023-04-05 10:47:00+00:00
405615,55+,M,Finance,Tablet,South,0,10.4775,2023-03-04 14:43:00+00:00
405616,55+,F,Auto,Tablet,South,0,10.02,2023-03-08 18:35:00+00:00
405617,25-34,F,News,Mobile,Southeast,0,12.1825,2023-01-07 18:52:00+00:00
405618,35-44,M,Retail,Web,Midwest,1,8.3912,2023-05-14 01:36:00+00:00
405619,45-54,F,Retail,Web,West,1,11.82,2023-01-17 16:10:00+00:00
405620,45-54,M,Auto,Tablet,West,0,2.8287,2023-04-14 07:40:00+00:00
405621,18-24,M,Retail,Mobile,Northeast,0,9.5563,2023-05-06 05:35:00+00:00
405622,18-24,M,Retail,Tablet,Northeast,0,8.02,2023-02-16 22:15:00+00:00
405623,35-44,M,News,Tablet,Midwest,0,5.7225,2023-05-19 18:19:00+00:00
405624,45-54,F,Finance,Web,West,0,9.9563,2023-06-15 21:40:00+00:00
405625,35-44,M,Finance,Mobile,Midwest,0,14.54,2023-06-02 08:47:00+00:00
405626,45-54,F,Finance,Web,West,1,2.49,2023-03-14 00:01:00+00:00
405627,55+,F,Auto,Mobile,South,0,8.0362,2023-05-10 21:35:00+00:00
405628,35-44,M,Retail,Tablet,Midwest,0,7.44,2023-04-28 21:08:00+00:00
405629,25-34,F,Retail,Web,Southeast,1,6.92,2023-03-18 16:36:00+00:00
405630,55+,M,News,Mobile,South,0,5.505,2023-03-06 04:52:00+00:00
405631,35-44,M,Retail,Tablet,Midwest,0,6.54,2023-04-23 04:50:00+00:00
405632,45-54,F,Retail,Mobile,West,1,5.1325,2023-04-17 10:58:00+00:00
405633,25-34,F,Finance,Mobile,Southeast,0,9.685,2023-01-29 04:29:00+00:00
405634,18-24,M,News,Mobile,Northeast,1,11.18,2023-01-25 00:54:00+00:00
405635,18-24,F,Housing,Tablet,Northeast,0,3.5725,2023-01-19 18:54:00+00:00
405636,55+,M,News,Tablet,South,0,3.1475,2023-06-08 14:48:00+00:00
405637,45-54,F,News,Tablet,West,0,6.5,2023-04-01 06:30:00+00:00
405638,35-44,F,Auto,Web,Midwest,1,7.2112,2023-01-30 17:21:00+00:00
405639,35-44,F,Auto,Mobile,Midwest,0,12.84,2023-02-22 16:07:00+00:00
405640,55+,F,Housing,Mobile,South,0,10.78,2023-01-05 04:17:00+00:00
405641,25-34,F,News,Tablet,Southeast,0,3.6187,2023-05-16 15:53:00+00:00
405642,55+,F,Housing,Tablet,South,0,1.1925,2023-02-24 18:07:00+00:00
405643,45-54,F,Finance,Web,West,1,8.48,2023-05-10 09:01:00+00:00
405644,18-24,M,Retail,Tablet,Northeast,0,10.3163,2023-05-14 13:53:00+00:00
405645,45-54,F,Retail,Web,West,0,6.4287,2023-03-05 15:51:00+00:00
405646,18-24,F,Health,Web,Northeast,0,10.08,2023-01-10 21:01:00+00:00
405647,25-34,F,Retail,Mobile,Southeast,1,8.9087,2023-01-28 15:03:00+00:00
405648,55+,F,Housing,Tablet,South,1,9.5525,2023-04-13 18:06:00+00:00
405649,18-24,M,News,Web,Northeast,0,7.04,2023-06-27 09:25:00+00:00
405650,25-34,F,Retail,Web,Southeast,1,7.4375,2023-05-11 22:01:00+00:00
405651,25-34,F,Housing,Web,Northeast,0,13.0,2023-04-26 19:50:00+00:00
405652,55+,F,Auto,Web,South,1,6.94,2023-06-02 08:38:00+00:00
405653,45-54,M,Auto,Mobile,West,0,2.6437,2023-05-16 03:19:00+00:00
405654,55+,F,Health,Web,South,0,6.3838,2023-01-08 19:52:00+00:00
405655,25-34,M,Housing,Web,Southeast,1,12.3,2023-06-10 04:22:00+00:00
405656,35-44,F,Auto,Web,Midwest,1,7.4225,2023-06-08 02:39:00+00:00
405657,25-34,M,Auto,Web,Southeast,0,5.805,2023-03-26 12:37:00+00:00
405658,25-34,F,News,Tablet,Southeast,0,8.82,2023-01-07 18:18:00+00:00
405659,45-54,M,Health,Web,West,0,8.5463,2023-03-19 05:28:00+00:00
405660,18-24,F,Housing,Web,Northeast,0,1.5513,2023-01-22 09:20:00+00:00
405661,55+,F,Health,Mobile,South,0,12.96,2023-04-24 17:59:00+00:00
405662,45-54,F,Retail,Web,West,1,0.9512,2023-02-11 17:31:00+00:00
405663,25-34,M,Housing,Tablet,Southeast,0,9.3375,2023-01-31 06:30:00+00:00
405664,55+,M,Finance,Tablet,South,0,12.5,2023-05-31 18:04:00+00:00
405665,25-34,F,News,Mobile,Southeast,0,7.2075,2023-03-08 06:26:00+00:00
405666,55+,F,Housing,Mobile,South,1,6.7337,2023-01-28 03:03:00+00:00
405667,25-34,F,Retail,Web,Southeast,0,9.12,2023-01-22 09:37:00+00:00
405668,25-34,M,Auto,Web,Southeast,1,3.91,2023-04-19 00:24:00+00:00
405669,55+,M,Finance,Web,South,0,8.6837,2023-05-08 19:26:00+00:00
405670,35-44,F,Health,Web,Midwest,0,8.98,2023-01-15 02:10:00+00:00
405671,55+,F,Health,Mobile,South,0,3.4775,2023-01-23 22:11:00+00:00
405672,45-54,M,Health,Tablet,West,0,2.1975,2023-04-09 14:05:00+00:00
405673,18-24,M,Retail,Tablet,Northeast,0,6.18,2023-06-24 18:59:00+00:00
405674,25-34,F,News,Mobile,Southeast,0,3.4362,2023-06-19 13:49:00+00:00
405675,35-44,M,Retail,Tablet,Midwest,0,7.5062,2023-03-27 13:46:00+00:00
405676,45-54,F,News,Mobile,West,0,7.88,2023-04-10 03:22:00+00:00
405677,55+,M,News,Web,South,0,8.2925,2023-01-15 02:53:00+00:00
405678,18-24,F,Auto,Web,Northeast,0,6.9625,2023-05-31 18:38:00+00:00
405679,55+,F,Auto,Mobile,South,0,6.3,2023-06-10 16:05:00+00:00
405680,55+,M,News,Tablet,South,0,3.4337,2023-01-08 19:09:00+00:00
405681,25-34,F,Retail,Web,Southeast,0,11.4612,2023-02-19 01:07:00+00:00
405682,18-24,M,Retail,Tablet,Northeast,0,11.04,2023-05-18 05:11:00+00:00
405683,25-34,F,Finance,Mobile,Southeast,0,7.0925,2023-03-16 02:53:00+00:00
405684,35-44,F,Housing,Tablet,Midwest,0,9.755,2023-05-05 04:09:00+00:00
405685,55+,F,Health,Mobile,South,0,6.8,2023-05-26 01:12:00+00:00
405686,25-34,F,Retail,Web,Southeast,0,11.2587,2023-05-08 07:35:00+00:00
405687,45-54,M,Housing,Web,West,1,2.3213,2023-02-07 01:48:00+00:00
405688,55+,M,Finance,Web,South,0,8.2,2023-01-16 03:27:00+00:00
405689,55+,F,Auto,Web,South,0,5.9262,2023-05-02 13:34:00+00:00
405690,35-44,M,Retail,Mobile,Midwest,0,10.9075,2023-03-08 06:52:00+00:00
405691,18-24,M,Finance,Tablet,Northeast,0,8.7,2023-01-21 20:45:00+00:00
405692,35-44,F,Health,Tablet,Midwest,0,10.7137,2023-04-22 03:15:00+00:00
405693,18-24,F,Housing,Tablet,Northeast,1,0.8313,2023-05-26 01:20:00+00:00
405694,55+,M,News,Web,South,0,14.2,2023-02-05 11:39:00+00:00
405695,55+,M,Finance,Tablet,South,0,10.1862,2023-05-10 21:44:00+00:00
405696,55+,F,Health,Web,South,0,6.6588,2023-06-17 23:58:00+00:00
405697,35-44,F,Auto,Mobile,Midwest,0,7.44,2023-02-27 09:08:00+00:00
405698,55+,M,News,Tablet,South,0,4.5388,2023-01-12 23:44:00+00:00
405699,55+,M,Retail,Mobile,South,0,1.4087,2023-05-28 15:55:00+00:00
405700,25-34,F,Retail,Mobile,Southeast,0,10.12,2023-04-02 07:47:00+00:00
405701,25-34,F,Housing,Tablet,Northeast,0,8.34,2023-05-03 02:26:00+00:00
405702,25-34,F,Finance,Tablet,Southeast,0,12.2762,2023-04-12 05:05:00+00:00
405703,45-54,M,Housing,Web,West,0,15.44,2023-06-27 21:08:00+00:00
405704,55+,M,Finance,Tablet,South,0,2.7188,2023-06-05 23:39:00+00:00
405705,55+,M,Finance,Web,South,0,10.2975,2023-04-09 14:39:00+00:00
405706,45-54,F,Retail,Web,West,0,7.38,2023-03-16 02:27:00+00:00
405707,35-44,F,Housing,Tablet,Midwest,1,8.5612,2023-06-19 01:32:00+00:00
405708,35-44,M,Finance,Tablet,Midwest,0,4.39,2023-01-13 00:36:00+00:00
405709,25-34,F,News,Mobile,Southeast,1,7.6,2023-02-15 21:23:00+00:00
405710,25-34,M,Auto,Web,Southeast,1,2.5075,2023-03-28 14:20:00+00:00
405711,45-54,M,Auto,Mobile,West,0,1.0075,2023-01-07 06:00:00+00:00
405712,25-34,M,Health,Mobile,Southeast,0,8.18,2023-03-16 14:10:00+00:00
405713,18-24,M,Finance,Tablet,Northeast,1,1.29,2023-04-23 16:50:00+00:00
405714,45-54,M,Health,Web,West,0,10.43,2023-02-14 08:23:00+00:00
405715,55+,F,Auto,Tablet,South,0,12.64,2023-06-27 21:08:00+00:00
405716,18-24,M,Retail,Web,Northeast,0,11.9512,2023-03-23 09:03:00+00:00
405717,45-54,F,Finance,Mobile,West,0,3.8838,2023-05-08 19:09:00+00:00
405718,55+,F,Auto,Tablet,South,0,15.48,2023-03-21 07:37:00+00:00
405719,35-44,F,Housing,Mobile,Midwest,1,7.3288,2023-05-04 15:09:00+00:00
405720,55+,M,Retail,Mobile,South,1,5.01,2023-03-10 08:26:00+00:00
405721,18-24,F,Auto,Web,Northeast,1,6.22,2023-04-27 08:16:00+00:00
405722,45-54,M,Auto,Web,West,0,6.29,2023-03-14 00:44:00+00:00
405723,18-24,F,Health,Tablet,Northeast,0,8.13,2023-04-15 08:14:00+00:00
405724,18-24,M,Finance,Tablet,Northeast,0,7.96,2023-03-05 03:00:00+00:00
405725,55+,M,News,Mobile,South,0,6.6675,2023-03-16 14:27:00+00:00
405726,45-54,F,Retail,Mobile,West,0,11.1137,2023-06-21 03:15:00+00:00
405727,45-54,M,Auto,Mobile,West,0,14.52,2023-06-21 15:24:00+00:00
405728,18-24,F,Housing,Tablet,Northeast,0,12.9125,2023-04-01 18:47:00+00:00
405729,18-24,M,Retail,Mobile,Northeast,0,4.8662,2023-01-14 13:10:00+00:00
405730,45-54,F,News,Tablet,West,0,14.36,2023-05-04 03:00:00+00:00
405731,18-24,F,Health,Mobile,Northeast,1,11.4537,2023-02-13 19:40:00+00:00
405732,18-24,F,Housing,Web,Northeast,1,7.9037,2023-05-24 11:03:00+00:00
405733,18-24,F,Housing,Mobile,Northeast,0,6.1,2023-02-20 14:07:00+00:00
405734,25-34,M,Housing,Web,Southeast,0,7.09,2023-05-13 00:18:00+00:00
405735,35-44,F,Auto,Mobile,Midwest,0,9.96,2023-01-09 08:26:00+00:00
405736,18-24,M,Retail,Mobile,Northeast,0,10.86,2023-05-09 20:09:00+00:00
405737,35-44,M,Finance,Web,Midwest,0,2.5162,2023-01-14 13:01:00+00:00
405738,18-24,F,Auto,Mobile,Northeast,0,8.3113,2023-04-20 01:58:00+00:00
405739,35-44,M,Finance,Tablet,Midwest,0,15.02,2023-01-17 16:36:00+00:00
405740,45-54,F,News,Mobile,West,0,1.65,2023-05-21 08:20:00+00:00
405741,18-24,M,News,Mobile,Northeast,0,0.8013,2023-04-12 17:05:00+00:00
405742,18-24,M,Retail,Mobile,Northeast,0,9.72,2023-05-12 11:01:00+00:00
405743,45-54,F,Retail,Tablet,West,0,1.3813,2023-01-06 17:52:00+00:00
405744,35-44,F,Health,Tablet,Midwest,0,12.3513,2023-03-23 09:11:00+00:00
405745,35-44,M,Finance,Mobile,Midwest,0,10.46,2023-05-29 16:21:00+00:00
405746,25-34,F,Retail,Tablet,Southeast,1,9.5488,2023-02-09 15:57:00+00:00
405747,35-44,F,Health,Web,Midwest,0,10.595,2023-04-27 20:16:00+00:00
405748,25-34,M,Auto,Mobile,Southeast,1,11.18,2023-01-25 00:20:00+00:00
405749,55+,M,Finance,Mobile,South,0,0.78,2023-02-14 08:57:00+00:00
405750,25-34,F,News,Web,Southeast,0,10.535,2023-05-29 04:29:00+00:00
405751,25-34,F,Housing,Tablet,Northeast,0,13.36,2023-02-23 17:16:00+00:00
405752,45-54,F,Finance,Mobile,West,1,12.57,2023-06-06 00:30:00+00:00
405753,55+,M,Retail,Web,South,0,9.2075,2023-03-28 14:46:00+00:00
405754,18-24,F,Auto,Tablet,Northeast,0,9.4,2023-02-25 19:33:00+00:00
405755,45-54,F,Finance,Web,West,0,7.1762,2023-05-22 21:28:00+00:00
405756,18-24,M,News,Web,Northeast,0,11.6988,2023-03-01 23:17:00+00:00
405757,45-54,M,Housing,Web,West,0,15.2,2023-04-16 09:57:00+00:00
405758,45-54,M,Housing,Mobile,West,0,11.445,2023-03-18 04:36:00+00:00
405759,18-24,M,Retail,Mobile,Northeast,0,5.3037,2023-01-04 03:34:00+00:00
405760,45-54,F,Finance,Web,West,0,10.24,2023-05-18 05:28:00+00:00
405761,25-34,F,News,Tablet,Southeast,1,5.0838,2023-04-18 11:49:00+00:00
405762,25-34,F,Retail,Tablet,Southeast,0,5.2962,2023-01-18 05:28:00+00:00
405763,55+,M,Retail,Tablet,South,0,14.34,2023-02-12 18:23:00+00:00
405764,35-44,F,Housing,Web,Midwest,0,7.2737,2023-04-10 03:31:00+00:00
405765,55+,M,News,Mobile,South,1,11.6725,2023-04-29 10:59:00+00:00
405766,55+,M,Retail,Mobile,South,1,11.4,2023-04-06 11:56:00+00:00
405767,35-44,M,Retail,Web,Midwest,0,7.6225,2023-06-28 10:59:00+00:00
405768,45-54,M,Health,Web,West,1,9.5137,2023-05-12 11:01:00+00:00
405769,25-34,M,Auto,Mobile,Southeast,0,6.12,2023-03-13 11:27:00+00:00
405770,18-24,M,Finance,Web,Northeast,0,1.0962,2023-04-08 13:31:00+00:00
405771,25-34,F,News,Tablet,Southeast,0,4.285,2023-04-19 12:41:00+00:00
405772,25-34,M,Auto,Tablet,Southeast,1,8.3,2023-03-02 00:17:00+00:00
405773,25-34,M,Housing,Mobile,Southeast,0,7.2938,2023-06-05 11:30:00+00:00
405774,35-44,F,Auto,Tablet,Midwest,0,9.89,2023-03-14 00:01:00+00:00
405775,35-44,M,Retail,Tablet,Midwest,0,9.46,2023-04-29 10:59:00+00:00
405776,35-44,F,Housing,Tablet,Midwest,1,5.8925,2023-04-05 10:22:00+00:00
405777,25-34,F,Retail,Mobile,Southeast,0,1.625,2023-03-22 20:11:00+00:00
405778,55+,F,Auto,Web,South,1,15.08,2023-06-09 03:14:00+00:00
405779,35-44,F,Health,Mobile,Midwest,0,11.075,2023-03-02 12:17:00+00:00
405780,18-24,F,Housing,Web,Northeast,0,1.1612,2023-04-20 01:41:00+00:00
405781,45-54,F,News,Web,West,1,12.46,2023-03-10 20:09:00+00:00
405782,55+,F,Auto,Mobile,South,0,7.8463,2023-05-18 05:36:00+00:00
405783,35-44,F,Housing,Tablet,Midwest,1,9.485,2023-05-29 04:29:00+00:00
405784,45-54,F,Retail,Tablet,West,0,12.52,2023-06-21 03:50:00+00:00
405785,55+,F,Auto,Web,South,0,8.0213,2023-02-27 09:33:00+00:00
405786,25-34,M,Housing,Mobile,Southeast,0,1.0312,2023-01-26 01:55:00+00:00
405787,35-44,M,Finance,Web,Midwest,1,14.46,2023-03-10 20:18:00+00:00
405788,35-44,F,Housing,Mobile,Midwest,0,12.4838,2023-05-08 19:01:00+00:00
405789,25-34,F,News,Tablet,Southeast,0,8.5525,2023-03-04 02:00:00+00:00
405790,25-34,F,News,Mobile,Southeast,1,12.92,2023-04-22 03:33:00+00:00
405791,35-44,M,Finance,Mobile,Midwest,0,8.3963,2023-03-19 05:02:00+00:00
405792,18-24,M,Retail,Tablet,Northeast,0,3.3475,2023-02-28 22:25:00+00:00
405793,45-54,M,Auto,Mobile,West,1,10.86,2023-05-29 16:55:00+00:00
405794,55+,F,Health,Web,South,0,7.4125,2023-01-31 18:38:00+00:00
405795,45-54,M,Health,Web,West,0,9.8362,2023-02-19 13:41:00+00:00
405796,45-54,F,News,Mobile,West,1,11.1,2023-05-01 12:34:00+00:00
405797,45-54,F,Finance,Web,West,1,7.2975,2023-02-08 14:05:00+00:00
405798,45-54,M,Health,Tablet,West,1,4.2562,2023-03-27 13:29:00+00:00
405799,35-44,F,Auto,Tablet,Midwest,0,15.34,2023-01-13 00:36:00+00:00
405800,55+,F,Housing,Mobile,South,0,6.8937,2023-05-16 03:02:00+00:00
405801,25-34,F,Housing,Tablet,Northeast,0,11.6,2023-04-16 21:49:00+00:00
405802,55+,M,News,Web,South,1,12.3,2023-01-01 12:42:00+00:00
405803,55+,F,Health,Mobile,South,0,1.6,2023-04-11 16:57:00+00:00
405804,45-54,F,Finance,Mobile,West,1,8.2575,2023-03-28 14:12:00+00:00
405805,25-34,F,Retail,Mobile,Southeast,0,13.3,2023-01-11 22:01:00+00:00
405806,55+,F,Auto,Mobile,South,0,10.5488,2023-01-20 07:02:00+00:00
405807,45-54,F,Finance,Mobile,West,1,4.6787,2023-01-04 15:43:00+00:00
405808,18-24,F,Auto,Tablet,Northeast,1,10.56,2023-02-03 09:56:00+00:00
405809,45-54,F,Retail,Mobile,West,0,2.55,2023-01-21 08:45:00+00:00
405810,35-44,F,Housing,Tablet,Midwest,1,4.045,2023-04-27 20:25:00+00:00
405811,25-34,F,Finance,Web,Southeast,1,8.46,2023-01-29 04:29:00+00:00
405812,18-24,F,Health,Web,Northeast,0,1.9712,2023-01-18 17:45:00+00:00
405813,45-54,M,Housing,Web,West,0,9.08,2023-01-25 00:12:00+00:00
405814,55+,F,Auto,Web,South,0,13.66,2023-01-09 08:44:00+00:00
405815,35-44,M,Finance,Tablet,Midwest,0,9.4962,2023-06-07 13:39:00+00:00
405816,25-34,M,Auto,Tablet,Southeast,0,10.695,2023-01-17 04:45:00+00:00
405817,25-34,F,Finance,Web,Southeast,0,14.32,2023-01-02 01:17:00+00:00
405818,45-54,F,Retail,Mobile,West,0,5.8812,2023-03-27 01:20:00+00:00
405819,55+,F,Housing,Web,South,0,7.3625,2023-05-31 18:12:00+00:00
405820,45-54,F,News,Web,West,0,10.6,2023-06-25 19:50:00+00:00
405821,35-44,F,Health,Web,Midwest,0,8.4437,2023-01-16 03:10:00+00:00
405822,55+,M,Finance,Mobile,South,1,2.7487,2023-04-30 23:42:00+00:00
405823,18-24,M,News,Web,Northeast,0,15.02,2023-05-17 04:36:00+00:00
405824,25-34,F,News,Tablet,Southeast,0,8.5475,2023-02-28 22:08:00+00:00
405825,45-54,M,Auto,Web,West,0,8.2625,2023-02-20 02:41:00+00:00
405826,25-34,F,News,Tablet,Southeast,0,9.92,2023-01-22 21:37:00+00:00
405827,55+,M,Finance,Web,South,0,6.3587,2023-02-17 23:06:00+00:00
405828,45-54,M,Health,Tablet,West,0,4.4125,2023-01-11 10:18:00+00:00
405829,18-24,F,Housing,Web,Northeast,0,13.66,2023-03-10 08:01:00+00:00
405830,45-54,F,Retail,Web,West,0,1.1738,2023-04-10 03:22:00+00:00
405831,35-44,M,Retail,Tablet,Midwest,1,3.7225,2023-04-09 02:05:00+00:00
405832,25-34,F,Finance,Tablet,Southeast,1,13.08,2023-02-09 03:31:00+00:00
405833,45-54,M,Health,Mobile,West,0,3.4275,2023-03-04 14:51:00+00:00
405834,35-44,M,News,Mobile,Midwest,0,3.5075,2023-03-08 06:09:00+00:00
405835,25-34,M,Health,Mobile,Southeast,0,11.58,2023-06-14 08:06:00+00:00
405836,25-34,M,Health,Tablet,Southeast,0,12.4087,2023-06-17 23:15:00+00:00
405837,55+,M,Finance,Tablet,South,0,8.4625,2023-04-01 18:12:00+00:00
405838,18-24,F,Housing,Mobile,Northeast,0,15.34,2023-01-13 00:01:00+00:00
405839,25-34,F,News,Mobile,Southeast,0,6.7775,2023-05-03 14:26:00+00:00
405840,55+,F,Auto,Web,South,1,5.2525,2023-06-12 18:31:00+00:00
405841,35-44,M,News,Mobile,Midwest,0,15.36,2023-02-23 05:59:00+00:00
405842,55+,M,Finance,Mobile,South,1,12.5288,2023-06-13 07:06:00+00:00
405843,55+,M,News,Web,South,1,10.7475,2023-02-08 14:14:00+00:00
405844,45-54,F,News,Mobile,West,0,11.3,2023-04-01 18:30:00+00:00
405845,35-44,F,Auto,Web,Midwest,0,5.1738,2023-05-20 19:28:00+00:00
405846,35-44,F,Housing,Mobile,Midwest,0,2.2,2023-05-01 00:25:00+00:00
405847,18-24,F,Health,Web,Northeast,0,12.42,2023-01-07 18:18:00+00:00
405848,25-34,M,Health,Tablet,Southeast,0,3.9312,2023-03-27 01:12:00+00:00
405849,25-34,M,Health,Mobile,Southeast,0,12.6675,2023-06-24 06:16:00+00:00
405850,25-34,F,Finance,Mobile,Southeast,0,6.22,2023-05-17 16:53:00+00:00
405851,25-34,F,Housing,Mobile,Northeast,0,14.4,2023-01-06 17:00:00+00:00
405852,35-44,M,News,Tablet,Midwest,0,2.4737,2023-05-20 19:28:00+00:00
405853,35-44,F,Housing,Mobile,Midwest,0,8.8,2023-05-06 05:17:00+00:00
405854,18-24,F,Auto,Tablet,Northeast,0,3.4838,2023-01-28 03:38:00+00:00
405855,35-44,M,News,Web,Midwest,0,7.3325,2023-03-28 02:03:00+00:00
405856,55+,F,Health,Web,South,1,11.16,2023-04-14 19:31:00+00:00
405857,18-24,F,Auto,Web,Northeast,1,7.355,2023-02-14 20:49:00+00:00
405858,55+,M,Finance,Web,South,1,6.0775,2023-01-23 22:28:00+00:00
405859,25-34,F,News,Mobile,Southeast,0,7.78,2023-06-24 18:24:00+00:00
405860,55+,M,Retail,Tablet,South,0,3.2212,2023-06-27 09:16:00+00:00
405861,45-54,F,Finance,Mobile,West,0,7.5987,2023-06-29 23:25:00+00:00
405862,55+,F,Auto,Web,South,0,10.84,2023-05-28 15:29:00+00:00
405863,25-34,M,Auto,Mobile,Southeast,1,1.1525,2023-03-24 10:37:00+00:00
405864,45-54,F,News,Mobile,West,0,9.8825,2023-03-28 02:55:00+00:00
405865,35-44,F,Auto,Web,Midwest,0,6.36,2023-01-24 11:11:00+00:00
405866,18-24,F,Housing,Web,Northeast,0,3.6187,2023-04-26 07:33:00+00:00
405867,35-44,M,Retail,Mobile,Midwest,0,3.295,2023-04-07 12:13:00+00:00
405868,25-34,F,Retail,Web,Southeast,0,11.42,2023-06-06 12:39:00+00:00
405869,55+,M,Finance,Mobile,South,1,3.545,2023-02-06 12:48:00+00:00
405870,18-24,F,Auto,Tablet,Northeast,0,3.0663,2023-04-04 21:39:00+00:00
405871,35-44,M,Retail,Web,Midwest,0,11.74,2023-05-13 12:18:00+00:00
405872,55+,F,Auto,Mobile,South,1,1.635,2023-04-19 12:58:00+00:00
405873,45-54,F,Retail,Tablet,West,0,9.4775,2023-01-03 14:26:00+00:00
405874,55+,M,Finance,Web,South,0,14.58,2023-06-04 10:13:00+00:00
405875,55+,F,Auto,Web,South,0,11.4462,2023-04-28 21:33:00+00:00
405876,35-44,F,Health,Web,Midwest,0,1.8137,2023-06-21 03:15:00+00:00
405877,55+,F,Auto,Web,South,0,8.0,2023-06-15 09:57:00+00:00
405878,18-24,F,Housing,Web,Northeast,0,1.42,2023-04-27 08:16:00+00:00
405879,45-54,F,Finance,Mobile,West,0,9.4025,2023-01-03 02:08:00+00:00
405880,55+,M,Retail,Web,South,0,14.96,2023-06-03 09:04:00+00:00
405881,55+,F,Housing,Web,South,0,1.7325,2023-02-16 10:40:00+00:00
405882,18-24,M,News,Mobile,Northeast,0,4.84,2023-01-13 00:18:00+00:00
405883,35-44,M,Retail,Mobile,Midwest,1,9.24,2023-01-08 19:43:00+00:00
405884,18-24,M,Finance,Web,Northeast,1,2.2325,2023-01-27 02:12:00+00:00
405885,25-34,M,Housing,Tablet,Southeast,0,11.6962,2023-04-08 13:56:00+00:00
405886,18-24,F,Auto,Mobile,Northeast,0,7.36,2023-06-23 05:59:00+00:00
405887,18-24,F,Housing,Mobile,Northeast,0,12.5188,2023-03-17 15:45:00+00:00
405888,35-44,F,Auto,Web,Midwest,0,5.96,2023-01-09 08:35:00+00:00
405889,35-44,M,News,Tablet,Midwest,0,11.0,2023-03-17 03:53:00+00:00
405890,35-44,M,Retail,Tablet,Midwest,0,6.3625,2023-06-20 02:07:00+00:00
405891,55+,F,Auto,Web,South,0,8.3525,2023-02-12 18:48:00+00:00
405892,35-44,M,News,Mobile,Midwest,0,8.06,2023-04-19 00:15:00+00:00
405893,45-54,M,Health,Web,West,0,0.9825,2023-01-27 02:29:00+00:00
405894,45-54,M,Health,Tablet,West,0,11.765,2023-04-03 20:38:00+00:00
405895,18-24,M,News,Web,Northeast,0,15.4,2023-02-25 19:16:00+00:00
405896,25-34,M,Auto,Web,Southeast,0,10.6925,2023-06-24 18:24:00+00:00
405897,18-24,M,Retail,Tablet,Northeast,0,2.3125,2023-01-31 18:38:00+00:00
405898,35-44,M,News,Web,Midwest,0,9.98,2023-03-26 00:20:00+00:00
405899,35-44,F,Housing,Tablet,Midwest,0,10.9812,2023-03-07 17:43:00+00:00
405900,25-34,M,Housing,Mobile,Southeast,1,6.4325,2023-05-07 18:26:00+00:00
405901,25-34,F,Housing,Mobile,Northeast,0,9.64,2023-04-18 23:41:00+00:00
405902,35-44,F,Auto,Mobile,Midwest,0,9.005,2023-03-26 12:54:00+00:00
405903,55+,M,News,Mobile,South,1,5.2213,2023-06-27 09:25:00+00:00
405904,35-44,M,Finance,Tablet,Midwest,0,10.1,2023-03-12 22:10:00+00:00
405905,35-44,F,Auto,Tablet,Midwest,0,9.6312,2023-05-06 17:09:00+00:00
405906,35-44,F,Health,Tablet,Midwest,0,3.2425,2023-02-24 18:33:00+00:00
405907,25-34,F,Finance,Mobile,Southeast,0,9.5,2023-03-22 08:37:00+00:00
405908,45-54,M,Auto,Mobile,West,0,12.025,2023-02-10 04:22:00+00:00
405909,45-54,F,Finance,Tablet,West,0,9.0638,2023-04-02 19:04:00+00:00
405910,35-44,F,Housing,Tablet,Midwest,0,13.0,2023-06-25 19:16:00+00:00
405911,25-34,M,Housing,Tablet,Southeast,0,6.0587,2023-04-18 23:41:00+00:00
405912,35-44,M,Retail,Mobile,Midwest,0,0.5125,2023-05-31 18:47:00+00:00
405913,35-44,F,Health,Mobile,Midwest,0,13.34,2023-04-03 20:21:00+00:00
405914,55+,M,News,Tablet,South,0,11.86,2023-03-30 16:38:00+00:00
405915,25-34,F,Finance,Tablet,Southeast,0,2.6338,2023-05-28 03:38:00+00:00
405916,25-34,F,News,Web,Southeast,0,6.74,2023-01-23 22:37:00+00:00
405917,45-54,F,Retail,Tablet,West,0,2.595,2023-04-27 20:33:00+00:00
405918,18-24,M,Finance,Web,Northeast,0,3.2375,2023-04-01 06:30:00+00:00
405919,55+,M,News,Tablet,South,1,8.52,2023-05-12 23:35:00+00:00
405920,35-44,F,Housing,Tablet,Midwest,0,4.4125,2023-04-01 18:55:00+00:00
405921,55+,M,News,Mobile,South,0,8.7487,2023-06-29 23:51:00+00:00
405922,18-24,M,News,Tablet,Northeast,0,6.3,2023-03-22 08:02:00+00:00
405923,55+,F,Housing,Tablet,South,1,12.4062,2023-06-15 21:15:00+00:00
405924,45-54,F,News,Mobile,West,1,0.6837,2023-03-29 03:38:00+00:00
405925,55+,M,Retail,Tablet,South,1,8.5,2023-04-01 06:47:00+00:00
405926,55+,M,News,Tablet,South,1,9.2625,2023-05-31 18:21:00+00:00
405927,25-34,M,Health,Web,Southeast,0,5.3213,2023-02-27 09:25:00+00:00
405928,18-24,F,Health,Mobile,Northeast,0,12.0,2023-03-27 01:12:00+00:00
405929,18-24,M,News,Mobile,Northeast,0,5.9437,2023-05-16 03:10:00+00:00
405930,18-24,F,Health,Mobile,Northeast,1,3.5162,2023-04-24 05:33:00+00:00
405931,55+,M,Finance,Tablet,South,0,13.54,2023-01-03 02:26:00+00:00
405932,25-34,M,Health,Mobile,Southeast,1,3.3975,2023-05-19 06:28:00+00:00
405933,25-34,M,Health,Mobile,Southeast,1,10.3763,2023-03-23 21:45:00+00:00
405934,25-34,F,Finance,Tablet,Southeast,0,13.48,2023-01-20 07:37:00+00:00
405935,55+,M,Retail,Web,South,0,1.9025,2023-03-04 02:00:00+00:00
405936,45-54,M,Health,Tablet,West,1,3.365,2023-04-03 20:30:00+00:00
405937,25-34,M,Auto,Tablet,Southeast,1,9.08,2023-01-20 07:11:00+00:00
405938,35-44,M,News,Tablet,Midwest,0,2.5787,2023-03-25 23:46:00+00:00
405939,18-24,F,Housing,Tablet,Northeast,0,1.7225,2023-04-29 10:34:00+00:00
405940,45-54,M,Auto,Mobile,West,1,11.02,2023-03-18 16:45:00+00:00
405941,18-24,F,Health,Web,Northeast,0,2.7575,2023-01-07 06:09:00+00:00
405942,18-24,M,News,Mobile,Northeast,0,7.9475,2023-06-28 22:34:00+00:00
405943,35-44,F,Housing,Mobile,Midwest,0,7.7,2023-02-20 14:07:00+00:00
405944,25-34,M,Auto,Mobile,Southeast,0,1.1113,2023-02-19 01:41:00+00:00
405945,45-54,F,News,Mobile,West,0,5.1662,2023-01-14 13:44:00+00:00
405946,35-44,F,Auto,Tablet,Midwest,0,10.92,2023-04-02 07:13:00+00:00
405947,35-44,F,Health,Mobile,Midwest,0,2.4337,2023-02-17 11:58:00+00:00
405948,45-54,F,Retail,Tablet,West,0,0.6987,2023-03-01 23:42:00+00:00
405949,18-24,F,Auto,Tablet,Northeast,0,8.08,2023-04-20 13:41:00+00:00
405950,18-24,F,Auto,Tablet,Northeast,0,3.7462,2023-01-18 05:45:00+00:00
405951,25-34,F,Housing,Tablet,Northeast,0,11.92,2023-01-02 01:34:00+00:00
405952,35-44,M,Retail,Tablet,Midwest,0,12.06,2023-05-09 20:52:00+00:00
405953,55+,F,Auto,Mobile,South,0,2.6362,2023-01-10 21:44:00+00:00
405954,35-44,F,Housing,Web,Midwest,0,5.3875,2023-03-12 22:35:00+00:00
405955,35-44,M,Finance,Tablet,Midwest,0,13.54,2023-02-12 06:48:00+00:00
405956,25-34,M,Health,Tablet,Southeast,1,9.625,2023-02-10 04:14:00+00:00
405957,45-54,F,Retail,Mobile,West,0,8.2275,2023-01-23 22:28:00+00:00
405958,25-34,M,Auto,Web,Southeast,1,9.76,2023-06-23 05:16:00+00:00
405959,45-54,M,Health,Web,West,0,2.8838,2023-05-08 19:52:00+00:00
405960,35-44,F,Auto,Mobile,Midwest,1,10.3875,2023-06-20 14:50:00+00:00
405961,55+,F,Health,Tablet,South,0,7.78,2023-02-24 06:16:00+00:00
405962,55+,F,Auto,Tablet,South,1,5.375,2023-01-21 20:45:00+00:00
405963,55+,F,Health,Web,South,0,3.7075,2023-06-16 22:49:00+00:00
405964,55+,F,Auto,Tablet,South,0,14.74,2023-03-24 22:11:00+00:00
405965,45-54,F,News,Tablet,West,0,3.6538,2023-01-24 11:37:00+00:00
405966,25-34,F,Finance,Web,Southeast,1,8.5312,2023-03-27 01:29:00+00:00
405967,55+,F,Health,Mobile,South,0,7.6,2023-03-27 13:03:00+00:00
405968,25-34,M,Housing,Tablet,Southeast,1,5.3213,2023-04-28 09:08:00+00:00
405969,35-44,M,Retail,Mobile,Midwest,0,5.5575,2023-03-08 06:00:00+00:00
405970,45-54,M,Health,Tablet,West,1,13.3,2023-02-20 14:24:00+00:00
405971,35-44,M,News,Web,Midwest,0,9.6875,2023-02-20 14:15:00+00:00
405972,45-54,M,Housing,Mobile,West,0,1.2063,2023-03-07 05:00:00+00:00
405973,55+,F,Housing,Tablet,South,1,9.34,2023-02-22 04:16:00+00:00
405974,35-44,M,Finance,Web,Midwest,0,3.7425,2023-06-04 10:39:00+00:00
405975,45-54,F,Finance,Web,West,0,5.215,2023-03-14 12:53:00+00:00
405976,25-34,F,Finance,Mobile,Southeast,0,7.46,2023-03-20 18:02:00+00:00
405977,25-34,M,Housing,Tablet,Southeast,0,10.51,2023-01-09 08:52:00+00:00
405978,55+,F,Housing,Tablet,South,1,4.6338,2023-05-08 19:35:00+00:00
405979,45-54,M,Health,Mobile,West,0,8.68,2023-06-29 11:42:00+00:00
405980,35-44,M,News,Web,Midwest,0,9.2737,2023-05-20 19:45:00+00:00
405981,25-34,F,News,Mobile,Southeast,0,12.76,2023-03-30 16:29:00+00:00
405982,35-44,M,Retail,Web,Midwest,0,9.24,2023-02-17 23:58:00+00:00
405983,45-54,M,Auto,Web,West,0,4.4013,2023-03-23 09:37:00+00:00
405984,35-44,M,News,Web,Midwest,1,8.9288,2023-03-25 23:20:00+00:00
405985,35-44,F,Health,Tablet,Midwest,0,11.54,2023-01-03 02:43:00+00:00
405986,25-34,F,Retail,Web,Southeast,0,8.4062,2023-02-15 21:06:00+00:00
405987,55+,F,Auto,Mobile,South,1,7.5187,2023-04-26 07:07:00+00:00
405988,45-54,F,News,Web,West,1,7.76,2023-04-04 09:56:00+00:00
405989,18-24,M,Retail,Mobile,Northeast,0,4.7112,2023-04-20 01:49:00+00:00
405990,35-44,M,Finance,Tablet,Midwest,0,0.9225,2023-06-08 02:05:00+00:00
405991,55+,M,Retail,Web,South,1,8.08,2023-02-19 13:49:00+00:00
405992,25-34,F,Finance,Mobile,Southeast,0,2.9562,2023-06-15 21:06:00+00:00
405993,25-34,F,Retail,Tablet,Southeast,1,6.5587,2023-04-18 23:32:00+00:00
405994,55+,F,Auto,Mobile,South,0,6.86,2023-03-10 20:52:00+00:00
405995,25-34,M,Auto,Mobile,Southeast,0,12.825,2023-05-21 20:37:00+00:00
405996,35-44,M,Retail,Tablet,Midwest,0,3.02,2023-04-07 00:05:00+00:00
405997,35-44,M,Finance,Tablet,Midwest,0,10.64,2023-05-18 05:19:00+00:00
405998,45-54,F,Retail,Tablet,West,0,11.1387,2023-03-13 23:01:00+00:00
405999,35-44,M,Retail,Tablet,Midwest,0,9.8362,2023-06-19 13:41:00+00:00
406000,45-54,M,Housing,Web,West,1,8.92,2023-03-13 23:44:00+00:00
406001,25-34,F,Housing,Web,Northeast,0,14.78,2023-03-26 12:20:00+00:00
406002,45-54,F,News,Mobile,West,0,12.685,2023-03-30 04:46:00+00:00
406003,45-54,F,Retail,Mobile,West,1,7.7,2023-02-20 14:50:00+00:00
406004,35-44,M,Finance,Web,Midwest,0,1.2275,2023-02-12 06:14:00+00:00
406005,35-44,M,Finance,Mobile,Midwest,0,4.6525,2023-06-12 18:40:00+00:00
406006,45-54,F,Retail,Mobile,West,0,13.44,2023-03-19 05:11:00+00:00
406007,55+,M,News,Tablet,South,0,2.2862,2023-05-30 05:38:00+00:00
406008,45-54,F,News,Tablet,West,0,10.8287,2023-05-04 15:34:00+00:00
406009,18-24,F,Health,Tablet,Northeast,0,8.38,2023-02-14 20:32:00+00:00
406010,18-24,M,News,Tablet,Northeast,0,9.3462,2023-02-07 13:22:00+00:00
406011,18-24,M,Finance,Web,Northeast,0,9.6638,2023-02-21 03:24:00+00:00
406012,35-44,M,News,Tablet,Midwest,0,7.52,2023-03-23 21:37:00+00:00
406013,55+,M,News,Tablet,South,0,12.5762,2023-04-12 05:23:00+00:00
406014,35-44,F,Health,Tablet,Midwest,0,5.5375,2023-04-01 06:38:00+00:00
406015,35-44,M,News,Tablet,Midwest,0,8.66,2023-02-28 10:08:00+00:00
406016,45-54,F,Retail,Web,West,1,2.7125,2023-02-20 02:58:00+00:00
406017,55+,F,Auto,Mobile,South,0,0.9663,2023-01-14 13:19:00+00:00
406018,25-34,F,News,Web,Southeast,0,14.94,2023-02-22 04:07:00+00:00
406019,55+,M,Retail,Web,South,0,8.42,2023-06-06 00:05:00+00:00
406020,45-54,M,Housing,Web,West,0,10.81,2023-05-29 16:55:00+00:00
406021,35-44,F,Housing,Web,Midwest,1,9.34,2023-04-23 04:07:00+00:00
406022,18-24,F,Auto,Web,Northeast,1,8.7825,2023-04-17 10:06:00+00:00
406023,55+,M,Finance,Mobile,South,0,5.9287,2023-03-05 15:34:00+00:00
406024,25-34,F,Retail,Tablet,Southeast,0,11.96,2023-01-24 23:20:00+00:00
406025,35-44,F,Auto,Web,Midwest,0,2.8588,2023-03-09 07:01:00+00:00
406026,55+,M,News,Web,South,0,10.0412,2023-04-04 09:13:00+00:00
406027,45-54,F,Retail,Tablet,West,0,12.96,2023-04-04 09:39:00+00:00
406028,55+,M,News,Mobile,South,0,7.3012,2023-02-11 17:31:00+00:00
406029,35-44,M,Finance,Tablet,Midwest,0,1.7163,2023-05-14 13:36:00+00:00
406030,45-54,F,News,Web,West,0,15.42,2023-02-26 08:33:00+00:00
406031,18-24,M,Finance,Mobile,Northeast,0,11.6337,2023-03-29 03:29:00+00:00
406032,35-44,M,Finance,Tablet,Midwest,0,7.1537,2023-01-04 03:26:00+00:00
406033,35-44,F,Housing,Mobile,Midwest,0,8.94,2023-01-13 12:36:00+00:00
406034,25-34,M,Health,Tablet,Southeast,0,2.4162,2023-02-23 05:41:00+00:00
406035,45-54,F,Finance,Tablet,West,1,7.1288,2023-05-24 23:37:00+00:00
406036,25-34,M,Housing,Web,Southeast,0,13.58,2023-02-14 20:49:00+00:00
406037,45-54,M,Housing,Web,West,0,8.6937,2023-02-25 19:59:00+00:00
406038,45-54,F,News,Tablet,West,0,4.2562,2023-04-16 21:06:00+00:00
406039,18-24,F,Housing,Tablet,Northeast,1,8.64,2023-04-28 09:25:00+00:00
406040,55+,F,Health,Tablet,South,0,2.6162,2023-04-04 21:47:00+00:00
406041,45-54,M,Housing,Tablet,West,0,11.3637,2023-03-13 11:10:00+00:00
406042,35-44,M,Retail,Tablet,Midwest,0,12.24,2023-01-18 17:02:00+00:00
406043,25-34,M,Health,Web,Southeast,0,5.4337,2023-01-28 03:03:00+00:00
406044,18-24,F,Housing,Web,Northeast,0,8.8637,2023-02-21 03:50:00+00:00
406045,25-34,M,Auto,Tablet,Southeast,0,8.66,2023-02-08 14:48:00+00:00
406046,25-34,F,Finance,Web,Southeast,0,7.07,2023-04-27 08:08:00+00:00
406047,18-24,F,Housing,Tablet,Northeast,1,11.4362,2023-05-10 21:09:00+00:00
406048,35-44,F,Auto,Tablet,Midwest,0,14.64,2023-03-19 17:11:00+00:00
406049,45-54,F,News,Mobile,West,0,7.8563,2023-01-26 13:12:00+00:00
406050,35-44,F,Health,Tablet,Midwest,0,10.4625,2023-03-12 10:52:00+00:00
406051,25-34,F,Housing,Tablet,Northeast,0,6.6,2023-02-05 11:56:00+00:00
406052,55+,M,News,Web,South,1,5.3975,2023-02-28 22:51:00+00:00
406053,35-44,F,Health,Web,Midwest,0,2.155,2023-01-05 04:09:00+00:00
406054,45-54,M,Auto,Tablet,West,0,11.78,2023-06-24 06:16:00+00:00
406055,55+,M,News,Web,South,0,4.3087,2023-03-09 07:26:00+00:00
406056,18-24,M,Retail,Web,Northeast,1,4.9488,2023-01-20 07:02:00+00:00
406057,55+,M,News,Mobile,South,0,13.3,2023-01-31 06:38:00+00:00
406058,45-54,F,Retail,Mobile,West,1,2.3987,2023-06-09 15:05:00+00:00
406059,25-34,M,Health,Web,Southeast,0,8.4125,2023-01-31 18:12:00+00:00
406060,25-34,M,Auto,Tablet,Southeast,0,8.7,2023-02-10 04:31:00+00:00
406061,18-24,F,Health,Tablet,Northeast,1,2.7262,2023-02-11 05:48:00+00:00
406062,55+,F,Health,Tablet,South,1,11.6525,2023-05-03 02:17:00+00:00
406063,35-44,M,Finance,Tablet,Midwest,0,7.88,2023-06-29 11:08:00+00:00
406064,55+,M,Retail,Tablet,South,0,12.8537,2023-03-05 03:34:00+00:00
406065,35-44,F,Auto,Mobile,Midwest,0,12.2925,2023-06-24 18:33:00+00:00
406066,45-54,M,Housing,Tablet,West,0,10.0,2023-04-16 09:06:00+00:00
406067,25-34,F,Retail,Tablet,Southeast,0,10.8375,2023-02-20 14:32:00+00:00
406068,18-24,F,Health,Tablet,Northeast,1,6.9562,2023-03-07 05:43:00+00:00
406069,55+,F,Health,Tablet,South,0,10.44,2023-02-17 23:58:00+00:00
406070,35-44,F,Health,Web,Midwest,1,8.7475,2023-03-20 06:45:00+00:00
406071,35-44,M,Finance,Web,Midwest,0,10.2425,2023-02-04 10:39:00+00:00
406072,55+,F,Auto,Web,South,0,15.28,2023-03-11 21:18:00+00:00
406073,35-44,M,Finance,Tablet,Midwest,0,9.3138,2023-06-01 19:21:00+00:00
406074,25-34,M,Auto,Web,Southeast,0,10.0725,2023-06-08 02:56:00+00:00
406075,55+,F,Housing,Web,South,0,9.02,2023-01-17 16:53:00+00:00
406076,45-54,F,Retail,Web,West,0,5.8575,2023-05-07 06:26:00+00:00
406077,45-54,M,Auto,Tablet,West,0,2.95,2023-01-01 00:00:00+00:00
406078,18-24,F,Auto,Mobile,Northeast,1,10.92,2023-04-22 03:58:00+00:00
406079,55+,F,Health,Web,South,0,1.6838,2023-01-08 19:09:00+00:00
406080,18-24,M,Finance,Tablet,Northeast,1,1.0875,2023-03-12 22:18:00+00:00
406081,35-44,M,Retail,Web,Midwest,0,5.96,2023-03-25 23:03:00+00:00
406082,55+,F,Health,Mobile,South,0,8.2025,2023-04-13 18:31:00+00:00
406083,55+,F,Auto,Tablet,South,0,11.7438,2023-02-05 11:13:00+00:00
406084,45-54,F,Retail,Web,West,0,12.98,2023-03-16 14:36:00+00:00
406085,18-24,M,Retail,Tablet,Northeast,1,4.36,2023-06-18 00:32:00+00:00
406086,18-24,F,Housing,Tablet,Northeast,0,3.4275,2023-02-12 06:06:00+00:00
406087,45-54,F,News,Tablet,West,0,11.86,2023-05-19 18:11:00+00:00
406088,55+,F,Auto,Web,South,1,8.7912,2023-03-15 01:01:00+00:00
406089,55+,M,News,Web,South,0,10.9987,2023-01-20 07:02:00+00:00
406090,25-34,F,Finance,Tablet,Southeast,0,6.0,2023-01-06 17:26:00+00:00
406091,25-34,M,Housing,Tablet,Southeast,1,11.465,2023-02-22 04:33:00+00:00
406092,18-24,M,Retail,Mobile,Northeast,0,6.6725,2023-02-28 10:08:00+00:00
406093,55+,F,Health,Tablet,South,0,14.8,2023-02-15 21:15:00+00:00
406094,35-44,M,Retail,Mobile,Midwest,0,5.0713,2023-03-19 17:36:00+00:00
406095,55+,F,Health,Tablet,South,1,11.8475,2023-04-09 14:48:00+00:00
406096,25-34,F,News,Tablet,Southeast,0,12.56,2023-02-23 05:16:00+00:00
406097,18-24,M,News,Mobile,Northeast,0,4.1525,2023-02-12 18:40:00+00:00
406098,45-54,F,Retail,Web,West,0,1.0025,2023-06-12 18:23:00+00:00
406099,25-34,F,Finance,Tablet,Southeast,1,7.54,2023-06-12 18:31:00+00:00
406100,35-44,M,Finance,Tablet,Midwest,1,2.34,2023-05-13 00:53:00+00:00
406101,25-34,F,Housing,Web,Northeast,0,7.64,2023-05-08 07:35:00+00:00
406102,45-54,M,Housing,Web,West,1,10.8,2023-03-07 05:17:00+00:00
406103,25-34,M,Housing,Tablet,Southeast,0,11.8887,2023-03-13 23:18:00+00:00
406104,35-44,M,News,Mobile,Midwest,0,2.3338,2023-06-17 11:15:00+00:00
406105,55+,F,Housing,Mobile,South,0,6.44,2023-02-17 23:41:00+00:00
406106,45-54,F,Retail,Web,West,1,2.0625,2023-06-20 02:24:00+00:00
406107,25-34,F,Retail,Tablet,Southeast,1,7.4037,2023-05-24 11:03:00+00:00
406108,18-24,F,Housing,Mobile,Northeast,0,7.04,2023-02-07 13:22:00+00:00
406109,18-24,F,Auto,Web,Northeast,0,5.2438,2023-01-16 03:36:00+00:00
406110,55+,M,Retail,Mobile,South,0,12.5875,2023-06-20 14:15:00+00:00
406111,18-24,M,News,Mobile,Northeast,0,5.88,2023-05-20 07:02:00+00:00
406112,25-34,M,Housing,Tablet,Southeast,0,9.235,2023-02-18 12:32:00+00:00
406113,35-44,M,Finance,Web,Midwest,0,10.7275,2023-04-13 06:31:00+00:00
406114,45-54,F,News,Web,West,0,8.9,2023-04-01 06:30:00+00:00
406115,25-34,F,Finance,Tablet,Southeast,0,9.6862,2023-02-19 13:32:00+00:00
406116,18-24,F,Health,Tablet,Northeast,0,3.9875,2023-04-21 14:24:00+00:00
406117,45-54,F,News,Web,West,1,8.82,2023-01-27 02:20:00+00:00
406118,18-24,M,Retail,Mobile,Northeast,1,6.8587,2023-04-18 23:15:00+00:00
406119,25-34,M,Housing,Mobile,Southeast,0,10.4775,2023-05-03 14:08:00+00:00
406120,55+,M,News,Web,South,0,6.8,2023-02-15 21:32:00+00:00
406121,45-54,F,News,Tablet,West,0,12.31,2023-06-18 00:49:00+00:00
406122,55+,M,News,Mobile,South,0,1.5813,2023-01-06 17:43:00+00:00
406123,35-44,F,Housing,Tablet,Midwest,1,13.58,2023-05-25 12:54:00+00:00
406124,25-34,M,Housing,Web,Southeast,0,4.5912,2023-04-04 09:21:00+00:00
406125,18-24,M,News,Tablet,Northeast,1,12.0612,2023-01-10 09:18:00+00:00
406126,35-44,M,Retail,Mobile,Midwest,0,8.84,2023-01-08 07:43:00+00:00
406127,55+,F,Housing,Web,South,0,1.84,2023-02-02 08:30:00+00:00
406128,18-24,M,Finance,Mobile,Northeast,0,3.3575,2023-04-17 22:58:00+00:00
406129,25-34,M,Auto,Tablet,Southeast,1,10.42,2023-02-16 22:49:00+00:00
406130,55+,F,Housing,Mobile,South,0,11.1062,2023-01-26 13:03:00+00:00
406131,25-34,F,Retail,Web,Southeast,0,9.5175,2023-04-25 06:33:00+00:00
406132,18-24,M,News,Mobile,Northeast,0,12.92,2023-02-21 15:24:00+00:00
406133,45-54,M,Auto,Web,West,0,9.8187,2023-02-25 07:59:00+00:00
406134,45-54,F,Finance,Web,West,0,3.6662,2023-01-14 13:01:00+00:00
406135,25-34,M,Housing,Mobile,Southeast,0,5.96,2023-05-04 15:00:00+00:00
406136,35-44,M,Finance,Mobile,Midwest,1,8.34,2023-01-13 00:36:00+00:00
406137,45-54,F,Retail,Tablet,West,0,3.185,2023-04-19 12:41:00+00:00
406138,35-44,M,News,Tablet,Midwest,0,10.54,2023-02-02 08:30:00+00:00
406139,35-44,F,Housing,Mobile,Midwest,1,10.6662,2023-01-14 13:01:00+00:00
406140,55+,M,Finance,Web,South,0,8.3788,2023-03-25 23:29:00+00:00
406141,25-34,F,Finance,Web,Southeast,0,15.26,2023-01-29 16:04:00+00:00
406142,18-24,M,Retail,Mobile,Northeast,0,1.035,2023-02-18 12:41:00+00:00
406143,18-24,M,News,Web,Northeast,0,8.5538,2023-01-24 11:37:00+00:00
406144,25-34,F,Retail,Tablet,Southeast,0,6.02,2023-01-07 06:00:00+00:00
406145,55+,F,Health,Mobile,South,0,3.585,2023-01-29 04:21:00+00:00
406146,25-34,F,Finance,Tablet,Southeast,1,1.8762,2023-06-11 05:31:00+00:00
406147,45-54,F,News,Tablet,West,0,6.54,2023-02-22 04:07:00+00:00
406148,35-44,F,Housing,Mobile,Midwest,0,2.8925,2023-04-05 10:39:00+00:00
406149,18-24,M,Finance,Mobile,Northeast,0,7.9938,2023-01-16 03:10:00+00:00
406150,45-54,F,Finance,Web,West,1,14.36,2023-05-24 11:54:00+00:00
406151,25-34,F,Housing,Web,Northeast,1,10.4,2023-05-26 01:37:00+00:00
406152,18-24,M,Finance,Mobile,Northeast,1,7.7438,2023-05-16 03:27:00+00:00
406153,18-24,F,Housing,Mobile,Northeast,0,13.36,2023-01-14 13:53:00+00:00
406154,45-54,F,Finance,Mobile,West,0,12.045,2023-01-17 04:53:00+00:00
406155,25-34,F,News,Mobile,Southeast,1,11.8362,2023-06-19 13:41:00+00:00
406156,35-44,F,Auto,Web,Midwest,0,6.8,2023-05-26 13:55:00+00:00
406157,45-54,F,News,Tablet,West,0,6.3925,2023-04-05 10:04:00+00:00
406158,45-54,F,Finance,Mobile,West,0,10.3125,2023-05-31 18:04:00+00:00
406159,55+,F,Auto,Mobile,South,1,14.8,2023-02-15 09:32:00+00:00
406160,35-44,F,Health,Tablet,Midwest,1,7.3325,2023-03-08 18:18:00+00:00
406161,45-54,M,Health,Web,West,0,9.2338,2023-03-09 19:52:00+00:00
406162,25-34,M,Auto,Web,Southeast,0,8.54,2023-05-13 00:01:00+00:00
406163,18-24,M,Finance,Web,Northeast,0,5.7325,2023-05-07 18:26:00+00:00
406164,55+,M,Finance,Tablet,South,0,10.7212,2023-01-18 17:11:00+00:00
406165,18-24,F,Housing,Web,Northeast,0,9.56,2023-03-25 11:37:00+00:00
406166,55+,M,Finance,Mobile,South,0,6.15,2023-05-21 08:02:00+00:00
406167,45-54,M,Housing,Tablet,West,1,3.8763,2023-01-22 21:03:00+00:00
406168,35-44,M,Finance,Web,Midwest,1,10.54,2023-02-22 16:50:00+00:00
406169,25-34,M,Health,Mobile,Southeast,0,11.0913,2023-03-15 01:44:00+00:00
406170,25-34,M,Housing,Web,Southeast,1,7.9575,2023-04-17 22:32:00+00:00
406171,18-24,M,Finance,Mobile,Northeast,0,8.4,2023-06-15 21:23:00+00:00
406172,45-54,F,Retail,Tablet,West,0,6.33,2023-06-14 08:23:00+00:00
406173,18-24,F,Housing,Web,Northeast,0,1.7325,2023-03-28 02:20:00+00:00
406174,45-54,M,Auto,Mobile,West,0,6.06,2023-01-29 16:55:00+00:00
406175,25-34,M,Housing,Tablet,Southeast,0,3.7188,2023-02-05 23:05:00+00:00
406176,55+,M,News,Web,South,0,3.4263,2023-06-11 05:14:00+00:00
406177,35-44,M,Finance,Mobile,Midwest,0,6.68,2023-04-10 15:31:00+00:00
406178,18-24,M,Finance,Mobile,Northeast,0,3.2725,2023-02-08 02:14:00+00:00
406179,35-44,F,Housing,Web,Midwest,0,11.23,2023-06-14 08:57:00+00:00
406180,25-34,F,Retail,Tablet,Southeast,1,11.18,2023-03-26 12:46:00+00:00
406181,35-44,M,Finance,Mobile,Midwest,1,9.6438,2023-06-05 11:22:00+00:00
406182,45-54,F,News,Tablet,West,0,12.3063,2023-05-06 05:26:00+00:00
406183,45-54,M,Health,Tablet,West,1,13.36,2023-02-23 05:24:00+00:00
406184,35-44,F,Health,Web,Midwest,0,5.5263,2023-02-11 05:40:00+00:00
406185,55+,F,Health,Tablet,South,1,12.6762,2023-01-22 21:20:00+00:00
406186,35-44,F,Health,Web,Midwest,0,12.42,2023-01-27 02:29:00+00:00
406187,25-34,F,Retail,Web,Southeast,1,5.4313,2023-02-15 09:32:00+00:00
406188,35-44,F,Housing,Tablet,Midwest,0,6.0675,2023-02-24 06:33:00+00:00
406189,35-44,M,News,Mobile,Midwest,0,14.94,2023-03-14 12:36:00+00:00
406190,25-34,M,Health,Tablet,Southeast,1,2.7338,2023-03-29 03:55:00+00:00
406191,35-44,F,Health,Tablet,Midwest,0,1.6362,2023-04-20 13:15:00+00:00
406192,18-24,M,News,Mobile,Northeast,0,10.8,2023-02-15 21:23:00+00:00
406193,35-44,M,Finance,Tablet,Midwest,0,2.6987,2023-06-09 15:39:00+00:00
406194,55+,M,Retail,Web,South,0,11.8475,2023-01-19 06:11:00+00:00
406195,45-54,F,Retail,Mobile,West,0,13.6,2023-01-06 05:52:00+00:00
406196,45-54,M,Housing,Tablet,West,0,2.8613,2023-03-11 09:35:00+00:00
406197,45-54,F,News,Mobile,West,0,3.6212,2023-06-27 09:51:00+00:00
406198,45-54,F,Retail,Mobile,West,0,5.88,2023-04-30 11:51:00+00:00
406199,18-24,M,News,Web,Northeast,0,5.785,2023-04-19 12:06:00+00:00
406200,55+,M,Finance,Tablet,South,0,11.9087,2023-05-28 15:21:00+00:00
406201,25-34,F,Housing,Mobile,Northeast,0,8.26,2023-03-20 18:19:00+00:00
406202,35-44,F,Health,Mobile,Midwest,1,5.3937,2023-01-16 03:27:00+00:00
406203,35-44,F,Housing,Web,Midwest,0,1.1775,2023-04-13 06:40:00+00:00
406204,25-34,M,Auto,Tablet,Southeast,1,12.94,2023-05-13 00:44:00+00:00
406205,25-34,F,Finance,Mobile,Southeast,1,8.655,2023-02-14 20:57:00+00:00
406206,35-44,M,Retail,Mobile,Midwest,0,11.39,2023-04-03 08:56:00+00:00
406207,25-34,F,Retail,Mobile,Southeast,0,7.84,2023-04-08 01:48:00+00:00
406208,35-44,F,Auto,Web,Midwest,0,9.5162,2023-06-23 05:07:00+00:00
406209,55+,M,Retail,Mobile,South,0,2.5525,2023-01-03 02:26:00+00:00
406210,25-34,F,Retail,Web,Southeast,0,9.6,2023-03-27 13:29:00+00:00
406211,25-34,F,Finance,Mobile,Southeast,1,5.5038,2023-04-14 19:23:00+00:00
406212,35-44,F,Health,Tablet,Midwest,0,12.74,2023-04-23 16:41:00+00:00
406213,45-54,F,News,Tablet,West,1,13.4,2023-02-25 07:50:00+00:00
406214,25-34,F,News,Tablet,Southeast,1,4.9212,2023-06-27 09:16:00+00:00
406215,18-24,F,Health,Web,Northeast,0,2.345,2023-02-06 12:30:00+00:00
406216,45-54,F,Finance,Tablet,West,0,15.4,2023-01-16 15:36:00+00:00
406217,18-24,F,Health,Tablet,Northeast,0,7.4512,2023-05-02 01:17:00+00:00
406218,45-54,M,Health,Web,West,1,0.7037,2023-01-04 03:51:00+00:00
406219,25-34,F,Finance,Tablet,Southeast,1,15.42,2023-02-06 00:39:00+00:00
406220,25-34,M,Health,Web,Southeast,0,3.76,2023-05-09 08:26:00+00:00
406221,18-24,F,Health,Web,Northeast,0,8.4437,2023-02-25 19:25:00+00:00
406222,18-24,M,Finance,Tablet,Northeast,0,7.54,2023-04-13 18:31:00+00:00
406223,18-24,F,Housing,Mobile,Northeast,1,9.4025,2023-02-12 18:23:00+00:00
406224,55+,M,Finance,Tablet,South,1,8.9738,2023-03-01 11:34:00+00:00
406225,35-44,M,Finance,Mobile,Midwest,0,5.92,2023-06-11 05:57:00+00:00
406226,35-44,F,Housing,Mobile,Midwest,1,4.2188,2023-06-05 23:47:00+00:00
406227,25-34,F,Finance,Tablet,Southeast,1,7.8425,2023-06-24 18:24:00+00:00
406228,25-34,F,Retail,Web,Southeast,0,13.02,2023-05-17 04:19:00+00:00
406229,45-54,F,Retail,Mobile,West,0,4.6212,2023-01-18 17:11:00+00:00
406230,25-34,M,Auto,Mobile,Southeast,0,7.4,2023-02-10 16:40:00+00:00
406231,18-24,M,Retail,Tablet,Northeast,1,13.94,2023-05-23 22:11:00+00:00
406232,55+,F,Health,Web,South,0,10.57,2023-02-26 08:33:00+00:00
406233,35-44,M,Retail,Web,Midwest,0,12.1675,2023-06-04 22:13:00+00:00
406234,35-44,M,Finance,Mobile,Midwest,0,12.26,2023-02-28 22:08:00+00:00
406235,25-34,M,Health,Tablet,Southeast,0,2.1712,2023-04-08 01:05:00+00:00
406236,25-34,F,Finance,Tablet,Southeast,0,3.0213,2023-04-28 09:25:00+00:00
406237,18-24,M,Finance,Mobile,Northeast,0,6.18,2023-04-25 18:33:00+00:00
406238,45-54,F,News,Web,West,0,11.2688,2023-01-16 15:53:00+00:00
406239,18-24,F,Housing,Tablet,Northeast,0,3.0525,2023-03-24 10:46:00+00:00
406240,25-34,F,News,Mobile,Southeast,1,12.8,2023-02-15 21:40:00+00:00
406241,35-44,M,Retail,Web,Midwest,0,10.455,2023-04-15 20:06:00+00:00
406242,25-34,M,Health,Web,Southeast,0,3.6037,2023-06-13 19:57:00+00:00
406243,55+,M,News,Mobile,South,0,14.1,2023-05-11 10:52:00+00:00
406244,45-54,F,Finance,Web,West,0,6.6463,2023-01-18 05:45:00+00:00
406245,45-54,M,Auto,Tablet,West,1,4.155,2023-05-25 12:37:00+00:00
406246,55+,M,News,Tablet,South,0,8.76,2023-06-13 19:06:00+00:00
406247,45-54,M,Housing,Web,West,1,7.3087,2023-05-28 15:38:00+00:00
406248,25-34,M,Auto,Web,Southeast,0,5.3875,2023-01-31 06:21:00+00:00
406249,18-24,F,Housing,Mobile,Northeast,1,7.68,2023-03-31 17:29:00+00:00
406250,45-54,M,Housing,Web,West,0,11.915,2023-02-02 20:04:00+00:00
406251,25-34,F,Housing,Tablet,Northeast,1,9.6,2023-01-26 13:46:00+00:00
406252,18-24,F,Housing,Mobile,Northeast,1,10.16,2023-02-03 21:13:00+00:00
406253,45-54,F,Finance,Web,West,0,12.9775,2023-03-24 22:20:00+00:00
406254,45-54,M,Health,Web,West,0,3.82,2023-04-07 00:39:00+00:00
406255,35-44,M,Retail,Mobile,Midwest,0,15.08,2023-06-29 11:42:00+00:00
406256,18-24,M,News,Web,Northeast,1,6.6863,2023-04-20 13:07:00+00:00
406257,55+,M,News,Tablet,South,0,7.3412,2023-01-14 01:36:00+00:00
406258,25-34,F,Finance,Mobile,Southeast,0,11.26,2023-06-18 00:41:00+00:00
406259,45-54,M,Housing,Tablet,West,0,1.0688,2023-06-25 07:33:00+00:00
406260,35-44,F,Health,Tablet,Midwest,0,8.18,2023-01-25 00:54:00+00:00
406261,25-34,M,Housing,Mobile,Southeast,0,13.1,2023-05-21 08:28:00+00:00
406262,25-34,F,News,Web,Southeast,0,4.705,2023-01-25 12:46:00+00:00
406263,55+,M,Retail,Web,South,1,4.3225,2023-06-28 10:34:00+00:00
406264,55+,F,Housing,Mobile,South,0,5.62,2023-05-07 06:26:00+00:00
406265,55+,F,Housing,Tablet,South,0,2.7075,2023-05-07 06:26:00+00:00
406266,25-34,F,News,Tablet,Southeast,0,1.2837,2023-05-08 19:52:00+00:00
406267,35-44,F,Auto,Web,Midwest,0,12.6,2023-04-06 11:13:00+00:00
406268,35-44,M,News,Mobile,Midwest,1,3.5663,2023-05-14 13:44:00+00:00
406269,35-44,F,Health,Tablet,Midwest,0,6.4763,2023-01-22 21:11:00+00:00
406270,35-44,F,Health,Tablet,Midwest,0,15.02,2023-05-17 16:19:00+00:00
406271,25-34,F,Finance,Tablet,Southeast,0,8.6913,2023-01-14 01:27:00+00:00
406272,45-54,F,News,Web,West,1,4.6037,2023-03-25 11:29:00+00:00
406273,35-44,F,Housing,Web,Midwest,0,6.26,2023-03-20 18:45:00+00:00
406274,18-24,F,Housing,Tablet,Northeast,0,1.6438,2023-01-16 03:53:00+00:00
406275,35-44,F,Health,Web,Midwest,1,11.85,2023-04-11 16:57:00+00:00
406276,55+,M,News,Tablet,South,0,14.44,2023-04-18 11:41:00+00:00
406277,35-44,M,Retail,Tablet,Midwest,0,1.6375,2023-06-20 14:41:00+00:00
406278,18-24,F,Auto,Tablet,Northeast,0,1.9087,2023-01-08 07:01:00+00:00
406279,55+,F,Housing,Mobile,South,0,8.1,2023-01-31 18:04:00+00:00
406280,25-34,F,News,Mobile,Southeast,0,11.3112,2023-06-19 01:58:00+00:00
406281,45-54,F,News,Mobile,West,0,11.2762,2023-05-22 21:45:00+00:00
406282,45-54,M,Health,Web,West,0,12.02,2023-06-16 22:49:00+00:00
406283,18-24,F,Health,Web,Northeast,1,2.125,2023-06-10 04:48:00+00:00
406284,35-44,F,Housing,Web,Midwest,0,3.1288,2023-05-04 15:00:00+00:00
406285,18-24,M,Finance,Mobile,Northeast,0,10.88,2023-06-19 13:49:00+00:00
406286,35-44,F,Housing,Tablet,Midwest,0,5.82,2023-01-17 16:53:00+00:00
406287,25-34,F,Finance,Mobile,Southeast,0,9.0463,2023-04-28 21:33:00+00:00
406288,18-24,M,News,Mobile,Northeast,0,15.2,2023-04-16 21:23:00+00:00
406289,35-44,M,Retail,Mobile,Midwest,0,3.1913,2023-04-04 09:56:00+00:00
406290,55+,F,Auto,Web,South,0,6.7888,2023-05-12 23:53:00+00:00
406291,55+,M,Retail,Tablet,South,0,11.92,2023-05-22 21:54:00+00:00
406292,45-54,F,Retail,Web,West,0,9.3212,2023-04-28 09:25:00+00:00
406293,55+,M,News,Web,South,0,2.855,2023-04-15 20:32:00+00:00
406294,35-44,M,Finance,Tablet,Midwest,0,12.76,2023-01-04 03:43:00+00:00
406295,25-34,F,Finance,Tablet,Southeast,0,10.5237,2023-03-21 19:45:00+00:00
406296,18-24,M,Finance,Web,Northeast,0,9.3637,2023-01-12 11:18:00+00:00
406297,18-24,F,Auto,Mobile,Northeast,0,14.9,2023-01-31 06:30:00+00:00
406298,45-54,M,Health,Mobile,West,0,9.3775,2023-04-13 06:14:00+00:00
406299,25-34,F,Retail,Tablet,Southeast,0,12.9663,2023-02-23 05:33:00+00:00
406300,25-34,F,News,Mobile,Southeast,0,5.5,2023-04-11 04:22:00+00:00
406301,25-34,F,Housing,Web,Northeast,0,9.08,2023-02-09 15:31:00+00:00
406302,35-44,F,Health,Mobile,Midwest,1,11.1913,2023-06-23 17:16:00+00:00
406303,18-24,F,Health,Web,Northeast,0,14.7,2023-03-22 08:37:00+00:00
406304,45-54,F,Finance,Web,West,0,4.615,2023-06-02 20:21:00+00:00
406305,55+,F,Auto,Mobile,South,0,12.8912,2023-06-23 17:16:00+00:00
406306,25-34,F,Retail,Mobile,Southeast,0,13.02,2023-06-26 20:59:00+00:00
406307,55+,F,Auto,Web,South,0,9.5975,2023-04-09 14:14:00+00:00
406308,45-54,F,News,Tablet,West,0,1.4988,2023-03-01 23:25:00+00:00
406309,55+,F,Health,Mobile,South,0,11.08,2023-04-30 23:51:00+00:00
406310,25-34,M,Health,Mobile,Southeast,0,10.1463,2023-06-27 21:08:00+00:00
406311,45-54,M,Auto,Tablet,West,0,5.4525,2023-03-24 10:54:00+00:00
406312,45-54,M,Housing,Tablet,West,0,15.32,2023-01-12 11:53:00+00:00
406313,55+,F,Health,Web,South,1,3.9425,2023-05-15 02:44:00+00:00
406314,45-54,F,Finance,Mobile,West,0,11.5162,2023-05-14 13:27:00+00:00
406315,35-44,F,Auto,Mobile,Midwest,0,15.1,2023-06-10 04:31:00+00:00
406316,55+,F,Housing,Web,South,1,8.7312,2023-06-15 09:15:00+00:00
406317,18-24,M,Retail,Web,Northeast,1,8.245,2023-02-26 20:33:00+00:00
406318,35-44,M,News,Web,Midwest,0,10.86,2023-04-19 12:58:00+00:00
406319,35-44,M,Retail,Web,Midwest,0,12.385,2023-04-19 12:15:00+00:00
406320,25-34,F,Finance,Mobile,Southeast,0,11.7063,2023-05-26 13:46:00+00:00
406321,55+,M,News,Web,South,0,12.54,2023-04-23 16:16:00+00:00
406322,45-54,M,Auto,Web,West,1,12.2325,2023-01-27 02:38:00+00:00
406323,18-24,M,News,Tablet,Northeast,0,3.2812,2023-02-15 09:57:00+00:00
406324,35-44,F,Auto,Tablet,Midwest,1,9.96,2023-02-13 07:49:00+00:00
406325,35-44,M,Retail,Mobile,Midwest,0,9.0075,2023-01-27 14:29:00+00:00
406326,45-54,M,Auto,Mobile,West,1,2.9225,2023-02-08 02:39:00+00:00
406327,45-54,M,Health,Web,West,0,5.72,2023-03-13 11:35:00+00:00
406328,35-44,M,Finance,Web,Midwest,0,1.4112,2023-01-30 17:55:00+00:00
406329,55+,F,Housing,Mobile,South,0,9.13,2023-02-14 08:40:00+00:00
406330,45-54,F,Finance,Tablet,West,0,7.88,2023-04-30 23:17:00+00:00
406331,25-34,M,Housing,Mobile,Southeast,0,8.5162,2023-04-04 21:56:00+00:00
406332,25-34,F,Finance,Tablet,Southeast,0,8.5975,2023-02-28 22:25:00+00:00
406333,45-54,M,Health,Mobile,West,0,10.68,2023-01-20 07:45:00+00:00
406334,45-54,M,Housing,Tablet,West,0,0.6837,2023-04-18 11:23:00+00:00
406335,25-34,M,Health,Web,Southeast,0,12.6713,2023-02-07 01:48:00+00:00
406336,25-34,M,Housing,Web,Southeast,0,9.04,2023-02-07 13:56:00+00:00
406337,35-44,F,Auto,Mobile,Midwest,0,11.52,2023-06-26 08:59:00+00:00
406338,25-34,F,News,Tablet,Southeast,0,5.5687,2023-05-16 15:02:00+00:00
406339,55+,F,Housing,Web,South,0,5.6,2023-01-06 05:35:00+00:00
406340,45-54,M,Health,Tablet,West,1,4.085,2023-01-29 04:46:00+00:00
406341,55+,F,Health,Mobile,South,0,2.9312,2023-06-15 09:15:00+00:00
406342,55+,F,Auto,Tablet,South,0,14.28,2023-06-29 11:25:00+00:00
406343,45-54,F,Retail,Tablet,West,0,9.9887,2023-06-01 07:55:00+00:00
406344,25-34,M,Housing,Web,Southeast,1,7.5462,2023-02-27 21:59:00+00:00
406345,18-24,M,Retail,Mobile,Northeast,0,13.6,2023-02-15 09:32:00+00:00
406346,25-34,F,News,Tablet,Southeast,0,1.2288,2023-05-04 15:34:00+00:00
406347,35-44,M,Finance,Web,Midwest,0,1.2875,2023-01-11 22:27:00+00:00
406348,45-54,M,Auto,Tablet,West,0,11.7,2023-05-11 22:18:00+00:00
406349,55+,F,Auto,Mobile,South,1,10.7175,2023-04-05 22:39:00+00:00
406350,25-34,F,Finance,Mobile,Southeast,0,7.9512,2023-05-02 01:51:00+00:00
406351,25-34,F,Housing,Mobile,Northeast,1,15.26,2023-03-30 16:38:00+00:00
406352,25-34,M,Auto,Mobile,Southeast,0,10.0162,2023-02-23 05:50:00+00:00
406353,18-24,M,News,Web,Northeast,1,4.9825,2023-01-27 02:38:00+00:00
406354,45-54,F,Retail,Web,West,0,10.92,2023-04-22 15:33:00+00:00
406355,25-34,M,Housing,Tablet,Southeast,0,11.755,2023-06-14 20:06:00+00:00
406356,25-34,F,News,Mobile,Southeast,0,11.2825,2023-04-17 10:06:00+00:00
406357,25-34,M,Auto,Mobile,Southeast,1,13.3,2023-01-11 10:52:00+00:00
406358,55+,M,News,Mobile,South,0,9.25,2023-06-10 16:57:00+00:00
406359,25-34,M,Auto,Web,Southeast,0,7.4488,2023-04-30 23:59:00+00:00
406360,45-54,M,Housing,Tablet,West,0,12.04,2023-04-18 23:58:00+00:00
406361,18-24,M,News,Mobile,Northeast,0,9.2725,2023-06-28 10:59:00+00:00
406362,45-54,F,News,Tablet,West,0,10.4437,2023-01-16 03:27:00+00:00
406363,25-34,F,Retail,Mobile,Southeast,0,15.36,2023-04-04 09:21:00+00:00
406364,55+,M,News,Mobile,South,0,9.3625,2023-05-31 18:47:00+00:00
406365,25-34,M,Housing,Mobile,Southeast,0,8.0213,2023-01-18 17:53:00+00:00
406366,25-34,F,Retail,Tablet,Southeast,1,11.36,2023-06-23 05:50:00+00:00
406367,35-44,F,Health,Tablet,Midwest,0,5.38,2023-05-25 00:12:00+00:00
406368,45-54,F,Finance,Tablet,West,0,9.905,2023-03-06 04:00:00+00:00
406369,25-34,M,Housing,Mobile,Southeast,1,10.66,2023-04-09 14:22:00+00:00
406370,55+,M,Finance,Mobile,South,0,6.1562,2023-01-06 05:35:00+00:00
406371,45-54,F,News,Tablet,West,1,9.8887,2023-01-12 23:10:00+00:00
406372,18-24,M,Retail,Tablet,Northeast,0,5.8,2023-03-17 15:53:00+00:00
406373,55+,M,News,Mobile,South,0,12.8525,2023-03-04 02:34:00+00:00
406374,18-24,M,Retail,Tablet,Northeast,0,5.2325,2023-01-27 02:03:00+00:00
406375,18-24,M,Finance,Tablet,Northeast,0,6.3,2023-02-10 16:57:00+00:00
406376,35-44,M,Retail,Tablet,Midwest,0,0.9525,2023-04-13 18:06:00+00:00
406377,45-54,M,Health,Mobile,West,0,8.74,2023-04-03 08:30:00+00:00
406378,25-34,M,Health,Tablet,Southeast,0,14.8,2023-03-07 17:17:00+00:00
406379,35-44,M,News,Mobile,Midwest,1,0.905,2023-03-06 04:17:00+00:00
406380,35-44,F,Health,Web,Midwest,0,11.5,2023-02-10 16:31:00+00:00
406381,18-24,F,Housing,Tablet,Northeast,0,14.5,2023-05-31 06:55:00+00:00
406382,35-44,M,News,Mobile,Midwest,0,2.5975,2023-06-28 22:25:00+00:00
406383,35-44,M,Finance,Tablet,Midwest,0,3.085,2023-03-30 04:21:00+00:00
406384,45-54,M,Health,Web,West,1,6.4,2023-06-15 21:23:00+00:00
406385,45-54,M,Health,Tablet,West,0,4.705,2023-05-05 04:43:00+00:00
406386,25-34,F,Finance,Web,Southeast,0,6.0125,2023-05-31 18:55:00+00:00
406387,55+,M,Finance,Mobile,South,0,9.72,2023-04-22 15:15:00+00:00
406388,18-24,F,Health,Tablet,Northeast,1,5.0163,2023-06-23 05:59:00+00:00
406389,45-54,M,Housing,Tablet,West,0,9.7513,2023-06-11 17:31:00+00:00
406390,55+,M,Retail,Mobile,South,0,8.86,2023-06-18 12:58:00+00:00
406391,55+,M,News,Mobile,South,1,12.4,2023-03-22 08:45:00+00:00
406392,45-54,F,Finance,Mobile,West,0,11.3887,2023-01-12 23:18:00+00:00
406393,18-24,M,News,Tablet,Northeast,1,7.62,2023-01-27 02:38:00+00:00
406394,45-54,M,Health,Tablet,West,0,0.9975,2023-04-09 14:14:00+00:00
406395,45-54,M,Health,Mobile,West,0,2.6837,2023-03-09 19:35:00+00:00
406396,55+,M,Retail,Tablet,South,0,5.54,2023-03-24 22:46:00+00:00
406397,45-54,F,News,Web,West,1,4.7088,2023-02-17 23:06:00+00:00
406398,25-34,M,Health,Tablet,Southeast,0,11.795,2023-06-26 20:16:00+00:00
406399,18-24,M,Retail,Tablet,Northeast,0,13.68,2023-01-30 05:55:00+00:00
406400,55+,F,Housing,Web,South,0,3.1362,2023-04-20 13:32:00+00:00
406401,25-34,F,Housing,Web,Northeast,0,6.38,2023-06-14 08:14:00+00:00
406402,18-24,F,Auto,Mobile,Northeast,1,6.3,2023-06-10 04:14:00+00:00
406403,25-34,F,News,Mobile,Southeast,0,10.8462,2023-05-18 05:19:00+00:00
406404,18-24,M,Retail,Mobile,Northeast,0,9.0612,2023-06-19 01:07:00+00:00
406405,35-44,F,Housing,Web,Midwest,0,14.06,2023-05-29 16:38:00+00:00
406406,18-24,F,Housing,Mobile,Northeast,1,5.4488,2023-02-09 15:14:00+00:00
406407,35-44,F,Auto,Web,Midwest,1,1.4537,2023-06-13 19:14:00+00:00
406408,35-44,F,Auto,Mobile,Midwest,0,14.8,2023-02-15 21:49:00+00:00
406409,25-34,F,Retail,Web,Southeast,0,8.06,2023-05-29 16:12:00+00:00
406410,18-24,F,Health,Tablet,Northeast,0,8.8238,2023-04-10 03:14:00+00:00
406411,55+,M,Retail,Web,South,0,12.06,2023-03-10 20:52:00+00:00
406412,45-54,F,Finance,Web,West,0,7.5125,2023-01-11 10:44:00+00:00
406413,35-44,F,Health,Tablet,Midwest,0,7.4875,2023-05-11 22:01:00+00:00
406414,55+,F,Health,Web,South,0,9.18,2023-02-14 08:23:00+00:00
406415,18-24,F,Auto,Web,Northeast,0,12.1163,2023-05-14 13:01:00+00:00
406416,35-44,M,Retail,Mobile,Midwest,0,10.3075,2023-05-07 06:09:00+00:00
406417,25-34,M,Auto,Mobile,Southeast,0,13.16,2023-06-13 07:57:00+00:00
406418,35-44,F,Housing,Mobile,Midwest,1,9.9187,2023-06-05 23:39:00+00:00
406419,35-44,M,Retail,Tablet,Midwest,1,3.3512,2023-03-23 09:45:00+00:00
406420,18-24,F,Health,Tablet,Northeast,0,8.78,2023-02-14 08:32:00+00:00
406421,35-44,F,Housing,Tablet,Midwest,0,4.8788,2023-05-04 15:26:00+00:00
406422,25-34,F,Retail,Mobile,Southeast,1,1.8325,2023-02-16 10:23:00+00:00
406423,25-34,M,Health,Mobile,Southeast,0,6.22,2023-06-26 20:16:00+00:00
406424,35-44,M,News,Web,Midwest,0,7.85,2023-03-02 00:25:00+00:00
406425,25-34,F,Retail,Tablet,Southeast,0,3.8588,2023-05-08 07:43:00+00:00
406426,25-34,M,Auto,Tablet,Southeast,1,11.2,2023-03-27 01:03:00+00:00
406427,55+,M,Retail,Web,South,1,8.0613,2023-01-10 09:44:00+00:00
406428,55+,M,Retail,Mobile,South,1,12.2925,2023-05-15 02:36:00+00:00
406429,25-34,M,Auto,Web,Southeast,0,11.34,2023-04-03 08:04:00+00:00
406430,35-44,F,Auto,Web,Midwest,0,8.4825,2023-01-07 18:43:00+00:00
406431,25-34,F,Retail,Mobile,Southeast,0,7.3812,2023-06-15 09:49:00+00:00
406432,35-44,F,Auto,Tablet,Midwest,0,6.88,2023-01-10 21:52:00+00:00
406433,18-24,M,News,Web,Northeast,0,1.9475,2023-03-20 06:02:00+00:00
406434,55+,M,Finance,Mobile,South,0,7.4775,2023-04-13 06:23:00+00:00
406435,35-44,F,Housing,Tablet,Midwest,0,5.9,2023-06-10 04:05:00+00:00
406436,25-34,F,News,Tablet,Southeast,0,3.6675,2023-02-04 22:22:00+00:00
406437,18-24,F,Auto,Mobile,Northeast,0,8.8063,2023-03-27 13:37:00+00:00
406438,45-54,M,Auto,Web,West,1,7.82,2023-02-26 20:33:00+00:00
406439,25-34,F,Finance,Web,Southeast,0,12.005,2023-03-06 04:00:00+00:00
406440,25-34,F,Retail,Web,Southeast,1,3.7725,2023-01-19 18:19:00+00:00
406441,55+,F,Housing,Web,South,1,12.4,2023-03-27 13:03:00+00:00
406442,55+,F,Housing,Mobile,South,0,3.9425,2023-03-16 02:10:00+00:00
406443,45-54,M,Health,Tablet,West,0,12.8313,2023-05-06 17:35:00+00:00
406444,55+,M,Finance,Web,South,0,8.06,2023-02-18 12:41:00+00:00
406445,35-44,F,Housing,Tablet,Midwest,1,7.7637,2023-05-12 11:44:00+00:00
406446,45-54,M,Auto,Web,West,0,9.1325,2023-05-07 18:43:00+00:00
406447,55+,M,Retail,Tablet,South,0,12.68,2023-06-29 11:59:00+00:00
406448,18-24,M,Retail,Mobile,Northeast,0,4.1575,2023-04-17 22:15:00+00:00
406449,35-44,M,Finance,Tablet,Midwest,1,10.645,2023-04-27 20:16:00+00:00
406450,25-34,M,Housing,Mobile,Southeast,0,14.78,2023-03-26 12:12:00+00:00
406451,25-34,F,Housing,Web,Northeast,0,12.62,2023-06-26 08:08:00+00:00
406452,55+,F,Health,Tablet,South,0,1.8825,2023-05-07 18:52:00+00:00
406453,55+,F,Health,Mobile,South,0,12.32,2023-05-22 09:28:00+00:00
406454,18-24,F,Auto,Mobile,Northeast,0,7.8563,2023-01-26 13:03:00+00:00
406455,25-34,F,News,Mobile,Southeast,0,12.6487,2023-03-01 23:51:00+00:00
406456,45-54,F,Finance,Mobile,West,0,13.46,2023-01-19 18:28:00+00:00
406457,25-34,M,Health,Web,Southeast,1,6.0875,2023-04-21 14:15:00+00:00
406458,35-44,F,Housing,Web,Midwest,0,11.7863,2023-06-19 13:24:00+00:00
406459,45-54,F,News,Mobile,West,0,14.42,2023-03-28 02:46:00+00:00
406460,18-24,F,Auto,Tablet,Northeast,0,10.855,2023-05-05 04:09:00+00:00
406461,18-24,F,Auto,Tablet,Northeast,0,9.8163,2023-04-24 05:33:00+00:00
406462,25-34,F,Finance,Mobile,Southeast,0,5.88,2023-03-01 11:34:00+00:00
406463,25-34,M,Housing,Mobile,Southeast,0,9.5687,2023-06-05 23:56:00+00:00
406464,45-54,M,Housing,Tablet,West,0,4.2725,2023-05-19 18:11:00+00:00
406465,25-34,F,News,Tablet,Southeast,1,13.14,2023-05-03 02:08:00+00:00
406466,35-44,M,News,Tablet,Midwest,0,8.51,2023-03-10 08:52:00+00:00
406467,55+,M,News,Mobile,South,0,2.2075,2023-03-08 06:18:00+00:00
406468,55+,F,Health,Web,South,1,13.56,2023-06-13 07:06:00+00:00
406469,35-44,M,Retail,Web,Midwest,0,3.9238,2023-04-30 11:59:00+00:00
406470,25-34,M,Housing,Tablet,Southeast,1,5.4275,2023-05-23 22:46:00+00:00
406471,45-54,M,Auto,Tablet,West,0,15.48,2023-05-20 19:02:00+00:00
406472,55+,M,News,Mobile,South,1,4.7475,2023-02-08 14:22:00+00:00
406473,35-44,F,Health,Tablet,Midwest,0,12.75,2023-02-10 16:57:00+00:00
406474,55+,F,Health,Mobile,South,0,9.12,2023-05-02 13:25:00+00:00
406475,45-54,F,Finance,Tablet,West,0,5.89,2023-06-22 16:50:00+00:00
406476,25-34,M,Auto,Mobile,Southeast,1,10.475,2023-05-01 12:00:00+00:00
406477,45-54,F,Finance,Tablet,West,0,7.9,2023-01-21 20:20:00+00:00
406478,35-44,M,Retail,Web,Midwest,0,10.8275,2023-05-23 22:37:00+00:00
406479,55+,M,News,Mobile,South,0,11.4437,2023-02-05 11:05:00+00:00
406480,25-34,F,Retail,Mobile,Southeast,1,11.28,2023-01-10 09:01:00+00:00
406481,18-24,M,News,Web,Northeast,0,9.7425,2023-02-04 10:30:00+00:00
406482,55+,F,Auto,Tablet,South,0,3.7237,2023-06-29 11:08:00+00:00
406483,25-34,M,Auto,Web,Southeast,0,10.82,2023-05-07 06:18:00+00:00
406484,45-54,F,Retail,Tablet,West,0,1.995,2023-06-06 12:48:00+00:00
406485,18-24,M,Retail,Tablet,Northeast,1,6.48,2023-04-15 08:06:00+00:00
406486,35-44,F,Auto,Web,Midwest,0,5.62,2023-05-07 18:43:00+00:00
406487,45-54,F,Retail,Web,West,1,4.8137,2023-06-01 19:13:00+00:00
406488,35-44,F,Health,Tablet,Midwest,0,8.155,2023-01-25 12:37:00+00:00
406489,25-34,F,Retail,Web,Southeast,0,13.2,2023-03-27 01:03:00+00:00
406490,25-34,M,Housing,Mobile,Southeast,1,10.5312,2023-06-15 09:32:00+00:00
406491,55+,M,Retail,Mobile,South,0,2.1475,2023-04-09 14:22:00+00:00
406492,25-34,F,Finance,Web,Southeast,0,12.74,2023-03-24 10:54:00+00:00
406493,18-24,F,Auto,Web,Northeast,0,8.2538,2023-01-04 03:43:00+00:00
406494,35-44,M,Finance,Tablet,Midwest,0,3.1037,2023-04-14 19:31:00+00:00
406495,55+,M,News,Mobile,South,1,15.48,2023-04-10 03:05:00+00:00
406496,55+,M,News,Tablet,South,0,2.2612,2023-06-19 01:32:00+00:00
406497,45-54,F,Finance,Tablet,West,0,12.6175,2023-06-04 22:13:00+00:00
406498,18-24,M,Retail,Tablet,Northeast,0,6.34,2023-04-13 18:23:00+00:00
406499,35-44,F,Housing,Tablet,Midwest,0,8.1762,2023-05-02 13:34:00+00:00
406500,25-34,F,Finance,Tablet,Southeast,1,3.0625,2023-04-01 18:12:00+00:00
406501,25-34,F,Housing,Web,Northeast,0,9.68,2023-04-20 01:07:00+00:00
406502,55+,F,Auto,Web,South,0,5.0263,2023-01-22 21:28:00+00:00
406503,55+,F,Housing,Tablet,South,1,7.4737,2023-06-29 11:34:00+00:00
406504,45-54,M,Auto,Tablet,West,0,14.5,2023-01-31 06:21:00+00:00
406505,55+,F,Auto,Tablet,South,0,3.9388,2023-02-21 15:58:00+00:00
406506,45-54,F,Finance,Tablet,West,0,6.1825,2023-01-27 02:46:00+00:00
406507,55+,F,Housing,Mobile,South,0,11.06,2023-04-09 14:56:00+00:00
406508,35-44,F,Housing,Mobile,Midwest,0,3.1412,2023-02-23 17:50:00+00:00
406509,18-24,F,Auto,Tablet,Northeast,0,10.57,2023-06-26 08:08:00+00:00
406510,18-24,M,Finance,Tablet,Northeast,0,13.76,2023-02-23 05:50:00+00:00
406511,18-24,F,Housing,Web,Northeast,0,3.4162,2023-06-03 21:39:00+00:00
406512,18-24,F,Housing,Mobile,Northeast,0,3.0238,2023-01-20 19:54:00+00:00
406513,25-34,M,Auto,Web,Southeast,0,9.28,2023-03-31 17:29:00+00:00
406514,18-24,F,Housing,Tablet,Northeast,1,2.7887,2023-02-21 15:58:00+00:00
406515,18-24,M,News,Mobile,Northeast,0,6.6875,2023-03-12 22:44:00+00:00
406516,45-54,M,Auto,Tablet,West,0,9.24,2023-01-08 07:18:00+00:00
406517,55+,M,Retail,Mobile,South,1,12.2725,2023-02-28 10:51:00+00:00
406518,18-24,M,News,Tablet,Northeast,0,8.7325,2023-05-27 02:20:00+00:00
406519,45-54,F,Retail,Tablet,West,0,6.1,2023-05-31 06:21:00+00:00
406520,25-34,F,Retail,Web,Southeast,0,1.6487,2023-04-10 15:14:00+00:00
406521,25-34,M,Housing,Mobile,Southeast,0,7.865,2023-02-22 04:07:00+00:00
406522,25-34,F,Finance,Mobile,Southeast,1,8.34,2023-02-12 06:23:00+00:00
406523,35-44,F,Health,Mobile,Midwest,0,4.13,2023-04-15 08:49:00+00:00
406524,25-34,M,Auto,Mobile,Southeast,1,1.09,2023-03-14 00:53:00+00:00
406525,55+,F,Auto,Mobile,South,0,11.78,2023-02-24 18:33:00+00:00
406526,45-54,F,Retail,Tablet,West,0,3.095,2023-04-07 12:05:00+00:00
406527,35-44,F,Health,Mobile,Midwest,0,9.7112,2023-03-31 17:21:00+00:00
406528,55+,F,Health,Web,South,1,9.98,2023-05-25 00:46:00+00:00
406529,35-44,M,Finance,Tablet,Midwest,0,12.4388,2023-06-21 15:33:00+00:00
406530,25-34,F,Retail,Tablet,Southeast,0,8.075,2023-05-21 20:11:00+00:00
406531,55+,F,Auto,Mobile,South,0,11.36,2023-02-03 09:04:00+00:00
406532,35-44,M,Finance,Web,Midwest,0,7.5663,2023-06-03 21:21:00+00:00
406533,35-44,M,Retail,Tablet,Midwest,0,6.2375,2023-04-21 14:50:00+00:00
406534,45-54,M,Health,Tablet,West,0,9.58,2023-05-25 12:12:00+00:00
406535,35-44,M,Finance,Mobile,Midwest,0,1.9675,2023-02-24 06:07:00+00:00
406536,35-44,M,Retail,Mobile,Midwest,0,5.66,2023-03-30 16:21:00+00:00
406537,35-44,F,Auto,Mobile,Midwest,1,12.88,2023-03-31 17:12:00+00:00
406538,18-24,F,Housing,Mobile,Northeast,0,11.3262,2023-01-22 21:11:00+00:00
406539,35-44,F,Housing,Mobile,Midwest,0,7.9138,2023-01-12 11:53:00+00:00
406540,45-54,F,Finance,Web,West,0,11.7,2023-05-31 18:12:00+00:00
406541,35-44,M,News,Web,Midwest,0,1.6513,2023-05-02 01:43:00+00:00
406542,35-44,F,Health,Mobile,Midwest,0,1.1475,2023-04-29 22:08:00+00:00
406543,55+,F,Housing,Web,South,1,8.54,2023-02-02 20:13:00+00:00
406544,55+,F,Auto,Mobile,South,0,12.5875,2023-01-11 22:44:00+00:00
406545,35-44,F,Health,Mobile,Midwest,1,5.55,2023-01-21 08:11:00+00:00
406546,18-24,F,Housing,Tablet,Northeast,1,6.24,2023-04-08 01:13:00+00:00
406547,18-24,F,Housing,Web,Northeast,0,3.4987,2023-06-09 15:05:00+00:00
406548,25-34,F,News,Tablet,Southeast,1,8.1,2023-02-10 16:40:00+00:00
406549,55+,M,News,Mobile,South,0,5.9,2023-01-21 08:54:00+00:00
406550,45-54,M,Housing,Mobile,West,1,7.7562,2023-05-26 13:37:00+00:00
406551,25-34,F,Housing,Mobile,Northeast,0,6.66,2023-03-20 06:19:00+00:00
406552,45-54,M,Health,Tablet,West,0,5.6,2023-02-15 21:57:00+00:00
406553,55+,F,Housing,Web,South,0,11.505,2023-05-25 12:54:00+00:00
406554,35-44,F,Health,Mobile,Midwest,0,8.8712,2023-06-07 01:22:00+00:00
406555,35-44,M,Finance,Tablet,Midwest,1,5.76,2023-03-15 13:44:00+00:00
406556,55+,F,Auto,Mobile,South,1,4.8875,2023-06-20 14:07:00+00:00
406557,25-34,M,Auto,Mobile,Southeast,0,6.9175,2023-03-16 14:19:00+00:00
406558,18-24,M,News,Web,Northeast,0,10.7,2023-01-01 12:42:00+00:00
406559,45-54,F,Finance,Tablet,West,0,7.1762,2023-06-11 05:14:00+00:00
406560,45-54,F,Retail,Tablet,West,0,8.43,2023-03-26 00:03:00+00:00
406561,45-54,M,Health,Web,West,0,7.36,2023-04-24 05:07:00+00:00
406562,35-44,M,Retail,Web,Midwest,0,2.1763,2023-05-22 21:20:00+00:00
406563,25-34,M,Housing,Mobile,Southeast,0,5.2713,2023-03-19 17:11:00+00:00
406564,35-44,M,Finance,Tablet,Midwest,0,5.8,2023-05-16 03:02:00+00:00
406565,18-24,M,Finance,Web,Northeast,0,1.2637,2023-02-21 03:41:00+00:00
406566,35-44,F,Health,Mobile,Midwest,0,10.4375,2023-04-21 14:50:00+00:00
406567,45-54,M,Health,Mobile,West,0,13.16,2023-05-24 23:20:00+00:00
406568,35-44,M,Retail,Tablet,Midwest,0,3.5238,2023-01-20 19:54:00+00:00
406569,25-34,F,Retail,Tablet,Southeast,0,0.5437,2023-03-17 03:53:00+00:00
406570,55+,M,News,Mobile,South,1,11.62,2023-01-07 18:18:00+00:00
406571,45-54,F,Retail,Web,West,0,8.1825,2023-05-27 02:03:00+00:00
406572,45-54,M,Housing,Web,West,0,10.1438,2023-02-05 11:47:00+00:00
406573,25-34,M,Auto,Tablet,Southeast,1,12.1,2023-01-31 18:47:00+00:00
406574,25-34,F,News,Web,Southeast,0,8.51,2023-06-18 00:15:00+00:00
406575,25-34,M,Health,Tablet,Southeast,0,3.9737,2023-06-29 11:08:00+00:00
406576,25-34,F,News,Web,Southeast,0,12.82,2023-05-07 18:52:00+00:00
406577,55+,F,Auto,Web,South,0,6.335,2023-03-10 20:09:00+00:00
406578,45-54,M,Health,Mobile,West,0,1.5562,2023-02-15 21:40:00+00:00
406579,55+,M,Finance,Tablet,South,0,9.6,2023-01-06 17:35:00+00:00
406580,18-24,F,Auto,Mobile,Northeast,0,5.4425,2023-06-24 18:07:00+00:00
406581,18-24,M,Retail,Web,Northeast,0,8.9162,2023-03-15 13:01:00+00:00
406582,55+,M,Finance,Web,South,0,8.48,2023-01-30 17:38:00+00:00
406583,35-44,F,Auto,Web,Midwest,1,1.4737,2023-05-20 19:19:00+00:00
406584,55+,M,Retail,Tablet,South,0,5.1238,2023-05-20 19:45:00+00:00
406585,45-54,M,Auto,Mobile,West,0,11.48,2023-06-29 11:34:00+00:00
406586,18-24,F,Housing,Tablet,Northeast,0,1.7737,2023-01-20 19:28:00+00:00
406587,25-34,M,Health,Web,Southeast,0,12.995,2023-03-18 04:02:00+00:00
406588,55+,F,Health,Tablet,South,0,14.26,2023-04-09 14:22:00+00:00
406589,55+,F,Housing,Tablet,South,0,5.5675,2023-02-04 22:30:00+00:00
406590,55+,M,Finance,Mobile,South,1,12.2075,2023-01-27 14:29:00+00:00
406591,35-44,F,Health,Web,Midwest,0,12.46,2023-06-18 00:49:00+00:00
406592,45-54,M,Housing,Web,West,0,7.685,2023-04-19 12:58:00+00:00
406593,55+,F,Health,Tablet,South,0,1.4038,2023-05-24 11:20:00+00:00
406594,35-44,F,Housing,Web,Midwest,1,8.14,2023-01-13 00:53:00+00:00
406595,25-34,F,Finance,Mobile,Southeast,0,10.58,2023-03-06 16:17:00+00:00
406596,45-54,F,Finance,Tablet,West,1,0.5713,2023-04-28 09:51:00+00:00
406597,35-44,M,News,Tablet,Midwest,1,9.08,2023-04-30 11:51:00+00:00
406598,18-24,M,Retail,Tablet,Northeast,0,8.6325,2023-03-28 02:55:00+00:00
406599,25-34,M,Auto,Tablet,Southeast,1,5.9813,2023-05-06 17:09:00+00:00
406600,35-44,F,Auto,Web,Midwest,0,9.08,2023-03-01 11:17:00+00:00
406601,25-34,F,Housing,Web,Northeast,0,8.54,2023-02-02 08:21:00+00:00
406602,18-24,F,Auto,Mobile,Northeast,1,7.5425,2023-02-04 10:13:00+00:00
406603,25-34,F,News,Mobile,Southeast,1,9.46,2023-02-08 02:31:00+00:00
406604,45-54,M,Auto,Tablet,West,0,4.545,2023-05-17 04:53:00+00:00
406605,35-44,F,Housing,Mobile,Midwest,0,12.0237,2023-06-09 03:05:00+00:00
406606,45-54,F,News,Web,West,0,11.3,2023-03-12 22:35:00+00:00
406607,55+,F,Health,Tablet,South,1,4.6188,2023-02-05 23:39:00+00:00
406608,45-54,M,Housing,Tablet,West,0,8.765,2023-04-23 04:07:00+00:00
406609,45-54,F,Finance,Mobile,West,0,12.96,2023-06-23 17:24:00+00:00
406610,55+,M,Finance,Mobile,South,0,0.9912,2023-01-14 01:19:00+00:00
406611,35-44,M,Finance,Mobile,Midwest,1,8.9787,2023-01-24 23:20:00+00:00
406612,35-44,F,Housing,Web,Midwest,0,13.74,2023-01-13 00:36:00+00:00
406613,55+,M,News,Tablet,South,1,2.7,2023-05-21 08:11:00+00:00
406614,18-24,F,Housing,Web,Northeast,1,10.505,2023-04-15 20:14:00+00:00
406615,18-24,F,Health,Tablet,Northeast,0,7.36,2023-04-24 05:41:00+00:00
406616,45-54,F,News,Tablet,West,1,2.9888,2023-03-13 23:18:00+00:00
406617,35-44,M,Finance,Tablet,Midwest,1,1.9788,2023-05-04 15:09:00+00:00
406618,35-44,M,Finance,Mobile,Midwest,0,14.52,2023-02-21 03:15:00+00:00
406619,45-54,F,Retail,Web,West,1,6.44,2023-06-22 16:58:00+00:00
406620,18-24,M,Retail,Mobile,Northeast,0,6.0925,2023-01-15 02:10:00+00:00
406621,25-34,M,Housing,Tablet,Southeast,0,9.6,2023-05-26 13:37:00+00:00
406622,45-54,M,Auto,Tablet,West,1,1.6213,2023-02-07 01:48:00+00:00
406623,18-24,M,Finance,Tablet,Northeast,0,5.1963,2023-02-27 21:59:00+00:00
406624,35-44,M,Finance,Tablet,Midwest,0,13.04,2023-06-27 09:16:00+00:00
406625,55+,F,Auto,Web,South,0,12.9288,2023-01-04 15:00:00+00:00
406626,55+,F,Health,Tablet,South,0,10.3987,2023-06-29 23:34:00+00:00
406627,55+,F,Health,Mobile,South,0,14.34,2023-03-04 02:08:00+00:00
406628,55+,F,Housing,Tablet,South,0,9.6662,2023-04-04 21:56:00+00:00
406629,35-44,F,Health,Tablet,Midwest,1,12.52,2023-05-17 16:53:00+00:00
406630,45-54,F,News,Tablet,West,0,7.92,2023-05-02 13:17:00+00:00
406631,45-54,M,Auto,Mobile,West,0,1.2163,2023-02-03 21:04:00+00:00
406632,55+,F,Auto,Tablet,South,0,8.1662,2023-05-14 13:27:00+00:00
406633,18-24,M,Finance,Web,Northeast,0,8.78,2023-01-05 16:43:00+00:00
406634,18-24,F,Housing,Web,Northeast,1,5.1113,2023-03-11 09:01:00+00:00
406635,35-44,M,Finance,Mobile,Midwest,0,11.7825,2023-01-27 02:12:00+00:00
406636,25-34,M,Auto,Tablet,Southeast,0,6.36,2023-02-13 07:14:00+00:00
406637,25-34,M,Health,Mobile,Southeast,0,9.52,2023-06-06 00:22:00+00:00
406638,18-24,M,Retail,Tablet,Northeast,1,8.8537,2023-03-05 03:09:00+00:00
406639,25-34,M,Auto,Web,Southeast,0,6.02,2023-04-17 22:49:00+00:00
406640,55+,F,Housing,Tablet,South,1,5.0938,2023-02-25 19:16:00+00:00
406641,55+,M,Finance,Mobile,South,0,5.1712,2023-01-18 17:45:00+00:00
406642,45-54,M,Auto,Web,West,0,12.0,2023-05-06 17:17:00+00:00
406643,25-34,M,Housing,Web,Southeast,0,11.6525,2023-03-04 02:26:00+00:00
406644,55+,F,Housing,Web,South,0,9.2063,2023-05-06 05:52:00+00:00
406645,18-24,M,Retail,Tablet,Northeast,1,13.94,2023-04-13 18:57:00+00:00
406646,35-44,F,Housing,Mobile,Midwest,1,1.4275,2023-01-23 22:03:00+00:00
406647,55+,M,Finance,Web,South,0,0.8675,2023-05-15 14:02:00+00:00
406648,45-54,M,Housing,Tablet,West,0,7.48,2023-03-01 11:08:00+00:00
406649,18-24,M,Retail,Web,Northeast,1,1.92,2023-06-26 08:42:00+00:00
406650,55+,M,Finance,Tablet,South,0,2.2,2023-02-10 16:22:00+00:00
406651,25-34,F,Housing,Mobile,Northeast,0,8.64,2023-04-08 13:48:00+00:00
406652,18-24,F,Auto,Tablet,Northeast,0,12.4087,2023-06-17 23:15:00+00:00
406653,35-44,M,Finance,Mobile,Midwest,1,4.43,2023-02-14 08:49:00+00:00
406654,18-24,M,Finance,Tablet,Northeast,0,6.08,2023-05-10 09:09:00+00:00
406655,55+,F,Health,Web,South,0,5.5163,2023-01-14 13:19:00+00:00
406656,45-54,M,Housing,Mobile,West,1,2.8875,2023-03-12 22:44:00+00:00
406657,18-24,M,Retail,Mobile,Northeast,0,13.18,2023-02-14 08:49:00+00:00
406658,35-44,M,Finance,Mobile,Midwest,1,12.8313,2023-01-06 17:35:00+00:00
406659,35-44,M,News,Mobile,Midwest,0,11.7375,2023-04-01 06:21:00+00:00
406660,25-34,F,Retail,Tablet,Southeast,0,7.02,2023-01-17 16:28:00+00:00
406661,45-54,M,Housing,Tablet,West,1,2.7088,2023-02-17 23:58:00+00:00
406662,25-34,M,Housing,Mobile,Southeast,0,12.8688,2023-03-17 15:53:00+00:00
406663,35-44,F,Health,Web,Midwest,0,10.24,2023-02-27 09:25:00+00:00
406664,18-24,F,Health,Tablet,Northeast,0,10.5512,2023-01-02 01:08:00+00:00
406665,35-44,M,Retail,Tablet,Midwest,0,6.5775,2023-01-03 14:00:00+00:00
406666,35-44,F,Health,Web,Midwest,1,13.28,2023-02-19 13:58:00+00:00
406667,18-24,F,Housing,Web,Northeast,0,3.7788,2023-04-14 07:06:00+00:00
406668,18-24,F,Housing,Web,Northeast,0,9.9975,2023-06-28 22:25:00+00:00
406669,45-54,M,Health,Tablet,West,0,11.76,2023-04-04 21:21:00+00:00
406670,35-44,M,Finance,Tablet,Midwest,0,10.7788,2023-02-13 07:57:00+00:00
406671,25-34,F,News,Tablet,Southeast,1,7.2625,2023-04-01 18:55:00+00:00
406672,25-34,F,Retail,Mobile,Southeast,0,6.78,2023-05-05 16:26:00+00:00
406673,55+,F,Housing,Tablet,South,0,12.6562,2023-03-27 13:46:00+00:00
406674,35-44,F,Auto,Mobile,Midwest,0,4.995,2023-01-17 04:36:00+00:00
406675,55+,F,Housing,Mobile,South,0,12.96,2023-05-14 01:10:00+00:00
406676,45-54,F,News,Web,West,1,5.4887,2023-02-01 07:30:00+00:00
406677,35-44,M,Finance,Web,Midwest,1,9.25,2023-01-01 00:17:00+00:00
406678,25-34,M,Health,Mobile,Southeast,0,6.04,2023-06-17 11:49:00+00:00
406679,25-34,F,News,Web,Southeast,0,5.0237,2023-05-20 19:11:00+00:00
406680,35-44,F,Auto,Tablet,Midwest,0,6.5038,2023-03-05 03:17:00+00:00
406681,18-24,M,News,Web,Northeast,0,12.02,2023-04-17 22:58:00+00:00
406682,35-44,M,Retail,Mobile,Midwest,0,4.1725,2023-06-28 10:08:00+00:00
406683,35-44,M,News,Web,Midwest,0,2.0825,2023-05-27 02:55:00+00:00
406684,25-34,M,Housing,Web,Southeast,0,13.92,2023-01-02 01:00:00+00:00
406685,18-24,F,Housing,Tablet,Northeast,0,11.3637,2023-02-01 19:21:00+00:00
406686,55+,F,Housing,Web,South,0,7.3587,2023-05-28 15:38:00+00:00
406687,55+,M,Finance,Web,South,0,12.12,2023-01-12 23:35:00+00:00
406688,35-44,F,Housing,Web,Midwest,0,7.2713,2023-05-18 17:11:00+00:00
406689,25-34,M,Housing,Mobile,Southeast,0,10.7775,2023-05-03 14:34:00+00:00
406690,25-34,M,Auto,Tablet,Southeast,0,14.3,2023-05-01 12:42:00+00:00
406691,18-24,M,News,Tablet,Northeast,0,4.7263,2023-01-02 13:51:00+00:00
406692,55+,M,News,Mobile,South,1,2.685,2023-05-29 04:55:00+00:00
406693,18-24,F,Housing,Web,Northeast,0,14.6,2023-02-05 11:22:00+00:00
406694,25-34,M,Housing,Mobile,Southeast,1,9.5437,2023-01-16 03:10:00+00:00
406695,35-44,M,Retail,Tablet,Midwest,0,6.3238,2023-01-20 19:54:00+00:00
406696,18-24,M,Retail,Mobile,Northeast,0,5.88,2023-04-10 15:57:00+00:00
406697,35-44,M,Finance,Web,Midwest,0,2.38,2023-01-25 00:12:00+00:00
406698,35-44,M,Retail,Web,Midwest,1,2.9225,2023-04-09 02:56:00+00:00
406699,35-44,M,Finance,Mobile,Midwest,1,15.4,2023-01-16 03:19:00+00:00
406700,55+,F,Housing,Web,South,0,7.21,2023-05-29 16:21:00+00:00
406701,25-34,F,Housing,Web,Northeast,0,14.92,2023-06-01 19:38:00+00:00
406702,35-44,M,News,Tablet,Midwest,0,12.2,2023-04-06 23:47:00+00:00
406703,25-34,M,Auto,Mobile,Southeast,0,12.7775,2023-01-23 22:46:00+00:00
406704,35-44,M,Retail,Tablet,Midwest,0,12.9313,2023-03-27 01:55:00+00:00
406705,45-54,F,Retail,Mobile,West,1,7.0,2023-04-26 19:07:00+00:00
406706,18-24,M,News,Tablet,Northeast,0,5.7737,2023-01-20 19:37:00+00:00
406707,18-24,M,Finance,Web,Northeast,0,7.5287,2023-03-25 23:29:00+00:00
406708,45-54,F,Retail,Web,West,0,7.18,2023-02-14 20:14:00+00:00
406709,55+,F,Housing,Web,South,0,6.9262,2023-04-12 05:48:00+00:00
406710,55+,F,Housing,Web,South,0,11.4987,2023-06-09 15:05:00+00:00
406711,25-34,M,Housing,Mobile,Southeast,0,12.4,2023-05-26 01:46:00+00:00
406712,25-34,M,Housing,Web,Southeast,0,4.7525,2023-05-03 02:17:00+00:00
406713,45-54,F,Finance,Tablet,West,0,4.0388,2023-02-01 07:38:00+00:00
406714,18-24,M,News,Web,Northeast,0,13.56,2023-01-04 03:17:00+00:00
406715,18-24,M,Retail,Web,Northeast,0,3.39,2023-01-13 00:01:00+00:00
406716,55+,M,Finance,Web,South,1,0.6175,2023-03-16 14:27:00+00:00
406717,55+,F,Auto,Tablet,South,0,6.1,2023-03-12 10:35:00+00:00
406718,55+,F,Health,Web,South,1,2.37,2023-06-26 08:08:00+00:00
406719,45-54,M,Auto,Tablet,West,1,6.255,2023-06-14 20:57:00+00:00
406720,18-24,F,Auto,Mobile,Northeast,1,5.88,2023-06-09 03:57:00+00:00
406721,35-44,M,News,Mobile,Midwest,0,10.6662,2023-06-03 21:21:00+00:00
406722,18-24,M,Retail,Mobile,Northeast,0,8.4525,2023-01-03 02:43:00+00:00
406723,55+,F,Health,Mobile,South,0,12.76,2023-05-24 11:46:00+00:00
406724,45-54,M,Housing,Web,West,0,4.1587,2023-01-28 15:12:00+00:00
406725,45-54,F,News,Mobile,West,1,2.8262,2023-06-11 05:40:00+00:00
406726,18-24,F,Auto,Mobile,Northeast,1,6.06,2023-06-18 00:49:00+00:00
406727,45-54,F,News,Mobile,West,1,8.9913,2023-02-23 17:07:00+00:00
406728,45-54,F,Retail,Tablet,West,0,1.2738,2023-02-09 03:48:00+00:00
406729,35-44,F,Housing,Mobile,Midwest,0,10.78,2023-04-15 20:40:00+00:00
406730,45-54,M,Auto,Tablet,West,0,11.7688,2023-02-25 07:07:00+00:00
406731,35-44,M,News,Web,Midwest,0,8.4975,2023-04-09 14:14:00+00:00
406732,25-34,M,Health,Tablet,Southeast,0,14.42,2023-05-07 06:26:00+00:00
406733,45-54,F,News,Mobile,West,1,0.6375,2023-05-11 22:10:00+00:00
406734,25-34,M,Auto,Tablet,Southeast,0,8.1275,2023-03-04 14:08:00+00:00
406735,45-54,M,Health,Web,West,0,11.74,2023-04-03 08:38:00+00:00
406736,55+,M,Finance,Tablet,South,1,3.3625,2023-03-12 10:10:00+00:00
406737,25-34,M,Housing,Mobile,Southeast,0,3.4062,2023-03-27 13:12:00+00:00
406738,25-34,F,News,Tablet,Southeast,0,11.5,2023-02-10 16:31:00+00:00
406739,18-24,M,Retail,Tablet,Northeast,0,9.1037,2023-05-24 11:11:00+00:00
406740,18-24,M,Retail,Web,Northeast,0,4.3737,2023-04-10 03:31:00+00:00
406741,45-54,M,Health,Mobile,West,0,14.52,2023-06-21 15:15:00+00:00
406742,25-34,F,Retail,Web,Southeast,1,10.7587,2023-04-18 23:32:00+00:00
406743,25-34,F,News,Web,Southeast,0,7.7038,2023-03-25 11:20:00+00:00
406744,18-24,F,Housing,Tablet,Northeast,0,5.8,2023-02-25 19:16:00+00:00
406745,25-34,M,Auto,Web,Southeast,0,3.535,2023-04-19 12:58:00+00:00
406746,45-54,F,Retail,Mobile,West,1,12.4938,2023-04-06 11:47:00+00:00
406747,45-54,M,Housing,Tablet,West,1,14.16,2023-03-15 01:19:00+00:00
406748,18-24,M,Finance,Tablet,Northeast,0,12.4663,2023-02-23 05:50:00+00:00
406749,35-44,M,Retail,Tablet,Midwest,1,3.7212,2023-01-18 17:28:00+00:00
406750,25-34,M,Housing,Mobile,Southeast,0,9.68,2023-03-31 05:12:00+00:00
406751,25-34,F,Housing,Web,Northeast,0,5.94,2023-01-03 02:34:00+00:00
406752,35-44,F,Auto,Web,Midwest,1,2.2563,2023-03-27 13:20:00+00:00
406753,35-44,F,Auto,Web,Midwest,0,13.42,2023-02-06 00:30:00+00:00
406754,18-24,M,Finance,Web,Northeast,0,5.385,2023-05-29 04:55:00+00:00
406755,18-24,F,Health,Mobile,Northeast,0,12.8675,2023-05-15 14:53:00+00:00
406756,25-34,F,Finance,Mobile,Southeast,0,10.84,2023-01-08 07:35:00+00:00
406757,18-24,F,Auto,Mobile,Northeast,0,5.755,2023-04-15 20:40:00+00:00
406758,25-34,F,Finance,Mobile,Southeast,1,10.5512,2023-05-02 01:34:00+00:00
406759,45-54,M,Auto,Tablet,West,0,8.7,2023-03-22 20:37:00+00:00
406760,18-24,F,Health,Mobile,Northeast,0,4.845,2023-05-17 04:53:00+00:00
406761,18-24,M,News,Tablet,Northeast,0,1.5688,2023-01-16 15:02:00+00:00
406762,55+,F,Housing,Mobile,South,0,12.8,2023-01-06 17:43:00+00:00
406763,55+,M,News,Web,South,0,4.5912,2023-04-24 17:07:00+00:00
406764,25-34,M,Auto,Tablet,Southeast,0,4.7787,2023-01-04 15:09:00+00:00
406765,45-54,F,News,Web,West,0,14.1,2023-05-31 18:55:00+00:00
406766,35-44,M,News,Tablet,Midwest,0,4.6463,2023-02-07 13:05:00+00:00
406767,35-44,F,Auto,Web,Midwest,1,10.72,2023-03-18 16:02:00+00:00
406768,35-44,F,Housing,Mobile,Midwest,0,5.6,2023-01-26 13:12:00+00:00
406769,25-34,F,Retail,Web,Southeast,0,1.8175,2023-02-04 22:47:00+00:00
406770,35-44,F,Auto,Tablet,Midwest,0,0.73,2023-01-05 16:00:00+00:00
406771,45-54,M,Housing,Web,West,1,10.38,2023-03-26 00:29:00+00:00
406772,55+,F,Health,Web,South,0,1.7837,2023-01-08 19:01:00+00:00
