impression_id,age_group,gender,ad_category,platform,region,click_flag,spend_usd,impression_time
448973,55+,F,Housing,Tablet,South,0,2.805,2023-01-25 12:37:00+00:00
448977,18-24,F,Housing,Web,Northeast,1,5.8412,2023-04-24 17:16:00+00:00
449001,25-34,F,Housing,Tablet,Northeast,0,7.38,2023-01-15 14:53:00+00:00
449003,35-44,F,Housing,Tablet,Midwest,0,12.56,2023-02-18 00:41:00+00:00
449013,55+,F,Housing,Tablet,South,0,7.2838,2023-03-09 19:26:00+00:00
449024,35-44,F,Housing,Tablet,Midwest,0,11.0488,2023-03-21 07:02:00+00:00
449029,35-44,F,Housing,Web,Midwest,0,10.36,2023-01-04 15:17:00+00:00
449038,55+,F,Housing,Tablet,South,0,14.56,2023-04-04 09:04:00+00:00
449045,55+,F,Housing,Mobile,South,0,10.3575,2023-05-27 14:12:00+00:00
449049,55+,F,Housing,Tablet,South,0,6.535,2023-04-19 12:24:00+00:00
449050,35-44,F,Housing,Mobile,Midwest,0,11.98,2023-06-14 08:49:00+00:00
449051,25-34,F,Housing,Mobile,Northeast,0,10.42,2023-01-07 18:18:00+00:00
449058,35-44,F,Housing,Mobile,Midwest,0,9.865,2023-02-02 20:47:00+00:00
449099,55+,F,Housing,Web,South,1,4.765,2023-05-13 12:10:00+00:00
449101,25-34,F,Housing,Web,Northeast,0,7.58,2023-06-14 20:49:00+00:00
449103,35-44,F,Housing,Web,Midwest,1,11.0175,2023-03-16 14:19:00+00:00
449111,55+,F,Housing,Tablet,South,0,5.5812,2023-01-06 17:17:00+00:00
449112,18-24,F,Housing,Tablet,Northeast,0,2.0987,2023-03-01 23:25:00+00:00
449119,18-24,F,Housing,Mobile,Northeast,1,11.4,2023-01-16 15:53:00+00:00
449127,35-44,F,Housing,Web,Midwest,0,12.3625,2023-03-12 10:52:00+00:00
449141,18-24,F,Housing,Tablet,Northeast,0,5.78,2023-03-06 16:43:00+00:00
449151,25-34,F,Housing,Tablet,Northeast,0,10.9,2023-01-31 18:55:00+00:00
449161,18-24,F,Housing,Web,Northeast,0,9.0,2023-06-25 07:50:00+00:00
449170,18-24,F,Housing,Tablet,Northeast,1,11.74,2023-04-23 04:33:00+00:00
449186,55+,F,Housing,Mobile,South,0,3.5925,2023-06-24 18:16:00+00:00
449196,18-24,F,Housing,Web,Northeast,1,5.6,2023-05-01 00:25:00+00:00
449201,25-34,F,Housing,Tablet,Northeast,0,9.68,2023-05-30 17:38:00+00:00
449208,55+,F,Housing,Mobile,South,0,11.22,2023-06-06 00:39:00+00:00
449211,35-44,F,Housing,Tablet,Midwest,1,9.1975,2023-04-29 22:25:00+00:00
449212,18-24,F,Housing,Tablet,Northeast,1,10.68,2023-04-30 11:17:00+00:00
449217,35-44,F,Housing,Tablet,Midwest,1,3.6162,2023-02-23 05:50:00+00:00
449230,18-24,F,Housing,Web,Northeast,1,10.36,2023-02-13 19:49:00+00:00
449241,55+,F,Housing,Tablet,South,0,12.57,2023-02-26 08:08:00+00:00
449245,35-44,F,Housing,Tablet,Midwest,0,11.04,2023-06-27 09:33:00+00:00
449248,35-44,F,Housing,Tablet,Midwest,0,6.08,2023-01-10 21:09:00+00:00
449251,25-34,F,Housing,Tablet,Northeast,0,5.5,2023-05-01 12:25:00+00:00
449271,55+,F,Housing,Web,South,0,9.8488,2023-04-10 15:22:00+00:00
449291,18-24,F,Housing,Mobile,Northeast,1,4.9,2023-03-02 00:51:00+00:00
449297,55+,F,Housing,Mobile,South,0,11.6775,2023-03-24 22:46:00+00:00
449301,25-34,F,Housing,Web,Northeast,0,12.4,2023-05-26 13:46:00+00:00
449312,18-24,F,Housing,Tablet,Northeast,0,11.9588,2023-02-17 23:49:00+00:00
449316,55+,F,Housing,Mobile,South,0,6.2462,2023-02-07 13:39:00+00:00
449323,18-24,F,Housing,Mobile,Northeast,0,15.44,2023-03-19 05:02:00+00:00
449328,35-44,F,Housing,Mobile,Midwest,1,8.9325,2023-06-16 10:49:00+00:00
449333,35-44,F,Housing,Tablet,Midwest,0,5.8325,2023-05-07 18:43:00+00:00
449351,25-34,F,Housing,Tablet,Northeast,0,6.56,2023-02-23 05:50:00+00:00
449357,18-24,F,Housing,Tablet,Northeast,0,6.985,2023-03-30 04:21:00+00:00
449364,35-44,F,Housing,Web,Midwest,0,12.1475,2023-04-29 22:59:00+00:00
449392,18-24,F,Housing,Mobile,Northeast,0,11.38,2023-04-25 18:24:00+00:00
449401,25-34,F,Housing,Web,Northeast,0,10.58,2023-02-04 22:04:00+00:00
449413,55+,F,Housing,Mobile,South,1,12.08,2023-04-20 01:58:00+00:00
449415,18-24,F,Housing,Tablet,Northeast,0,3.6738,2023-04-30 11:34:00+00:00
449417,18-24,F,Housing,Web,Northeast,0,7.5862,2023-01-10 21:52:00+00:00
449419,55+,F,Housing,Mobile,South,0,6.28,2023-03-21 07:19:00+00:00
449421,35-44,F,Housing,Web,Midwest,0,1.5462,2023-04-28 21:16:00+00:00
449429,18-24,F,Housing,Mobile,Northeast,1,8.23,2023-01-25 00:54:00+00:00
449435,55+,F,Housing,Tablet,South,1,8.5813,2023-03-07 17:43:00+00:00
449451,25-34,F,Housing,Mobile,Northeast,0,6.72,2023-05-22 09:28:00+00:00
449454,35-44,F,Housing,Web,Midwest,0,12.9313,2023-01-06 17:43:00+00:00
449456,18-24,F,Housing,Mobile,Northeast,0,0.975,2023-04-11 04:22:00+00:00
449462,35-44,F,Housing,Tablet,Midwest,0,7.9662,2023-06-03 21:56:00+00:00
449473,18-24,F,Housing,Mobile,Northeast,1,9.76,2023-02-03 21:04:00+00:00
449481,35-44,F,Housing,Mobile,Midwest,0,11.66,2023-05-09 08:09:00+00:00
449484,18-24,F,Housing,Tablet,Northeast,0,1.8562,2023-03-07 05:09:00+00:00
449497,18-24,F,Housing,Mobile,Northeast,0,8.32,2023-05-22 09:54:00+00:00
449499,35-44,F,Housing,Web,Midwest,1,4.4737,2023-05-20 19:11:00+00:00
449501,25-34,F,Housing,Tablet,Northeast,0,13.2,2023-01-26 01:12:00+00:00
449504,55+,F,Housing,Mobile,South,0,4.795,2023-02-06 12:48:00+00:00
449516,35-44,F,Housing,Mobile,Midwest,0,3.7487,2023-05-20 07:54:00+00:00
449527,55+,F,Housing,Tablet,South,0,11.18,2023-05-25 00:12:00+00:00
449530,55+,F,Housing,Mobile,South,0,11.36,2023-01-14 13:10:00+00:00
449539,18-24,F,Housing,Tablet,Northeast,0,9.4,2023-06-25 07:59:00+00:00
449547,55+,F,Housing,Web,South,0,5.1813,2023-03-27 01:37:00+00:00
449548,18-24,F,Housing,Mobile,Northeast,0,7.8,2023-05-16 15:45:00+00:00
449549,35-44,F,Housing,Mobile,Midwest,1,7.505,2023-06-14 20:40:00+00:00
449551,25-34,F,Housing,Mobile,Northeast,0,6.4,2023-06-15 21:15:00+00:00
449557,35-44,F,Housing,Tablet,Midwest,1,8.14,2023-06-02 08:04:00+00:00
449560,55+,F,Housing,Web,South,0,14.32,2023-05-22 21:03:00+00:00
449561,55+,F,Housing,Web,South,0,11.1175,2023-05-15 14:36:00+00:00
449566,55+,F,Housing,Web,South,1,5.76,2023-02-03 09:39:00+00:00
449567,35-44,F,Housing,Mobile,Midwest,0,4.46,2023-06-18 00:15:00+00:00
449568,55+,F,Housing,Mobile,South,0,5.9925,2023-03-16 02:10:00+00:00
449585,18-24,F,Housing,Tablet,Northeast,0,11.7625,2023-04-21 02:41:00+00:00
449598,35-44,F,Housing,Mobile,Midwest,0,6.3613,2023-02-19 01:49:00+00:00
449601,25-34,F,Housing,Web,Northeast,0,15.04,2023-06-27 09:25:00+00:00
449606,55+,F,Housing,Tablet,South,1,10.905,2023-03-06 04:26:00+00:00
449614,18-24,F,Housing,Mobile,Northeast,0,12.88,2023-05-10 09:18:00+00:00
449632,18-24,F,Housing,Mobile,Northeast,0,9.6,2023-06-15 09:32:00+00:00
449642,18-24,F,Housing,Web,Northeast,0,5.535,2023-04-19 12:24:00+00:00
449651,25-34,F,Housing,Mobile,Northeast,0,6.84,2023-03-29 15:12:00+00:00
449665,35-44,F,Housing,Tablet,Midwest,0,10.44,2023-03-09 07:52:00+00:00
449667,55+,F,Housing,Tablet,South,0,8.5025,2023-01-23 10:03:00+00:00
449692,18-24,F,Housing,Web,Northeast,0,11.02,2023-06-06 00:05:00+00:00
449694,35-44,F,Housing,Tablet,Midwest,0,8.9488,2023-03-01 23:34:00+00:00
449699,18-24,F,Housing,Tablet,Northeast,0,4.2075,2023-01-07 06:26:00+00:00
449701,25-34,F,Housing,Web,Northeast,0,14.78,2023-02-14 08:14:00+00:00
449703,35-44,F,Housing,Tablet,Midwest,0,1.7612,2023-04-20 01:32:00+00:00
449739,55+,F,Housing,Tablet,South,1,10.5237,2023-03-01 11:51:00+00:00
449751,25-34,F,Housing,Mobile,Northeast,0,12.08,2023-03-11 21:35:00+00:00
449758,55+,F,Housing,Web,South,0,10.82,2023-05-27 14:03:00+00:00
449762,18-24,F,Housing,Mobile,Northeast,0,1.3712,2023-02-07 01:48:00+00:00
449766,35-44,F,Housing,Mobile,Midwest,0,12.4025,2023-03-04 02:51:00+00:00
449781,55+,F,Housing,Web,South,0,11.0925,2023-06-04 10:22:00+00:00
449796,55+,F,Housing,Web,South,0,1.1875,2023-04-21 14:15:00+00:00
449801,25-34,F,Housing,Web,Northeast,0,6.1,2023-01-31 06:12:00+00:00
449807,35-44,F,Housing,Mobile,Midwest,0,1.7725,2023-06-28 10:16:00+00:00
449808,18-24,F,Housing,Mobile,Northeast,1,2.7588,2023-03-29 15:12:00+00:00
449809,35-44,F,Housing,Tablet,Midwest,0,14.36,2023-05-04 03:00:00+00:00
449822,55+,F,Housing,Tablet,South,0,3.485,2023-05-09 20:26:00+00:00
449823,18-24,F,Housing,Web,Northeast,1,12.7888,2023-03-13 23:01:00+00:00
449842,35-44,F,Housing,Tablet,Midwest,1,6.58,2023-01-15 14:44:00+00:00
449851,25-34,F,Housing,Web,Northeast,0,14.98,2023-06-04 10:04:00+00:00
449856,35-44,F,Housing,Tablet,Midwest,0,7.7787,2023-01-04 15:09:00+00:00
449868,35-44,F,Housing,Tablet,Midwest,0,2.4863,2023-03-31 05:12:00+00:00
449879,35-44,F,Housing,Mobile,Midwest,0,7.3012,2023-03-23 09:28:00+00:00
449884,55+,F,Housing,Web,South,1,7.4,2023-03-17 15:19:00+00:00
449885,18-24,F,Housing,Tablet,Northeast,1,11.08,2023-02-14 08:49:00+00:00
449898,35-44,F,Housing,Mobile,Midwest,0,6.6525,2023-05-23 10:03:00+00:00
449901,25-34,F,Housing,Web,Northeast,0,10.48,2023-03-11 09:35:00+00:00
449920,18-24,F,Housing,Tablet,Northeast,0,12.84,2023-06-17 23:49:00+00:00
449942,35-44,F,Housing,Mobile,Midwest,0,9.5988,2023-04-30 23:08:00+00:00
449951,25-34,F,Housing,Mobile,Northeast,0,12.36,2023-02-13 19:40:00+00:00
449978,35-44,F,Housing,Mobile,Midwest,1,12.3375,2023-04-21 14:32:00+00:00
449996,55+,F,Housing,Mobile,South,1,8.0038,2023-05-04 03:26:00+00:00
450001,25-34,F,Housing,Tablet,Northeast,1,9.12,2023-06-11 05:31:00+00:00
450007,18-24,F,Housing,Tablet,Northeast,0,5.82,2023-04-27 20:25:00+00:00
450009,18-24,F,Housing,Mobile,Northeast,0,10.4337,2023-01-08 19:09:00+00:00
450023,18-24,F,Housing,Mobile,Northeast,1,12.1687,2023-02-05 23:22:00+00:00
450051,25-34,F,Housing,Tablet,Northeast,0,13.38,2023-04-25 06:24:00+00:00
450053,55+,F,Housing,Web,South,0,5.2675,2023-05-15 14:44:00+00:00
450055,55+,F,Housing,Web,South,0,11.06,2023-01-19 18:54:00+00:00
450063,55+,F,Housing,Tablet,South,0,10.5663,2023-03-15 13:36:00+00:00
450078,35-44,F,Housing,Mobile,Midwest,0,4.1575,2023-05-07 06:52:00+00:00
450079,55+,F,Housing,Tablet,South,0,5.8,2023-02-05 11:39:00+00:00
450085,18-24,F,Housing,Tablet,Northeast,0,12.14,2023-04-23 16:50:00+00:00
450087,18-24,F,Housing,Mobile,Northeast,0,9.2462,2023-06-27 21:08:00+00:00
450101,25-34,F,Housing,Mobile,Northeast,0,8.8,2023-06-15 21:49:00+00:00
450127,35-44,F,Housing,Mobile,Midwest,0,10.7,2023-03-22 08:11:00+00:00
450131,35-44,F,Housing,Web,Midwest,0,12.7613,2023-03-31 17:29:00+00:00
450143,35-44,F,Housing,Tablet,Midwest,0,3.1625,2023-02-20 02:24:00+00:00
450144,18-24,F,Housing,Mobile,Northeast,0,3.435,2023-05-29 04:21:00+00:00
450146,18-24,F,Housing,Web,Northeast,1,9.0988,2023-05-20 07:11:00+00:00
450151,25-34,F,Housing,Web,Northeast,1,7.8,2023-02-25 19:16:00+00:00
450152,35-44,F,Housing,Mobile,Midwest,0,0.9625,2023-04-21 02:41:00+00:00
450187,35-44,F,Housing,Mobile,Midwest,0,13.78,2023-06-04 22:56:00+00:00
450191,35-44,F,Housing,Web,Midwest,0,4.6387,2023-04-02 07:04:00+00:00
450201,25-34,F,Housing,Tablet,Northeast,1,6.06,2023-05-29 16:46:00+00:00
450223,55+,F,Housing,Mobile,South,0,14.42,2023-02-16 10:49:00+00:00
450251,25-34,F,Housing,Mobile,Northeast,1,15.3,2023-04-01 18:55:00+00:00
450256,35-44,F,Housing,Tablet,Midwest,1,8.84,2023-05-08 07:18:00+00:00
450257,35-44,F,Housing,Tablet,Midwest,0,7.5637,2023-05-12 11:10:00+00:00
450262,18-24,F,Housing,Web,Northeast,0,12.98,2023-03-16 02:53:00+00:00
450271,55+,F,Housing,Mobile,South,0,8.98,2023-04-25 06:24:00+00:00
450301,25-34,F,Housing,Mobile,Northeast,0,10.08,2023-03-11 21:35:00+00:00
450303,55+,F,Housing,Tablet,South,0,7.3388,2023-06-01 07:47:00+00:00
450310,55+,F,Housing,Mobile,South,0,6.98,2023-06-24 18:24:00+00:00
450315,55+,F,Housing,Mobile,South,0,5.3487,2023-04-10 15:31:00+00:00
450316,35-44,F,Housing,Tablet,Midwest,0,7.44,2023-01-18 05:53:00+00:00
450343,55+,F,Housing,Tablet,South,0,13.12,2023-01-22 09:45:00+00:00
450350,35-44,F,Housing,Tablet,Midwest,0,3.1175,2023-05-15 14:53:00+00:00
450351,25-34,F,Housing,Mobile,Northeast,1,11.26,2023-04-19 00:24:00+00:00
450356,35-44,F,Housing,Tablet,Midwest,1,10.165,2023-02-02 20:38:00+00:00
450401,25-34,F,Housing,Tablet,Northeast,0,12.94,2023-04-03 20:38:00+00:00
450407,55+,F,Housing,Tablet,South,0,3.315,2023-05-13 12:36:00+00:00
450420,55+,F,Housing,Web,South,1,6.4713,2023-02-07 01:22:00+00:00
450448,35-44,F,Housing,Web,Midwest,0,9.12,2023-01-02 01:34:00+00:00
450451,25-34,F,Housing,Web,Northeast,0,5.84,2023-02-27 09:59:00+00:00
450460,35-44,F,Housing,Mobile,Midwest,1,6.44,2023-05-08 19:52:00+00:00
450461,55+,F,Housing,Tablet,South,1,12.59,2023-06-02 08:38:00+00:00
450470,18-24,F,Housing,Tablet,Northeast,0,12.07,2023-06-26 08:08:00+00:00
450472,35-44,F,Housing,Mobile,Midwest,0,15.04,2023-02-27 21:59:00+00:00
450481,35-44,F,Housing,Web,Midwest,1,15.46,2023-03-20 18:36:00+00:00
450495,35-44,F,Housing,Tablet,Midwest,0,2.5137,2023-02-21 03:33:00+00:00
450501,25-34,F,Housing,Web,Northeast,0,9.38,2023-01-15 14:19:00+00:00
450509,18-24,F,Housing,Tablet,Northeast,0,9.4663,2023-05-14 13:10:00+00:00
450533,55+,F,Housing,Tablet,South,0,3.4725,2023-04-09 02:14:00+00:00
450551,25-34,F,Housing,Web,Northeast,0,13.48,2023-04-10 15:39:00+00:00
450564,35-44,F,Housing,Mobile,Midwest,0,12.3613,2023-05-30 17:12:00+00:00
450565,35-44,F,Housing,Mobile,Midwest,0,9.58,2023-02-14 08:23:00+00:00
450585,55+,F,Housing,Web,South,1,0.8075,2023-04-17 22:58:00+00:00
450594,18-24,F,Housing,Mobile,Northeast,0,10.7125,2023-02-20 02:41:00+00:00
450596,18-24,F,Housing,Tablet,Northeast,0,5.9075,2023-03-08 06:35:00+00:00
450601,25-34,F,Housing,Mobile,Northeast,0,5.72,2023-04-22 03:24:00+00:00
450602,35-44,F,Housing,Tablet,Midwest,0,11.43,2023-01-25 00:54:00+00:00
450605,18-24,F,Housing,Mobile,Northeast,1,6.185,2023-01-09 20:09:00+00:00
450610,18-24,F,Housing,Web,Northeast,1,10.52,2023-06-01 07:13:00+00:00
450614,55+,F,Housing,Tablet,South,1,10.0575,2023-01-27 14:20:00+00:00
450630,18-24,F,Housing,Tablet,Northeast,1,3.4213,2023-06-07 01:39:00+00:00
450651,25-34,F,Housing,Mobile,Northeast,0,6.26,2023-06-08 02:05:00+00:00
450662,18-24,F,Housing,Mobile,Northeast,0,8.79,2023-05-13 00:18:00+00:00
450664,35-44,F,Housing,Mobile,Midwest,1,15.04,2023-05-18 05:11:00+00:00
450670,18-24,F,Housing,Mobile,Northeast,0,10.42,2023-03-28 02:46:00+00:00
450690,55+,F,Housing,Mobile,South,0,3.17,2023-03-18 16:02:00+00:00
450701,25-34,F,Housing,Mobile,Northeast,0,11.98,2023-05-05 04:17:00+00:00
450707,55+,F,Housing,Mobile,South,0,5.9375,2023-01-11 22:35:00+00:00
450708,55+,F,Housing,Tablet,South,1,1.6075,2023-03-28 14:55:00+00:00
450722,18-24,F,Housing,Mobile,Northeast,1,7.5812,2023-01-06 17:26:00+00:00
450723,35-44,F,Housing,Tablet,Midwest,1,12.0762,2023-04-12 05:14:00+00:00
450728,55+,F,Housing,Tablet,South,0,7.6037,2023-02-13 19:31:00+00:00
450730,18-24,F,Housing,Mobile,Northeast,1,7.86,2023-06-28 22:16:00+00:00
450732,55+,F,Housing,Web,South,0,10.7475,2023-02-08 14:48:00+00:00
450733,35-44,F,Housing,Mobile,Midwest,0,10.36,2023-04-14 07:31:00+00:00
450751,25-34,F,Housing,Mobile,Northeast,1,11.86,2023-05-19 18:36:00+00:00
450758,35-44,F,Housing,Mobile,Midwest,0,3.955,2023-03-26 12:29:00+00:00
450763,18-24,F,Housing,Tablet,Northeast,1,15.34,2023-06-22 16:50:00+00:00
450777,18-24,F,Housing,Web,Northeast,0,8.29,2023-02-02 08:13:00+00:00
450784,35-44,F,Housing,Mobile,Midwest,0,10.36,2023-02-13 07:40:00+00:00
450787,55+,F,Housing,Tablet,South,1,9.16,2023-03-05 15:34:00+00:00
450792,18-24,F,Housing,Web,Northeast,0,5.5475,2023-04-29 22:59:00+00:00
450793,35-44,F,Housing,Tablet,Midwest,0,12.52,2023-05-12 23:18:00+00:00
450796,18-24,F,Housing,Mobile,Northeast,0,6.3,2023-04-11 16:48:00+00:00
450801,25-34,F,Housing,Tablet,Northeast,0,6.32,2023-04-12 17:57:00+00:00
450809,35-44,F,Housing,Mobile,Midwest,1,8.4025,2023-05-03 02:51:00+00:00
450810,35-44,F,Housing,Tablet,Midwest,1,6.0113,2023-03-11 09:52:00+00:00
450822,18-24,F,Housing,Mobile,Northeast,0,1.0813,2023-03-27 01:37:00+00:00
450851,25-34,F,Housing,Web,Northeast,1,13.6,2023-01-26 01:46:00+00:00
450869,55+,F,Housing,Tablet,South,0,8.1537,2023-05-24 11:29:00+00:00
450870,55+,F,Housing,Web,South,0,3.57,2023-02-06 00:39:00+00:00
450871,55+,F,Housing,Web,South,0,13.46,2023-04-09 02:31:00+00:00
450873,55+,F,Housing,Mobile,South,1,10.57,2023-04-07 00:13:00+00:00
450879,35-44,F,Housing,Tablet,Midwest,0,7.9887,2023-05-12 23:35:00+00:00
450901,25-34,F,Housing,Tablet,Northeast,0,5.54,2023-05-23 22:11:00+00:00
450922,55+,F,Housing,Tablet,South,1,6.46,2023-06-18 12:41:00+00:00
450932,35-44,F,Housing,Tablet,Midwest,0,3.875,2023-01-01 12:08:00+00:00
450945,35-44,F,Housing,Web,Midwest,0,10.48,2023-01-05 16:09:00+00:00
450946,55+,F,Housing,Tablet,South,0,14.5,2023-04-21 14:24:00+00:00
450948,18-24,F,Housing,Web,Northeast,0,1.115,2023-03-14 12:27:00+00:00
450951,25-34,F,Housing,Tablet,Northeast,0,8.36,2023-05-24 23:03:00+00:00
450955,55+,F,Housing,Web,South,0,15.06,2023-01-19 06:28:00+00:00
450960,35-44,F,Housing,Tablet,Midwest,1,5.075,2023-01-21 20:02:00+00:00
450964,35-44,F,Housing,Tablet,Midwest,0,6.56,2023-04-24 17:07:00+00:00
450965,55+,F,Housing,Mobile,South,0,5.2525,2023-02-12 18:31:00+00:00
450972,55+,F,Housing,Web,South,0,12.4413,2023-01-14 01:19:00+00:00
450975,55+,F,Housing,Web,South,0,1.5725,2023-03-20 18:54:00+00:00
450984,35-44,F,Housing,Mobile,Midwest,0,8.2737,2023-03-01 11:42:00+00:00
450989,18-24,F,Housing,Web,Northeast,0,4.7775,2023-02-12 06:06:00+00:00
451000,55+,F,Housing,Web,South,1,8.64,2023-04-28 09:08:00+00:00
451001,25-34,F,Housing,Web,Northeast,0,10.48,2023-06-19 13:58:00+00:00
451003,55+,F,Housing,Tablet,South,1,6.36,2023-05-24 11:29:00+00:00
451007,18-24,F,Housing,Web,Northeast,0,12.58,2023-06-14 08:57:00+00:00
451023,18-24,F,Housing,Tablet,Northeast,1,9.2112,2023-03-31 17:47:00+00:00
451051,25-34,F,Housing,Mobile,Northeast,0,12.44,2023-01-08 19:35:00+00:00
451067,35-44,F,Housing,Tablet,Midwest,0,1.8313,2023-03-07 17:26:00+00:00
451070,18-24,F,Housing,Tablet,Northeast,1,4.69,2023-04-23 16:50:00+00:00
451090,18-24,F,Housing,Web,Northeast,1,13.78,2023-06-24 06:42:00+00:00
451091,18-24,F,Housing,Mobile,Northeast,0,8.6375,2023-04-01 06:38:00+00:00
451101,25-34,F,Housing,Tablet,Northeast,0,8.06,2023-05-29 04:21:00+00:00
451107,35-44,F,Housing,Tablet,Midwest,0,9.5175,2023-02-24 06:07:00+00:00
451121,35-44,F,Housing,Web,Midwest,0,3.0663,2023-04-04 21:21:00+00:00
451134,35-44,F,Housing,Mobile,Midwest,1,11.1225,2023-04-29 10:08:00+00:00
451135,18-24,F,Housing,Mobile,Northeast,0,6.16,2023-01-14 13:44:00+00:00
451151,25-34,F,Housing,Mobile,Northeast,0,15.02,2023-04-07 00:30:00+00:00
451155,55+,F,Housing,Tablet,South,0,2.19,2023-02-02 08:30:00+00:00
451168,55+,F,Housing,Tablet,South,0,6.3,2023-05-01 12:51:00+00:00
451178,18-24,F,Housing,Mobile,Northeast,0,12.9038,2023-04-14 19:31:00+00:00
451180,18-24,F,Housing,Web,Northeast,0,11.06,2023-04-29 22:59:00+00:00
451186,55+,F,Housing,Mobile,South,1,8.72,2023-03-23 09:45:00+00:00
451190,55+,F,Housing,Web,South,0,11.4488,2023-03-21 07:54:00+00:00
451193,55+,F,Housing,Tablet,South,1,11.6788,2023-01-04 15:26:00+00:00
451201,25-34,F,Housing,Web,Northeast,0,6.8,2023-01-26 13:55:00+00:00
451205,18-24,F,Housing,Web,Northeast,1,10.175,2023-05-21 20:37:00+00:00
451225,18-24,F,Housing,Tablet,Northeast,0,10.68,2023-03-21 19:11:00+00:00
451226,18-24,F,Housing,Mobile,Northeast,0,6.92,2023-06-06 00:22:00+00:00
451227,35-44,F,Housing,Mobile,Midwest,1,5.1238,2023-05-20 19:02:00+00:00
451230,55+,F,Housing,Mobile,South,0,6.6638,2023-05-12 11:01:00+00:00
451235,18-24,F,Housing,Mobile,Northeast,1,5.5225,2023-05-19 18:02:00+00:00
451236,55+,F,Housing,Mobile,South,1,1.64,2023-01-13 00:44:00+00:00
451238,18-24,F,Housing,Web,Northeast,1,10.6025,2023-05-03 02:43:00+00:00
451251,25-34,F,Housing,Tablet,Northeast,0,15.42,2023-02-06 12:48:00+00:00
451252,55+,F,Housing,Web,South,0,7.94,2023-03-04 02:43:00+00:00
451261,35-44,F,Housing,Web,Midwest,1,13.12,2023-05-22 21:20:00+00:00
451269,35-44,F,Housing,Web,Midwest,0,3.9762,2023-01-22 21:20:00+00:00
451280,18-24,F,Housing,Tablet,Northeast,0,6.58,2023-02-14 08:14:00+00:00
451287,55+,F,Housing,Mobile,South,1,8.0338,2023-01-08 19:09:00+00:00
451293,55+,F,Housing,Mobile,South,1,4.5875,2023-01-11 22:10:00+00:00
451301,25-34,F,Housing,Tablet,Northeast,0,7.76,2023-02-03 21:30:00+00:00
451317,18-24,F,Housing,Mobile,Northeast,0,11.9488,2023-01-20 07:02:00+00:00
451318,35-44,F,Housing,Mobile,Midwest,0,14.74,2023-05-03 14:51:00+00:00
451332,55+,F,Housing,Tablet,South,1,4.1688,2023-04-06 23:30:00+00:00
451340,55+,F,Housing,Mobile,South,0,4.1487,2023-01-20 07:11:00+00:00
451342,18-24,F,Housing,Mobile,Northeast,0,5.6,2023-06-15 21:06:00+00:00
451346,18-24,F,Housing,Tablet,Northeast,0,1.15,2023-03-22 08:02:00+00:00
451351,25-34,F,Housing,Mobile,Northeast,0,14.74,2023-03-24 10:54:00+00:00
451353,35-44,F,Housing,Tablet,Midwest,0,10.165,2023-03-14 12:53:00+00:00
451391,35-44,F,Housing,Tablet,Midwest,1,6.5512,2023-03-03 01:51:00+00:00
451395,18-24,F,Housing,Tablet,Northeast,0,9.09,2023-02-22 16:50:00+00:00
451401,25-34,F,Housing,Mobile,Northeast,0,6.16,2023-02-03 09:47:00+00:00
451402,55+,F,Housing,Mobile,South,0,9.64,2023-01-08 07:35:00+00:00
451406,55+,F,Housing,Web,South,0,2.1963,2023-06-27 21:16:00+00:00
451410,35-44,F,Housing,Tablet,Midwest,0,7.6625,2023-05-31 18:04:00+00:00
451421,35-44,F,Housing,Tablet,Midwest,0,3.2575,2023-03-28 14:46:00+00:00
451427,55+,F,Housing,Web,South,0,5.09,2023-03-14 00:10:00+00:00
451439,35-44,F,Housing,Web,Midwest,0,1.89,2023-05-13 00:01:00+00:00
451451,25-34,F,Housing,Mobile,Northeast,0,10.0,2023-01-26 13:55:00+00:00
451456,35-44,F,Housing,Web,Midwest,0,14.84,2023-06-17 11:41:00+00:00
451471,55+,F,Housing,Web,South,1,12.0,2023-04-16 09:23:00+00:00
451472,35-44,F,Housing,Web,Midwest,1,0.9912,2023-01-14 01:53:00+00:00
451477,55+,F,Housing,Web,South,0,15.1,2023-02-10 16:48:00+00:00
451482,35-44,F,Housing,Mobile,Midwest,0,10.0575,2023-01-27 14:12:00+00:00
451484,35-44,F,Housing,Web,Midwest,1,11.195,2023-05-17 04:45:00+00:00
451492,35-44,F,Housing,Web,Midwest,0,9.64,2023-01-08 07:52:00+00:00
451501,25-34,F,Housing,Tablet,Northeast,0,7.8,2023-06-05 23:30:00+00:00
451502,55+,F,Housing,Tablet,South,0,9.9663,2023-04-24 05:59:00+00:00
451503,35-44,F,Housing,Tablet,Midwest,1,0.935,2023-05-29 04:12:00+00:00
451508,18-24,F,Housing,Tablet,Northeast,0,4.6113,2023-03-31 17:04:00+00:00
451511,35-44,F,Housing,Web,Midwest,0,3.4013,2023-05-22 09:45:00+00:00
451529,18-24,F,Housing,Web,Northeast,1,7.9713,2023-01-18 17:11:00+00:00
451542,18-24,F,Housing,Web,Northeast,1,1.9487,2023-03-21 07:11:00+00:00
451547,35-44,F,Housing,Mobile,Midwest,0,5.1762,2023-01-22 21:03:00+00:00
451551,25-34,F,Housing,Tablet,Northeast,1,6.96,2023-01-14 13:44:00+00:00
451594,35-44,F,Housing,Web,Midwest,0,12.76,2023-06-13 19:57:00+00:00
451598,55+,F,Housing,Tablet,South,0,6.8913,2023-02-03 09:39:00+00:00
451601,25-34,F,Housing,Mobile,Northeast,1,14.12,2023-04-02 07:55:00+00:00
451607,35-44,F,Housing,Tablet,Midwest,0,11.0412,2023-01-14 01:10:00+00:00
451610,55+,F,Housing,Tablet,South,0,9.75,2023-01-01 00:08:00+00:00
451616,35-44,F,Housing,Web,Midwest,0,12.8475,2023-02-08 14:56:00+00:00
451626,55+,F,Housing,Mobile,South,0,8.8,2023-04-11 16:40:00+00:00
451634,35-44,F,Housing,Tablet,Midwest,0,8.1713,2023-02-27 09:51:00+00:00
451647,18-24,F,Housing,Tablet,Northeast,0,12.565,2023-04-23 04:41:00+00:00
451651,25-34,F,Housing,Web,Northeast,0,6.44,2023-03-09 07:09:00+00:00
451679,35-44,F,Housing,Tablet,Midwest,1,8.2963,2023-06-07 13:05:00+00:00
451691,55+,F,Housing,Tablet,South,0,3.2325,2023-06-16 10:49:00+00:00
451701,25-34,F,Housing,Mobile,Northeast,0,12.66,2023-06-28 22:59:00+00:00
451714,35-44,F,Housing,Mobile,Midwest,0,7.52,2023-05-22 09:11:00+00:00
451716,18-24,F,Housing,Mobile,Northeast,0,3.5088,2023-01-08 07:52:00+00:00
451718,18-24,F,Housing,Tablet,Northeast,0,2.2925,2023-05-15 02:44:00+00:00
451734,18-24,F,Housing,Web,Northeast,0,3.9525,2023-03-04 02:43:00+00:00
451741,55+,F,Housing,Tablet,South,1,5.92,2023-01-22 09:37:00+00:00
451751,25-34,F,Housing,Mobile,Northeast,0,6.88,2023-06-19 01:41:00+00:00
451758,35-44,F,Housing,Mobile,Midwest,0,4.6262,2023-04-12 05:05:00+00:00
451759,18-24,F,Housing,Mobile,Northeast,1,10.84,2023-06-17 11:41:00+00:00
451762,18-24,F,Housing,Mobile,Northeast,0,13.86,2023-06-28 10:08:00+00:00
451772,55+,F,Housing,Mobile,South,1,9.2325,2023-03-08 18:52:00+00:00
451782,35-44,F,Housing,Mobile,Midwest,0,2.3687,2023-05-16 15:19:00+00:00
451786,35-44,F,Housing,Tablet,Midwest,0,13.68,2023-03-31 17:29:00+00:00
451795,18-24,F,Housing,Mobile,Northeast,0,11.2,2023-01-26 01:55:00+00:00
451801,25-34,F,Housing,Web,Northeast,0,14.84,2023-05-08 07:43:00+00:00
451814,18-24,F,Housing,Tablet,Northeast,0,3.0525,2023-01-23 10:46:00+00:00
451832,18-24,F,Housing,Web,Northeast,0,11.6687,2023-06-25 07:16:00+00:00
451851,25-34,F,Housing,Web,Northeast,1,5.92,2023-05-02 13:34:00+00:00
451858,55+,F,Housing,Mobile,South,0,7.06,2023-03-20 18:02:00+00:00
451882,18-24,F,Housing,Mobile,Northeast,1,11.98,2023-01-05 16:17:00+00:00
451897,55+,F,Housing,Mobile,South,1,5.9,2023-06-10 04:57:00+00:00
451901,25-34,F,Housing,Web,Northeast,0,9.52,2023-04-12 17:14:00+00:00
451905,35-44,F,Housing,Web,Midwest,1,5.6988,2023-06-09 15:14:00+00:00
451907,18-24,F,Housing,Mobile,Northeast,0,3.805,2023-06-14 20:23:00+00:00
451917,35-44,F,Housing,Web,Midwest,0,4.7425,2023-04-25 18:16:00+00:00
451918,18-24,F,Housing,Web,Northeast,0,12.26,2023-04-09 02:14:00+00:00
451925,55+,F,Housing,Tablet,South,0,8.35,2023-02-10 16:31:00+00:00
451942,35-44,F,Housing,Tablet,Midwest,0,9.48,2023-03-01 11:25:00+00:00
451951,25-34,F,Housing,Tablet,Northeast,0,6.26,2023-05-19 18:28:00+00:00
451970,35-44,F,Housing,Mobile,Midwest,0,10.0363,2023-01-10 21:27:00+00:00
451979,35-44,F,Housing,Tablet,Midwest,0,0.7675,2023-02-24 06:07:00+00:00
451988,55+,F,Housing,Mobile,South,0,10.25,2023-01-21 08:28:00+00:00
451997,35-44,F,Housing,Tablet,Midwest,0,9.0787,2023-05-04 15:09:00+00:00
452001,25-34,F,Housing,Mobile,Northeast,0,7.66,2023-03-30 16:12:00+00:00
452023,18-24,F,Housing,Web,Northeast,0,7.76,2023-03-15 01:19:00+00:00
452041,55+,F,Housing,Mobile,South,0,13.32,2023-05-12 23:35:00+00:00
452045,18-24,F,Housing,Mobile,Northeast,0,2.5312,2023-04-16 09:57:00+00:00
452046,55+,F,Housing,Web,South,0,3.1237,2023-01-20 19:45:00+00:00
452049,18-24,F,Housing,Web,Northeast,0,11.43,2023-05-05 16:09:00+00:00
452051,25-34,F,Housing,Mobile,Northeast,0,8.34,2023-03-04 14:08:00+00:00
452063,35-44,F,Housing,Web,Midwest,0,2.27,2023-02-26 08:16:00+00:00
452073,18-24,F,Housing,Mobile,Northeast,0,8.725,2023-05-01 12:08:00+00:00
452075,35-44,F,Housing,Web,Midwest,0,2.4212,2023-06-07 01:13:00+00:00
452092,35-44,F,Housing,Mobile,Midwest,0,14.56,2023-06-03 09:56:00+00:00
452100,18-24,F,Housing,Tablet,Northeast,1,3.2625,2023-05-31 18:47:00+00:00
452101,25-34,F,Housing,Tablet,Northeast,0,14.12,2023-02-01 19:21:00+00:00
452111,18-24,F,Housing,Mobile,Northeast,0,11.9187,2023-06-25 07:59:00+00:00
452116,55+,F,Housing,Tablet,South,0,9.62,2023-01-07 18:52:00+00:00
452117,18-24,F,Housing,Tablet,Northeast,0,4.9975,2023-03-20 06:54:00+00:00
452127,18-24,F,Housing,Mobile,Northeast,0,4.7562,2023-04-16 21:57:00+00:00
452138,35-44,F,Housing,Web,Midwest,0,3.2412,2023-03-15 01:19:00+00:00
452144,18-24,F,Housing,Tablet,Northeast,0,9.7112,2023-05-30 17:29:00+00:00
452151,25-34,F,Housing,Tablet,Northeast,0,14.8,2023-03-07 05:52:00+00:00
452152,35-44,F,Housing,Mobile,Midwest,1,7.58,2023-05-05 04:00:00+00:00
452163,55+,F,Housing,Mobile,South,0,8.2213,2023-04-08 01:48:00+00:00
452164,18-24,F,Housing,Mobile,Northeast,1,14.08,2023-06-19 13:41:00+00:00
452184,18-24,F,Housing,Mobile,Northeast,1,0.6625,2023-05-11 10:18:00+00:00
452193,55+,F,Housing,Web,South,0,2.1475,2023-05-19 06:19:00+00:00
452201,25-34,F,Housing,Mobile,Northeast,1,9.68,2023-05-10 21:35:00+00:00
452218,55+,F,Housing,Web,South,0,9.44,2023-05-18 05:36:00+00:00
452223,55+,F,Housing,Web,South,1,4.2287,2023-05-04 15:43:00+00:00
452238,35-44,F,Housing,Mobile,Midwest,0,11.1113,2023-05-30 17:38:00+00:00
452245,35-44,F,Housing,Mobile,Midwest,0,7.6,2023-03-07 17:35:00+00:00
452251,25-34,F,Housing,Tablet,Northeast,0,14.1,2023-01-11 22:01:00+00:00
452252,18-24,F,Housing,Tablet,Northeast,1,2.6787,2023-05-04 15:00:00+00:00
452257,35-44,F,Housing,Mobile,Midwest,0,14.08,2023-03-11 21:35:00+00:00
452260,35-44,F,Housing,Mobile,Midwest,0,14.3,2023-01-21 20:11:00+00:00
452288,18-24,F,Housing,Web,Northeast,1,5.2475,2023-06-28 22:51:00+00:00
452295,55+,F,Housing,Tablet,South,0,1.3538,2023-05-24 11:29:00+00:00
452298,35-44,F,Housing,Mobile,Midwest,0,8.8588,2023-03-09 07:52:00+00:00
452299,55+,F,Housing,Mobile,South,0,13.84,2023-02-07 01:05:00+00:00
452301,25-34,F,Housing,Tablet,Northeast,0,6.76,2023-01-04 03:00:00+00:00
452311,35-44,F,Housing,Mobile,Midwest,0,10.88,2023-03-31 17:21:00+00:00
452314,55+,F,Housing,Web,South,1,6.84,2023-03-29 03:46:00+00:00
452331,35-44,F,Housing,Tablet,Midwest,1,7.9688,2023-01-16 15:53:00+00:00
452337,35-44,F,Housing,Mobile,Midwest,0,3.5612,2023-01-10 09:27:00+00:00
452341,55+,F,Housing,Web,South,0,13.92,2023-01-02 01:00:00+00:00
452351,25-34,F,Housing,Tablet,Northeast,0,7.94,2023-05-23 10:20:00+00:00
452353,18-24,F,Housing,Mobile,Northeast,0,8.76,2023-05-24 11:20:00+00:00
452366,35-44,F,Housing,Web,Midwest,0,2.79,2023-04-23 16:58:00+00:00
452369,55+,F,Housing,Tablet,South,0,7.8812,2023-06-15 09:49:00+00:00
452393,35-44,F,Housing,Mobile,Midwest,0,4.665,2023-02-22 04:07:00+00:00
452396,18-24,F,Housing,Web,Northeast,0,3.9337,2023-05-08 19:43:00+00:00
452401,25-34,F,Housing,Tablet,Northeast,0,14.36,2023-03-05 15:17:00+00:00
452407,55+,F,Housing,Tablet,South,0,7.46,2023-02-28 22:42:00+00:00
452420,18-24,F,Housing,Mobile,Northeast,0,9.8225,2023-04-09 02:05:00+00:00
452430,35-44,F,Housing,Tablet,Midwest,0,2.5962,2023-06-07 13:31:00+00:00
452431,18-24,F,Housing,Mobile,Northeast,0,13.64,2023-05-08 19:01:00+00:00
452450,35-44,F,Housing,Tablet,Midwest,0,0.6162,2023-02-23 05:24:00+00:00
452451,25-34,F,Housing,Web,Northeast,1,7.88,2023-02-09 03:31:00+00:00
452466,35-44,F,Housing,Web,Midwest,1,4.745,2023-01-17 04:28:00+00:00
452467,55+,F,Housing,Web,South,0,14.28,2023-06-29 11:51:00+00:00
452470,18-24,F,Housing,Mobile,Northeast,1,6.78,2023-03-06 04:26:00+00:00
452473,18-24,F,Housing,Mobile,Northeast,0,13.8,2023-02-05 11:13:00+00:00
452481,35-44,F,Housing,Web,Midwest,1,7.915,2023-04-03 20:38:00+00:00
452484,55+,F,Housing,Web,South,0,6.7687,2023-01-16 15:53:00+00:00
452495,55+,F,Housing,Tablet,South,0,2.685,2023-06-18 12:49:00+00:00
452496,35-44,F,Housing,Mobile,Midwest,1,10.5087,2023-03-29 15:55:00+00:00
452497,35-44,F,Housing,Mobile,Midwest,0,12.5,2023-05-31 06:38:00+00:00
452501,25-34,F,Housing,Tablet,Northeast,0,15.26,2023-04-19 12:06:00+00:00
452505,55+,F,Housing,Mobile,South,0,11.42,2023-01-17 16:10:00+00:00
452506,35-44,F,Housing,Tablet,Midwest,0,15.1,2023-05-01 00:08:00+00:00
452525,55+,F,Housing,Mobile,South,0,4.4588,2023-05-08 07:01:00+00:00
452530,18-24,F,Housing,Web,Northeast,1,12.62,2023-06-26 20:33:00+00:00
452549,55+,F,Housing,Mobile,South,0,12.5162,2023-02-23 05:07:00+00:00
452551,25-34,F,Housing,Mobile,Northeast,0,7.88,2023-06-09 15:48:00+00:00
452555,55+,F,Housing,Tablet,South,0,7.17,2023-06-26 08:08:00+00:00
452564,35-44,F,Housing,Mobile,Midwest,0,8.5775,2023-03-04 14:51:00+00:00
452565,18-24,F,Housing,Mobile,Northeast,0,11.1125,2023-06-20 02:15:00+00:00
452601,25-34,F,Housing,Tablet,Northeast,0,14.04,2023-03-09 07:26:00+00:00
452606,55+,F,Housing,Web,South,0,10.1263,2023-01-02 13:08:00+00:00
452610,55+,F,Housing,Mobile,South,0,0.6813,2023-03-07 17:35:00+00:00
452621,35-44,F,Housing,Tablet,Midwest,0,12.365,2023-06-22 04:07:00+00:00
452634,35-44,F,Housing,Mobile,Midwest,1,7.715,2023-06-02 20:21:00+00:00
452637,35-44,F,Housing,Web,Midwest,0,12.1638,2023-03-13 11:18:00+00:00
452646,55+,F,Housing,Mobile,South,0,10.03,2023-05-25 00:29:00+00:00
452651,25-34,F,Housing,Tablet,Northeast,0,11.4,2023-02-05 23:30:00+00:00
452659,35-44,F,Housing,Web,Midwest,1,11.04,2023-05-18 17:19:00+00:00
452673,18-24,F,Housing,Mobile,Northeast,1,7.9488,2023-06-09 15:57:00+00:00
452680,35-44,F,Housing,Mobile,Midwest,0,13.66,2023-01-09 20:44:00+00:00
452682,55+,F,Housing,Web,South,0,11.6562,2023-01-06 05:43:00+00:00
452683,55+,F,Housing,Web,South,0,9.82,2023-02-06 00:22:00+00:00
452699,35-44,F,Housing,Tablet,Midwest,1,1.2488,2023-06-29 23:51:00+00:00
452701,25-34,F,Housing,Mobile,Northeast,0,7.04,2023-02-07 13:22:00+00:00
452730,55+,F,Housing,Web,South,0,9.1188,2023-04-26 07:16:00+00:00
452731,55+,F,Housing,Tablet,South,1,15.06,2023-04-09 14:56:00+00:00
452732,55+,F,Housing,Tablet,South,1,7.9363,2023-01-10 21:27:00+00:00
452735,55+,F,Housing,Tablet,South,0,3.3712,2023-02-07 01:05:00+00:00
452737,55+,F,Housing,Mobile,South,0,14.1,2023-01-31 06:30:00+00:00
452747,35-44,F,Housing,Tablet,Midwest,0,10.47,2023-06-06 00:30:00+00:00
452751,25-34,F,Housing,Web,Northeast,0,13.94,2023-03-24 10:46:00+00:00
452752,35-44,F,Housing,Tablet,Midwest,0,8.12,2023-05-12 23:01:00+00:00
452764,35-44,F,Housing,Tablet,Midwest,0,12.16,2023-02-23 05:16:00+00:00
452789,55+,F,Housing,Web,South,0,11.2088,2023-03-29 15:12:00+00:00
452801,25-34,F,Housing,Tablet,Northeast,1,13.08,2023-04-10 15:57:00+00:00
452819,18-24,F,Housing,Web,Northeast,1,1.5637,2023-06-21 03:07:00+00:00
452826,55+,F,Housing,Mobile,South,0,12.725,2023-06-10 04:14:00+00:00
452831,35-44,F,Housing,Mobile,Midwest,0,11.5725,2023-06-08 02:48:00+00:00
452837,55+,F,Housing,Tablet,South,0,4.6875,2023-01-31 06:47:00+00:00
452846,35-44,F,Housing,Tablet,Midwest,1,3.6225,2023-01-19 18:19:00+00:00
452847,18-24,F,Housing,Web,Northeast,0,10.4975,2023-02-08 14:05:00+00:00
452849,35-44,F,Housing,Web,Midwest,0,11.5213,2023-02-27 09:51:00+00:00
452851,25-34,F,Housing,Mobile,Northeast,1,12.94,2023-06-02 08:04:00+00:00
452870,18-24,F,Housing,Tablet,Northeast,1,2.1013,2023-04-12 17:31:00+00:00
452872,35-44,F,Housing,Tablet,Midwest,0,10.88,2023-03-31 17:29:00+00:00
452886,18-24,F,Housing,Mobile,Northeast,0,2.8687,2023-01-16 15:36:00+00:00
452895,35-44,F,Housing,Web,Midwest,0,3.77,2023-04-27 08:42:00+00:00
452901,25-34,F,Housing,Mobile,Northeast,0,8.94,2023-05-13 00:27:00+00:00
452934,18-24,F,Housing,Mobile,Northeast,0,8.44,2023-02-02 08:13:00+00:00
452940,18-24,F,Housing,Web,Northeast,0,9.3887,2023-02-21 15:58:00+00:00
452950,35-44,F,Housing,Mobile,Midwest,0,5.78,2023-06-24 18:24:00+00:00
452951,25-34,F,Housing,Mobile,Northeast,0,9.72,2023-06-01 07:38:00+00:00
452955,35-44,F,Housing,Web,Midwest,0,1.6738,2023-04-10 03:57:00+00:00
452958,18-24,F,Housing,Mobile,Northeast,0,9.67,2023-02-26 08:42:00+00:00
452961,55+,F,Housing,Tablet,South,0,9.265,2023-06-02 20:56:00+00:00
452977,35-44,F,Housing,Mobile,Midwest,0,12.6,2023-04-26 07:07:00+00:00
452987,35-44,F,Housing,Web,Midwest,0,8.8613,2023-06-19 01:24:00+00:00
452994,55+,F,Housing,Web,South,0,5.4625,2023-04-21 02:41:00+00:00
453001,25-34,F,Housing,Tablet,Northeast,1,12.52,2023-02-21 15:58:00+00:00
453013,55+,F,Housing,Web,South,0,12.06,2023-01-29 04:04:00+00:00
453019,35-44,F,Housing,Mobile,Midwest,1,13.58,2023-05-25 12:54:00+00:00
453031,18-24,F,Housing,Mobile,Northeast,0,8.38,2023-01-25 12:03:00+00:00
453035,35-44,F,Housing,Tablet,Midwest,0,1.7288,2023-03-25 23:54:00+00:00
453040,18-24,F,Housing,Tablet,Northeast,1,12.08,2023-03-31 17:47:00+00:00
453046,35-44,F,Housing,Tablet,Midwest,1,7.88,2023-04-10 03:57:00+00:00
453051,25-34,F,Housing,Tablet,Northeast,0,11.78,2023-05-15 02:53:00+00:00
453054,55+,F,Housing,Tablet,South,1,1.1462,2023-02-07 13:13:00+00:00
453055,55+,F,Housing,Tablet,South,1,12.78,2023-03-06 04:52:00+00:00
453066,35-44,F,Housing,Tablet,Midwest,0,4.1688,2023-06-25 07:42:00+00:00
453079,18-24,F,Housing,Web,Northeast,0,6.84,2023-01-08 19:52:00+00:00
453084,35-44,F,Housing,Tablet,Midwest,1,7.0038,2023-06-13 19:31:00+00:00
453101,25-34,F,Housing,Web,Northeast,0,9.52,2023-04-12 17:48:00+00:00
453103,35-44,F,Housing,Tablet,Midwest,0,7.12,2023-02-11 05:48:00+00:00
453117,35-44,F,Housing,Mobile,Midwest,0,8.4238,2023-06-29 11:34:00+00:00
453151,25-34,F,Housing,Tablet,Northeast,0,14.76,2023-03-05 03:17:00+00:00
453155,35-44,F,Housing,Mobile,Midwest,1,8.9462,2023-01-18 05:19:00+00:00
453165,18-24,F,Housing,Web,Northeast,0,4.0425,2023-03-16 02:53:00+00:00
453168,18-24,F,Housing,Web,Northeast,0,2.505,2023-06-14 20:32:00+00:00
453173,35-44,F,Housing,Tablet,Midwest,0,10.2562,2023-06-15 21:23:00+00:00
453178,35-44,F,Housing,Tablet,Midwest,0,9.58,2023-02-14 20:14:00+00:00
453201,25-34,F,Housing,Mobile,Northeast,1,7.74,2023-03-14 00:27:00+00:00
453209,35-44,F,Housing,Tablet,Midwest,0,10.1687,2023-02-25 07:33:00+00:00
453222,35-44,F,Housing,Web,Midwest,0,10.5237,2023-06-29 11:34:00+00:00
453231,18-24,F,Housing,Tablet,Northeast,0,12.4975,2023-06-08 14:05:00+00:00
453233,35-44,F,Housing,Tablet,Midwest,0,12.5262,2023-05-22 21:11:00+00:00
453234,35-44,F,Housing,Web,Midwest,0,0.6038,2023-06-13 19:23:00+00:00
453235,18-24,F,Housing,Mobile,Northeast,0,9.06,2023-05-19 18:28:00+00:00
453237,18-24,F,Housing,Web,Northeast,1,11.5062,2023-01-06 05:00:00+00:00
453241,35-44,F,Housing,Mobile,Midwest,1,6.62,2023-02-26 20:50:00+00:00
453245,35-44,F,Housing,Mobile,Midwest,1,9.6687,2023-03-17 15:45:00+00:00
453251,25-34,F,Housing,Web,Northeast,0,10.56,2023-03-15 13:27:00+00:00
453279,18-24,F,Housing,Web,Northeast,0,2.17,2023-06-06 00:13:00+00:00
453288,55+,F,Housing,Mobile,South,0,10.3825,2023-01-07 18:26:00+00:00
453301,25-34,F,Housing,Tablet,Northeast,0,14.82,2023-05-27 02:29:00+00:00
453303,18-24,F,Housing,Web,Northeast,1,4.2875,2023-03-12 22:35:00+00:00
453309,18-24,F,Housing,Tablet,Northeast,0,11.1363,2023-05-10 21:01:00+00:00
453334,35-44,F,Housing,Mobile,Midwest,0,13.0,2023-06-05 11:30:00+00:00
453337,55+,F,Housing,Tablet,South,0,7.68,2023-04-20 13:07:00+00:00
453339,35-44,F,Housing,Mobile,Midwest,0,8.7188,2023-03-17 15:27:00+00:00
453343,18-24,F,Housing,Mobile,Northeast,0,9.66,2023-03-10 08:44:00+00:00
453348,18-24,F,Housing,Web,Northeast,0,10.5062,2023-03-07 05:52:00+00:00
453351,25-34,F,Housing,Mobile,Northeast,1,15.22,2023-05-07 06:52:00+00:00
453364,35-44,F,Housing,Tablet,Midwest,0,10.38,2023-02-14 20:57:00+00:00
453371,55+,F,Housing,Tablet,South,1,11.945,2023-05-17 04:10:00+00:00
453390,35-44,F,Housing,Web,Midwest,0,1.6687,2023-02-05 23:47:00+00:00
453399,55+,F,Housing,Web,South,0,10.5712,2023-03-19 17:45:00+00:00
453401,25-34,F,Housing,Tablet,Northeast,0,9.6,2023-03-07 05:00:00+00:00
453402,35-44,F,Housing,Tablet,Midwest,0,9.2788,2023-05-24 23:46:00+00:00
453417,55+,F,Housing,Web,South,0,11.3675,2023-06-04 22:30:00+00:00
453431,55+,F,Housing,Mobile,South,0,12.71,2023-03-10 08:18:00+00:00
453447,18-24,F,Housing,Mobile,Northeast,0,2.19,2023-01-13 00:44:00+00:00
453451,25-34,F,Housing,Mobile,Northeast,0,5.6,2023-05-26 01:46:00+00:00
453454,35-44,F,Housing,Mobile,Midwest,0,12.64,2023-04-28 09:42:00+00:00
453455,35-44,F,Housing,Tablet,Midwest,0,1.745,2023-04-27 20:16:00+00:00
453471,18-24,F,Housing,Tablet,Northeast,0,7.3362,2023-02-19 13:32:00+00:00
453475,55+,F,Housing,Tablet,South,0,6.02,2023-03-28 02:12:00+00:00
453484,35-44,F,Housing,Tablet,Midwest,1,6.46,2023-01-29 16:38:00+00:00
453501,25-34,F,Housing,Tablet,Northeast,0,14.9,2023-01-11 22:10:00+00:00
453502,35-44,F,Housing,Web,Midwest,1,12.0,2023-03-27 01:20:00+00:00
453505,35-44,F,Housing,Tablet,Midwest,0,13.42,2023-06-26 08:16:00+00:00
453515,18-24,F,Housing,Mobile,Northeast,0,12.1888,2023-05-12 23:10:00+00:00
453521,35-44,F,Housing,Tablet,Midwest,0,3.065,2023-02-22 04:58:00+00:00
453532,35-44,F,Housing,Tablet,Midwest,0,7.52,2023-02-11 17:40:00+00:00
453551,25-34,F,Housing,Web,Northeast,0,11.8,2023-04-06 11:56:00+00:00
453569,18-24,F,Housing,Web,Northeast,0,7.7375,2023-02-20 14:32:00+00:00
453581,35-44,F,Housing,Mobile,Midwest,0,9.9388,2023-01-12 23:27:00+00:00
453584,18-24,F,Housing,Tablet,Northeast,0,8.1137,2023-01-12 11:53:00+00:00
453591,35-44,F,Housing,Web,Midwest,1,4.9938,2023-04-06 11:30:00+00:00
453601,25-34,F,Housing,Tablet,Northeast,0,10.26,2023-04-29 22:59:00+00:00
453608,35-44,F,Housing,Tablet,Midwest,0,5.0163,2023-06-23 05:16:00+00:00
453613,35-44,F,Housing,Mobile,Midwest,1,6.02,2023-01-27 14:46:00+00:00
453622,35-44,F,Housing,Web,Midwest,0,5.8,2023-06-25 07:16:00+00:00
453639,55+,F,Housing,Web,South,0,6.6775,2023-05-03 14:34:00+00:00
453651,25-34,F,Housing,Web,Northeast,1,15.28,2023-06-19 13:41:00+00:00
453653,55+,F,Housing,Mobile,South,0,12.215,2023-04-03 20:56:00+00:00
453695,35-44,F,Housing,Mobile,Midwest,0,3.5625,2023-04-01 18:04:00+00:00
453701,25-34,F,Housing,Web,Northeast,0,9.7,2023-03-12 22:10:00+00:00
453710,18-24,F,Housing,Mobile,Northeast,1,5.4287,2023-02-13 07:31:00+00:00
453718,35-44,F,Housing,Web,Midwest,1,14.06,2023-05-09 20:35:00+00:00
453723,35-44,F,Housing,Web,Midwest,0,5.6212,2023-02-27 09:08:00+00:00
453736,55+,F,Housing,Web,South,0,13.5,2023-01-21 20:20:00+00:00
453742,35-44,F,Housing,Tablet,Midwest,0,9.38,2023-05-15 02:53:00+00:00
453745,35-44,F,Housing,Mobile,Midwest,0,10.22,2023-04-27 08:42:00+00:00
453750,18-24,F,Housing,Mobile,Northeast,0,11.0013,2023-03-03 01:17:00+00:00
453751,25-34,F,Housing,Tablet,Northeast,0,14.38,2023-04-15 08:57:00+00:00
453752,18-24,F,Housing,Mobile,Northeast,0,11.9525,2023-05-03 02:00:00+00:00
453754,18-24,F,Housing,Tablet,Northeast,0,8.88,2023-05-10 21:01:00+00:00
453756,55+,F,Housing,Mobile,South,0,10.8825,2023-05-07 18:18:00+00:00
453769,35-44,F,Housing,Tablet,Midwest,0,14.5,2023-02-20 14:58:00+00:00
453770,35-44,F,Housing,Web,Midwest,0,8.5775,2023-01-23 22:46:00+00:00
453789,18-24,F,Housing,Web,Northeast,1,8.7375,2023-05-31 06:38:00+00:00
453790,18-24,F,Housing,Tablet,Northeast,1,5.5,2023-03-02 00:25:00+00:00
453792,35-44,F,Housing,Web,Midwest,0,5.885,2023-02-18 12:32:00+00:00
453795,55+,F,Housing,Mobile,South,0,2.27,2023-02-06 00:05:00+00:00
453801,25-34,F,Housing,Tablet,Northeast,1,8.42,2023-03-28 02:55:00+00:00
453803,35-44,F,Housing,Web,Midwest,0,10.8588,2023-03-09 07:09:00+00:00
453808,55+,F,Housing,Web,South,0,5.76,2023-05-14 13:10:00+00:00
453812,18-24,F,Housing,Tablet,Northeast,0,11.5925,2023-06-04 10:30:00+00:00
453816,35-44,F,Housing,Web,Midwest,0,7.63,2023-01-25 00:54:00+00:00
453837,35-44,F,Housing,Tablet,Midwest,1,6.9737,2023-05-20 19:54:00+00:00
453841,18-24,F,Housing,Tablet,Northeast,0,6.12,2023-04-02 07:21:00+00:00
453843,55+,F,Housing,Mobile,South,1,7.4875,2023-02-20 14:15:00+00:00
453851,25-34,F,Housing,Web,Northeast,0,7.38,2023-04-05 10:22:00+00:00
453858,35-44,F,Housing,Web,Midwest,0,10.995,2023-04-07 12:30:00+00:00
453874,35-44,F,Housing,Tablet,Midwest,0,5.84,2023-03-19 05:45:00+00:00
453898,35-44,F,Housing,Mobile,Midwest,0,9.54,2023-02-12 06:57:00+00:00
453901,25-34,F,Housing,Tablet,Northeast,0,9.78,2023-06-04 10:39:00+00:00
453910,35-44,F,Housing,Mobile,Midwest,0,11.36,2023-05-14 01:53:00+00:00
453911,55+,F,Housing,Mobile,South,0,9.8737,2023-06-29 11:42:00+00:00
453936,18-24,F,Housing,Tablet,Northeast,0,11.3138,2023-04-02 19:30:00+00:00
453951,25-34,F,Housing,Web,Northeast,0,10.28,2023-05-20 07:54:00+00:00
453960,35-44,F,Housing,Web,Midwest,1,2.5625,2023-01-11 10:52:00+00:00
453969,18-24,F,Housing,Tablet,Northeast,0,3.6662,2023-03-15 13:19:00+00:00
453974,55+,F,Housing,Mobile,South,0,9.0712,2023-03-19 17:02:00+00:00
453977,35-44,F,Housing,Mobile,Midwest,1,10.0162,2023-02-03 21:30:00+00:00
453981,55+,F,Housing,Mobile,South,0,7.59,2023-03-14 00:44:00+00:00
453983,18-24,F,Housing,Web,Northeast,0,3.2687,2023-01-16 15:10:00+00:00
453984,18-24,F,Housing,Tablet,Northeast,0,6.635,2023-01-29 04:04:00+00:00
454001,25-34,F,Housing,Web,Northeast,0,15.06,2023-04-09 02:22:00+00:00
454002,55+,F,Housing,Tablet,South,0,9.3325,2023-01-27 02:55:00+00:00
454008,35-44,F,Housing,Mobile,Midwest,1,7.805,2023-05-25 12:29:00+00:00
454011,55+,F,Housing,Web,South,0,7.3238,2023-04-30 11:17:00+00:00
454024,18-24,F,Housing,Web,Northeast,1,14.52,2023-02-01 19:21:00+00:00
454027,55+,F,Housing,Tablet,South,1,13.16,2023-01-04 15:26:00+00:00
454029,35-44,F,Housing,Mobile,Midwest,0,6.415,2023-02-22 04:41:00+00:00
454033,35-44,F,Housing,Mobile,Midwest,1,14.64,2023-02-27 21:25:00+00:00
454034,18-24,F,Housing,Web,Northeast,1,4.345,2023-03-18 04:36:00+00:00
454041,35-44,F,Housing,Tablet,Midwest,0,1.415,2023-04-23 04:16:00+00:00
454051,25-34,F,Housing,Web,Northeast,0,5.72,2023-06-21 03:50:00+00:00
454057,18-24,F,Housing,Web,Northeast,0,15.04,2023-04-08 13:48:00+00:00
454061,55+,F,Housing,Tablet,South,0,3.6787,2023-06-13 07:14:00+00:00
454083,35-44,F,Housing,Web,Midwest,1,7.0925,2023-02-04 10:39:00+00:00
454099,18-24,F,Housing,Tablet,Northeast,0,7.18,2023-02-14 20:49:00+00:00
454101,25-34,F,Housing,Mobile,Northeast,0,7.72,2023-01-12 23:44:00+00:00
454116,35-44,F,Housing,Mobile,Midwest,0,7.665,2023-04-03 20:38:00+00:00
454122,18-24,F,Housing,Tablet,Northeast,1,6.025,2023-05-01 12:08:00+00:00
454136,35-44,F,Housing,Tablet,Midwest,0,3.455,2023-03-06 04:52:00+00:00
454137,35-44,F,Housing,Web,Midwest,0,9.9675,2023-03-16 14:44:00+00:00
454140,18-24,F,Housing,Tablet,Northeast,0,8.74,2023-02-22 16:16:00+00:00
454142,55+,F,Housing,Tablet,South,0,10.5038,2023-03-25 11:11:00+00:00
454149,35-44,F,Housing,Tablet,Midwest,0,6.5438,2023-05-16 03:02:00+00:00
454151,25-34,F,Housing,Web,Northeast,1,10.4,2023-01-26 13:29:00+00:00
454158,55+,F,Housing,Mobile,South,0,5.9337,2023-04-18 11:58:00+00:00
454164,55+,F,Housing,Mobile,South,0,7.93,2023-01-25 00:54:00+00:00
454165,55+,F,Housing,Web,South,0,9.32,2023-06-01 19:13:00+00:00
454168,55+,F,Housing,Web,South,0,12.32,2023-01-02 01:51:00+00:00
454192,35-44,F,Housing,Web,Midwest,0,15.04,2023-02-27 21:08:00+00:00
454194,18-24,F,Housing,Web,Northeast,0,1.8538,2023-01-24 11:29:00+00:00
454198,35-44,F,Housing,Tablet,Midwest,0,6.52,2023-06-21 15:50:00+00:00
454201,25-34,F,Housing,Tablet,Northeast,1,8.02,2023-01-07 18:18:00+00:00
454223,18-24,F,Housing,Tablet,Northeast,0,1.8762,2023-03-03 13:25:00+00:00
454224,55+,F,Housing,Tablet,South,0,7.26,2023-05-09 08:44:00+00:00
454247,35-44,F,Housing,Mobile,Midwest,0,5.5125,2023-02-20 02:58:00+00:00
454251,25-34,F,Housing,Web,Northeast,0,10.52,2023-04-22 15:41:00+00:00
454252,35-44,F,Housing,Mobile,Midwest,0,7.0,2023-03-17 15:10:00+00:00
454254,35-44,F,Housing,Tablet,Midwest,1,5.9638,2023-04-02 19:55:00+00:00
454255,55+,F,Housing,Tablet,South,0,14.3,2023-05-21 08:02:00+00:00
454301,25-34,F,Housing,Mobile,Northeast,1,10.56,2023-06-03 21:13:00+00:00
454308,55+,F,Housing,Mobile,South,0,5.015,2023-05-13 12:36:00+00:00
454315,35-44,F,Housing,Mobile,Midwest,0,9.84,2023-02-27 21:08:00+00:00
454319,18-24,F,Housing,Web,Northeast,1,10.9925,2023-01-15 02:10:00+00:00
454341,55+,F,Housing,Web,South,0,11.7287,2023-04-14 07:14:00+00:00
454347,55+,F,Housing,Mobile,South,0,11.9625,2023-01-31 18:04:00+00:00
454351,25-34,F,Housing,Web,Northeast,1,13.04,2023-01-18 17:45:00+00:00
454355,35-44,F,Housing,Tablet,Midwest,0,3.5387,2023-01-12 23:01:00+00:00
454377,55+,F,Housing,Mobile,South,0,1.7837,2023-01-08 19:09:00+00:00
454392,18-24,F,Housing,Web,Northeast,1,7.6413,2023-04-04 09:47:00+00:00
454396,35-44,F,Housing,Web,Midwest,1,14.88,2023-03-11 09:01:00+00:00
454397,35-44,F,Housing,Tablet,Midwest,1,8.2462,2023-05-18 05:45:00+00:00
454401,25-34,F,Housing,Mobile,Northeast,1,8.56,2023-06-23 05:33:00+00:00
454418,55+,F,Housing,Web,South,0,12.7112,2023-02-19 01:24:00+00:00
454427,55+,F,Housing,Mobile,South,1,9.5087,2023-03-29 15:12:00+00:00
454441,35-44,F,Housing,Web,Midwest,0,10.12,2023-04-02 07:21:00+00:00
454444,35-44,F,Housing,Web,Midwest,0,5.5,2023-05-21 20:28:00+00:00
454451,25-34,F,Housing,Web,Northeast,0,8.9,2023-02-20 14:07:00+00:00
454453,18-24,F,Housing,Web,Northeast,0,6.62,2023-05-17 04:19:00+00:00
454455,35-44,F,Housing,Mobile,Midwest,1,1.515,2023-04-03 20:38:00+00:00
454467,55+,F,Housing,Mobile,South,1,4.0812,2023-02-15 09:06:00+00:00
454476,18-24,F,Housing,Web,Northeast,0,1.215,2023-06-22 04:16:00+00:00
454494,55+,F,Housing,Mobile,South,0,3.2012,2023-05-22 09:11:00+00:00
454501,25-34,F,Housing,Mobile,Northeast,1,5.92,2023-03-03 13:51:00+00:00
454517,35-44,F,Housing,Web,Midwest,0,11.345,2023-02-26 20:16:00+00:00
454551,25-34,F,Housing,Tablet,Northeast,0,5.88,2023-04-10 03:57:00+00:00
454572,18-24,F,Housing,Web,Northeast,0,3.1237,2023-04-10 03:57:00+00:00
454584,18-24,F,Housing,Tablet,Northeast,1,4.305,2023-06-14 20:14:00+00:00
454586,55+,F,Housing,Tablet,South,0,12.1638,2023-05-12 11:53:00+00:00
454594,18-24,F,Housing,Tablet,Northeast,0,10.68,2023-02-09 15:57:00+00:00
454601,25-34,F,Housing,Mobile,Northeast,0,14.62,2023-02-06 00:39:00+00:00
454606,18-24,F,Housing,Web,Northeast,0,12.56,2023-03-15 01:10:00+00:00
454616,35-44,F,Housing,Web,Midwest,0,5.9275,2023-06-12 06:14:00+00:00
454618,35-44,F,Housing,Mobile,Midwest,0,6.4,2023-02-15 21:23:00+00:00
454620,18-24,F,Housing,Tablet,Northeast,1,7.1363,2023-05-10 21:18:00+00:00
454624,35-44,F,Housing,Mobile,Midwest,1,6.2,2023-06-25 07:16:00+00:00
454628,18-24,F,Housing,Mobile,Northeast,0,4.3525,2023-06-12 18:48:00+00:00
454637,18-24,F,Housing,Tablet,Northeast,0,2.5987,2023-03-01 23:25:00+00:00
454651,25-34,F,Housing,Web,Northeast,1,13.18,2023-01-05 16:17:00+00:00
454660,18-24,F,Housing,Tablet,Northeast,0,11.08,2023-03-21 19:28:00+00:00
454665,18-24,F,Housing,Mobile,Northeast,0,2.0587,2023-05-08 07:18:00+00:00
454668,55+,F,Housing,Web,South,0,7.5137,2023-04-22 03:15:00+00:00
454687,18-24,F,Housing,Tablet,Northeast,0,12.16,2023-02-23 05:50:00+00:00
454695,18-24,F,Housing,Mobile,Northeast,1,8.3412,2023-02-23 17:16:00+00:00
454697,18-24,F,Housing,Tablet,Northeast,0,2.21,2023-03-10 08:01:00+00:00
454701,25-34,F,Housing,Web,Northeast,0,9.42,2023-06-26 20:59:00+00:00
454704,55+,F,Housing,Tablet,South,0,7.085,2023-02-18 12:32:00+00:00
454737,18-24,F,Housing,Mobile,Northeast,0,5.745,2023-06-26 20:42:00+00:00
454751,25-34,F,Housing,Tablet,Northeast,1,5.62,2023-05-27 14:46:00+00:00
454774,18-24,F,Housing,Tablet,Northeast,1,9.12,2023-01-02 13:34:00+00:00
454775,55+,F,Housing,Web,South,0,3.6888,2023-05-12 23:35:00+00:00
454785,55+,F,Housing,Mobile,South,0,10.1837,2023-05-28 03:12:00+00:00
454787,35-44,F,Housing,Mobile,Midwest,0,3.1637,2023-03-13 11:44:00+00:00
454791,18-24,F,Housing,Mobile,Northeast,0,1.685,2023-05-09 20:44:00+00:00
454797,18-24,F,Housing,Web,Northeast,0,10.1788,2023-03-25 23:29:00+00:00
454801,25-34,F,Housing,Web,Northeast,0,13.52,2023-06-11 17:57:00+00:00
454803,18-24,F,Housing,Web,Northeast,0,5.135,2023-05-09 20:44:00+00:00
454828,55+,F,Housing,Web,South,0,9.9,2023-01-21 20:45:00+00:00
454846,35-44,F,Housing,Mobile,Midwest,0,6.68,2023-06-09 15:14:00+00:00
454851,25-34,F,Housing,Tablet,Northeast,0,11.16,2023-01-24 11:29:00+00:00
454856,35-44,F,Housing,Tablet,Midwest,0,11.5675,2023-04-05 22:30:00+00:00
454868,18-24,F,Housing,Web,Northeast,0,9.2263,2023-02-11 05:48:00+00:00
454893,55+,F,Housing,Mobile,South,1,8.1125,2023-04-21 02:41:00+00:00
454894,35-44,F,Housing,Web,Midwest,0,6.78,2023-03-26 00:03:00+00:00
454897,18-24,F,Housing,Mobile,Northeast,0,7.8,2023-04-06 11:47:00+00:00
454901,25-34,F,Housing,Mobile,Northeast,0,5.56,2023-01-24 11:54:00+00:00
454931,18-24,F,Housing,Tablet,Northeast,0,9.2438,2023-04-06 11:39:00+00:00
454939,55+,F,Housing,Tablet,South,0,15.02,2023-02-06 00:13:00+00:00
454943,55+,F,Housing,Web,South,1,2.3537,2023-05-04 03:17:00+00:00
454947,35-44,F,Housing,Mobile,Midwest,0,2.435,2023-03-10 20:09:00+00:00
454951,25-34,F,Housing,Tablet,Northeast,1,5.94,2023-02-12 18:40:00+00:00
454953,55+,F,Housing,Web,South,0,3.3825,2023-01-27 02:20:00+00:00
454968,35-44,F,Housing,Mobile,Midwest,0,2.7062,2023-01-06 05:35:00+00:00
454983,18-24,F,Housing,Web,Northeast,0,12.8025,2023-05-03 02:43:00+00:00
455001,25-34,F,Housing,Tablet,Northeast,0,12.2,2023-02-05 11:13:00+00:00
455008,35-44,F,Housing,Web,Midwest,0,5.98,2023-02-14 08:14:00+00:00
455011,55+,F,Housing,Tablet,South,1,12.86,2023-04-19 00:58:00+00:00
455012,18-24,F,Housing,Web,Northeast,0,8.75,2023-06-10 16:05:00+00:00
455016,35-44,F,Housing,Mobile,Midwest,0,3.6288,2023-01-24 23:11:00+00:00
455025,55+,F,Housing,Web,South,0,2.7138,2023-02-21 03:41:00+00:00
455037,35-44,F,Housing,Tablet,Midwest,0,10.8887,2023-04-02 07:04:00+00:00
455046,35-44,F,Housing,Mobile,Midwest,0,11.6762,2023-05-02 13:00:00+00:00
455051,25-34,F,Housing,Mobile,Northeast,1,8.26,2023-03-20 06:36:00+00:00
455054,18-24,F,Housing,Mobile,Northeast,0,5.47,2023-06-06 00:05:00+00:00
455060,35-44,F,Housing,Web,Midwest,0,1.9238,2023-06-09 03:22:00+00:00
455087,18-24,F,Housing,Web,Northeast,1,9.6713,2023-03-19 17:53:00+00:00
455091,35-44,F,Housing,Tablet,Midwest,0,6.3625,2023-05-11 10:10:00+00:00
455093,35-44,F,Housing,Web,Midwest,1,1.48,2023-01-05 16:34:00+00:00
455101,25-34,F,Housing,Web,Northeast,1,6.26,2023-04-29 10:42:00+00:00
455114,18-24,F,Housing,Mobile,Northeast,1,9.5137,2023-05-12 11:27:00+00:00
455118,55+,F,Housing,Web,South,1,9.2175,2023-02-04 22:13:00+00:00
455133,35-44,F,Housing,Web,Midwest,1,0.7125,2023-04-21 02:32:00+00:00
455151,25-34,F,Housing,Mobile,Northeast,1,12.18,2023-01-15 02:02:00+00:00
455162,18-24,F,Housing,Mobile,Northeast,0,11.1425,2023-04-05 10:13:00+00:00
455167,18-24,F,Housing,Mobile,Northeast,0,12.34,2023-05-03 02:51:00+00:00
455173,35-44,F,Housing,Mobile,Midwest,0,13.82,2023-05-17 04:45:00+00:00
455174,55+,F,Housing,Tablet,South,1,6.1,2023-02-10 16:48:00+00:00
455201,25-34,F,Housing,Mobile,Northeast,0,13.08,2023-03-21 19:37:00+00:00
455203,55+,F,Housing,Mobile,South,0,14.28,2023-01-20 19:28:00+00:00
455206,35-44,F,Housing,Web,Midwest,1,12.56,2023-04-24 05:07:00+00:00
455209,55+,F,Housing,Web,South,0,11.06,2023-02-28 10:51:00+00:00
455215,55+,F,Housing,Web,South,0,13.56,2023-04-14 07:40:00+00:00
455218,18-24,F,Housing,Web,Northeast,0,12.78,2023-05-05 16:17:00+00:00
455221,18-24,F,Housing,Web,Northeast,0,12.26,2023-02-28 22:08:00+00:00
455235,35-44,F,Housing,Tablet,Midwest,0,8.0888,2023-04-02 07:47:00+00:00
455240,55+,F,Housing,Tablet,South,0,12.7587,2023-01-28 15:46:00+00:00
455251,25-34,F,Housing,Web,Northeast,1,9.92,2023-06-11 17:14:00+00:00
455258,55+,F,Housing,Mobile,South,0,2.6425,2023-06-04 10:56:00+00:00
455266,55+,F,Housing,Mobile,South,0,10.22,2023-06-06 00:30:00+00:00
455278,18-24,F,Housing,Tablet,Northeast,0,9.76,2023-01-14 01:36:00+00:00
455280,18-24,F,Housing,Web,Northeast,0,9.4563,2023-05-06 05:35:00+00:00
455301,25-34,F,Housing,Web,Northeast,1,10.32,2023-06-11 05:23:00+00:00
455349,55+,F,Housing,Web,South,0,7.1275,2023-01-23 22:28:00+00:00
455351,25-34,F,Housing,Web,Northeast,0,11.9,2023-01-21 08:45:00+00:00
455353,55+,F,Housing,Mobile,South,0,7.08,2023-06-29 23:42:00+00:00
455354,18-24,F,Housing,Web,Northeast,1,3.5525,2023-01-03 02:51:00+00:00
455373,35-44,F,Housing,Mobile,Midwest,0,2.81,2023-05-09 08:09:00+00:00
455399,35-44,F,Housing,Mobile,Midwest,0,1.275,2023-01-21 20:37:00+00:00
455401,25-34,F,Housing,Web,Northeast,0,9.04,2023-04-28 21:42:00+00:00
455408,55+,F,Housing,Tablet,South,1,6.4413,2023-06-23 17:33:00+00:00
455430,35-44,F,Housing,Web,Midwest,1,10.1487,2023-06-29 23:51:00+00:00
455451,25-34,F,Housing,Tablet,Northeast,1,10.72,2023-03-23 09:37:00+00:00
455479,55+,F,Housing,Web,South,0,6.06,2023-03-30 04:12:00+00:00
455485,18-24,F,Housing,Web,Northeast,0,7.68,2023-01-10 21:18:00+00:00
455489,18-24,F,Housing,Mobile,Northeast,0,8.7875,2023-03-12 22:35:00+00:00
455501,25-34,F,Housing,Web,Northeast,0,12.82,2023-03-08 06:00:00+00:00
455502,55+,F,Housing,Web,South,0,1.2275,2023-02-12 06:48:00+00:00
455503,55+,F,Housing,Tablet,South,0,14.08,2023-04-20 13:07:00+00:00
455507,35-44,F,Housing,Web,Midwest,0,8.525,2023-06-10 04:05:00+00:00
455508,35-44,F,Housing,Tablet,Midwest,0,9.4512,2023-03-23 09:11:00+00:00
455513,55+,F,Housing,Web,South,0,3.7,2023-03-02 00:34:00+00:00
455516,55+,F,Housing,Tablet,South,0,7.3187,2023-01-16 15:36:00+00:00
455531,55+,F,Housing,Tablet,South,0,8.0587,2023-04-18 23:23:00+00:00
455532,18-24,F,Housing,Tablet,Northeast,0,7.49,2023-04-23 16:33:00+00:00
455544,55+,F,Housing,Mobile,South,1,7.5412,2023-04-24 17:41:00+00:00
455551,25-34,F,Housing,Tablet,Northeast,0,7.58,2023-06-14 08:06:00+00:00
455552,35-44,F,Housing,Web,Midwest,0,11.9887,2023-04-02 07:30:00+00:00
455554,55+,F,Housing,Web,South,1,15.42,2023-06-26 20:33:00+00:00
455559,55+,F,Housing,Web,South,0,5.2775,2023-05-03 14:34:00+00:00
455564,35-44,F,Housing,Mobile,Midwest,0,9.3825,2023-02-16 10:32:00+00:00
455569,35-44,F,Housing,Tablet,Midwest,0,12.4,2023-05-26 01:46:00+00:00
455584,55+,F,Housing,Tablet,South,0,15.06,2023-05-19 06:28:00+00:00
455593,35-44,F,Housing,Web,Midwest,0,11.14,2023-06-12 06:57:00+00:00
455597,18-24,F,Housing,Mobile,Northeast,0,1.335,2023-06-18 12:32:00+00:00
455601,25-34,F,Housing,Mobile,Northeast,1,6.42,2023-01-27 14:29:00+00:00
455620,18-24,F,Housing,Mobile,Northeast,0,13.0,2023-06-05 23:05:00+00:00
455630,18-24,F,Housing,Tablet,Northeast,0,6.0587,2023-03-09 07:35:00+00:00
455631,35-44,F,Housing,Web,Midwest,1,3.1688,2023-02-05 23:30:00+00:00
455651,25-34,F,Housing,Web,Northeast,1,14.7,2023-02-10 16:05:00+00:00
455656,55+,F,Housing,Web,South,0,6.7,2023-03-22 20:45:00+00:00
455671,55+,F,Housing,Web,South,1,5.58,2023-05-05 16:09:00+00:00
455672,18-24,F,Housing,Tablet,Northeast,1,1.83,2023-05-25 00:12:00+00:00
455677,55+,F,Housing,Web,South,0,7.7,2023-06-20 14:15:00+00:00
455682,55+,F,Housing,Mobile,South,0,11.1375,2023-02-20 14:58:00+00:00
455695,18-24,F,Housing,Web,Northeast,0,8.32,2023-01-22 09:28:00+00:00
455696,18-24,F,Housing,Web,Northeast,1,6.285,2023-03-10 20:18:00+00:00
455701,25-34,F,Housing,Mobile,Northeast,0,14.0,2023-03-27 13:29:00+00:00
455715,55+,F,Housing,Tablet,South,1,3.3575,2023-02-16 22:49:00+00:00
455725,55+,F,Housing,Web,South,1,7.26,2023-05-09 08:35:00+00:00
455751,25-34,F,Housing,Mobile,Northeast,0,6.12,2023-05-12 11:18:00+00:00
455761,35-44,F,Housing,Tablet,Midwest,1,11.18,2023-04-15 20:32:00+00:00
455770,35-44,F,Housing,Mobile,Midwest,1,12.74,2023-03-04 02:00:00+00:00
455778,55+,F,Housing,Mobile,South,0,5.2363,2023-03-11 21:18:00+00:00
455798,18-24,F,Housing,Tablet,Northeast,0,11.3163,2023-02-23 05:59:00+00:00
455801,25-34,F,Housing,Tablet,Northeast,1,6.36,2023-05-04 03:17:00+00:00
455813,18-24,F,Housing,Web,Northeast,0,11.6175,2023-04-05 22:56:00+00:00
455818,18-24,F,Housing,Tablet,Northeast,0,12.74,2023-06-12 18:48:00+00:00
455825,55+,F,Housing,Tablet,South,0,6.4425,2023-05-15 02:10:00+00:00
455828,55+,F,Housing,Mobile,South,0,8.9838,2023-06-17 11:06:00+00:00
455830,55+,F,Housing,Web,South,0,13.54,2023-03-04 02:00:00+00:00
455839,18-24,F,Housing,Mobile,Northeast,1,14.08,2023-01-10 09:44:00+00:00
455840,35-44,F,Housing,Tablet,Midwest,1,10.5388,2023-04-22 15:33:00+00:00
455844,35-44,F,Housing,Mobile,Midwest,0,5.4488,2023-05-20 07:28:00+00:00
455845,18-24,F,Housing,Tablet,Northeast,1,10.68,2023-04-30 11:17:00+00:00
455851,25-34,F,Housing,Tablet,Northeast,1,12.12,2023-06-21 03:24:00+00:00
455880,55+,F,Housing,Mobile,South,1,4.0888,2023-04-22 15:33:00+00:00
455889,55+,F,Housing,Mobile,South,0,3.1888,2023-02-21 15:50:00+00:00
455901,25-34,F,Housing,Web,Northeast,0,12.64,2023-02-27 09:59:00+00:00
455907,18-24,F,Housing,Tablet,Northeast,0,2.5575,2023-01-27 14:29:00+00:00
455915,35-44,F,Housing,Mobile,Midwest,0,3.53,2023-01-05 16:00:00+00:00
455925,55+,F,Housing,Web,South,0,3.3388,2023-03-13 23:01:00+00:00
455928,55+,F,Housing,Mobile,South,0,1.4737,2023-06-29 11:42:00+00:00
455951,25-34,F,Housing,Web,Northeast,1,13.7,2023-04-21 02:15:00+00:00
455952,18-24,F,Housing,Tablet,Northeast,0,9.1525,2023-03-24 10:03:00+00:00
455969,55+,F,Housing,Web,South,0,6.9488,2023-06-09 15:39:00+00:00
455972,18-24,F,Housing,Mobile,Northeast,0,8.4812,2023-02-15 09:23:00+00:00
455977,18-24,F,Housing,Web,Northeast,1,11.78,2023-02-24 18:59:00+00:00
455984,55+,F,Housing,Web,South,0,2.1575,2023-05-27 14:03:00+00:00
455989,35-44,F,Housing,Tablet,Midwest,0,12.66,2023-02-08 14:56:00+00:00
455997,18-24,F,Housing,Web,Northeast,0,9.3138,2023-02-21 03:07:00+00:00
456001,25-34,F,Housing,Web,Northeast,0,11.86,2023-04-29 22:25:00+00:00
456008,55+,F,Housing,Web,South,0,10.2263,2023-05-22 21:45:00+00:00
456027,18-24,F,Housing,Mobile,Northeast,0,6.4037,2023-06-13 19:06:00+00:00
456031,55+,F,Housing,Tablet,South,0,12.58,2023-04-05 22:39:00+00:00
456051,25-34,F,Housing,Tablet,Northeast,0,9.18,2023-06-14 08:49:00+00:00
456055,35-44,F,Housing,Web,Midwest,0,10.3,2023-04-11 16:31:00+00:00
456060,55+,F,Housing,Mobile,South,0,10.7075,2023-06-16 22:15:00+00:00
456062,35-44,F,Housing,Tablet,Midwest,0,8.6913,2023-06-03 09:30:00+00:00
456067,35-44,F,Housing,Mobile,Midwest,0,8.74,2023-05-03 02:43:00+00:00
456073,35-44,F,Housing,Web,Midwest,1,11.88,2023-04-10 03:48:00+00:00
456101,25-34,F,Housing,Mobile,Northeast,0,10.06,2023-04-19 00:32:00+00:00
456109,18-24,F,Housing,Tablet,Northeast,0,6.1,2023-05-31 06:30:00+00:00
456110,35-44,F,Housing,Mobile,Midwest,1,5.845,2023-06-26 20:50:00+00:00
456135,18-24,F,Housing,Tablet,Northeast,0,12.6113,2023-03-11 09:09:00+00:00
456139,55+,F,Housing,Mobile,South,0,12.3,2023-01-21 20:45:00+00:00
456143,55+,F,Housing,Web,South,0,10.6075,2023-01-07 06:09:00+00:00
456147,18-24,F,Housing,Tablet,Northeast,0,4.0312,2023-05-26 01:37:00+00:00
456148,55+,F,Housing,Tablet,South,1,11.92,2023-05-22 21:45:00+00:00
456149,18-24,F,Housing,Web,Northeast,1,4.9112,2023-02-19 01:07:00+00:00
456151,25-34,F,Housing,Web,Northeast,0,6.4,2023-01-26 01:20:00+00:00
456156,35-44,F,Housing,Tablet,Midwest,1,4.3937,2023-04-06 11:30:00+00:00
456159,35-44,F,Housing,Tablet,Midwest,0,4.3925,2023-02-24 18:16:00+00:00
456162,35-44,F,Housing,Mobile,Midwest,0,1.0063,2023-06-15 21:40:00+00:00
456169,35-44,F,Housing,Tablet,Midwest,0,13.48,2023-02-09 03:48:00+00:00
456175,18-24,F,Housing,Tablet,Northeast,0,14.96,2023-04-04 21:04:00+00:00
456176,35-44,F,Housing,Tablet,Midwest,1,7.1262,2023-05-22 21:11:00+00:00
456177,55+,F,Housing,Tablet,South,1,7.43,2023-05-05 16:17:00+00:00
456179,18-24,F,Housing,Web,Northeast,1,6.3137,2023-06-21 03:15:00+00:00
456194,55+,F,Housing,Mobile,South,0,6.4825,2023-05-27 02:38:00+00:00
456201,25-34,F,Housing,Web,Northeast,0,7.46,2023-05-19 06:28:00+00:00
456205,18-24,F,Housing,Tablet,Northeast,0,6.04,2023-06-17 11:23:00+00:00
456206,18-24,F,Housing,Web,Northeast,1,2.2337,2023-06-17 11:49:00+00:00
456216,18-24,F,Housing,Tablet,Northeast,0,11.8362,2023-01-30 05:21:00+00:00
456229,18-24,F,Housing,Web,Northeast,0,14.62,2023-04-27 08:08:00+00:00
456251,25-34,F,Housing,Web,Northeast,0,7.48,2023-05-20 07:54:00+00:00
456281,55+,F,Housing,Tablet,South,1,6.4125,2023-04-01 18:55:00+00:00
456301,25-34,F,Housing,Web,Northeast,0,8.82,2023-05-27 14:38:00+00:00
456306,35-44,F,Housing,Mobile,Midwest,0,10.38,2023-05-05 16:17:00+00:00
456327,55+,F,Housing,Mobile,South,0,9.5825,2023-05-27 02:29:00+00:00
456333,35-44,F,Housing,Mobile,Midwest,0,2.9112,2023-04-20 01:15:00+00:00
456336,35-44,F,Housing,Web,Midwest,1,7.0275,2023-02-12 06:14:00+00:00
456339,18-24,F,Housing,Web,Northeast,0,3.2662,2023-04-24 05:50:00+00:00
456340,55+,F,Housing,Mobile,South,0,11.24,2023-05-08 07:26:00+00:00
456347,55+,F,Housing,Web,South,0,9.9475,2023-06-28 22:42:00+00:00
456350,55+,F,Housing,Tablet,South,1,10.4938,2023-06-05 11:47:00+00:00
456351,25-34,F,Housing,Tablet,Northeast,0,14.78,2023-02-14 20:40:00+00:00
456360,18-24,F,Housing,Web,Northeast,0,11.84,2023-04-03 08:47:00+00:00
456373,55+,F,Housing,Mobile,South,0,8.04,2023-05-08 07:01:00+00:00
456379,55+,F,Housing,Web,South,0,13.28,2023-05-30 17:38:00+00:00
456394,35-44,F,Housing,Web,Midwest,0,7.58,2023-04-15 20:40:00+00:00
456401,25-34,F,Housing,Web,Northeast,1,14.12,2023-06-01 07:47:00+00:00
456409,55+,F,Housing,Tablet,South,0,10.64,2023-06-07 13:48:00+00:00
456411,35-44,F,Housing,Web,Midwest,0,6.1975,2023-06-08 14:31:00+00:00
456414,18-24,F,Housing,Web,Northeast,0,4.3138,2023-06-21 03:58:00+00:00
456421,35-44,F,Housing,Mobile,Midwest,1,13.36,2023-01-14 01:53:00+00:00
456443,18-24,F,Housing,Tablet,Northeast,0,0.6725,2023-03-20 18:54:00+00:00
456451,25-34,F,Housing,Web,Northeast,0,12.76,2023-03-25 11:46:00+00:00
456454,18-24,F,Housing,Web,Northeast,0,14.38,2023-03-26 12:20:00+00:00
456458,35-44,F,Housing,Mobile,Midwest,1,3.5587,2023-03-29 15:21:00+00:00
456478,55+,F,Housing,Tablet,South,0,14.48,2023-03-11 21:18:00+00:00
456497,35-44,F,Housing,Web,Midwest,1,8.9938,2023-02-25 19:59:00+00:00
456501,25-34,F,Housing,Web,Northeast,0,10.74,2023-03-24 22:37:00+00:00
456535,18-24,F,Housing,Mobile,Northeast,0,7.72,2023-01-12 11:53:00+00:00
456550,55+,F,Housing,Tablet,South,0,6.58,2023-06-24 18:50:00+00:00
456551,25-34,F,Housing,Web,Northeast,1,10.02,2023-03-08 06:00:00+00:00
456554,35-44,F,Housing,Web,Midwest,1,7.1475,2023-04-29 22:51:00+00:00
456563,18-24,F,Housing,Tablet,Northeast,0,12.6575,2023-01-07 06:09:00+00:00
456565,35-44,F,Housing,Web,Midwest,1,7.74,2023-01-13 12:27:00+00:00
456578,18-24,F,Housing,Mobile,Northeast,0,2.625,2023-05-21 20:45:00+00:00
456583,35-44,F,Housing,Mobile,Midwest,0,7.82,2023-02-26 08:16:00+00:00
456601,25-34,F,Housing,Mobile,Northeast,0,15.14,2023-01-03 02:43:00+00:00
456640,55+,F,Housing,Tablet,South,1,13.7,2023-04-21 02:41:00+00:00
456641,18-24,F,Housing,Tablet,Northeast,0,11.1888,2023-02-01 07:30:00+00:00
456643,55+,F,Housing,Mobile,South,0,14.68,2023-05-20 19:37:00+00:00
456650,55+,F,Housing,Web,South,0,2.4925,2023-04-25 18:16:00+00:00
456651,25-34,F,Housing,Mobile,Northeast,0,8.62,2023-06-06 00:05:00+00:00
456670,18-24,F,Housing,Mobile,Northeast,0,13.68,2023-02-19 01:24:00+00:00
456682,35-44,F,Housing,Mobile,Midwest,0,12.42,2023-05-07 18:43:00+00:00
456693,18-24,F,Housing,Mobile,Northeast,0,9.965,2023-01-13 12:53:00+00:00
456701,25-34,F,Housing,Mobile,Northeast,1,11.18,2023-04-15 20:57:00+00:00
456708,35-44,F,Housing,Tablet,Midwest,0,5.2663,2023-04-04 21:47:00+00:00
456715,55+,F,Housing,Web,South,1,13.92,2023-01-02 13:51:00+00:00
456722,35-44,F,Housing,Mobile,Midwest,1,10.3513,2023-02-11 17:48:00+00:00
456733,18-24,F,Housing,Tablet,Northeast,0,14.14,2023-05-13 12:44:00+00:00
456751,25-34,F,Housing,Web,Northeast,0,13.12,2023-01-02 13:00:00+00:00
456756,35-44,F,Housing,Tablet,Midwest,0,7.94,2023-06-22 16:41:00+00:00
456770,18-24,F,Housing,Tablet,Northeast,0,4.7737,2023-01-20 19:02:00+00:00
456773,55+,F,Housing,Tablet,South,0,9.0325,2023-01-07 18:26:00+00:00
456784,55+,F,Housing,Web,South,0,10.38,2023-06-14 20:40:00+00:00
456789,55+,F,Housing,Tablet,South,0,8.7788,2023-05-04 15:17:00+00:00
456790,55+,F,Housing,Tablet,South,0,8.4,2023-04-16 21:23:00+00:00
456791,55+,F,Housing,Mobile,South,0,9.4925,2023-02-24 18:24:00+00:00
456794,35-44,F,Housing,Mobile,Midwest,0,6.68,2023-01-05 16:00:00+00:00
456796,35-44,F,Housing,Mobile,Midwest,1,9.48,2023-06-29 11:25:00+00:00
456801,25-34,F,Housing,Tablet,Northeast,0,5.72,2023-06-01 07:55:00+00:00
456811,35-44,F,Housing,Mobile,Midwest,0,14.66,2023-04-29 22:16:00+00:00
456816,35-44,F,Housing,Mobile,Midwest,1,2.3825,2023-03-28 02:38:00+00:00
456845,18-24,F,Housing,Web,Northeast,0,4.8587,2023-05-28 15:38:00+00:00
456847,55+,F,Housing,Mobile,South,0,12.12,2023-04-22 03:58:00+00:00
456851,25-34,F,Housing,Web,Northeast,0,15.12,2023-03-23 21:37:00+00:00
456854,55+,F,Housing,Web,South,0,4.4425,2023-06-24 18:50:00+00:00
456860,35-44,F,Housing,Mobile,Midwest,0,12.5363,2023-05-30 05:04:00+00:00
456868,18-24,F,Housing,Mobile,Northeast,1,9.18,2023-05-05 16:17:00+00:00
456882,55+,F,Housing,Tablet,South,0,2.2725,2023-06-08 02:56:00+00:00
456888,18-24,F,Housing,Web,Northeast,0,5.6087,2023-03-09 07:09:00+00:00
456890,55+,F,Housing,Tablet,South,0,7.8525,2023-06-12 18:06:00+00:00
456901,25-34,F,Housing,Web,Northeast,1,7.18,2023-04-15 20:49:00+00:00
456908,18-24,F,Housing,Mobile,Northeast,1,11.7275,2023-01-23 22:46:00+00:00
456912,18-24,F,Housing,Web,Northeast,1,0.6412,2023-05-14 01:44:00+00:00
456923,55+,F,Housing,Web,South,0,2.0263,2023-06-11 05:23:00+00:00
456926,35-44,F,Housing,Tablet,Midwest,1,11.92,2023-05-17 16:19:00+00:00
456945,35-44,F,Housing,Mobile,Midwest,0,4.3937,2023-06-05 11:56:00+00:00
456946,35-44,F,Housing,Tablet,Midwest,0,11.22,2023-02-16 22:23:00+00:00
456951,25-34,F,Housing,Tablet,Northeast,1,15.02,2023-06-06 00:56:00+00:00
456987,18-24,F,Housing,Web,Northeast,0,12.16,2023-01-09 08:26:00+00:00
456996,35-44,F,Housing,Mobile,Midwest,0,6.4475,2023-03-20 06:11:00+00:00
457001,25-34,F,Housing,Tablet,Northeast,0,6.6,2023-02-25 07:50:00+00:00
457002,55+,F,Housing,Web,South,0,7.2888,2023-02-01 07:30:00+00:00
457007,35-44,F,Housing,Mobile,Midwest,0,0.8287,2023-01-04 15:09:00+00:00
457025,35-44,F,Housing,Web,Midwest,0,8.9087,2023-04-18 23:15:00+00:00
457037,55+,F,Housing,Web,South,1,11.5162,2023-06-23 05:07:00+00:00
457047,18-24,F,Housing,Mobile,Northeast,1,2.2563,2023-02-15 21:06:00+00:00
457051,25-34,F,Housing,Tablet,Northeast,0,14.36,2023-05-24 23:03:00+00:00
457058,55+,F,Housing,Web,South,0,6.34,2023-06-22 16:41:00+00:00
457067,55+,F,Housing,Web,South,0,7.89,2023-06-02 08:04:00+00:00
457071,55+,F,Housing,Web,South,0,3.1625,2023-04-21 02:07:00+00:00
457074,18-24,F,Housing,Tablet,Northeast,0,7.3375,2023-05-31 06:30:00+00:00
457081,35-44,F,Housing,Mobile,Midwest,1,6.34,2023-02-12 18:57:00+00:00
457089,18-24,F,Housing,Web,Northeast,0,3.9888,2023-01-12 23:53:00+00:00
457092,35-44,F,Housing,Mobile,Midwest,1,7.36,2023-02-18 00:49:00+00:00
457101,25-34,F,Housing,Web,Northeast,0,11.46,2023-04-29 10:16:00+00:00
457108,55+,F,Housing,Web,South,0,10.48,2023-03-11 21:27:00+00:00
457109,18-24,F,Housing,Tablet,Northeast,0,11.8812,2023-04-16 09:49:00+00:00
457134,55+,F,Housing,Web,South,0,2.5737,2023-02-09 03:39:00+00:00
457138,55+,F,Housing,Web,South,0,12.22,2023-02-06 12:05:00+00:00
457145,55+,F,Housing,Tablet,South,1,2.55,2023-01-01 00:42:00+00:00
457150,55+,F,Housing,Tablet,South,0,14.72,2023-05-22 09:37:00+00:00
457151,25-34,F,Housing,Tablet,Northeast,0,10.18,2023-06-24 06:42:00+00:00
457154,18-24,F,Housing,Web,Northeast,0,0.9213,2023-01-18 17:02:00+00:00
457158,55+,F,Housing,Web,South,0,8.9388,2023-06-21 15:58:00+00:00
457159,35-44,F,Housing,Tablet,Midwest,0,14.74,2023-06-12 06:31:00+00:00
457160,18-24,F,Housing,Tablet,Northeast,0,10.3688,2023-06-25 07:07:00+00:00
457171,18-24,F,Housing,Tablet,Northeast,0,10.96,2023-06-03 21:30:00+00:00
457176,35-44,F,Housing,Web,Midwest,0,11.7863,2023-05-10 21:44:00+00:00
457187,55+,F,Housing,Mobile,South,0,2.11,2023-02-18 00:06:00+00:00
457201,25-34,F,Housing,Web,Northeast,0,13.8,2023-04-06 23:13:00+00:00
457218,55+,F,Housing,Mobile,South,0,7.415,2023-05-13 12:44:00+00:00
457233,35-44,F,Housing,Mobile,Midwest,0,11.0663,2023-02-03 21:04:00+00:00
457238,55+,F,Housing,Web,South,0,8.8663,2023-01-14 13:01:00+00:00
457251,25-34,F,Housing,Tablet,Northeast,0,5.54,2023-02-12 06:14:00+00:00
457262,55+,F,Housing,Mobile,South,1,6.0738,2023-06-29 11:17:00+00:00
457265,35-44,F,Housing,Web,Midwest,0,3.2388,2023-06-21 15:41:00+00:00
457273,35-44,F,Housing,Mobile,Midwest,0,9.88,2023-04-30 23:25:00+00:00
457300,55+,F,Housing,Tablet,South,0,8.24,2023-02-07 13:48:00+00:00
457301,25-34,F,Housing,Mobile,Northeast,0,8.7,2023-06-10 04:05:00+00:00
457302,18-24,F,Housing,Web,Northeast,0,7.4325,2023-04-17 10:58:00+00:00
457318,55+,F,Housing,Mobile,South,0,14.6,2023-01-16 15:19:00+00:00
457321,18-24,F,Housing,Web,Northeast,0,12.8,2023-04-16 09:15:00+00:00
457347,18-24,F,Housing,Tablet,Northeast,1,9.7637,2023-02-01 19:38:00+00:00
457351,25-34,F,Housing,Mobile,Northeast,1,6.5,2023-02-20 02:58:00+00:00
457355,35-44,F,Housing,Mobile,Midwest,0,6.9175,2023-02-04 22:39:00+00:00
457372,35-44,F,Housing,Tablet,Midwest,0,14.12,2023-03-13 23:53:00+00:00
457382,55+,F,Housing,Mobile,South,0,3.7625,2023-04-21 02:32:00+00:00
457389,55+,F,Housing,Web,South,0,10.3475,2023-02-08 14:31:00+00:00
457394,55+,F,Housing,Tablet,South,0,9.5188,2023-02-05 23:56:00+00:00
457401,25-34,F,Housing,Tablet,Northeast,1,13.44,2023-04-08 01:56:00+00:00
457406,35-44,F,Housing,Mobile,Midwest,1,1.0987,2023-05-20 07:02:00+00:00
457407,18-24,F,Housing,Mobile,Northeast,0,9.0962,2023-06-07 13:56:00+00:00
457410,55+,F,Housing,Mobile,South,0,6.6087,2023-04-18 23:41:00+00:00
457425,18-24,F,Housing,Web,Northeast,0,1.4463,2023-04-28 21:08:00+00:00
457428,55+,F,Housing,Web,South,1,4.7538,2023-01-04 03:34:00+00:00
457438,18-24,F,Housing,Mobile,Northeast,0,8.28,2023-03-21 07:11:00+00:00
457451,25-34,F,Housing,Web,Northeast,1,11.68,2023-05-30 05:12:00+00:00
457456,18-24,F,Housing,Mobile,Northeast,0,10.82,2023-06-16 22:06:00+00:00
457457,18-24,F,Housing,Tablet,Northeast,0,11.0787,2023-01-24 23:03:00+00:00
457464,35-44,F,Housing,Web,Midwest,0,7.2938,2023-02-25 19:07:00+00:00
457480,35-44,F,Housing,Mobile,Midwest,1,14.32,2023-03-03 13:34:00+00:00
457485,55+,F,Housing,Tablet,South,0,5.405,2023-01-25 12:12:00+00:00
457489,35-44,F,Housing,Web,Midwest,1,9.48,2023-03-21 07:19:00+00:00
457495,35-44,F,Housing,Mobile,Midwest,0,8.2,2023-03-17 03:19:00+00:00
457501,25-34,F,Housing,Mobile,Northeast,0,9.46,2023-06-28 10:51:00+00:00
457514,35-44,F,Housing,Mobile,Midwest,0,5.99,2023-04-03 08:47:00+00:00
457519,18-24,F,Housing,Mobile,Northeast,0,7.06,2023-04-29 22:34:00+00:00
457521,55+,F,Housing,Web,South,0,7.4075,2023-02-16 22:06:00+00:00
457530,55+,F,Housing,Tablet,South,0,9.8588,2023-01-08 07:26:00+00:00
457531,35-44,F,Housing,Mobile,Midwest,0,6.86,2023-04-19 00:49:00+00:00
457551,25-34,F,Housing,Mobile,Northeast,0,7.02,2023-06-26 20:25:00+00:00
457553,55+,F,Housing,Tablet,South,0,2.5812,2023-02-15 09:40:00+00:00
457566,55+,F,Housing,Web,South,0,4.53,2023-04-15 08:49:00+00:00
457584,55+,F,Housing,Web,South,0,4.9688,2023-02-05 23:22:00+00:00
457601,25-34,F,Housing,Mobile,Northeast,0,15.18,2023-01-05 16:09:00+00:00
457608,18-24,F,Housing,Mobile,Northeast,0,4.31,2023-04-19 00:41:00+00:00
457632,18-24,F,Housing,Web,Northeast,1,7.6662,2023-02-23 05:50:00+00:00
457639,55+,F,Housing,Web,South,0,12.24,2023-06-07 13:48:00+00:00
457645,18-24,F,Housing,Web,Northeast,0,9.46,2023-04-09 02:14:00+00:00
457651,25-34,F,Housing,Web,Northeast,0,10.46,2023-05-09 08:44:00+00:00
457652,18-24,F,Housing,Web,Northeast,0,10.305,2023-04-15 20:32:00+00:00
457658,35-44,F,Housing,Mobile,Midwest,0,8.4962,2023-01-18 05:02:00+00:00
457659,18-24,F,Housing,Web,Northeast,0,10.7725,2023-05-19 18:54:00+00:00
457662,55+,F,Housing,Web,South,0,12.8025,2023-01-03 02:43:00+00:00
457681,55+,F,Housing,Mobile,South,0,8.28,2023-04-10 15:39:00+00:00
457686,55+,F,Housing,Tablet,South,0,9.3025,2023-04-13 18:06:00+00:00
457701,25-34,F,Housing,Web,Northeast,0,13.74,2023-05-13 00:01:00+00:00
457724,18-24,F,Housing,Mobile,Northeast,0,0.7688,2023-01-16 15:02:00+00:00
457734,35-44,F,Housing,Web,Midwest,0,10.1738,2023-05-20 19:28:00+00:00
457747,35-44,F,Housing,Web,Midwest,0,11.02,2023-02-06 00:05:00+00:00
457751,25-34,F,Housing,Tablet,Northeast,0,7.08,2023-05-20 07:54:00+00:00
457753,55+,F,Housing,Web,South,0,8.22,2023-05-17 16:19:00+00:00
457755,18-24,F,Housing,Mobile,Northeast,0,8.0725,2023-05-19 18:11:00+00:00
457758,55+,F,Housing,Web,South,0,2.2925,2023-05-15 02:10:00+00:00
457764,35-44,F,Housing,Mobile,Midwest,0,2.325,2023-02-10 04:48:00+00:00
457779,55+,F,Housing,Mobile,South,0,4.1137,2023-02-21 03:50:00+00:00
457789,18-24,F,Housing,Tablet,Northeast,0,10.68,2023-01-20 19:54:00+00:00
457791,35-44,F,Housing,Web,Midwest,0,1.1725,2023-06-28 10:08:00+00:00
457797,55+,F,Housing,Tablet,South,1,3.9475,2023-04-29 22:25:00+00:00
457801,25-34,F,Housing,Web,Northeast,0,8.82,2023-05-27 02:12:00+00:00
457832,55+,F,Housing,Tablet,South,0,2.2388,2023-01-12 23:10:00+00:00
457833,55+,F,Housing,Web,South,1,2.4975,2023-02-28 22:08:00+00:00
457836,35-44,F,Housing,Web,Midwest,0,6.3037,2023-01-04 03:51:00+00:00
457838,18-24,F,Housing,Web,Northeast,1,7.5187,2023-02-25 07:50:00+00:00
457840,35-44,F,Housing,Tablet,Midwest,0,5.58,2023-05-25 00:20:00+00:00
457851,25-34,F,Housing,Web,Northeast,0,7.4,2023-04-26 07:25:00+00:00
457876,55+,F,Housing,Mobile,South,1,7.4,2023-06-05 23:05:00+00:00
457880,35-44,F,Housing,Tablet,Midwest,1,9.2125,2023-06-20 02:15:00+00:00
457883,55+,F,Housing,Mobile,South,0,12.0725,2023-02-08 02:56:00+00:00
457901,25-34,F,Housing,Mobile,Northeast,0,7.5,2023-06-10 16:57:00+00:00
457910,18-24,F,Housing,Web,Northeast,0,1.2138,2023-04-22 03:07:00+00:00
457915,35-44,F,Housing,Mobile,Midwest,0,15.0,2023-06-05 23:47:00+00:00
457916,55+,F,Housing,Web,South,0,5.9875,2023-04-01 06:21:00+00:00
457920,18-24,F,Housing,Tablet,Northeast,0,11.5663,2023-05-14 13:01:00+00:00
457925,55+,F,Housing,Mobile,South,0,1.91,2023-05-09 08:35:00+00:00
457937,35-44,F,Housing,Tablet,Midwest,0,0.5787,2023-02-13 07:31:00+00:00
457946,55+,F,Housing,Web,South,0,12.5625,2023-06-20 02:24:00+00:00
457951,25-34,F,Housing,Web,Northeast,0,5.6,2023-03-27 13:55:00+00:00
457956,18-24,F,Housing,Tablet,Northeast,1,8.6175,2023-04-25 06:16:00+00:00
457960,35-44,F,Housing,Tablet,Midwest,1,8.1,2023-04-01 06:38:00+00:00
457972,55+,F,Housing,Tablet,South,1,14.04,2023-05-08 19:26:00+00:00
457974,55+,F,Housing,Web,South,0,6.3213,2023-03-19 17:36:00+00:00
457997,55+,F,Housing,Web,South,0,9.6487,2023-01-20 07:45:00+00:00
457999,35-44,F,Housing,Web,Midwest,1,10.94,2023-05-13 12:36:00+00:00
458001,25-34,F,Housing,Mobile,Northeast,1,9.2,2023-03-07 17:17:00+00:00
458009,18-24,F,Housing,Tablet,Northeast,1,4.5725,2023-01-19 18:11:00+00:00
458016,35-44,F,Housing,Tablet,Midwest,1,11.05,2023-03-02 00:42:00+00:00
458022,35-44,F,Housing,Web,Midwest,1,6.7287,2023-04-14 07:31:00+00:00
458023,18-24,F,Housing,Tablet,Northeast,0,15.4,2023-04-26 19:16:00+00:00
458034,35-44,F,Housing,Mobile,Midwest,0,6.8688,2023-02-05 23:22:00+00:00
458042,35-44,F,Housing,Tablet,Midwest,0,5.4075,2023-06-16 22:15:00+00:00
458050,18-24,F,Housing,Mobile,Northeast,0,5.88,2023-03-01 11:51:00+00:00
458051,25-34,F,Housing,Web,Northeast,0,5.56,2023-03-05 03:17:00+00:00
458075,55+,F,Housing,Tablet,South,0,8.0725,2023-01-19 18:02:00+00:00
458097,35-44,F,Housing,Mobile,Midwest,0,1.36,2023-06-18 00:58:00+00:00
458101,25-34,F,Housing,Web,Northeast,0,10.18,2023-04-05 10:22:00+00:00
458105,18-24,F,Housing,Web,Northeast,0,10.5013,2023-03-23 09:28:00+00:00
458112,35-44,F,Housing,Web,Midwest,0,8.0125,2023-01-31 18:12:00+00:00
458116,35-44,F,Housing,Mobile,Midwest,1,13.06,2023-06-08 02:05:00+00:00
458122,35-44,F,Housing,Mobile,Midwest,0,13.3,2023-03-12 10:44:00+00:00
458141,55+,F,Housing,Mobile,South,1,5.1125,2023-04-21 02:07:00+00:00
458146,35-44,F,Housing,Mobile,Midwest,0,13.04,2023-06-07 01:05:00+00:00
458151,25-34,F,Housing,Tablet,Northeast,1,11.24,2023-05-28 15:03:00+00:00
458163,55+,F,Housing,Tablet,South,0,4.635,2023-06-18 12:06:00+00:00
458182,35-44,F,Housing,Tablet,Midwest,0,9.64,2023-03-29 15:12:00+00:00
458196,55+,F,Housing,Tablet,South,1,6.4225,2023-06-08 02:31:00+00:00
458201,25-34,F,Housing,Web,Northeast,0,8.92,2023-05-12 23:18:00+00:00
458238,18-24,F,Housing,Mobile,Northeast,0,7.2988,2023-06-29 23:34:00+00:00
458245,18-24,F,Housing,Tablet,Northeast,1,10.28,2023-06-29 11:51:00+00:00
458251,25-34,F,Housing,Web,Northeast,1,12.0,2023-01-06 05:09:00+00:00
458253,35-44,F,Housing,Web,Midwest,0,10.6212,2023-01-18 17:28:00+00:00
458257,55+,F,Housing,Mobile,South,1,6.54,2023-04-23 04:41:00+00:00
458260,35-44,F,Housing,Tablet,Midwest,0,14.34,2023-04-13 06:14:00+00:00
458273,35-44,F,Housing,Web,Midwest,0,8.7325,2023-02-16 10:58:00+00:00
458282,35-44,F,Housing,Web,Midwest,0,1.3838,2023-01-28 03:03:00+00:00
458284,18-24,F,Housing,Mobile,Northeast,1,8.38,2023-03-06 04:34:00+00:00
458292,35-44,F,Housing,Web,Midwest,0,10.71,2023-03-10 08:01:00+00:00
458298,18-24,F,Housing,Web,Northeast,0,5.6575,2023-01-27 14:03:00+00:00
458301,25-34,F,Housing,Mobile,Northeast,1,12.28,2023-05-20 07:28:00+00:00
458329,18-24,F,Housing,Web,Northeast,0,6.86,2023-03-30 16:29:00+00:00
458337,55+,F,Housing,Tablet,South,0,10.885,2023-04-19 12:41:00+00:00
458351,25-34,F,Housing,Mobile,Northeast,0,12.26,2023-01-19 06:28:00+00:00
458354,18-24,F,Housing,Tablet,Northeast,1,7.7787,2023-03-25 23:29:00+00:00
458358,18-24,F,Housing,Tablet,Northeast,0,7.8288,2023-03-05 15:09:00+00:00
458364,18-24,F,Housing,Tablet,Northeast,1,5.8025,2023-03-24 10:46:00+00:00
458379,18-24,F,Housing,Tablet,Northeast,1,1.4025,2023-05-03 02:00:00+00:00
458384,55+,F,Housing,Web,South,1,1.6875,2023-03-12 22:27:00+00:00
458401,25-34,F,Housing,Web,Northeast,0,6.84,2023-04-18 11:41:00+00:00
458405,55+,F,Housing,Web,South,0,4.145,2023-02-26 20:59:00+00:00
458419,35-44,F,Housing,Mobile,Midwest,0,9.08,2023-04-30 11:42:00+00:00
458432,35-44,F,Housing,Mobile,Midwest,0,11.4187,2023-04-06 23:56:00+00:00
458451,25-34,F,Housing,Web,Northeast,1,5.82,2023-02-26 20:50:00+00:00
458455,35-44,F,Housing,Web,Midwest,1,7.02,2023-04-27 20:33:00+00:00
458469,18-24,F,Housing,Web,Northeast,1,7.6762,2023-05-22 21:20:00+00:00
458486,18-24,F,Housing,Web,Northeast,0,3.73,2023-05-25 00:20:00+00:00
458496,35-44,F,Housing,Web,Midwest,0,9.815,2023-02-22 04:16:00+00:00
458501,25-34,F,Housing,Web,Northeast,0,9.72,2023-04-02 07:55:00+00:00
458507,35-44,F,Housing,Web,Midwest,0,9.8475,2023-02-08 14:14:00+00:00
458510,35-44,F,Housing,Tablet,Midwest,1,10.0913,2023-02-03 09:47:00+00:00
458519,18-24,F,Housing,Tablet,Northeast,0,12.1075,2023-06-16 22:58:00+00:00
458531,18-24,F,Housing,Tablet,Northeast,0,6.7213,2023-03-19 17:19:00+00:00
458536,18-24,F,Housing,Mobile,Northeast,1,12.94,2023-01-13 12:18:00+00:00
458546,55+,F,Housing,Mobile,South,0,12.795,2023-03-18 04:02:00+00:00
458547,18-24,F,Housing,Mobile,Northeast,0,9.0512,2023-02-11 17:05:00+00:00
458551,25-34,F,Housing,Mobile,Northeast,0,6.96,2023-02-03 21:04:00+00:00
458555,35-44,F,Housing,Mobile,Midwest,1,11.5288,2023-01-24 23:54:00+00:00
458559,55+,F,Housing,Web,South,0,2.08,2023-04-15 08:40:00+00:00
458561,55+,F,Housing,Web,South,0,1.5837,2023-05-08 19:18:00+00:00
458562,55+,F,Housing,Web,South,0,9.1937,2023-04-06 11:30:00+00:00
458563,35-44,F,Housing,Tablet,Midwest,0,9.8,2023-04-26 07:07:00+00:00
458582,35-44,F,Housing,Tablet,Midwest,1,8.4638,2023-01-12 11:35:00+00:00
458583,18-24,F,Housing,Web,Northeast,0,4.915,2023-05-13 12:53:00+00:00
458600,55+,F,Housing,Web,South,0,9.435,2023-01-09 20:52:00+00:00
458601,25-34,F,Housing,Web,Northeast,0,14.0,2023-03-07 05:43:00+00:00
458602,18-24,F,Housing,Web,Northeast,0,12.38,2023-03-26 00:12:00+00:00
458613,55+,F,Housing,Web,South,0,7.1312,2023-03-07 17:52:00+00:00
458651,25-34,F,Housing,Mobile,Northeast,1,8.08,2023-03-31 05:38:00+00:00
458674,18-24,F,Housing,Tablet,Northeast,1,9.66,2023-05-29 16:29:00+00:00
458686,55+,F,Housing,Tablet,South,0,13.24,2023-03-09 07:43:00+00:00
458701,25-34,F,Housing,Web,Northeast,1,9.6,2023-01-06 17:52:00+00:00
458706,55+,F,Housing,Mobile,South,0,2.1775,2023-06-12 06:14:00+00:00
458720,18-24,F,Housing,Web,Northeast,0,11.06,2023-06-18 00:41:00+00:00
458724,35-44,F,Housing,Web,Midwest,0,7.82,2023-04-27 08:59:00+00:00
458751,25-34,F,Housing,Web,Northeast,1,6.72,2023-02-11 05:40:00+00:00
458755,18-24,F,Housing,Mobile,Northeast,0,10.16,2023-02-03 09:04:00+00:00
458767,35-44,F,Housing,Tablet,Midwest,0,7.86,2023-02-28 22:16:00+00:00
458768,18-24,F,Housing,Mobile,Northeast,1,10.7125,2023-04-01 18:38:00+00:00
458782,55+,F,Housing,Tablet,South,0,12.06,2023-01-09 08:44:00+00:00
458788,55+,F,Housing,Mobile,South,1,5.62,2023-06-16 10:23:00+00:00
458801,25-34,F,Housing,Web,Northeast,1,9.72,2023-04-02 07:13:00+00:00
458847,35-44,F,Housing,Mobile,Midwest,1,0.7837,2023-06-17 11:41:00+00:00
458851,25-34,F,Housing,Tablet,Northeast,0,14.68,2023-05-20 19:02:00+00:00
458855,55+,F,Housing,Tablet,South,0,7.7538,2023-06-13 19:31:00+00:00
458886,18-24,F,Housing,Tablet,Northeast,0,8.0663,2023-05-14 13:53:00+00:00
458892,35-44,F,Housing,Web,Midwest,0,6.995,2023-02-06 12:13:00+00:00
458901,25-34,F,Housing,Tablet,Northeast,0,14.54,2023-03-14 12:27:00+00:00
458907,35-44,F,Housing,Tablet,Midwest,0,10.5175,2023-02-24 06:33:00+00:00
458929,18-24,F,Housing,Mobile,Northeast,1,6.52,2023-04-02 19:47:00+00:00
458943,35-44,F,Housing,Mobile,Midwest,0,9.4075,2023-02-16 22:32:00+00:00
458951,25-34,F,Housing,Tablet,Northeast,0,7.3,2023-01-31 18:30:00+00:00
458974,18-24,F,Housing,Mobile,Northeast,0,8.6,2023-05-16 15:10:00+00:00
458982,55+,F,Housing,Tablet,South,1,8.5075,2023-06-16 22:32:00+00:00
458986,35-44,F,Housing,Web,Midwest,0,7.72,2023-01-12 23:27:00+00:00
459001,25-34,F,Housing,Web,Northeast,0,13.94,2023-01-23 10:46:00+00:00
459007,18-24,F,Housing,Mobile,Northeast,0,8.38,2023-01-05 16:09:00+00:00
459051,25-34,F,Housing,Tablet,Northeast,0,14.24,2023-04-08 01:39:00+00:00
459064,18-24,F,Housing,Web,Northeast,0,9.88,2023-06-29 23:17:00+00:00
459071,18-24,F,Housing,Web,Northeast,0,10.4437,2023-04-26 19:16:00+00:00
459079,55+,F,Housing,Tablet,South,0,12.0,2023-06-15 21:23:00+00:00
459095,55+,F,Housing,Web,South,1,2.7975,2023-06-28 22:08:00+00:00
459098,35-44,F,Housing,Tablet,Midwest,0,5.0912,2023-02-23 17:33:00+00:00
459101,25-34,F,Housing,Tablet,Northeast,0,9.12,2023-05-22 21:03:00+00:00
459112,55+,F,Housing,Mobile,South,0,7.86,2023-06-08 02:56:00+00:00
459142,55+,F,Housing,Tablet,South,0,7.38,2023-06-04 10:13:00+00:00
459148,55+,F,Housing,Mobile,South,0,10.98,2023-02-24 06:50:00+00:00
459151,25-34,F,Housing,Tablet,Northeast,0,14.74,2023-05-03 14:26:00+00:00
459159,18-24,F,Housing,Mobile,Northeast,0,4.1525,2023-04-13 18:14:00+00:00
459168,35-44,F,Housing,Mobile,Midwest,0,10.6538,2023-05-24 11:37:00+00:00
459177,35-44,F,Housing,Tablet,Midwest,0,9.9525,2023-03-24 10:46:00+00:00
459185,35-44,F,Housing,Web,Midwest,1,6.8637,2023-04-02 19:38:00+00:00
459201,25-34,F,Housing,Tablet,Northeast,0,14.76,2023-03-05 03:09:00+00:00
459206,18-24,F,Housing,Mobile,Northeast,0,10.7287,2023-05-04 15:09:00+00:00
459213,18-24,F,Housing,Mobile,Northeast,0,10.6363,2023-02-19 13:24:00+00:00
459237,18-24,F,Housing,Mobile,Northeast,0,3.7212,2023-03-19 17:45:00+00:00
459238,55+,F,Housing,Web,South,0,12.2,2023-02-05 23:56:00+00:00
459251,25-34,F,Housing,Mobile,Northeast,0,6.22,2023-06-26 08:59:00+00:00
459252,55+,F,Housing,Web,South,0,6.0175,2023-02-24 06:33:00+00:00
459265,18-24,F,Housing,Tablet,Northeast,0,10.1,2023-01-31 18:21:00+00:00
459274,35-44,F,Housing,Web,Midwest,0,13.14,2023-03-04 02:43:00+00:00
459281,55+,F,Housing,Mobile,South,0,0.7925,2023-06-04 10:39:00+00:00
459285,55+,F,Housing,Tablet,South,0,11.8313,2023-05-26 01:55:00+00:00
459288,18-24,F,Housing,Mobile,Northeast,0,7.2225,2023-01-19 18:36:00+00:00
459299,18-24,F,Housing,Web,Northeast,0,10.975,2023-03-02 12:34:00+00:00
459301,25-34,F,Housing,Web,Northeast,0,15.3,2023-03-12 10:52:00+00:00
459316,35-44,F,Housing,Mobile,Midwest,1,15.3,2023-04-21 14:58:00+00:00
459337,18-24,F,Housing,Mobile,Northeast,0,8.02,2023-04-17 10:32:00+00:00
459340,18-24,F,Housing,Mobile,Northeast,0,13.86,2023-05-19 06:36:00+00:00
459345,55+,F,Housing,Web,South,0,3.5325,2023-01-27 02:55:00+00:00
459351,25-34,F,Housing,Web,Northeast,0,9.44,2023-04-08 01:22:00+00:00
459362,55+,F,Housing,Web,South,0,3.2,2023-03-02 00:00:00+00:00
459367,18-24,F,Housing,Tablet,Northeast,1,7.22,2023-05-27 14:03:00+00:00
459368,35-44,F,Housing,Mobile,Midwest,1,11.905,2023-03-06 04:34:00+00:00
459370,55+,F,Housing,Web,South,0,15.12,2023-05-22 21:11:00+00:00
459381,55+,F,Housing,Web,South,0,10.1475,2023-02-08 14:39:00+00:00
459387,18-24,F,Housing,Tablet,Northeast,1,12.7125,2023-01-31 18:12:00+00:00
459401,25-34,F,Housing,Tablet,Northeast,1,15.44,2023-04-28 21:42:00+00:00
459407,18-24,F,Housing,Web,Northeast,0,6.94,2023-05-13 00:36:00+00:00
459418,35-44,F,Housing,Mobile,Midwest,0,14.44,2023-03-09 19:09:00+00:00
459422,18-24,F,Housing,Mobile,Northeast,0,12.905,2023-01-05 04:17:00+00:00
459451,25-34,F,Housing,Web,Northeast,0,13.1,2023-06-10 04:05:00+00:00
459463,35-44,F,Housing,Tablet,Midwest,0,10.52,2023-02-01 07:55:00+00:00
459470,35-44,F,Housing,Web,Midwest,0,6.8875,2023-03-12 22:44:00+00:00
459485,18-24,F,Housing,Web,Northeast,0,7.4925,2023-03-16 02:27:00+00:00
459494,35-44,F,Housing,Web,Midwest,1,11.2713,2023-02-27 09:25:00+00:00
459501,25-34,F,Housing,Tablet,Northeast,0,6.22,2023-02-26 20:33:00+00:00
459504,55+,F,Housing,Tablet,South,0,3.0362,2023-03-31 05:47:00+00:00
459508,18-24,F,Housing,Web,Northeast,0,11.1,2023-05-01 12:08:00+00:00
459512,18-24,F,Housing,Mobile,Northeast,0,5.175,2023-01-01 12:34:00+00:00
459525,18-24,F,Housing,Tablet,Northeast,0,9.2737,2023-06-09 03:14:00+00:00
459526,18-24,F,Housing,Tablet,Northeast,0,12.84,2023-03-29 15:38:00+00:00
459535,55+,F,Housing,Mobile,South,0,8.76,2023-01-24 11:29:00+00:00
459546,18-24,F,Housing,Mobile,Northeast,1,4.455,2023-01-05 04:26:00+00:00
459551,25-34,F,Housing,Mobile,Northeast,0,12.84,2023-05-08 19:52:00+00:00
459561,35-44,F,Housing,Web,Midwest,1,8.3338,2023-03-29 03:21:00+00:00
459578,18-24,F,Housing,Web,Northeast,0,2.76,2023-03-10 08:26:00+00:00
459579,18-24,F,Housing,Web,Northeast,0,4.0938,2023-01-16 03:19:00+00:00
459581,55+,F,Housing,Web,South,1,1.96,2023-05-09 08:01:00+00:00
459582,55+,F,Housing,Mobile,South,0,2.7062,2023-02-15 21:57:00+00:00
459587,55+,F,Housing,Mobile,South,1,4.8662,2023-02-03 21:30:00+00:00
459601,25-34,F,Housing,Mobile,Northeast,0,8.08,2023-05-30 17:55:00+00:00
459603,55+,F,Housing,Web,South,1,4.5325,2023-05-07 18:43:00+00:00
459605,55+,F,Housing,Mobile,South,0,5.3388,2023-04-22 15:24:00+00:00
459615,55+,F,Housing,Web,South,0,1.5925,2023-02-24 18:59:00+00:00
459628,18-24,F,Housing,Tablet,Northeast,0,8.36,2023-01-24 11:54:00+00:00
459632,18-24,F,Housing,Tablet,Northeast,0,11.8837,2023-05-28 03:29:00+00:00
459646,18-24,F,Housing,Mobile,Northeast,0,13.96,2023-04-14 19:31:00+00:00
459651,25-34,F,Housing,Web,Northeast,0,7.88,2023-03-21 07:37:00+00:00
459664,18-24,F,Housing,Mobile,Northeast,0,12.66,2023-04-29 10:16:00+00:00
459679,35-44,F,Housing,Mobile,Midwest,0,5.56,2023-03-05 15:43:00+00:00
459685,18-24,F,Housing,Tablet,Northeast,0,14.64,2023-04-28 21:33:00+00:00
459686,35-44,F,Housing,Web,Midwest,0,5.3425,2023-05-15 02:44:00+00:00
459697,55+,F,Housing,Tablet,South,1,13.28,2023-05-30 17:29:00+00:00
459701,25-34,F,Housing,Mobile,Northeast,0,7.08,2023-01-20 07:19:00+00:00
459708,18-24,F,Housing,Tablet,Northeast,0,0.5913,2023-03-15 01:53:00+00:00
459712,35-44,F,Housing,Mobile,Midwest,0,12.7,2023-05-21 08:54:00+00:00
459715,18-24,F,Housing,Mobile,Northeast,0,7.66,2023-05-09 20:18:00+00:00
459717,55+,F,Housing,Mobile,South,0,8.925,2023-01-21 20:11:00+00:00
459718,18-24,F,Housing,Mobile,Northeast,0,12.0,2023-03-27 13:46:00+00:00
459721,18-24,F,Housing,Web,Northeast,0,6.96,2023-02-23 17:50:00+00:00
459751,25-34,F,Housing,Web,Northeast,1,5.72,2023-05-12 23:10:00+00:00
459758,55+,F,Housing,Tablet,South,0,10.3712,2023-02-07 01:05:00+00:00
459769,35-44,F,Housing,Tablet,Midwest,0,12.1,2023-04-01 06:47:00+00:00
459799,35-44,F,Housing,Mobile,Midwest,0,7.52,2023-03-03 13:43:00+00:00
459801,25-34,F,Housing,Web,Northeast,0,10.38,2023-03-06 16:00:00+00:00
459813,55+,F,Housing,Tablet,South,0,7.6013,2023-06-11 17:48:00+00:00
459825,55+,F,Housing,Tablet,South,1,11.9725,2023-02-08 02:31:00+00:00
459851,25-34,F,Housing,Tablet,Northeast,0,8.76,2023-05-04 15:26:00+00:00
459856,18-24,F,Housing,Web,Northeast,1,13.8,2023-02-25 19:16:00+00:00
459868,35-44,F,Housing,Tablet,Midwest,0,5.92,2023-05-22 09:54:00+00:00
459883,18-24,F,Housing,Mobile,Northeast,1,12.62,2023-03-18 16:10:00+00:00
459884,35-44,F,Housing,Mobile,Midwest,1,12.9612,2023-04-20 01:49:00+00:00
459894,18-24,F,Housing,Web,Northeast,0,7.055,2023-01-05 04:26:00+00:00
459901,25-34,F,Housing,Web,Northeast,0,7.34,2023-04-23 04:16:00+00:00
459915,35-44,F,Housing,Web,Midwest,0,0.5337,2023-03-29 03:38:00+00:00
459921,18-24,F,Housing,Web,Northeast,0,10.2175,2023-02-04 22:22:00+00:00
459929,55+,F,Housing,Web,South,0,1.8638,2023-06-21 03:41:00+00:00
459947,55+,F,Housing,Tablet,South,0,2.6938,2023-03-17 03:45:00+00:00
459948,55+,F,Housing,Tablet,South,0,8.5638,2023-04-02 19:21:00+00:00
459951,25-34,F,Housing,Mobile,Northeast,1,8.16,2023-04-24 05:41:00+00:00
459956,18-24,F,Housing,Web,Northeast,0,3.5375,2023-02-20 14:50:00+00:00
459958,35-44,F,Housing,Web,Midwest,0,9.02,2023-03-18 16:10:00+00:00
459972,18-24,F,Housing,Tablet,Northeast,1,2.805,2023-03-26 12:54:00+00:00
459977,55+,F,Housing,Web,South,0,6.79,2023-06-02 08:47:00+00:00
459983,35-44,F,Housing,Mobile,Midwest,0,6.775,2023-03-22 20:11:00+00:00
459992,35-44,F,Housing,Mobile,Midwest,1,6.4025,2023-04-13 18:31:00+00:00
459996,35-44,F,Housing,Tablet,Midwest,0,8.185,2023-06-18 12:58:00+00:00
460001,25-34,F,Housing,Web,Northeast,0,13.94,2023-01-23 22:28:00+00:00
460003,55+,F,Housing,Mobile,South,1,10.52,2023-04-02 07:21:00+00:00
460005,18-24,F,Housing,Web,Northeast,0,9.3438,2023-02-05 11:56:00+00:00
460009,55+,F,Housing,Mobile,South,0,7.74,2023-02-02 20:21:00+00:00
460016,55+,F,Housing,Tablet,South,0,4.8963,2023-04-28 21:08:00+00:00
460026,55+,F,Housing,Mobile,South,0,8.6512,2023-06-11 17:14:00+00:00
460050,55+,F,Housing,Web,South,0,5.155,2023-04-15 20:40:00+00:00
460051,25-34,F,Housing,Mobile,Northeast,1,9.22,2023-06-16 10:58:00+00:00
460060,18-24,F,Housing,Web,Northeast,0,7.26,2023-02-18 00:32:00+00:00
460101,25-34,F,Housing,Tablet,Northeast,1,12.94,2023-02-02 08:56:00+00:00
460106,35-44,F,Housing,Tablet,Midwest,0,1.14,2023-06-22 16:07:00+00:00
460114,35-44,F,Housing,Web,Midwest,0,13.72,2023-02-21 03:33:00+00:00
460121,35-44,F,Housing,Tablet,Midwest,0,12.8863,2023-02-19 13:41:00+00:00
460136,18-24,F,Housing,Web,Northeast,0,3.1625,2023-05-31 18:38:00+00:00
460151,25-34,F,Housing,Mobile,Northeast,1,10.78,2023-01-05 16:00:00+00:00
460163,55+,F,Housing,Web,South,0,5.83,2023-04-15 08:32:00+00:00
460173,35-44,F,Housing,Mobile,Midwest,0,3.1187,2023-01-16 15:27:00+00:00
460183,18-24,F,Housing,Tablet,Northeast,1,6.28,2023-03-21 07:02:00+00:00
460184,55+,F,Housing,Web,South,0,10.24,2023-03-14 00:01:00+00:00
460188,18-24,F,Housing,Tablet,Northeast,1,2.0875,2023-06-20 14:24:00+00:00
460198,18-24,F,Housing,Tablet,Northeast,1,11.78,2023-02-04 22:04:00+00:00
460201,25-34,F,Housing,Mobile,Northeast,0,10.98,2023-02-04 10:56:00+00:00
460230,18-24,F,Housing,Web,Northeast,0,5.3225,2023-05-19 18:11:00+00:00
460233,35-44,F,Housing,Web,Midwest,1,4.0013,2023-04-12 17:05:00+00:00
460249,35-44,F,Housing,Mobile,Midwest,0,8.14,2023-06-02 20:47:00+00:00
460251,25-34,F,Housing,Tablet,Northeast,0,15.06,2023-03-20 06:11:00+00:00
460272,55+,F,Housing,Web,South,0,8.39,2023-05-13 00:27:00+00:00
460273,18-24,F,Housing,Mobile,Northeast,0,12.22,2023-02-26 20:50:00+00:00
460275,55+,F,Housing,Tablet,South,1,7.465,2023-02-22 04:07:00+00:00
460277,55+,F,Housing,Tablet,South,1,9.6638,2023-02-21 03:33:00+00:00
460279,55+,F,Housing,Tablet,South,0,15.28,2023-01-30 17:04:00+00:00
460285,35-44,F,Housing,Tablet,Midwest,0,9.76,2023-04-24 05:33:00+00:00
460289,35-44,F,Housing,Mobile,Midwest,1,7.765,2023-04-03 20:30:00+00:00
460294,18-24,F,Housing,Tablet,Northeast,0,6.54,2023-04-03 20:21:00+00:00
460299,18-24,F,Housing,Mobile,Northeast,0,6.0637,2023-06-21 03:58:00+00:00
460301,25-34,F,Housing,Tablet,Northeast,1,15.46,2023-06-08 14:22:00+00:00
460307,18-24,F,Housing,Web,Northeast,1,7.325,2023-05-01 12:25:00+00:00
460311,35-44,F,Housing,Tablet,Midwest,0,0.5475,2023-06-08 14:05:00+00:00
460312,35-44,F,Housing,Tablet,Midwest,0,8.38,2023-03-26 00:20:00+00:00
460320,18-24,F,Housing,Mobile,Northeast,0,8.7513,2023-03-23 09:11:00+00:00
460338,35-44,F,Housing,Mobile,Midwest,1,7.0475,2023-06-28 22:42:00+00:00
460341,35-44,F,Housing,Web,Midwest,0,3.3175,2023-04-05 22:39:00+00:00
460351,25-34,F,Housing,Tablet,Northeast,0,15.06,2023-06-28 10:25:00+00:00
460355,55+,F,Housing,Mobile,South,0,8.7188,2023-02-05 23:05:00+00:00
460366,18-24,F,Housing,Mobile,Northeast,0,8.4,2023-02-15 09:40:00+00:00
460388,35-44,F,Housing,Mobile,Midwest,0,7.4013,2023-02-11 17:05:00+00:00
460398,55+,F,Housing,Web,South,0,8.645,2023-03-18 04:02:00+00:00
460401,25-34,F,Housing,Tablet,Northeast,0,15.42,2023-04-27 20:50:00+00:00
460411,18-24,F,Housing,Mobile,Northeast,0,9.34,2023-03-14 12:36:00+00:00
460415,35-44,F,Housing,Mobile,Midwest,1,5.88,2023-01-05 16:00:00+00:00
460422,18-24,F,Housing,Mobile,Northeast,1,10.1425,2023-01-15 02:36:00+00:00
460434,55+,F,Housing,Tablet,South,0,11.8613,2023-01-30 17:47:00+00:00
460451,25-34,F,Housing,Web,Northeast,1,6.36,2023-04-14 19:23:00+00:00
460454,18-24,F,Housing,Mobile,Northeast,1,1.6025,2023-03-24 10:11:00+00:00
460457,18-24,F,Housing,Web,Northeast,0,0.62,2023-03-18 16:28:00+00:00
460467,35-44,F,Housing,Mobile,Midwest,1,10.545,2023-04-27 20:16:00+00:00
460468,35-44,F,Housing,Mobile,Midwest,0,14.6,2023-04-26 19:59:00+00:00
460474,55+,F,Housing,Tablet,South,1,8.76,2023-03-25 23:46:00+00:00
460486,18-24,F,Housing,Tablet,Northeast,1,9.64,2023-02-17 11:06:00+00:00
460494,35-44,F,Housing,Mobile,Midwest,0,1.6438,2023-02-05 11:22:00+00:00
460498,35-44,F,Housing,Tablet,Midwest,1,13.66,2023-05-29 04:29:00+00:00
460501,25-34,F,Housing,Web,Northeast,0,9.44,2023-06-07 01:13:00+00:00
460512,35-44,F,Housing,Mobile,Midwest,1,11.2863,2023-02-19 13:24:00+00:00
460520,18-24,F,Housing,Mobile,Northeast,0,8.055,2023-06-14 20:49:00+00:00
460530,55+,F,Housing,Web,South,0,2.2175,2023-02-04 22:56:00+00:00
460531,35-44,F,Housing,Tablet,Midwest,1,10.54,2023-06-02 20:21:00+00:00
460551,25-34,F,Housing,Mobile,Northeast,1,9.0,2023-02-05 23:30:00+00:00
460557,35-44,F,Housing,Mobile,Midwest,0,2.8638,2023-03-13 11:44:00+00:00
460562,35-44,F,Housing,Mobile,Midwest,0,9.6687,2023-04-06 23:22:00+00:00
460568,18-24,F,Housing,Tablet,Northeast,0,8.0362,2023-05-30 05:21:00+00:00
460570,18-24,F,Housing,Mobile,Northeast,0,5.66,2023-02-18 12:41:00+00:00
460581,55+,F,Housing,Mobile,South,0,9.0925,2023-01-15 02:10:00+00:00
460587,35-44,F,Housing,Mobile,Midwest,0,3.1162,2023-06-23 05:41:00+00:00
460589,35-44,F,Housing,Web,Midwest,0,9.1062,2023-01-26 13:37:00+00:00
460601,25-34,F,Housing,Web,Northeast,1,9.98,2023-04-15 20:23:00+00:00
460608,55+,F,Housing,Mobile,South,0,7.5312,2023-03-27 01:29:00+00:00
460651,25-34,F,Housing,Tablet,Northeast,0,11.16,2023-05-04 15:34:00+00:00
460653,55+,F,Housing,Mobile,South,0,6.735,2023-01-29 04:29:00+00:00
460681,55+,F,Housing,Web,South,0,13.14,2023-01-03 14:08:00+00:00
460686,35-44,F,Housing,Mobile,Midwest,0,5.9162,2023-03-15 13:53:00+00:00
460690,35-44,F,Housing,Tablet,Midwest,0,10.46,2023-04-19 00:24:00+00:00
460700,55+,F,Housing,Tablet,South,1,5.9162,2023-01-14 13:36:00+00:00
460701,25-34,F,Housing,Tablet,Northeast,0,10.62,2023-06-06 00:05:00+00:00
460717,18-24,F,Housing,Mobile,Northeast,0,11.46,2023-06-08 02:48:00+00:00
460722,35-44,F,Housing,Tablet,Midwest,0,11.6813,2023-01-06 17:26:00+00:00
460727,35-44,F,Housing,Tablet,Midwest,0,11.6913,2023-05-14 01:10:00+00:00
460745,55+,F,Housing,Mobile,South,0,11.78,2023-01-05 16:34:00+00:00
460751,25-34,F,Housing,Web,Northeast,0,13.22,2023-03-08 18:09:00+00:00
460752,55+,F,Housing,Tablet,South,0,0.8675,2023-04-05 22:39:00+00:00
460757,18-24,F,Housing,Mobile,Northeast,0,9.9512,2023-02-11 17:14:00+00:00
460762,18-24,F,Housing,Tablet,Northeast,1,11.3,2023-01-11 22:18:00+00:00
460763,35-44,F,Housing,Mobile,Midwest,0,9.9962,2023-04-28 21:42:00+00:00
460765,18-24,F,Housing,Mobile,Northeast,0,14.02,2023-05-07 06:35:00+00:00
460768,18-24,F,Housing,Mobile,Northeast,0,13.14,2023-04-13 06:57:00+00:00
460771,35-44,F,Housing,Tablet,Midwest,0,5.68,2023-01-10 09:44:00+00:00
460772,18-24,F,Housing,Tablet,Northeast,0,11.9787,2023-01-04 15:09:00+00:00
460777,35-44,F,Housing,Tablet,Midwest,0,7.88,2023-03-21 07:19:00+00:00
460791,55+,F,Housing,Tablet,South,0,1.3538,2023-01-24 11:46:00+00:00
460793,18-24,F,Housing,Web,Northeast,1,12.7413,2023-01-14 01:01:00+00:00
460798,55+,F,Housing,Tablet,South,0,13.24,2023-05-08 07:09:00+00:00
460801,25-34,F,Housing,Web,Northeast,1,11.4,2023-02-25 07:25:00+00:00
460825,55+,F,Housing,Web,South,1,14.82,2023-01-07 06:18:00+00:00
460830,18-24,F,Housing,Web,Northeast,0,9.0488,2023-06-09 15:05:00+00:00
460831,18-24,F,Housing,Tablet,Northeast,1,9.04,2023-06-07 01:48:00+00:00
460850,18-24,F,Housing,Web,Northeast,0,3.205,2023-04-15 20:06:00+00:00
460851,25-34,F,Housing,Tablet,Northeast,0,8.92,2023-02-21 03:58:00+00:00
460873,18-24,F,Housing,Web,Northeast,0,7.98,2023-02-14 20:32:00+00:00
460901,25-34,F,Housing,Web,Northeast,0,7.24,2023-06-17 23:41:00+00:00
460909,35-44,F,Housing,Web,Midwest,1,9.6,2023-02-15 21:57:00+00:00
460928,35-44,F,Housing,Mobile,Midwest,1,2.9362,2023-01-10 21:52:00+00:00
460951,25-34,F,Housing,Web,Northeast,1,8.54,2023-02-22 16:07:00+00:00
460976,55+,F,Housing,Mobile,South,1,6.0075,2023-06-16 22:40:00+00:00
460982,35-44,F,Housing,Web,Midwest,0,5.4325,2023-01-07 18:18:00+00:00
460985,35-44,F,Housing,Mobile,Midwest,0,5.4425,2023-06-24 18:16:00+00:00
460994,55+,F,Housing,Tablet,South,0,9.82,2023-06-06 00:39:00+00:00
461001,25-34,F,Housing,Mobile,Northeast,1,7.18,2023-03-06 04:26:00+00:00
461004,55+,F,Housing,Mobile,South,0,12.17,2023-04-07 00:48:00+00:00
461014,35-44,F,Housing,Web,Midwest,0,9.48,2023-06-29 11:42:00+00:00
461023,55+,F,Housing,Tablet,South,1,13.3,2023-04-01 06:47:00+00:00
461049,55+,F,Housing,Tablet,South,0,2.5975,2023-04-09 14:48:00+00:00
461050,35-44,F,Housing,Tablet,Midwest,0,7.24,2023-06-17 23:15:00+00:00
461051,25-34,F,Housing,Tablet,Northeast,1,6.44,2023-02-17 23:23:00+00:00
461063,35-44,F,Housing,Mobile,Midwest,0,8.4088,2023-05-28 15:46:00+00:00
461067,18-24,F,Housing,Mobile,Northeast,0,2.8438,2023-01-16 03:27:00+00:00
461074,18-24,F,Housing,Web,Northeast,1,14.2,2023-04-26 07:59:00+00:00
461076,55+,F,Housing,Web,South,1,0.6737,2023-04-10 03:31:00+00:00
461098,18-24,F,Housing,Tablet,Northeast,0,7.32,2023-06-21 15:50:00+00:00
461101,25-34,F,Housing,Tablet,Northeast,0,12.68,2023-02-09 03:31:00+00:00
461128,18-24,F,Housing,Mobile,Northeast,0,7.34,2023-01-13 12:36:00+00:00
461130,18-24,F,Housing,Web,Northeast,0,5.06,2023-06-18 00:06:00+00:00
461148,18-24,F,Housing,Tablet,Northeast,0,7.765,2023-03-14 12:44:00+00:00
461149,55+,F,Housing,Web,South,0,9.06,2023-03-20 06:54:00+00:00
461151,25-34,F,Housing,Tablet,Northeast,0,9.36,2023-02-23 17:50:00+00:00
461173,55+,F,Housing,Tablet,South,0,12.24,2023-04-28 21:51:00+00:00
461175,55+,F,Housing,Mobile,South,0,11.2713,2023-02-07 01:22:00+00:00
461181,55+,F,Housing,Tablet,South,0,10.9625,2023-05-11 10:18:00+00:00
461184,18-24,F,Housing,Mobile,Northeast,1,2.0063,2023-02-15 21:40:00+00:00
461192,55+,F,Housing,Mobile,South,1,7.0412,2023-06-03 09:21:00+00:00
461198,18-24,F,Housing,Mobile,Northeast,1,12.6125,2023-04-01 18:55:00+00:00
461201,25-34,F,Housing,Mobile,Northeast,0,12.92,2023-02-01 07:38:00+00:00
461203,18-24,F,Housing,Mobile,Northeast,0,10.78,2023-03-06 16:17:00+00:00
461207,35-44,F,Housing,Web,Midwest,1,9.4987,2023-03-21 07:19:00+00:00
461209,35-44,F,Housing,Web,Midwest,1,12.76,2023-02-13 19:23:00+00:00
461219,55+,F,Housing,Mobile,South,0,12.8788,2023-04-14 07:23:00+00:00
461251,25-34,F,Housing,Tablet,Northeast,0,8.38,2023-01-25 00:46:00+00:00
461255,35-44,F,Housing,Web,Midwest,0,4.4588,2023-01-28 15:55:00+00:00
461259,35-44,F,Housing,Tablet,Midwest,1,7.5312,2023-01-26 01:46:00+00:00
461264,35-44,F,Housing,Mobile,Midwest,0,4.2387,2023-06-21 15:24:00+00:00
461266,35-44,F,Housing,Mobile,Midwest,0,13.68,2023-04-20 01:32:00+00:00
461267,18-24,F,Housing,Tablet,Northeast,1,8.5725,2023-02-08 02:05:00+00:00
461276,35-44,F,Housing,Mobile,Midwest,0,11.4725,2023-06-08 02:31:00+00:00
461287,18-24,F,Housing,Mobile,Northeast,0,13.3,2023-05-11 10:27:00+00:00
461289,18-24,F,Housing,Web,Northeast,0,4.925,2023-03-02 12:34:00+00:00
461301,25-34,F,Housing,Web,Northeast,1,12.28,2023-04-10 03:22:00+00:00
461308,35-44,F,Housing,Tablet,Midwest,0,9.46,2023-02-28 10:25:00+00:00
461317,18-24,F,Housing,Tablet,Northeast,0,11.56,2023-01-04 15:51:00+00:00
461337,18-24,F,Housing,Mobile,Northeast,0,11.4812,2023-05-06 17:00:00+00:00
461339,35-44,F,Housing,Mobile,Midwest,0,9.8462,2023-02-07 13:56:00+00:00
461340,18-24,F,Housing,Mobile,Northeast,0,8.43,2023-01-05 16:17:00+00:00
461343,55+,F,Housing,Mobile,South,0,2.0112,2023-01-10 09:27:00+00:00
461351,25-34,F,Housing,Mobile,Northeast,0,6.88,2023-01-10 21:35:00+00:00
461354,35-44,F,Housing,Web,Midwest,1,3.4838,2023-01-28 03:38:00+00:00
461360,55+,F,Housing,Mobile,South,0,11.2375,2023-01-31 06:47:00+00:00
461363,35-44,F,Housing,Tablet,Midwest,0,12.8775,2023-01-23 22:20:00+00:00
461370,55+,F,Housing,Tablet,South,0,6.2412,2023-05-14 01:53:00+00:00
461375,35-44,F,Housing,Mobile,Midwest,1,2.895,2023-02-06 12:13:00+00:00
461378,55+,F,Housing,Web,South,0,4.3262,2023-03-23 21:03:00+00:00
461401,25-34,F,Housing,Tablet,Northeast,0,10.7,2023-03-02 00:51:00+00:00
461402,35-44,F,Housing,Web,Midwest,0,9.905,2023-03-06 04:00:00+00:00
461432,35-44,F,Housing,Tablet,Midwest,0,1.4625,2023-05-31 18:30:00+00:00
461440,18-24,F,Housing,Web,Northeast,0,15.26,2023-04-19 00:24:00+00:00
461451,25-34,F,Housing,Tablet,Northeast,0,6.8,2023-03-07 17:35:00+00:00
461460,18-24,F,Housing,Web,Northeast,0,12.115,2023-02-22 04:33:00+00:00
461495,55+,F,Housing,Web,South,0,2.1875,2023-06-20 14:15:00+00:00
461497,35-44,F,Housing,Mobile,Midwest,0,8.94,2023-01-13 12:36:00+00:00
461501,25-34,F,Housing,Mobile,Northeast,0,11.88,2023-06-29 11:08:00+00:00
461507,35-44,F,Housing,Web,Midwest,0,11.3125,2023-01-11 10:01:00+00:00
461524,35-44,F,Housing,Web,Midwest,0,5.98,2023-03-26 12:03:00+00:00
461551,25-34,F,Housing,Mobile,Northeast,0,9.16,2023-03-05 03:26:00+00:00
461569,18-24,F,Housing,Web,Northeast,0,8.66,2023-04-09 02:39:00+00:00
461570,55+,F,Housing,Mobile,South,0,10.3975,2023-02-08 14:39:00+00:00
461597,35-44,F,Housing,Tablet,Midwest,0,4.58,2023-06-14 08:32:00+00:00
461601,25-34,F,Housing,Mobile,Northeast,1,10.1,2023-01-31 18:21:00+00:00
461604,35-44,F,Housing,Web,Midwest,0,7.765,2023-01-13 12:36:00+00:00
461619,18-24,F,Housing,Tablet,Northeast,0,8.4838,2023-03-09 19:09:00+00:00
461628,35-44,F,Housing,Tablet,Midwest,1,1.38,2023-02-14 08:49:00+00:00
461629,18-24,F,Housing,Web,Northeast,0,14.66,2023-05-19 06:11:00+00:00
461632,35-44,F,Housing,Tablet,Midwest,0,11.24,2023-02-17 23:41:00+00:00
461635,18-24,F,Housing,Tablet,Northeast,0,6.88,2023-04-20 01:24:00+00:00
461638,18-24,F,Housing,Tablet,Northeast,0,10.56,2023-02-23 17:33:00+00:00
461645,18-24,F,Housing,Web,Northeast,0,10.785,2023-05-29 04:55:00+00:00
461651,25-34,F,Housing,Web,Northeast,1,11.02,2023-04-07 12:13:00+00:00
461657,35-44,F,Housing,Web,Midwest,1,1.9625,2023-03-12 10:01:00+00:00
461659,18-24,F,Housing,Mobile,Northeast,0,11.02,2023-02-06 00:48:00+00:00
461664,55+,F,Housing,Web,South,1,10.3925,2023-02-04 10:13:00+00:00
461691,18-24,F,Housing,Tablet,Northeast,0,0.5862,2023-01-30 05:12:00+00:00
461696,35-44,F,Housing,Mobile,Midwest,1,3.37,2023-02-06 00:30:00+00:00
461701,25-34,F,Housing,Web,Northeast,0,8.3,2023-01-21 20:20:00+00:00
461708,18-24,F,Housing,Web,Northeast,0,10.44,2023-01-13 00:18:00+00:00
461714,35-44,F,Housing,Tablet,Midwest,1,1.02,2023-04-27 08:16:00+00:00
461716,18-24,F,Housing,Tablet,Northeast,0,9.66,2023-05-29 16:21:00+00:00
461725,35-44,F,Housing,Mobile,Midwest,1,12.64,2023-04-28 21:51:00+00:00
461731,18-24,F,Housing,Tablet,Northeast,0,7.46,2023-06-08 02:39:00+00:00
461737,18-24,F,Housing,Web,Northeast,0,13.18,2023-05-25 00:37:00+00:00
461743,35-44,F,Housing,Web,Midwest,1,6.92,2023-02-21 03:07:00+00:00
461751,25-34,F,Housing,Mobile,Northeast,0,7.4,2023-02-25 07:16:00+00:00
461758,35-44,F,Housing,Web,Midwest,0,13.34,2023-03-14 00:01:00+00:00
461761,35-44,F,Housing,Mobile,Midwest,1,11.98,2023-02-14 08:06:00+00:00
461784,55+,F,Housing,Web,South,0,9.2387,2023-02-01 07:55:00+00:00
461800,55+,F,Housing,Mobile,South,0,8.94,2023-02-02 08:04:00+00:00
461801,25-34,F,Housing,Web,Northeast,1,6.78,2023-01-05 16:17:00+00:00
461805,35-44,F,Housing,Tablet,Midwest,1,2.5263,2023-01-02 13:51:00+00:00
461808,55+,F,Housing,Web,South,0,7.0675,2023-05-15 14:36:00+00:00
461815,18-24,F,Housing,Web,Northeast,0,7.02,2023-01-17 04:45:00+00:00
461851,25-34,F,Housing,Web,Northeast,0,13.58,2023-03-06 04:00:00+00:00
461876,18-24,F,Housing,Web,Northeast,1,11.4688,2023-05-16 15:45:00+00:00
461895,18-24,F,Housing,Mobile,Northeast,0,4.4712,2023-04-08 01:48:00+00:00
461898,35-44,F,Housing,Web,Midwest,0,2.1113,2023-03-31 17:29:00+00:00
461901,25-34,F,Housing,Web,Northeast,0,10.42,2023-04-17 10:15:00+00:00
461905,35-44,F,Housing,Tablet,Midwest,1,8.22,2023-02-06 12:22:00+00:00
461909,35-44,F,Housing,Web,Midwest,0,8.9625,2023-01-31 18:55:00+00:00
461928,35-44,F,Housing,Mobile,Midwest,0,7.5225,2023-05-19 18:36:00+00:00
461929,35-44,F,Housing,Web,Midwest,0,12.62,2023-06-26 20:16:00+00:00
461931,55+,F,Housing,Mobile,South,0,7.26,2023-03-10 08:44:00+00:00
461934,55+,F,Housing,Tablet,South,0,4.7375,2023-04-21 14:41:00+00:00
461947,55+,F,Housing,Tablet,South,1,6.4,2023-02-15 21:06:00+00:00
461949,55+,F,Housing,Web,South,0,3.0288,2023-03-05 15:09:00+00:00
461951,25-34,F,Housing,Mobile,Northeast,1,5.64,2023-01-08 19:52:00+00:00
461960,35-44,F,Housing,Tablet,Midwest,0,6.4713,2023-02-07 01:39:00+00:00
461989,18-24,F,Housing,Mobile,Northeast,0,6.02,2023-01-07 06:00:00+00:00
462001,25-34,F,Housing,Web,Northeast,0,11.48,2023-06-29 11:34:00+00:00
462023,55+,F,Housing,Mobile,South,0,12.4262,2023-03-23 21:20:00+00:00
462025,55+,F,Housing,Mobile,South,0,15.26,2023-02-18 00:06:00+00:00
462026,18-24,F,Housing,Tablet,Northeast,0,10.0188,2023-05-16 15:36:00+00:00
462040,18-24,F,Housing,Web,Northeast,0,12.62,2023-04-07 12:39:00+00:00
462044,35-44,F,Housing,Web,Midwest,1,1.1575,2023-01-07 06:52:00+00:00
462051,25-34,F,Housing,Mobile,Northeast,0,9.22,2023-05-27 02:55:00+00:00
462056,18-24,F,Housing,Web,Northeast,0,0.895,2023-04-27 20:16:00+00:00
462059,18-24,F,Housing,Mobile,Northeast,0,0.9838,2023-02-17 11:58:00+00:00
462061,35-44,F,Housing,Tablet,Midwest,1,12.64,2023-02-27 09:25:00+00:00
462069,18-24,F,Housing,Mobile,Northeast,0,11.5712,2023-01-18 17:53:00+00:00
462072,35-44,F,Housing,Web,Midwest,0,5.4313,2023-04-16 09:23:00+00:00
462076,55+,F,Housing,Mobile,South,0,14.6,2023-03-17 03:53:00+00:00
462082,35-44,F,Housing,Tablet,Midwest,0,12.0,2023-06-15 21:06:00+00:00
462085,18-24,F,Housing,Mobile,Northeast,0,11.3,2023-05-11 22:10:00+00:00
462086,35-44,F,Housing,Mobile,Midwest,0,10.2363,2023-05-30 05:04:00+00:00
462101,25-34,F,Housing,Mobile,Northeast,0,13.74,2023-01-13 12:53:00+00:00
462108,55+,F,Housing,Web,South,0,2.21,2023-06-18 00:58:00+00:00
462110,55+,F,Housing,Tablet,South,0,8.805,2023-04-15 20:14:00+00:00
462121,18-24,F,Housing,Mobile,Northeast,1,11.72,2023-04-22 15:15:00+00:00
462124,35-44,F,Housing,Web,Midwest,0,14.5,2023-04-01 18:30:00+00:00
462126,55+,F,Housing,Web,South,1,7.99,2023-01-13 00:10:00+00:00
462128,18-24,F,Housing,Web,Northeast,0,6.0325,2023-06-16 10:40:00+00:00
462133,35-44,F,Housing,Tablet,Midwest,1,10.42,2023-02-16 22:40:00+00:00
462149,18-24,F,Housing,Tablet,Northeast,0,8.41,2023-02-18 00:24:00+00:00
462151,25-34,F,Housing,Mobile,Northeast,0,13.16,2023-03-25 23:11:00+00:00
462167,18-24,F,Housing,Tablet,Northeast,1,9.2613,2023-04-20 01:07:00+00:00
462186,35-44,F,Housing,Mobile,Midwest,0,9.0512,2023-02-11 17:14:00+00:00
462195,18-24,F,Housing,Mobile,Northeast,0,3.2363,2023-03-31 05:04:00+00:00
462197,18-24,F,Housing,Web,Northeast,0,8.6888,2023-04-02 07:55:00+00:00
462199,55+,F,Housing,Tablet,South,0,14.38,2023-01-25 12:54:00+00:00
462201,25-34,F,Housing,Tablet,Northeast,1,7.36,2023-03-15 13:36:00+00:00
462207,35-44,F,Housing,Web,Midwest,0,4.4925,2023-05-15 02:19:00+00:00
462208,18-24,F,Housing,Tablet,Northeast,1,12.62,2023-04-27 20:33:00+00:00
462217,55+,F,Housing,Mobile,South,0,6.38,2023-06-14 08:06:00+00:00
462224,55+,F,Housing,Web,South,0,8.97,2023-02-26 08:16:00+00:00
462247,18-24,F,Housing,Web,Northeast,0,13.46,2023-05-19 06:28:00+00:00
462251,25-34,F,Housing,Tablet,Northeast,0,13.08,2023-06-29 11:17:00+00:00
462255,35-44,F,Housing,Tablet,Midwest,0,3.37,2023-02-06 00:39:00+00:00
462275,35-44,F,Housing,Tablet,Midwest,0,7.0575,2023-06-16 22:06:00+00:00
462280,35-44,F,Housing,Mobile,Midwest,0,6.04,2023-05-28 03:29:00+00:00
462282,18-24,F,Housing,Mobile,Northeast,0,8.295,2023-04-07 12:22:00+00:00
462283,18-24,F,Housing,Tablet,Northeast,0,15.24,2023-05-28 03:03:00+00:00
462285,55+,F,Housing,Mobile,South,0,8.4575,2023-06-16 22:32:00+00:00
462292,18-24,F,Housing,Tablet,Northeast,0,7.68,2023-05-30 17:38:00+00:00
462301,25-34,F,Housing,Mobile,Northeast,0,15.14,2023-03-24 22:46:00+00:00
462303,55+,F,Housing,Mobile,South,0,9.08,2023-05-25 00:46:00+00:00
462304,18-24,F,Housing,Tablet,Northeast,1,11.32,2023-06-01 19:30:00+00:00
462316,55+,F,Housing,Web,South,0,11.14,2023-02-12 18:06:00+00:00
462331,35-44,F,Housing,Web,Midwest,0,14.32,2023-05-02 13:00:00+00:00
462351,25-34,F,Housing,Web,Northeast,0,7.24,2023-06-17 11:32:00+00:00
462373,55+,F,Housing,Mobile,South,0,14.62,2023-05-17 04:45:00+00:00
462377,35-44,F,Housing,Mobile,Midwest,0,4.2188,2023-01-16 15:53:00+00:00
462385,55+,F,Housing,Mobile,South,0,13.22,2023-04-17 10:32:00+00:00
462400,55+,F,Housing,Web,South,0,10.66,2023-06-28 22:08:00+00:00
462401,25-34,F,Housing,Web,Northeast,1,10.56,2023-03-15 01:44:00+00:00
462407,55+,F,Housing,Mobile,South,0,12.0512,2023-05-22 09:20:00+00:00
462416,18-24,F,Housing,Mobile,Northeast,0,7.3037,2023-01-24 11:20:00+00:00
462431,35-44,F,Housing,Mobile,Midwest,0,12.2413,2023-03-15 01:53:00+00:00
462436,55+,F,Housing,Tablet,South,0,11.5,2023-02-10 16:57:00+00:00
462437,55+,F,Housing,Tablet,South,0,3.2975,2023-03-20 06:19:00+00:00
462451,25-34,F,Housing,Web,Northeast,0,9.32,2023-06-21 03:07:00+00:00
462460,18-24,F,Housing,Web,Northeast,0,13.36,2023-01-14 13:19:00+00:00
462474,55+,F,Housing,Tablet,South,0,3.3937,2023-01-16 03:10:00+00:00
462481,18-24,F,Housing,Mobile,Northeast,0,12.8,2023-03-27 13:37:00+00:00
462484,18-24,F,Housing,Web,Northeast,0,7.02,2023-04-07 12:39:00+00:00
462500,35-44,F,Housing,Mobile,Midwest,0,2.6725,2023-02-08 02:39:00+00:00
462501,25-34,F,Housing,Tablet,Northeast,0,6.78,2023-02-14 08:49:00+00:00
462523,55+,F,Housing,Mobile,South,0,5.64,2023-04-18 11:58:00+00:00
462527,35-44,F,Housing,Mobile,Midwest,1,8.4462,2023-05-18 05:53:00+00:00
462535,35-44,F,Housing,Mobile,Midwest,0,13.84,2023-02-07 13:13:00+00:00
462538,35-44,F,Housing,Tablet,Midwest,0,6.9,2023-04-01 06:12:00+00:00
462551,25-34,F,Housing,Tablet,Northeast,0,10.16,2023-06-03 09:21:00+00:00
462557,35-44,F,Housing,Tablet,Midwest,0,9.6062,2023-03-27 13:12:00+00:00
462578,55+,F,Housing,Web,South,0,5.8412,2023-02-03 09:47:00+00:00
462584,18-24,F,Housing,Tablet,Northeast,0,7.0788,2023-03-05 15:17:00+00:00
462595,55+,F,Housing,Mobile,South,0,11.46,2023-01-19 18:02:00+00:00
462601,25-34,F,Housing,Mobile,Northeast,1,14.72,2023-03-03 01:25:00+00:00
462637,55+,F,Housing,Web,South,0,12.54,2023-02-22 16:50:00+00:00
462640,35-44,F,Housing,Web,Midwest,1,14.42,2023-03-28 14:55:00+00:00
462646,55+,F,Housing,Mobile,South,0,14.68,2023-04-10 15:57:00+00:00
462649,35-44,F,Housing,Tablet,Midwest,1,14.28,2023-04-10 15:48:00+00:00
462651,25-34,F,Housing,Web,Northeast,0,11.44,2023-04-08 01:13:00+00:00
462662,55+,F,Housing,Web,South,0,6.005,2023-06-14 20:40:00+00:00
462667,18-24,F,Housing,Tablet,Northeast,0,12.22,2023-06-06 00:48:00+00:00
462674,35-44,F,Housing,Web,Midwest,0,3.5625,2023-06-20 02:32:00+00:00
462701,25-34,F,Housing,Web,Northeast,1,8.48,2023-04-20 01:07:00+00:00
462720,55+,F,Housing,Tablet,South,0,2.5713,2023-02-27 09:25:00+00:00
462736,18-24,F,Housing,Tablet,Northeast,0,9.0,2023-02-05 11:47:00+00:00
462746,18-24,F,Housing,Mobile,Northeast,0,6.9787,2023-03-05 15:26:00+00:00
462751,25-34,F,Housing,Web,Northeast,0,14.74,2023-01-03 14:08:00+00:00
462754,18-24,F,Housing,Tablet,Northeast,0,9.18,2023-02-14 08:40:00+00:00
462776,18-24,F,Housing,Tablet,Northeast,1,8.9288,2023-05-04 15:51:00+00:00
462782,35-44,F,Housing,Mobile,Midwest,1,8.9913,2023-02-03 09:04:00+00:00
462790,55+,F,Housing,Web,South,1,7.32,2023-06-01 19:21:00+00:00
462793,35-44,F,Housing,Web,Midwest,0,13.02,2023-02-06 00:39:00+00:00
462801,25-34,F,Housing,Web,Northeast,0,13.06,2023-02-08 14:56:00+00:00
462804,18-24,F,Housing,Web,Northeast,0,2.6437,2023-04-06 11:13:00+00:00
462807,35-44,F,Housing,Mobile,Midwest,0,3.01,2023-03-10 08:09:00+00:00
462816,18-24,F,Housing,Web,Northeast,0,12.1163,2023-03-15 13:36:00+00:00
462818,18-24,F,Housing,Tablet,Northeast,1,4.6837,2023-01-08 19:09:00+00:00
462825,35-44,F,Housing,Mobile,Midwest,0,6.7938,2023-02-05 11:56:00+00:00
462835,18-24,F,Housing,Tablet,Northeast,1,14.0,2023-06-15 21:23:00+00:00
462846,55+,F,Housing,Tablet,South,0,7.4713,2023-06-07 01:56:00+00:00
462851,25-34,F,Housing,Web,Northeast,0,9.54,2023-05-23 10:28:00+00:00
462857,18-24,F,Housing,Tablet,Northeast,0,9.1937,2023-02-25 19:07:00+00:00
462866,35-44,F,Housing,Web,Midwest,0,8.4175,2023-05-15 14:36:00+00:00
462887,55+,F,Housing,Tablet,South,1,7.8312,2023-05-06 17:35:00+00:00
462897,55+,F,Housing,Mobile,South,1,11.995,2023-02-26 20:42:00+00:00
462899,55+,F,Housing,Mobile,South,0,9.545,2023-02-26 20:59:00+00:00
462901,25-34,F,Housing,Tablet,Northeast,1,14.88,2023-03-11 09:18:00+00:00
462916,35-44,F,Housing,Tablet,Midwest,0,11.24,2023-05-08 19:18:00+00:00
462919,35-44,F,Housing,Mobile,Midwest,1,14.96,2023-02-23 17:16:00+00:00
462920,55+,F,Housing,Tablet,South,0,11.4462,2023-01-18 05:11:00+00:00
462928,18-24,F,Housing,Mobile,Northeast,0,14.5,2023-03-12 22:35:00+00:00
462936,18-24,F,Housing,Tablet,Northeast,0,10.565,2023-04-23 04:33:00+00:00
462946,18-24,F,Housing,Mobile,Northeast,0,7.54,2023-02-12 06:57:00+00:00
462951,25-34,F,Housing,Web,Northeast,0,13.92,2023-02-11 17:23:00+00:00
462999,55+,F,Housing,Web,South,0,4.1175,2023-06-24 06:42:00+00:00
463001,25-34,F,Housing,Tablet,Northeast,1,7.82,2023-04-27 20:08:00+00:00
463010,18-24,F,Housing,Mobile,Northeast,1,9.1263,2023-06-11 05:05:00+00:00
463013,55+,F,Housing,Web,South,0,11.5087,2023-03-29 15:03:00+00:00
463023,55+,F,Housing,Mobile,South,0,9.1738,2023-06-09 03:57:00+00:00
463024,55+,F,Housing,Web,South,1,8.82,2023-03-08 18:43:00+00:00
463037,35-44,F,Housing,Tablet,Midwest,0,4.6837,2023-04-18 11:41:00+00:00
463038,18-24,F,Housing,Tablet,Northeast,0,11.2387,2023-06-01 07:04:00+00:00
463051,25-34,F,Housing,Mobile,Northeast,0,9.98,2023-01-25 12:46:00+00:00
463063,35-44,F,Housing,Tablet,Midwest,0,5.74,2023-04-03 08:13:00+00:00
463064,55+,F,Housing,Tablet,South,0,1.6462,2023-01-18 05:36:00+00:00
463068,55+,F,Housing,Web,South,0,11.4525,2023-04-13 18:14:00+00:00
463082,35-44,F,Housing,Web,Midwest,0,9.4938,2023-02-05 11:30:00+00:00
463099,18-24,F,Housing,Mobile,Northeast,0,10.36,2023-03-25 23:37:00+00:00
463101,25-34,F,Housing,Tablet,Northeast,1,9.64,2023-03-09 19:52:00+00:00
463131,55+,F,Housing,Web,South,0,8.4962,2023-05-18 05:53:00+00:00
463134,35-44,F,Housing,Web,Midwest,1,5.3063,2023-01-26 13:55:00+00:00
463151,25-34,F,Housing,Mobile,Northeast,0,14.08,2023-01-30 17:47:00+00:00
463161,55+,F,Housing,Web,South,1,11.21,2023-04-19 00:58:00+00:00
463166,55+,F,Housing,Tablet,South,0,10.3075,2023-01-07 06:35:00+00:00
463167,18-24,F,Housing,Web,Northeast,1,0.54,2023-01-13 00:36:00+00:00
463169,35-44,F,Housing,Mobile,Midwest,1,0.9725,2023-04-29 10:51:00+00:00
463175,55+,F,Housing,Web,South,0,5.3037,2023-05-24 11:46:00+00:00
463184,18-24,F,Housing,Mobile,Northeast,0,9.5875,2023-01-11 22:27:00+00:00
463186,35-44,F,Housing,Mobile,Midwest,1,9.98,2023-03-26 12:37:00+00:00
463188,55+,F,Housing,Tablet,South,0,4.255,2023-03-26 12:29:00+00:00
463193,18-24,F,Housing,Tablet,Northeast,0,3.1138,2023-06-21 03:07:00+00:00
463195,18-24,F,Housing,Web,Northeast,1,9.04,2023-01-18 17:45:00+00:00
463198,55+,F,Housing,Mobile,South,0,15.02,2023-06-26 08:08:00+00:00
463201,25-34,F,Housing,Tablet,Northeast,0,14.72,2023-06-11 17:23:00+00:00
463214,18-24,F,Housing,Tablet,Northeast,0,10.8338,2023-02-17 11:49:00+00:00
463251,25-34,F,Housing,Tablet,Northeast,0,5.88,2023-05-20 07:54:00+00:00
463252,55+,F,Housing,Mobile,South,0,12.44,2023-06-17 11:23:00+00:00
463257,18-24,F,Housing,Tablet,Northeast,0,5.1612,2023-04-20 01:41:00+00:00
463260,55+,F,Housing,Tablet,South,1,3.8237,2023-06-09 03:14:00+00:00
463270,18-24,F,Housing,Tablet,Northeast,0,6.9,2023-05-11 22:52:00+00:00
463278,18-24,F,Housing,Mobile,Northeast,0,6.3825,2023-03-08 18:26:00+00:00
463279,55+,F,Housing,Mobile,South,0,14.18,2023-02-04 10:22:00+00:00
463284,35-44,F,Housing,Web,Midwest,1,9.7075,2023-02-16 22:23:00+00:00
463286,18-24,F,Housing,Mobile,Northeast,0,5.57,2023-06-26 08:08:00+00:00
463296,55+,F,Housing,Web,South,1,4.3175,2023-01-15 14:19:00+00:00
463301,25-34,F,Housing,Tablet,Northeast,0,14.4,2023-02-15 09:57:00+00:00
463308,35-44,F,Housing,Tablet,Midwest,0,4.72,2023-04-07 00:48:00+00:00
463309,18-24,F,Housing,Tablet,Northeast,0,13.48,2023-04-10 15:39:00+00:00
463325,18-24,F,Housing,Mobile,Northeast,0,3.13,2023-06-14 08:23:00+00:00
463330,55+,F,Housing,Web,South,0,5.88,2023-06-29 11:42:00+00:00
463351,25-34,F,Housing,Tablet,Northeast,0,12.0,2023-01-06 17:35:00+00:00
463362,18-24,F,Housing,Tablet,Northeast,0,6.4463,2023-05-18 05:28:00+00:00
463363,55+,F,Housing,Tablet,South,0,12.9,2023-05-31 06:12:00+00:00
463366,55+,F,Housing,Tablet,South,0,8.64,2023-01-18 05:53:00+00:00
463372,35-44,F,Housing,Web,Midwest,0,12.32,2023-04-12 05:57:00+00:00
463373,35-44,F,Housing,Mobile,Midwest,1,5.6063,2023-06-15 21:15:00+00:00
463398,18-24,F,Housing,Tablet,Northeast,0,6.9363,2023-04-20 13:07:00+00:00
463401,25-34,F,Housing,Mobile,Northeast,0,6.42,2023-05-27 02:29:00+00:00
463410,18-24,F,Housing,Mobile,Northeast,0,4.4625,2023-04-21 02:32:00+00:00
463423,18-24,F,Housing,Mobile,Northeast,0,11.28,2023-05-30 17:38:00+00:00
463451,25-34,F,Housing,Mobile,Northeast,0,14.84,2023-01-08 07:26:00+00:00
463468,55+,F,Housing,Tablet,South,0,12.06,2023-01-29 04:04:00+00:00
463473,55+,F,Housing,Mobile,South,0,12.0175,2023-01-15 14:02:00+00:00
463501,25-34,F,Housing,Web,Northeast,0,10.46,2023-05-29 04:04:00+00:00
463510,55+,F,Housing,Mobile,South,0,5.84,2023-06-27 21:42:00+00:00
463514,55+,F,Housing,Mobile,South,0,0.9838,2023-03-09 19:35:00+00:00
463521,18-24,F,Housing,Mobile,Northeast,0,11.3763,2023-01-22 21:11:00+00:00
463527,55+,F,Housing,Mobile,South,0,0.8425,2023-02-04 10:30:00+00:00
463529,35-44,F,Housing,Mobile,Midwest,0,7.8262,2023-05-02 13:00:00+00:00
463540,18-24,F,Housing,Mobile,Northeast,1,12.7,2023-03-02 00:08:00+00:00
463542,18-24,F,Housing,Web,Northeast,1,5.8975,2023-02-08 14:48:00+00:00
463545,35-44,F,Housing,Tablet,Midwest,0,0.8787,2023-04-14 07:31:00+00:00
463551,25-34,F,Housing,Tablet,Northeast,1,9.8,2023-05-16 03:53:00+00:00
463558,35-44,F,Housing,Mobile,Midwest,0,11.22,2023-01-07 18:52:00+00:00
463573,35-44,F,Housing,Web,Midwest,0,9.5,2023-06-10 16:05:00+00:00
463584,18-24,F,Housing,Web,Northeast,0,4.3963,2023-03-19 05:11:00+00:00
463592,35-44,F,Housing,Mobile,Midwest,0,4.96,2023-06-18 00:06:00+00:00
463601,25-34,F,Housing,Web,Northeast,0,11.06,2023-06-08 14:31:00+00:00
463609,55+,F,Housing,Mobile,South,0,11.04,2023-05-18 17:19:00+00:00
463619,18-24,F,Housing,Web,Northeast,0,7.3712,2023-01-18 17:19:00+00:00
463634,55+,F,Housing,Tablet,South,0,8.8112,2023-01-30 17:38:00+00:00
463638,18-24,F,Housing,Tablet,Northeast,0,3.7988,2023-03-21 07:19:00+00:00
463643,55+,F,Housing,Mobile,South,0,9.6738,2023-05-20 19:28:00+00:00
463648,35-44,F,Housing,Web,Midwest,0,13.66,2023-02-18 00:49:00+00:00
463651,25-34,F,Housing,Tablet,Northeast,1,8.56,2023-02-03 21:56:00+00:00
463653,18-24,F,Housing,Mobile,Northeast,0,4.2562,2023-05-26 13:12:00+00:00
463659,35-44,F,Housing,Mobile,Midwest,0,10.025,2023-03-02 12:08:00+00:00
463669,55+,F,Housing,Web,South,0,11.44,2023-05-18 17:19:00+00:00
463689,55+,F,Housing,Mobile,South,0,1.9525,2023-04-13 18:48:00+00:00
463691,35-44,F,Housing,Web,Midwest,1,6.6325,2023-01-07 18:43:00+00:00
463699,35-44,F,Housing,Mobile,Midwest,1,13.08,2023-06-09 15:22:00+00:00
463700,55+,F,Housing,Tablet,South,1,12.7212,2023-05-18 17:19:00+00:00
463701,25-34,F,Housing,Web,Northeast,0,14.88,2023-01-30 05:38:00+00:00
463723,35-44,F,Housing,Web,Midwest,1,7.04,2023-04-28 09:33:00+00:00
463730,35-44,F,Housing,Web,Midwest,0,12.5775,2023-02-12 06:14:00+00:00
463750,18-24,F,Housing,Web,Northeast,0,9.64,2023-04-18 11:15:00+00:00
463751,25-34,F,Housing,Web,Northeast,0,13.0,2023-04-26 19:33:00+00:00
463756,35-44,F,Housing,Mobile,Midwest,0,9.08,2023-05-20 07:28:00+00:00
463760,35-44,F,Housing,Web,Midwest,1,10.1438,2023-02-25 19:33:00+00:00
463767,35-44,F,Housing,Mobile,Midwest,0,7.32,2023-06-06 00:13:00+00:00
463782,35-44,F,Housing,Web,Midwest,0,6.0425,2023-06-04 10:56:00+00:00
463801,25-34,F,Housing,Tablet,Northeast,0,7.62,2023-03-28 14:29:00+00:00
463825,18-24,F,Housing,Web,Northeast,0,9.64,2023-03-29 15:21:00+00:00
463837,35-44,F,Housing,Web,Midwest,0,9.4,2023-03-17 15:36:00+00:00
463851,25-34,F,Housing,Mobile,Northeast,0,5.52,2023-04-12 17:57:00+00:00
463872,35-44,F,Housing,Tablet,Midwest,0,5.4062,2023-05-06 05:26:00+00:00
463889,55+,F,Housing,Web,South,0,11.6363,2023-02-19 13:41:00+00:00
463891,18-24,F,Housing,Mobile,Northeast,0,14.02,2023-06-16 10:58:00+00:00
463901,25-34,F,Housing,Tablet,Northeast,1,9.3,2023-06-20 14:50:00+00:00
463902,55+,F,Housing,Mobile,South,0,6.54,2023-01-13 00:44:00+00:00
463919,55+,F,Housing,Web,South,0,11.3712,2023-02-27 09:59:00+00:00
463927,55+,F,Housing,Web,South,0,6.86,2023-02-18 12:49:00+00:00
463928,35-44,F,Housing,Tablet,Midwest,0,1.7412,2023-06-23 17:41:00+00:00
463941,35-44,F,Housing,Web,Midwest,1,12.6662,2023-04-04 21:21:00+00:00
463942,35-44,F,Housing,Web,Midwest,0,11.36,2023-03-15 13:01:00+00:00
463951,25-34,F,Housing,Tablet,Northeast,1,7.74,2023-06-02 08:56:00+00:00
463976,35-44,F,Housing,Mobile,Midwest,0,1.6062,2023-05-26 13:29:00+00:00
463989,35-44,F,Housing,Tablet,Midwest,1,6.8475,2023-02-08 14:14:00+00:00
463996,18-24,F,Housing,Web,Northeast,0,12.02,2023-03-08 06:26:00+00:00
464001,25-34,F,Housing,Mobile,Northeast,1,11.98,2023-06-14 08:32:00+00:00
464014,35-44,F,Housing,Tablet,Midwest,0,11.2,2023-04-16 09:15:00+00:00
464026,35-44,F,Housing,Tablet,Midwest,0,11.16,2023-03-05 03:34:00+00:00
464030,18-24,F,Housing,Web,Northeast,0,8.4062,2023-01-26 13:12:00+00:00
464039,35-44,F,Housing,Tablet,Midwest,0,12.245,2023-04-27 20:08:00+00:00
464042,55+,F,Housing,Tablet,South,0,5.1787,2023-02-13 07:23:00+00:00
464051,25-34,F,Housing,Tablet,Northeast,0,12.78,2023-06-14 20:14:00+00:00
464067,18-24,F,Housing,Web,Northeast,0,1.4712,2023-02-07 01:05:00+00:00
464072,18-24,F,Housing,Web,Northeast,0,9.0625,2023-06-20 02:24:00+00:00
464078,55+,F,Housing,Tablet,South,0,4.6225,2023-02-08 02:56:00+00:00
464089,55+,F,Housing,Web,South,0,15.34,2023-01-13 12:27:00+00:00
464099,18-24,F,Housing,Mobile,Northeast,1,7.5663,2023-01-14 13:19:00+00:00
464101,25-34,F,Housing,Web,Northeast,1,15.3,2023-02-20 02:32:00+00:00
464107,35-44,F,Housing,Web,Midwest,1,14.84,2023-01-08 07:01:00+00:00
464108,18-24,F,Housing,Web,Northeast,0,10.625,2023-05-01 12:34:00+00:00
464130,55+,F,Housing,Mobile,South,0,9.6487,2023-04-10 15:05:00+00:00
464151,25-34,F,Housing,Tablet,Northeast,0,5.54,2023-03-24 10:54:00+00:00
464157,55+,F,Housing,Mobile,South,0,11.8537,2023-03-25 11:29:00+00:00
464180,18-24,F,Housing,Mobile,Northeast,0,5.0713,2023-05-18 17:36:00+00:00
464198,35-44,F,Housing,Tablet,Midwest,0,1.7363,2023-06-19 13:15:00+00:00
464201,25-34,F,Housing,Web,Northeast,1,13.78,2023-06-24 06:07:00+00:00
464229,35-44,F,Housing,Tablet,Midwest,0,12.3375,2023-01-11 22:01:00+00:00
464234,18-24,F,Housing,Tablet,Northeast,1,6.3575,2023-05-27 14:03:00+00:00
464247,55+,F,Housing,Tablet,South,0,0.5225,2023-03-20 18:36:00+00:00
464251,25-34,F,Housing,Web,Northeast,0,8.8,2023-01-26 01:29:00+00:00
464258,18-24,F,Housing,Tablet,Northeast,0,9.5538,2023-03-25 11:54:00+00:00
464260,18-24,F,Housing,Web,Northeast,0,11.82,2023-05-17 16:36:00+00:00
464268,18-24,F,Housing,Tablet,Northeast,0,9.1625,2023-03-12 10:18:00+00:00
464270,35-44,F,Housing,Tablet,Midwest,0,8.205,2023-06-14 20:23:00+00:00
464289,55+,F,Housing,Mobile,South,0,3.135,2023-01-29 04:38:00+00:00
464290,55+,F,Housing,Mobile,South,1,7.6,2023-04-16 09:06:00+00:00
464301,25-34,F,Housing,Mobile,Northeast,0,11.26,2023-04-19 12:24:00+00:00
464317,18-24,F,Housing,Web,Northeast,1,9.94,2023-01-23 10:28:00+00:00
464318,55+,F,Housing,Web,South,0,4.2138,2023-06-21 03:07:00+00:00
464319,35-44,F,Housing,Web,Midwest,1,8.415,2023-05-13 12:36:00+00:00
464337,18-24,F,Housing,Web,Northeast,0,1.5462,2023-02-27 21:08:00+00:00
464348,55+,F,Housing,Mobile,South,0,9.2037,2023-06-13 19:06:00+00:00
464351,25-34,F,Housing,Web,Northeast,1,8.7,2023-01-01 12:00:00+00:00
464355,18-24,F,Housing,Mobile,Northeast,0,1.2063,2023-02-15 21:57:00+00:00
464366,55+,F,Housing,Mobile,South,0,10.22,2023-01-17 16:36:00+00:00
464371,35-44,F,Housing,Mobile,Midwest,0,13.72,2023-02-21 15:15:00+00:00
464392,18-24,F,Housing,Mobile,Northeast,0,15.14,2023-05-03 02:00:00+00:00
464393,55+,F,Housing,Web,South,0,8.12,2023-01-17 16:10:00+00:00
464401,25-34,F,Housing,Web,Northeast,0,14.7,2023-04-11 16:22:00+00:00
464402,35-44,F,Housing,Tablet,Midwest,0,11.0563,2023-02-15 21:40:00+00:00
464427,35-44,F,Housing,Mobile,Midwest,0,1.8362,2023-04-20 13:07:00+00:00
464433,35-44,F,Housing,Tablet,Midwest,0,10.1288,2023-02-13 07:40:00+00:00
464435,35-44,F,Housing,Tablet,Midwest,0,6.5762,2023-05-02 13:34:00+00:00
464441,35-44,F,Housing,Web,Midwest,0,10.475,2023-01-01 12:34:00+00:00
464451,25-34,F,Housing,Tablet,Northeast,0,10.72,2023-01-22 21:28:00+00:00
464479,35-44,F,Housing,Mobile,Midwest,1,14.36,2023-01-04 15:43:00+00:00
464488,55+,F,Housing,Web,South,0,8.4,2023-01-26 13:46:00+00:00
464496,55+,F,Housing,Web,South,0,8.4138,2023-02-21 03:15:00+00:00
464501,25-34,F,Housing,Mobile,Northeast,1,9.32,2023-02-21 15:15:00+00:00
464511,18-24,F,Housing,Web,Northeast,1,4.4162,2023-04-24 05:33:00+00:00
464517,35-44,F,Housing,Mobile,Midwest,0,7.1638,2023-06-21 03:24:00+00:00
464521,55+,F,Housing,Web,South,0,9.24,2023-03-29 15:46:00+00:00
464530,18-24,F,Housing,Mobile,Northeast,1,12.94,2023-06-22 04:58:00+00:00
464534,18-24,F,Housing,Web,Northeast,0,9.9475,2023-04-29 22:08:00+00:00
464535,35-44,F,Housing,Mobile,Midwest,0,10.39,2023-02-22 16:41:00+00:00
464542,18-24,F,Housing,Tablet,Northeast,1,13.76,2023-02-03 21:47:00+00:00
464549,18-24,F,Housing,Tablet,Northeast,1,11.6675,2023-03-16 14:27:00+00:00
464551,25-34,F,Housing,Web,Northeast,0,7.52,2023-03-23 21:11:00+00:00
464556,35-44,F,Housing,Tablet,Midwest,0,4.4725,2023-01-19 18:36:00+00:00
464576,35-44,F,Housing,Tablet,Midwest,1,4.0312,2023-01-06 17:43:00+00:00
464579,55+,F,Housing,Tablet,South,1,5.1137,2023-04-02 19:21:00+00:00
464601,25-34,F,Housing,Tablet,Northeast,0,9.3,2023-05-11 10:10:00+00:00
464607,35-44,F,Housing,Mobile,Midwest,1,1.6675,2023-05-15 14:36:00+00:00
464608,18-24,F,Housing,Mobile,Northeast,0,8.18,2023-06-04 22:47:00+00:00
464609,18-24,F,Housing,Web,Northeast,1,7.3963,2023-04-08 13:56:00+00:00
464632,35-44,F,Housing,Web,Midwest,0,9.26,2023-05-29 16:55:00+00:00
464644,35-44,F,Housing,Mobile,Midwest,0,11.5,2023-03-22 20:28:00+00:00
464651,25-34,F,Housing,Web,Northeast,1,10.32,2023-02-11 05:40:00+00:00
464659,18-24,F,Housing,Mobile,Northeast,1,6.16,2023-04-04 09:56:00+00:00
464660,55+,F,Housing,Tablet,South,0,10.0925,2023-02-04 10:47:00+00:00
464688,35-44,F,Housing,Tablet,Midwest,0,2.1987,2023-01-20 07:19:00+00:00
464701,25-34,F,Housing,Web,Northeast,0,11.42,2023-04-27 08:33:00+00:00
464704,35-44,F,Housing,Tablet,Midwest,1,14.36,2023-01-04 15:51:00+00:00
464712,55+,F,Housing,Tablet,South,0,4.2812,2023-02-15 09:40:00+00:00
464734,55+,F,Housing,Web,South,0,6.28,2023-06-29 23:42:00+00:00
464751,25-34,F,Housing,Web,Northeast,0,13.42,2023-03-18 16:45:00+00:00
464752,55+,F,Housing,Tablet,South,0,9.62,2023-02-16 10:23:00+00:00
464753,18-24,F,Housing,Tablet,Northeast,0,2.2125,2023-05-11 10:35:00+00:00
464759,35-44,F,Housing,Web,Midwest,0,7.1662,2023-02-23 05:24:00+00:00
464778,55+,F,Housing,Web,South,0,7.4688,2023-06-05 23:39:00+00:00
464783,35-44,F,Housing,Tablet,Midwest,0,9.8588,2023-05-08 07:18:00+00:00
464785,35-44,F,Housing,Tablet,Midwest,0,5.56,2023-03-25 23:03:00+00:00
464791,35-44,F,Housing,Tablet,Midwest,0,8.84,2023-01-08 07:26:00+00:00
464801,25-34,F,Housing,Web,Northeast,1,10.5,2023-02-20 14:24:00+00:00
464843,35-44,F,Housing,Tablet,Midwest,1,7.635,2023-01-09 20:09:00+00:00
464847,35-44,F,Housing,Mobile,Midwest,0,12.1487,2023-04-30 23:25:00+00:00
464851,25-34,F,Housing,Tablet,Northeast,0,14.38,2023-06-14 20:32:00+00:00
464855,35-44,F,Housing,Mobile,Midwest,0,2.045,2023-05-17 04:36:00+00:00
464858,18-24,F,Housing,Mobile,Northeast,0,0.7812,2023-05-26 01:20:00+00:00
464884,55+,F,Housing,Web,South,1,15.44,2023-01-18 17:11:00+00:00
464901,25-34,F,Housing,Web,Northeast,0,11.38,2023-01-15 02:27:00+00:00
464904,55+,F,Housing,Web,South,0,11.12,2023-03-18 16:10:00+00:00
464906,18-24,F,Housing,Web,Northeast,1,3.9337,2023-06-17 11:23:00+00:00
464910,55+,F,Housing,Mobile,South,0,5.1837,2023-03-09 19:18:00+00:00
464923,18-24,F,Housing,Tablet,Northeast,1,9.62,2023-03-28 14:46:00+00:00
464928,35-44,F,Housing,Tablet,Midwest,1,12.365,2023-04-03 20:13:00+00:00
464929,55+,F,Housing,Tablet,South,0,14.7,2023-02-10 16:05:00+00:00
464951,25-34,F,Housing,Tablet,Northeast,0,11.96,2023-05-24 23:11:00+00:00
464953,55+,F,Housing,Web,South,0,11.3,2023-02-20 02:07:00+00:00
464977,35-44,F,Housing,Web,Midwest,0,7.14,2023-06-12 06:57:00+00:00
465000,35-44,F,Housing,Tablet,Midwest,0,9.2837,2023-01-28 03:21:00+00:00
465001,25-34,F,Housing,Tablet,Northeast,0,11.14,2023-03-04 02:26:00+00:00
465009,55+,F,Housing,Web,South,0,10.8212,2023-04-08 01:05:00+00:00
465015,35-44,F,Housing,Tablet,Midwest,0,4.065,2023-02-22 04:07:00+00:00
465020,35-44,F,Housing,Tablet,Midwest,1,5.9325,2023-05-27 02:46:00+00:00
465032,18-24,F,Housing,Mobile,Northeast,1,1.1837,2023-01-08 19:35:00+00:00
465033,35-44,F,Housing,Web,Midwest,1,4.2237,2023-02-09 03:22:00+00:00
465042,55+,F,Housing,Tablet,South,0,6.6037,2023-05-04 03:00:00+00:00
465047,35-44,F,Housing,Mobile,Midwest,1,1.1275,2023-01-23 22:11:00+00:00
465051,25-34,F,Housing,Web,Northeast,1,10.2,2023-02-25 19:33:00+00:00
465054,18-24,F,Housing,Mobile,Northeast,0,8.9688,2023-04-26 07:50:00+00:00
465055,35-44,F,Housing,Web,Midwest,0,10.14,2023-04-03 20:21:00+00:00
465061,55+,F,Housing,Mobile,South,0,8.36,2023-01-04 15:17:00+00:00
465085,18-24,F,Housing,Tablet,Northeast,0,12.8,2023-03-27 13:37:00+00:00
465095,18-24,F,Housing,Mobile,Northeast,0,4.9525,2023-01-03 02:00:00+00:00
465101,25-34,F,Housing,Web,Northeast,1,14.46,2023-01-29 16:46:00+00:00
465111,55+,F,Housing,Web,South,0,11.1888,2023-05-12 23:18:00+00:00
465128,55+,F,Housing,Tablet,South,0,4.5338,2023-04-18 11:32:00+00:00
465138,55+,F,Housing,Tablet,South,0,9.9437,2023-04-26 19:16:00+00:00
465140,35-44,F,Housing,Web,Midwest,0,10.325,2023-06-10 04:40:00+00:00
465143,18-24,F,Housing,Tablet,Northeast,0,2.385,2023-05-29 04:21:00+00:00
465149,35-44,F,Housing,Tablet,Midwest,1,12.2475,2023-02-08 14:56:00+00:00
465151,25-34,F,Housing,Mobile,Northeast,0,6.74,2023-03-24 10:28:00+00:00
465153,18-24,F,Housing,Web,Northeast,0,0.82,2023-01-17 16:10:00+00:00
465155,35-44,F,Housing,Mobile,Midwest,0,5.96,2023-01-09 08:18:00+00:00
465163,55+,F,Housing,Web,South,1,13.04,2023-05-18 17:02:00+00:00
465165,55+,F,Housing,Web,South,1,4.4975,2023-06-08 14:31:00+00:00
465178,18-24,F,Housing,Mobile,Northeast,0,9.02,2023-05-17 04:02:00+00:00
465180,55+,F,Housing,Tablet,South,0,8.6475,2023-04-29 22:42:00+00:00
465189,55+,F,Housing,Mobile,South,0,2.965,2023-02-22 04:16:00+00:00
465192,18-24,F,Housing,Mobile,Northeast,1,8.7438,2023-04-26 19:42:00+00:00
465194,35-44,F,Housing,Web,Midwest,0,11.6237,2023-01-20 19:37:00+00:00
465196,35-44,F,Housing,Tablet,Midwest,0,13.42,2023-06-26 08:08:00+00:00
465201,25-34,F,Housing,Mobile,Northeast,0,11.46,2023-05-19 06:11:00+00:00
465204,55+,F,Housing,Mobile,South,0,10.6975,2023-02-28 22:51:00+00:00
465207,55+,F,Housing,Web,South,1,6.97,2023-06-06 00:39:00+00:00
465215,35-44,F,Housing,Mobile,Midwest,0,11.7688,2023-02-05 23:56:00+00:00
465219,18-24,F,Housing,Web,Northeast,0,10.405,2023-03-26 12:46:00+00:00
465225,55+,F,Housing,Mobile,South,0,2.9137,2023-04-22 03:33:00+00:00
465230,18-24,F,Housing,Tablet,Northeast,0,7.5275,2023-04-13 06:14:00+00:00
465244,55+,F,Housing,Tablet,South,0,13.6,2023-04-16 09:49:00+00:00
465251,25-34,F,Housing,Mobile,Northeast,0,7.26,2023-01-09 08:18:00+00:00
465290,35-44,F,Housing,Mobile,Midwest,0,11.7175,2023-02-24 06:16:00+00:00
465293,55+,F,Housing,Mobile,South,0,6.6475,2023-03-20 06:54:00+00:00
465296,35-44,F,Housing,Mobile,Midwest,0,9.9563,2023-06-15 21:32:00+00:00
465301,25-34,F,Housing,Tablet,Northeast,0,10.04,2023-03-29 03:29:00+00:00
465305,35-44,F,Housing,Mobile,Midwest,0,6.1,2023-03-22 08:37:00+00:00
465312,55+,F,Housing,Mobile,South,0,4.9863,2023-02-19 13:15:00+00:00
465315,18-24,F,Housing,Tablet,Northeast,0,8.2037,2023-06-13 19:23:00+00:00
465319,35-44,F,Housing,Mobile,Midwest,0,8.72,2023-02-11 05:40:00+00:00
465326,35-44,F,Housing,Mobile,Midwest,0,9.5113,2023-03-31 17:12:00+00:00
465333,35-44,F,Housing,Web,Midwest,0,12.0,2023-02-10 16:22:00+00:00
465351,25-34,F,Housing,Tablet,Northeast,0,6.8,2023-02-15 09:32:00+00:00
465357,35-44,F,Housing,Mobile,Midwest,0,10.165,2023-05-13 12:10:00+00:00
465391,55+,F,Housing,Mobile,South,0,6.22,2023-02-06 12:56:00+00:00
465397,35-44,F,Housing,Mobile,Midwest,0,7.46,2023-05-19 18:28:00+00:00
465401,25-34,F,Housing,Web,Northeast,1,14.3,2023-04-11 04:22:00+00:00
465406,55+,F,Housing,Mobile,South,0,11.82,2023-04-27 08:16:00+00:00
465416,18-24,F,Housing,Web,Northeast,0,8.0275,2023-03-24 22:37:00+00:00
465417,18-24,F,Housing,Mobile,Northeast,1,9.03,2023-03-26 00:37:00+00:00
465440,18-24,F,Housing,Tablet,Northeast,0,4.9912,2023-06-23 17:16:00+00:00
465451,25-34,F,Housing,Mobile,Northeast,0,5.62,2023-04-17 22:15:00+00:00
465464,55+,F,Housing,Web,South,0,6.6162,2023-06-23 05:59:00+00:00
465470,55+,F,Housing,Web,South,0,9.43,2023-03-26 00:29:00+00:00
465478,18-24,F,Housing,Tablet,Northeast,0,14.08,2023-01-10 09:52:00+00:00
465479,55+,F,Housing,Tablet,South,0,9.52,2023-02-06 00:39:00+00:00
465501,25-34,F,Housing,Mobile,Northeast,1,14.38,2023-01-25 12:12:00+00:00
465504,18-24,F,Housing,Tablet,Northeast,0,6.3025,2023-03-24 10:28:00+00:00
465507,35-44,F,Housing,Mobile,Midwest,0,8.7538,2023-01-04 03:00:00+00:00
465531,55+,F,Housing,Mobile,South,0,12.0262,2023-04-12 05:48:00+00:00
465543,18-24,F,Housing,Mobile,Northeast,0,12.585,2023-05-09 20:44:00+00:00
465551,25-34,F,Housing,Tablet,Northeast,0,14.68,2023-06-09 03:05:00+00:00
465554,35-44,F,Housing,Mobile,Midwest,0,3.0725,2023-06-08 02:39:00+00:00
465571,35-44,F,Housing,Web,Midwest,0,11.12,2023-01-02 13:08:00+00:00
465577,55+,F,Housing,Mobile,South,0,7.42,2023-06-06 12:56:00+00:00
465580,55+,F,Housing,Mobile,South,1,6.76,2023-06-13 19:49:00+00:00
465586,18-24,F,Housing,Mobile,Northeast,1,13.64,2023-03-29 15:55:00+00:00
465599,55+,F,Housing,Mobile,South,1,1.2825,2023-05-07 18:43:00+00:00
465601,25-34,F,Housing,Mobile,Northeast,0,6.24,2023-06-07 13:22:00+00:00
465617,18-24,F,Housing,Tablet,Northeast,0,4.7625,2023-04-01 18:38:00+00:00
465627,35-44,F,Housing,Mobile,Midwest,0,12.4375,2023-05-31 06:04:00+00:00
465629,18-24,F,Housing,Web,Northeast,0,6.46,2023-04-19 00:24:00+00:00
465638,18-24,F,Housing,Web,Northeast,0,9.825,2023-01-21 20:28:00+00:00
465642,55+,F,Housing,Tablet,South,0,10.8475,2023-06-28 22:51:00+00:00
465650,55+,F,Housing,Tablet,South,0,8.8663,2023-05-14 13:53:00+00:00
465651,25-34,F,Housing,Mobile,Northeast,0,12.26,2023-05-19 06:19:00+00:00
465653,18-24,F,Housing,Web,Northeast,0,10.615,2023-01-13 12:36:00+00:00
465696,35-44,F,Housing,Web,Midwest,0,11.6,2023-02-10 16:57:00+00:00
465701,25-34,F,Housing,Tablet,Northeast,0,6.26,2023-06-28 22:25:00+00:00
465720,55+,F,Housing,Web,South,0,12.5813,2023-04-16 09:06:00+00:00
465721,35-44,F,Housing,Tablet,Midwest,0,10.7,2023-03-02 12:00:00+00:00
465722,18-24,F,Housing,Mobile,Northeast,0,7.4688,2023-04-26 07:59:00+00:00
465737,18-24,F,Housing,Mobile,Northeast,1,3.5688,2023-02-25 07:25:00+00:00
465751,25-34,F,Housing,Tablet,Northeast,0,7.42,2023-02-06 12:39:00+00:00
465762,18-24,F,Housing,Web,Northeast,0,9.9388,2023-02-21 15:33:00+00:00
465763,18-24,F,Housing,Tablet,Northeast,0,9.68,2023-01-10 21:01:00+00:00
465786,55+,F,Housing,Tablet,South,0,4.1075,2023-05-07 06:18:00+00:00
465798,35-44,F,Housing,Tablet,Midwest,0,7.75,2023-03-22 08:54:00+00:00
465801,25-34,F,Housing,Web,Northeast,0,12.08,2023-03-11 09:18:00+00:00
465822,18-24,F,Housing,Tablet,Northeast,0,11.5638,2023-05-12 11:53:00+00:00
465825,55+,F,Housing,Mobile,South,0,11.4563,2023-03-07 05:43:00+00:00
465851,25-34,F,Housing,Web,Northeast,0,6.1,2023-03-12 22:27:00+00:00
465865,18-24,F,Housing,Tablet,Northeast,0,6.98,2023-01-15 02:36:00+00:00
465875,55+,F,Housing,Web,South,0,2.0175,2023-03-16 14:19:00+00:00
465878,18-24,F,Housing,Web,Northeast,0,2.3775,2023-04-13 06:48:00+00:00
465886,55+,F,Housing,Mobile,South,1,11.62,2023-03-08 18:43:00+00:00
465891,55+,F,Housing,Web,South,0,2.4912,2023-03-15 01:44:00+00:00
465897,35-44,F,Housing,Web,Midwest,0,11.7462,2023-03-19 05:45:00+00:00
465901,25-34,F,Housing,Tablet,Northeast,0,7.8,2023-04-06 11:13:00+00:00
465909,35-44,F,Housing,Tablet,Midwest,1,10.1288,2023-01-04 15:00:00+00:00
465911,35-44,F,Housing,Web,Midwest,0,12.08,2023-01-05 16:26:00+00:00
465923,55+,F,Housing,Tablet,South,0,3.0737,2023-03-21 19:19:00+00:00
465930,18-24,F,Housing,Tablet,Northeast,0,4.7912,2023-05-14 01:53:00+00:00
465951,25-34,F,Housing,Mobile,Northeast,1,10.22,2023-06-26 20:33:00+00:00
465957,18-24,F,Housing,Tablet,Northeast,0,8.1612,2023-04-20 01:41:00+00:00
465958,18-24,F,Housing,Web,Northeast,0,13.16,2023-01-24 11:37:00+00:00
465963,18-24,F,Housing,Tablet,Northeast,0,8.7125,2023-04-21 02:41:00+00:00
465969,18-24,F,Housing,Web,Northeast,1,2.0975,2023-02-08 14:05:00+00:00
465982,35-44,F,Housing,Mobile,Midwest,1,14.66,2023-01-19 06:36:00+00:00
466001,25-34,F,Housing,Web,Northeast,0,8.48,2023-01-10 21:35:00+00:00
466008,35-44,F,Housing,Tablet,Midwest,1,9.9075,2023-03-08 06:52:00+00:00
466014,55+,F,Housing,Tablet,South,0,4.2837,2023-02-17 11:41:00+00:00
466051,25-34,F,Housing,Tablet,Northeast,1,7.76,2023-06-03 21:39:00+00:00
466071,55+,F,Housing,Tablet,South,0,3.2125,2023-03-12 10:52:00+00:00
466078,55+,F,Housing,Mobile,South,0,10.1,2023-06-20 02:41:00+00:00
466082,55+,F,Housing,Mobile,South,1,6.6712,2023-02-27 09:16:00+00:00
466093,18-24,F,Housing,Web,Northeast,0,12.1,2023-01-11 10:44:00+00:00
466101,25-34,F,Housing,Mobile,Northeast,0,11.7,2023-01-11 10:27:00+00:00
466107,55+,F,Housing,Mobile,South,0,1.69,2023-02-22 16:41:00+00:00
466111,35-44,F,Housing,Web,Midwest,0,6.54,2023-05-13 00:01:00+00:00
466124,55+,F,Housing,Tablet,South,0,9.19,2023-01-13 00:44:00+00:00
466140,55+,F,Housing,Web,South,0,3.5888,2023-06-01 07:21:00+00:00
466147,35-44,F,Housing,Web,Midwest,0,7.12,2023-03-03 01:17:00+00:00
466151,25-34,F,Housing,Mobile,Northeast,1,5.72,2023-06-01 07:30:00+00:00
466186,35-44,F,Housing,Mobile,Midwest,1,11.62,2023-05-07 06:43:00+00:00
466191,35-44,F,Housing,Tablet,Midwest,0,7.1413,2023-02-03 09:21:00+00:00
466198,35-44,F,Housing,Mobile,Midwest,1,7.32,2023-04-02 07:55:00+00:00
466201,25-34,F,Housing,Mobile,Northeast,1,7.46,2023-03-20 18:19:00+00:00
466204,18-24,F,Housing,Tablet,Northeast,1,8.24,2023-06-07 01:31:00+00:00
466214,35-44,F,Housing,Mobile,Midwest,1,2.3413,2023-01-14 01:27:00+00:00
466223,55+,F,Housing,Tablet,South,0,2.645,2023-03-18 04:02:00+00:00
466224,18-24,F,Housing,Web,Northeast,1,3.7963,2023-02-27 21:16:00+00:00
466233,35-44,F,Housing,Web,Midwest,0,3.1275,2023-01-23 22:28:00+00:00
466251,25-34,F,Housing,Web,Northeast,0,11.84,2023-02-07 13:48:00+00:00
466252,35-44,F,Housing,Mobile,Midwest,0,12.68,2023-03-21 07:45:00+00:00
466263,35-44,F,Housing,Tablet,Midwest,0,5.5462,2023-06-07 13:22:00+00:00
466267,55+,F,Housing,Web,South,0,13.32,2023-04-02 19:13:00+00:00
466269,55+,F,Housing,Mobile,South,1,1.635,2023-05-09 20:01:00+00:00
466270,18-24,F,Housing,Web,Northeast,0,10.88,2023-03-11 21:01:00+00:00
466284,18-24,F,Housing,Mobile,Northeast,0,3.2575,2023-01-07 06:43:00+00:00
466289,55+,F,Housing,Tablet,South,0,4.5388,2023-03-13 23:18:00+00:00
466299,18-24,F,Housing,Web,Northeast,0,1.2712,2023-02-27 09:59:00+00:00
466301,25-34,F,Housing,Web,Northeast,0,8.4,2023-03-27 13:29:00+00:00
466315,35-44,F,Housing,Mobile,Midwest,0,9.1,2023-01-21 08:45:00+00:00
466334,18-24,F,Housing,Tablet,Northeast,0,1.1738,2023-03-21 19:54:00+00:00
466338,18-24,F,Housing,Mobile,Northeast,0,8.7413,2023-06-03 09:47:00+00:00
466339,18-24,F,Housing,Mobile,Northeast,0,9.44,2023-04-28 09:08:00+00:00
466351,25-34,F,Housing,Web,Northeast,1,10.62,2023-02-26 20:25:00+00:00
466359,18-24,F,Housing,Web,Northeast,0,1.3462,2023-04-28 21:08:00+00:00
466377,35-44,F,Housing,Web,Midwest,0,1.215,2023-05-13 12:18:00+00:00
466378,35-44,F,Housing,Web,Midwest,1,12.74,2023-04-13 06:31:00+00:00
466388,18-24,F,Housing,Mobile,Northeast,1,2.1087,2023-05-08 07:43:00+00:00
466401,25-34,F,Housing,Web,Northeast,1,12.18,2023-06-24 18:16:00+00:00
466403,55+,F,Housing,Web,South,0,0.9525,2023-05-23 10:37:00+00:00
466406,55+,F,Housing,Mobile,South,1,8.8187,2023-01-16 15:53:00+00:00
466417,18-24,F,Housing,Web,Northeast,0,7.14,2023-02-12 18:23:00+00:00
466441,18-24,F,Housing,Web,Northeast,0,8.08,2023-03-11 09:44:00+00:00
466448,18-24,F,Housing,Web,Northeast,1,12.0025,2023-01-03 02:26:00+00:00
466451,25-34,F,Housing,Mobile,Northeast,0,13.5,2023-04-11 16:40:00+00:00
466468,35-44,F,Housing,Web,Midwest,1,10.76,2023-01-04 15:17:00+00:00
466488,18-24,F,Housing,Mobile,Northeast,0,4.0,2023-05-01 00:51:00+00:00
466501,25-34,F,Housing,Web,Northeast,0,6.16,2023-04-04 21:56:00+00:00
466510,35-44,F,Housing,Web,Midwest,0,10.16,2023-04-24 05:07:00+00:00
466511,35-44,F,Housing,Tablet,Midwest,0,1.3675,2023-01-15 14:27:00+00:00
466516,55+,F,Housing,Mobile,South,0,10.48,2023-04-20 13:41:00+00:00
466525,55+,F,Housing,Web,South,0,8.26,2023-04-09 02:14:00+00:00
466543,35-44,F,Housing,Web,Midwest,0,13.98,2023-01-05 16:09:00+00:00
466551,25-34,F,Housing,Tablet,Northeast,0,14.56,2023-06-23 17:24:00+00:00
466555,55+,F,Housing,Web,South,1,12.32,2023-05-02 13:34:00+00:00
466579,55+,F,Housing,Tablet,South,1,14.26,2023-01-19 18:54:00+00:00
466595,18-24,F,Housing,Mobile,Northeast,0,12.3938,2023-06-05 11:13:00+00:00
466597,18-24,F,Housing,Web,Northeast,0,13.1,2023-01-21 20:02:00+00:00
466601,25-34,F,Housing,Mobile,Northeast,0,12.14,2023-01-13 12:10:00+00:00
466603,35-44,F,Housing,Mobile,Midwest,0,10.38,2023-01-05 16:00:00+00:00
466606,18-24,F,Housing,Web,Northeast,0,14.66,2023-03-20 18:02:00+00:00
466607,18-24,F,Housing,Tablet,Northeast,0,11.4663,2023-02-03 21:13:00+00:00
466611,35-44,F,Housing,Web,Midwest,0,7.6762,2023-01-22 21:45:00+00:00
466628,55+,F,Housing,Web,South,0,7.1588,2023-04-18 23:15:00+00:00
466636,18-24,F,Housing,Web,Northeast,1,15.06,2023-06-08 02:48:00+00:00
466646,55+,F,Housing,Web,South,1,2.975,2023-03-22 20:02:00+00:00
466651,25-34,F,Housing,Tablet,Northeast,0,9.58,2023-04-15 20:40:00+00:00
466668,55+,F,Housing,Tablet,South,0,0.85,2023-04-11 16:14:00+00:00
466670,18-24,F,Housing,Mobile,Northeast,0,4.8937,2023-06-05 11:30:00+00:00
466674,18-24,F,Housing,Web,Northeast,0,6.6875,2023-03-12 22:52:00+00:00
466681,18-24,F,Housing,Mobile,Northeast,0,13.76,2023-05-14 13:53:00+00:00
466701,25-34,F,Housing,Web,Northeast,0,6.14,2023-06-02 08:30:00+00:00
466703,35-44,F,Housing,Web,Midwest,0,5.8513,2023-03-03 01:00:00+00:00
466736,55+,F,Housing,Web,South,1,0.6937,2023-04-06 11:05:00+00:00
466748,18-24,F,Housing,Web,Northeast,0,6.5213,2023-03-19 17:02:00+00:00
466751,25-34,F,Housing,Mobile,Northeast,1,14.06,2023-03-10 20:26:00+00:00
466755,55+,F,Housing,Mobile,South,0,1.5788,2023-03-25 23:11:00+00:00
466801,25-34,F,Housing,Tablet,Northeast,0,12.68,2023-01-20 07:37:00+00:00
466816,35-44,F,Housing,Tablet,Midwest,1,9.94,2023-05-03 02:08:00+00:00
466830,18-24,F,Housing,Mobile,Northeast,0,9.1875,2023-06-20 14:58:00+00:00
466838,55+,F,Housing,Tablet,South,0,2.6325,2023-05-07 18:43:00+00:00
466840,18-24,F,Housing,Mobile,Northeast,0,13.02,2023-05-17 04:02:00+00:00
466851,25-34,F,Housing,Mobile,Northeast,0,6.92,2023-04-02 19:04:00+00:00
466854,35-44,F,Housing,Tablet,Midwest,1,1.605,2023-06-14 20:40:00+00:00
466873,18-24,F,Housing,Tablet,Northeast,1,9.5,2023-03-22 20:11:00+00:00
466880,18-24,F,Housing,Web,Northeast,0,9.9388,2023-06-01 07:47:00+00:00
466881,35-44,F,Housing,Web,Midwest,0,5.0838,2023-05-28 03:03:00+00:00
466895,18-24,F,Housing,Mobile,Northeast,0,5.5113,2023-04-20 01:32:00+00:00
466898,18-24,F,Housing,Tablet,Northeast,0,11.575,2023-06-10 04:40:00+00:00
466901,25-34,F,Housing,Web,Northeast,1,8.12,2023-04-02 19:55:00+00:00
466917,18-24,F,Housing,Web,Northeast,0,1.56,2023-05-29 16:38:00+00:00
466925,18-24,F,Housing,Tablet,Northeast,0,2.3037,2023-06-13 19:49:00+00:00
466932,35-44,F,Housing,Web,Midwest,0,0.935,2023-03-30 04:04:00+00:00
466934,55+,F,Housing,Tablet,South,1,7.945,2023-02-26 20:08:00+00:00
466947,18-24,F,Housing,Mobile,Northeast,0,12.0375,2023-05-11 22:01:00+00:00
466951,25-34,F,Housing,Tablet,Northeast,0,13.28,2023-01-10 09:44:00+00:00
466962,35-44,F,Housing,Web,Midwest,0,3.3262,2023-01-22 21:37:00+00:00
466970,35-44,F,Housing,Tablet,Midwest,0,5.0675,2023-04-05 22:47:00+00:00
466980,35-44,F,Housing,Mobile,Midwest,0,10.8887,2023-04-02 07:55:00+00:00
466983,35-44,F,Housing,Tablet,Midwest,0,7.2088,2023-06-17 23:06:00+00:00
466989,35-44,F,Housing,Web,Midwest,0,2.35,2023-01-01 00:51:00+00:00
466999,55+,F,Housing,Tablet,South,0,13.56,2023-05-04 03:17:00+00:00
467001,25-34,F,Housing,Tablet,Northeast,0,12.22,2023-02-06 00:05:00+00:00
467014,35-44,F,Housing,Web,Midwest,0,6.72,2023-05-02 01:43:00+00:00
467021,35-44,F,Housing,Mobile,Midwest,0,1.7488,2023-03-21 07:28:00+00:00
467024,18-24,F,Housing,Tablet,Northeast,0,10.3513,2023-05-22 09:37:00+00:00
467041,55+,F,Housing,Mobile,South,1,7.46,2023-02-28 22:42:00+00:00
467051,25-34,F,Housing,Web,Northeast,0,12.16,2023-06-23 05:24:00+00:00
467067,35-44,F,Housing,Web,Midwest,0,9.2812,2023-06-15 09:23:00+00:00
467070,18-24,F,Housing,Tablet,Northeast,0,6.6063,2023-06-15 21:32:00+00:00
467071,18-24,F,Housing,Web,Northeast,0,10.2,2023-02-25 19:59:00+00:00
467076,55+,F,Housing,Web,South,0,12.3875,2023-04-21 14:50:00+00:00
467086,55+,F,Housing,Web,South,0,12.84,2023-03-09 07:18:00+00:00
467096,18-24,F,Housing,Mobile,Northeast,1,5.5775,2023-04-13 06:06:00+00:00
467101,25-34,F,Housing,Tablet,Northeast,0,6.22,2023-01-17 16:53:00+00:00
467107,18-24,F,Housing,Web,Northeast,0,13.26,2023-06-18 12:32:00+00:00
467109,55+,F,Housing,Mobile,South,0,7.75,2023-01-21 08:20:00+00:00
467114,18-24,F,Housing,Mobile,Northeast,1,9.9113,2023-03-11 09:01:00+00:00
467123,18-24,F,Housing,Web,Northeast,0,6.6738,2023-03-21 19:02:00+00:00
467125,18-24,F,Housing,Web,Northeast,0,12.64,2023-03-19 05:36:00+00:00
467151,25-34,F,Housing,Web,Northeast,1,12.8,2023-05-26 13:46:00+00:00
467168,55+,F,Housing,Tablet,South,0,6.795,2023-06-26 20:16:00+00:00
467194,18-24,F,Housing,Tablet,Northeast,0,11.68,2023-01-30 17:29:00+00:00
467196,55+,F,Housing,Tablet,South,0,10.7737,2023-06-29 11:08:00+00:00
467197,18-24,F,Housing,Tablet,Northeast,0,14.76,2023-05-04 03:34:00+00:00
467201,25-34,F,Housing,Web,Northeast,1,10.42,2023-02-16 22:23:00+00:00
467205,35-44,F,Housing,Tablet,Midwest,1,7.245,2023-05-17 04:02:00+00:00
467214,18-24,F,Housing,Mobile,Northeast,1,10.8575,2023-03-28 14:03:00+00:00
467218,35-44,F,Housing,Web,Midwest,1,5.56,2023-02-13 19:49:00+00:00
467219,18-24,F,Housing,Web,Northeast,0,6.8575,2023-01-07 06:26:00+00:00
467224,55+,F,Housing,Tablet,South,0,13.24,2023-03-29 03:03:00+00:00
467227,35-44,F,Housing,Tablet,Midwest,0,9.82,2023-02-26 08:42:00+00:00
467229,35-44,F,Housing,Mobile,Midwest,0,10.86,2023-04-19 00:06:00+00:00
467251,25-34,F,Housing,Web,Northeast,1,6.02,2023-01-27 14:12:00+00:00
467255,18-24,F,Housing,Tablet,Northeast,0,9.0813,2023-05-26 01:46:00+00:00
467265,35-44,F,Housing,Tablet,Midwest,1,0.6212,2023-02-27 09:16:00+00:00
467269,55+,F,Housing,Web,South,0,14.0,2023-01-06 05:26:00+00:00
467271,55+,F,Housing,Tablet,South,1,9.3287,2023-01-04 15:34:00+00:00
467301,25-34,F,Housing,Web,Northeast,1,7.9,2023-04-11 04:40:00+00:00
467302,55+,F,Housing,Mobile,South,0,14.74,2023-05-03 02:51:00+00:00
467312,55+,F,Housing,Tablet,South,1,3.4813,2023-01-26 01:29:00+00:00
467314,18-24,F,Housing,Tablet,Northeast,1,6.54,2023-06-02 08:04:00+00:00
467317,55+,F,Housing,Tablet,South,0,15.22,2023-01-27 14:55:00+00:00
467324,55+,F,Housing,Web,South,0,3.2,2023-03-22 08:54:00+00:00
467325,55+,F,Housing,Web,South,0,5.775,2023-02-10 04:31:00+00:00
467333,35-44,F,Housing,Tablet,Midwest,0,7.7025,2023-03-04 02:43:00+00:00
467334,55+,F,Housing,Web,South,1,1.24,2023-01-13 00:53:00+00:00
467336,55+,F,Housing,Mobile,South,1,0.5563,2023-03-27 13:46:00+00:00
467338,55+,F,Housing,Mobile,South,1,5.52,2023-02-11 17:40:00+00:00
467351,25-34,F,Housing,Web,Northeast,0,10.06,2023-01-09 20:35:00+00:00
467360,18-24,F,Housing,Tablet,Northeast,0,10.8875,2023-04-01 06:12:00+00:00
467375,55+,F,Housing,Web,South,0,6.7125,2023-01-11 10:18:00+00:00
467399,55+,F,Housing,Mobile,South,0,10.7625,2023-05-11 10:35:00+00:00
467401,25-34,F,Housing,Tablet,Northeast,0,12.66,2023-06-08 14:31:00+00:00
467408,55+,F,Housing,Tablet,South,0,6.65,2023-06-10 16:14:00+00:00
467418,55+,F,Housing,Tablet,South,0,12.9525,2023-03-04 02:51:00+00:00
467420,35-44,F,Housing,Tablet,Midwest,0,0.5487,2023-06-09 15:05:00+00:00
467424,35-44,F,Housing,Mobile,Midwest,0,1.5112,2023-02-19 01:58:00+00:00
467425,35-44,F,Housing,Tablet,Midwest,1,11.82,2023-01-17 16:10:00+00:00
467431,18-24,F,Housing,Web,Northeast,0,5.94,2023-04-13 18:40:00+00:00
467451,25-34,F,Housing,Web,Northeast,1,11.3,2023-04-01 06:12:00+00:00
467454,55+,F,Housing,Web,South,0,1.155,2023-05-25 12:29:00+00:00
467459,55+,F,Housing,Mobile,South,0,0.5563,2023-06-15 21:06:00+00:00
467467,55+,F,Housing,Mobile,South,1,12.04,2023-05-08 07:26:00+00:00
467472,55+,F,Housing,Web,South,1,7.6212,2023-06-27 09:25:00+00:00
467483,55+,F,Housing,Tablet,South,1,12.3837,2023-03-29 03:21:00+00:00
467491,55+,F,Housing,Mobile,South,1,13.48,2023-03-21 19:54:00+00:00
467501,25-34,F,Housing,Web,Northeast,0,10.36,2023-02-13 19:57:00+00:00
467502,35-44,F,Housing,Tablet,Midwest,0,10.575,2023-01-21 20:11:00+00:00
467511,55+,F,Housing,Mobile,South,0,12.16,2023-01-29 16:12:00+00:00
467517,18-24,F,Housing,Mobile,Northeast,0,3.1475,2023-02-28 22:59:00+00:00
467536,18-24,F,Housing,Tablet,Northeast,0,15.36,2023-03-15 13:36:00+00:00
467551,25-34,F,Housing,Tablet,Northeast,0,6.12,2023-03-13 11:35:00+00:00
467553,18-24,F,Housing,Web,Northeast,0,10.7825,2023-04-17 10:32:00+00:00
467571,18-24,F,Housing,Tablet,Northeast,0,12.4425,2023-04-05 10:39:00+00:00
467573,55+,F,Housing,Web,South,0,4.5175,2023-05-15 14:27:00+00:00
467583,55+,F,Housing,Web,South,1,5.7613,2023-05-30 17:38:00+00:00
467590,18-24,F,Housing,Mobile,Northeast,0,9.42,2023-04-27 20:50:00+00:00
467592,55+,F,Housing,Mobile,South,0,5.7438,2023-04-26 19:50:00+00:00
467599,18-24,F,Housing,Mobile,Northeast,1,10.68,2023-03-01 11:25:00+00:00
467601,25-34,F,Housing,Tablet,Northeast,0,9.78,2023-06-24 06:33:00+00:00
467608,55+,F,Housing,Mobile,South,1,9.32,2023-03-13 23:18:00+00:00
467613,35-44,F,Housing,Mobile,Midwest,0,6.64,2023-05-13 00:18:00+00:00
467636,55+,F,Housing,Web,South,1,9.2613,2023-03-31 17:55:00+00:00
467651,25-34,F,Housing,Web,Northeast,1,12.24,2023-06-27 21:25:00+00:00
467657,35-44,F,Housing,Tablet,Midwest,0,10.74,2023-06-22 16:07:00+00:00
467659,55+,F,Housing,Mobile,South,0,12.8,2023-05-06 17:35:00+00:00
467662,35-44,F,Housing,Tablet,Midwest,0,6.96,2023-03-15 13:53:00+00:00
467666,55+,F,Housing,Tablet,South,0,6.9925,2023-05-15 02:36:00+00:00
467687,55+,F,Housing,Mobile,South,0,4.77,2023-05-17 16:19:00+00:00
467701,25-34,F,Housing,Tablet,Northeast,0,10.48,2023-01-30 05:21:00+00:00
467719,18-24,F,Housing,Mobile,Northeast,0,7.3,2023-04-21 02:50:00+00:00
467726,55+,F,Housing,Tablet,South,1,6.3575,2023-05-27 14:38:00+00:00
467743,18-24,F,Housing,Tablet,Northeast,0,6.8,2023-03-27 13:29:00+00:00
467746,35-44,F,Housing,Tablet,Midwest,0,12.58,2023-02-04 10:39:00+00:00
467747,55+,F,Housing,Web,South,0,6.735,2023-04-19 12:41:00+00:00
467748,55+,F,Housing,Web,South,1,12.8112,2023-05-10 09:35:00+00:00
467751,25-34,F,Housing,Web,Northeast,1,6.84,2023-01-28 03:55:00+00:00
467761,18-24,F,Housing,Mobile,Northeast,0,10.8,2023-01-06 17:09:00+00:00
467767,18-24,F,Housing,Tablet,Northeast,0,7.14,2023-06-12 18:40:00+00:00
467774,55+,F,Housing,Mobile,South,0,11.43,2023-05-05 16:17:00+00:00
467786,18-24,F,Housing,Web,Northeast,0,5.5788,2023-02-13 07:14:00+00:00
467794,18-24,F,Housing,Tablet,Northeast,0,8.92,2023-04-02 19:47:00+00:00
467799,55+,F,Housing,Tablet,South,0,8.9987,2023-06-09 15:05:00+00:00
467801,25-34,F,Housing,Web,Northeast,0,9.46,2023-05-19 06:19:00+00:00
467813,55+,F,Housing,Web,South,0,10.09,2023-02-02 08:38:00+00:00
467818,35-44,F,Housing,Mobile,Midwest,0,8.78,2023-03-26 12:46:00+00:00
467819,35-44,F,Housing,Mobile,Midwest,0,4.3963,2023-05-18 05:11:00+00:00
467834,18-24,F,Housing,Tablet,Northeast,0,6.0425,2023-04-05 10:47:00+00:00
467838,18-24,F,Housing,Tablet,Northeast,1,6.06,2023-05-09 08:01:00+00:00
467840,18-24,F,Housing,Mobile,Northeast,1,3.6925,2023-02-24 18:59:00+00:00
467841,55+,F,Housing,Web,South,1,0.7087,2023-05-28 15:46:00+00:00
467846,55+,F,Housing,Web,South,0,8.2063,2023-01-06 05:09:00+00:00
467851,25-34,F,Housing,Mobile,Northeast,0,10.5,2023-04-01 06:04:00+00:00
467853,18-24,F,Housing,Mobile,Northeast,0,11.5488,2023-04-10 15:22:00+00:00
467861,18-24,F,Housing,Mobile,Northeast,0,3.1088,2023-01-28 15:38:00+00:00
467871,18-24,F,Housing,Mobile,Northeast,0,11.8138,2023-06-01 19:21:00+00:00
467882,35-44,F,Housing,Mobile,Midwest,0,12.3513,2023-01-22 09:11:00+00:00
467897,35-44,F,Housing,Mobile,Midwest,0,9.6575,2023-05-27 14:38:00+00:00
467901,25-34,F,Housing,Web,Northeast,0,14.5,2023-01-31 18:55:00+00:00
467948,35-44,F,Housing,Mobile,Midwest,0,4.1275,2023-02-12 06:31:00+00:00
467951,25-34,F,Housing,Tablet,Northeast,0,6.84,2023-03-09 07:26:00+00:00
467973,55+,F,Housing,Mobile,South,1,0.7788,2023-02-13 07:06:00+00:00
467981,55+,F,Housing,Web,South,0,3.8925,2023-01-15 02:10:00+00:00
467994,35-44,F,Housing,Mobile,Midwest,1,3.8413,2023-06-23 17:50:00+00:00
467996,35-44,F,Housing,Mobile,Midwest,1,5.8637,2023-04-22 03:15:00+00:00
468000,35-44,F,Housing,Web,Midwest,0,11.295,2023-02-06 12:56:00+00:00
468001,25-34,F,Housing,Mobile,Northeast,0,9.8,2023-05-16 15:36:00+00:00
468014,55+,F,Housing,Web,South,0,6.3875,2023-05-31 06:55:00+00:00
468028,55+,F,Housing,Mobile,South,0,8.12,2023-06-21 03:07:00+00:00
468037,55+,F,Housing,Tablet,South,0,5.66,2023-02-18 12:15:00+00:00
468041,35-44,F,Housing,Tablet,Midwest,0,5.3075,2023-05-07 06:26:00+00:00
468047,55+,F,Housing,Web,South,0,11.5275,2023-03-24 22:28:00+00:00
468051,25-34,F,Housing,Tablet,Northeast,0,6.7,2023-02-10 04:31:00+00:00
468071,35-44,F,Housing,Mobile,Midwest,0,3.605,2023-05-05 04:34:00+00:00
468081,55+,F,Housing,Tablet,South,1,3.9388,2023-02-01 07:21:00+00:00
468093,55+,F,Housing,Tablet,South,0,10.9875,2023-02-20 14:32:00+00:00
468101,25-34,F,Housing,Mobile,Northeast,0,10.46,2023-04-19 12:06:00+00:00
468122,35-44,F,Housing,Tablet,Midwest,0,1.8525,2023-03-04 02:08:00+00:00
468124,18-24,F,Housing,Mobile,Northeast,1,11.84,2023-01-18 17:53:00+00:00
468131,55+,F,Housing,Web,South,1,11.7037,2023-05-24 11:11:00+00:00
468140,18-24,F,Housing,Mobile,Northeast,0,4.095,2023-02-06 12:05:00+00:00
468143,35-44,F,Housing,Tablet,Midwest,0,12.85,2023-03-22 08:37:00+00:00
468151,25-34,F,Housing,Web,Northeast,0,7.78,2023-01-15 02:27:00+00:00
468165,35-44,F,Housing,Tablet,Midwest,1,8.7462,2023-06-27 21:59:00+00:00
468169,18-24,F,Housing,Mobile,Northeast,1,14.96,2023-05-14 01:19:00+00:00
468173,35-44,F,Housing,Mobile,Midwest,0,6.4725,2023-06-28 10:25:00+00:00
468201,25-34,F,Housing,Tablet,Northeast,0,6.9,2023-05-31 18:47:00+00:00
468214,55+,F,Housing,Tablet,South,1,11.86,2023-02-08 02:05:00+00:00
468225,35-44,F,Housing,Web,Midwest,0,11.8975,2023-02-08 14:31:00+00:00
468235,35-44,F,Housing,Web,Midwest,1,15.22,2023-05-27 14:20:00+00:00
468241,18-24,F,Housing,Mobile,Northeast,0,14.62,2023-04-07 00:30:00+00:00
468251,25-34,F,Housing,Mobile,Northeast,0,14.36,2023-02-13 19:57:00+00:00
468263,18-24,F,Housing,Web,Northeast,1,1.4512,2023-03-23 09:11:00+00:00
468264,55+,F,Housing,Tablet,South,1,4.5987,2023-04-30 23:59:00+00:00
468266,18-24,F,Housing,Mobile,Northeast,0,9.7225,2023-02-28 10:25:00+00:00
468273,35-44,F,Housing,Tablet,Midwest,0,11.7675,2023-01-15 14:36:00+00:00
468279,35-44,F,Housing,Web,Midwest,0,6.5537,2023-02-13 19:49:00+00:00
468280,35-44,F,Housing,Tablet,Midwest,0,12.16,2023-01-14 01:44:00+00:00
468288,18-24,F,Housing,Mobile,Northeast,0,8.2125,2023-06-20 02:41:00+00:00
468291,55+,F,Housing,Web,South,0,5.495,2023-01-17 04:28:00+00:00
468294,18-24,F,Housing,Mobile,Northeast,1,1.14,2023-03-14 00:44:00+00:00
468301,25-34,F,Housing,Web,Northeast,1,13.92,2023-01-22 21:11:00+00:00
468305,55+,F,Housing,Tablet,South,0,6.9875,2023-04-21 14:58:00+00:00
468314,55+,F,Housing,Web,South,1,8.2213,2023-04-08 01:13:00+00:00
468335,18-24,F,Housing,Web,Northeast,1,3.0225,2023-01-19 18:54:00+00:00
468343,55+,F,Housing,Web,South,0,9.92,2023-01-22 21:03:00+00:00
468351,25-34,F,Housing,Mobile,Northeast,0,13.8,2023-06-25 19:42:00+00:00
468355,18-24,F,Housing,Mobile,Northeast,0,14.78,2023-01-05 16:26:00+00:00
468385,55+,F,Housing,Tablet,South,0,14.06,2023-04-19 12:24:00+00:00
468401,25-34,F,Housing,Web,Northeast,0,13.9,2023-04-11 16:31:00+00:00
468407,35-44,F,Housing,Tablet,Midwest,0,4.595,2023-04-27 20:59:00+00:00
468417,18-24,F,Housing,Mobile,Northeast,0,11.95,2023-03-02 00:34:00+00:00
468420,55+,F,Housing,Tablet,South,0,9.4887,2023-02-01 07:55:00+00:00
468432,55+,F,Housing,Tablet,South,0,5.3625,2023-02-20 02:50:00+00:00
468440,55+,F,Housing,Web,South,1,12.7112,2023-01-10 09:35:00+00:00
468444,55+,F,Housing,Mobile,South,1,8.5725,2023-04-09 02:14:00+00:00
468448,18-24,F,Housing,Web,Northeast,0,8.32,2023-01-22 21:37:00+00:00
468451,25-34,F,Housing,Mobile,Northeast,1,8.28,2023-02-09 15:48:00+00:00
468467,55+,F,Housing,Mobile,South,0,9.0825,2023-05-27 02:38:00+00:00
468474,18-24,F,Housing,Tablet,Northeast,1,2.0762,2023-05-22 21:20:00+00:00
468485,35-44,F,Housing,Tablet,Midwest,0,1.3588,2023-02-17 23:41:00+00:00
468493,35-44,F,Housing,Tablet,Midwest,0,8.14,2023-01-13 12:44:00+00:00
468497,18-24,F,Housing,Mobile,Northeast,0,4.6712,2023-04-08 01:13:00+00:00
468501,25-34,F,Housing,Web,Northeast,0,8.58,2023-04-05 10:56:00+00:00
468514,35-44,F,Housing,Web,Midwest,0,9.68,2023-02-19 13:15:00+00:00
468521,35-44,F,Housing,Web,Midwest,1,6.1325,2023-04-17 10:40:00+00:00
468522,55+,F,Housing,Web,South,0,7.5613,2023-05-30 17:29:00+00:00
468527,18-24,F,Housing,Mobile,Northeast,0,6.4925,2023-03-16 02:27:00+00:00
468532,18-24,F,Housing,Mobile,Northeast,0,14.5,2023-03-12 10:01:00+00:00
468551,25-34,F,Housing,Web,Northeast,1,14.14,2023-06-02 08:56:00+00:00
468560,55+,F,Housing,Tablet,South,0,3.75,2023-02-10 16:05:00+00:00
468569,55+,F,Housing,Mobile,South,0,8.68,2023-03-26 00:54:00+00:00
468589,18-24,F,Housing,Mobile,Northeast,0,13.12,2023-03-23 21:54:00+00:00
468594,18-24,F,Housing,Web,Northeast,0,10.0237,2023-03-21 19:54:00+00:00
468596,18-24,F,Housing,Web,Northeast,1,10.9987,2023-04-10 15:57:00+00:00
468601,25-34,F,Housing,Web,Northeast,0,13.94,2023-05-03 14:34:00+00:00
468609,18-24,F,Housing,Mobile,Northeast,0,4.8463,2023-02-27 21:16:00+00:00
468632,18-24,F,Housing,Web,Northeast,0,9.2688,2023-01-16 15:10:00+00:00
468635,55+,F,Housing,Mobile,South,0,2.9287,2023-06-13 07:14:00+00:00
468651,25-34,F,Housing,Tablet,Northeast,0,6.74,2023-04-13 18:57:00+00:00
468652,35-44,F,Housing,Web,Midwest,1,11.82,2023-03-18 04:19:00+00:00
468661,18-24,F,Housing,Mobile,Northeast,1,7.5,2023-05-01 00:00:00+00:00
468684,55+,F,Housing,Tablet,South,0,12.3963,2023-01-18 05:45:00+00:00
468697,55+,F,Housing,Web,South,0,7.06,2023-05-19 06:19:00+00:00
468701,25-34,F,Housing,Tablet,Northeast,0,12.9,2023-01-11 22:44:00+00:00
468702,55+,F,Housing,Mobile,South,0,1.8288,2023-06-13 07:14:00+00:00
468709,18-24,F,Housing,Tablet,Northeast,0,12.36,2023-03-25 11:46:00+00:00
468724,18-24,F,Housing,Mobile,Northeast,0,11.76,2023-04-04 09:04:00+00:00
468734,18-24,F,Housing,Web,Northeast,0,5.7763,2023-05-22 21:45:00+00:00
468751,25-34,F,Housing,Web,Northeast,0,6.16,2023-05-14 01:44:00+00:00
468761,35-44,F,Housing,Mobile,Midwest,0,0.545,2023-06-06 12:39:00+00:00
468765,55+,F,Housing,Web,South,1,0.9412,2023-06-23 17:24:00+00:00
468766,18-24,F,Housing,Mobile,Northeast,0,9.56,2023-04-14 07:23:00+00:00
468768,18-24,F,Housing,Mobile,Northeast,0,7.1288,2023-05-24 23:46:00+00:00
468774,35-44,F,Housing,Tablet,Midwest,0,5.75,2023-06-10 16:22:00+00:00
468787,55+,F,Housing,Mobile,South,0,12.54,2023-01-13 12:10:00+00:00
468796,35-44,F,Housing,Mobile,Midwest,0,12.36,2023-04-14 07:49:00+00:00
468801,25-34,F,Housing,Tablet,Northeast,0,13.12,2023-05-02 13:08:00+00:00
468805,35-44,F,Housing,Tablet,Midwest,0,8.96,2023-02-23 05:16:00+00:00
468807,55+,F,Housing,Web,South,1,10.2163,2023-04-24 05:33:00+00:00
468819,35-44,F,Housing,Web,Midwest,0,1.0125,2023-04-21 02:50:00+00:00
468837,35-44,F,Housing,Tablet,Midwest,0,3.805,2023-03-06 04:09:00+00:00
468840,55+,F,Housing,Tablet,South,0,9.7088,2023-01-28 15:55:00+00:00
468843,18-24,F,Housing,Mobile,Northeast,1,7.2363,2023-05-10 21:52:00+00:00
468848,55+,F,Housing,Tablet,South,0,3.4575,2023-06-16 22:40:00+00:00
468851,25-34,F,Housing,Web,Northeast,1,14.36,2023-03-05 15:34:00+00:00
468858,18-24,F,Housing,Tablet,Northeast,1,7.445,2023-04-07 12:56:00+00:00
468862,35-44,F,Housing,Tablet,Midwest,0,11.9,2023-02-10 04:48:00+00:00
468884,35-44,F,Housing,Web,Midwest,0,0.7625,2023-04-21 02:07:00+00:00
468888,35-44,F,Housing,Web,Midwest,0,9.8112,2023-01-30 17:47:00+00:00
468892,35-44,F,Housing,Tablet,Midwest,0,8.38,2023-03-06 04:09:00+00:00
468901,25-34,F,Housing,Web,Northeast,0,10.2,2023-05-16 15:02:00+00:00
468909,55+,F,Housing,Mobile,South,0,6.6238,2023-05-20 19:19:00+00:00
468915,55+,F,Housing,Tablet,South,0,1.8825,2023-02-16 10:49:00+00:00
468928,35-44,F,Housing,Mobile,Midwest,0,6.58,2023-04-25 06:24:00+00:00
468929,55+,F,Housing,Web,South,0,5.7988,2023-03-21 07:19:00+00:00
468943,18-24,F,Housing,Mobile,Northeast,0,7.56,2023-04-14 07:23:00+00:00
468951,25-34,F,Housing,Web,Northeast,0,15.2,2023-01-26 13:37:00+00:00
468954,35-44,F,Housing,Mobile,Midwest,0,2.0975,2023-06-08 14:22:00+00:00
468958,55+,F,Housing,Web,South,0,5.88,2023-06-09 03:31:00+00:00
468963,35-44,F,Housing,Web,Midwest,1,10.4012,2023-03-23 09:45:00+00:00
468994,18-24,F,Housing,Web,Northeast,0,8.5,2023-05-11 10:35:00+00:00
469001,25-34,F,Housing,Web,Northeast,0,12.94,2023-03-14 00:36:00+00:00
469041,35-44,F,Housing,Tablet,Midwest,1,1.2475,2023-03-20 06:11:00+00:00
469051,25-34,F,Housing,Web,Northeast,0,9.18,2023-01-05 04:52:00+00:00
469065,35-44,F,Housing,Web,Midwest,0,10.7912,2023-06-23 17:41:00+00:00
469080,18-24,F,Housing,Web,Northeast,0,10.7625,2023-05-31 18:30:00+00:00
469089,18-24,F,Housing,Tablet,Northeast,0,7.0788,2023-04-14 07:57:00+00:00
469101,25-34,F,Housing,Web,Northeast,0,10.42,2023-06-16 10:15:00+00:00
469107,35-44,F,Housing,Web,Midwest,0,8.9612,2023-04-20 01:32:00+00:00
469111,35-44,F,Housing,Web,Midwest,0,13.3,2023-06-20 02:41:00+00:00
469118,18-24,F,Housing,Tablet,Northeast,0,9.0762,2023-06-11 05:31:00+00:00
469133,55+,F,Housing,Web,South,0,6.785,2023-03-30 04:46:00+00:00
469146,55+,F,Housing,Tablet,South,0,9.0312,2023-05-26 01:12:00+00:00
469151,25-34,F,Housing,Mobile,Northeast,1,9.18,2023-03-06 04:17:00+00:00
469157,55+,F,Housing,Web,South,0,8.2988,2023-06-09 15:14:00+00:00
469168,35-44,F,Housing,Mobile,Midwest,0,6.3,2023-06-10 16:05:00+00:00
469172,35-44,F,Housing,Mobile,Midwest,0,2.2188,2023-03-17 15:27:00+00:00
469174,55+,F,Housing,Tablet,South,0,10.76,2023-03-05 03:17:00+00:00
469177,35-44,F,Housing,Tablet,Midwest,1,9.74,2023-06-02 08:47:00+00:00
469184,35-44,F,Housing,Web,Midwest,1,8.7125,2023-06-20 02:24:00+00:00
469186,18-24,F,Housing,Web,Northeast,1,11.04,2023-06-27 09:33:00+00:00
469187,18-24,F,Housing,Tablet,Northeast,0,9.7863,2023-02-19 13:15:00+00:00
469193,55+,F,Housing,Tablet,South,0,3.0675,2023-04-05 22:22:00+00:00
469197,18-24,F,Housing,Tablet,Northeast,1,8.7613,2023-04-20 01:24:00+00:00
469201,25-34,F,Housing,Mobile,Northeast,0,9.7,2023-04-01 18:30:00+00:00
469209,35-44,F,Housing,Tablet,Midwest,0,5.3788,2023-03-05 15:26:00+00:00
469212,35-44,F,Housing,Tablet,Midwest,1,12.8775,2023-02-12 06:31:00+00:00
469245,35-44,F,Housing,Web,Midwest,0,11.6212,2023-06-07 01:48:00+00:00
469247,35-44,F,Housing,Web,Midwest,0,3.31,2023-05-29 16:55:00+00:00
469251,25-34,F,Housing,Tablet,Northeast,0,10.72,2023-04-12 05:05:00+00:00
469266,55+,F,Housing,Tablet,South,0,6.06,2023-05-09 08:01:00+00:00
469281,18-24,F,Housing,Mobile,Northeast,0,4.1513,2023-03-23 09:20:00+00:00
469298,35-44,F,Housing,Mobile,Midwest,1,2.3237,2023-04-10 03:05:00+00:00
469301,25-34,F,Housing,Tablet,Northeast,1,11.24,2023-02-17 11:06:00+00:00
469314,18-24,F,Housing,Web,Northeast,0,1.2025,2023-02-12 18:40:00+00:00
469318,55+,F,Housing,Mobile,South,1,7.24,2023-01-28 15:29:00+00:00
469321,35-44,F,Housing,Tablet,Midwest,0,10.74,2023-01-03 02:26:00+00:00
469333,18-24,F,Housing,Tablet,Northeast,1,14.58,2023-06-24 06:42:00+00:00
469340,18-24,F,Housing,Tablet,Northeast,0,5.9625,2023-01-31 18:38:00+00:00
469343,35-44,F,Housing,Web,Midwest,1,8.7175,2023-05-15 14:10:00+00:00
469345,35-44,F,Housing,Tablet,Midwest,0,13.94,2023-03-04 14:17:00+00:00
469351,25-34,F,Housing,Tablet,Northeast,0,9.48,2023-02-09 03:05:00+00:00
469353,55+,F,Housing,Web,South,0,1.7075,2023-03-28 14:46:00+00:00
469366,35-44,F,Housing,Web,Midwest,0,7.7,2023-05-11 22:18:00+00:00
469400,18-24,F,Housing,Web,Northeast,1,11.2737,2023-06-09 03:31:00+00:00
469401,25-34,F,Housing,Tablet,Northeast,0,11.4,2023-04-26 19:25:00+00:00
469422,35-44,F,Housing,Mobile,Midwest,0,10.2175,2023-04-25 06:42:00+00:00
469424,55+,F,Housing,Tablet,South,0,1.2087,2023-01-28 15:21:00+00:00
469436,35-44,F,Housing,Mobile,Midwest,0,10.425,2023-03-02 12:42:00+00:00
469441,55+,F,Housing,Tablet,South,0,14.62,2023-05-17 16:45:00+00:00
469444,55+,F,Housing,Tablet,South,0,11.4,2023-03-17 03:53:00+00:00
469451,25-34,F,Housing,Mobile,Northeast,0,7.9,2023-01-01 12:00:00+00:00
469460,55+,F,Housing,Tablet,South,0,2.635,2023-04-19 12:15:00+00:00
469461,18-24,F,Housing,Tablet,Northeast,0,9.1463,2023-06-07 13:56:00+00:00
469466,55+,F,Housing,Mobile,South,1,7.3275,2023-03-24 22:03:00+00:00
469471,35-44,F,Housing,Tablet,Midwest,1,12.24,2023-04-28 21:51:00+00:00
469473,35-44,F,Housing,Web,Midwest,0,10.31,2023-03-30 16:21:00+00:00
469474,55+,F,Housing,Web,South,0,6.78,2023-03-06 16:09:00+00:00
469479,18-24,F,Housing,Tablet,Northeast,0,1.9863,2023-02-19 13:41:00+00:00
469488,18-24,F,Housing,Tablet,Northeast,0,1.3875,2023-01-11 22:27:00+00:00
469491,55+,F,Housing,Mobile,South,0,7.48,2023-03-26 00:03:00+00:00
469492,35-44,F,Housing,Mobile,Midwest,1,9.58,2023-06-14 08:23:00+00:00
469500,18-24,F,Housing,Mobile,Northeast,1,11.865,2023-06-22 04:16:00+00:00
469501,25-34,F,Housing,Mobile,Northeast,1,15.34,2023-06-02 20:13:00+00:00
469507,35-44,F,Housing,Tablet,Midwest,0,6.84,2023-01-28 15:12:00+00:00
469522,55+,F,Housing,Web,South,1,12.86,2023-05-09 08:26:00+00:00
469539,35-44,F,Housing,Web,Midwest,0,9.3637,2023-04-02 19:55:00+00:00
469551,25-34,F,Housing,Mobile,Northeast,0,5.68,2023-02-19 01:24:00+00:00
469554,55+,F,Housing,Tablet,South,0,6.3587,2023-05-08 07:26:00+00:00
469556,55+,F,Housing,Tablet,South,1,12.7587,2023-04-18 23:06:00+00:00
469557,55+,F,Housing,Web,South,0,3.715,2023-06-02 20:21:00+00:00
469560,55+,F,Housing,Web,South,1,12.5337,2023-05-08 19:09:00+00:00
469566,18-24,F,Housing,Tablet,Northeast,0,1.4312,2023-03-07 17:35:00+00:00
469579,18-24,F,Housing,Tablet,Northeast,0,8.8,2023-03-27 01:29:00+00:00
469584,18-24,F,Housing,Tablet,Northeast,0,2.5688,2023-02-05 23:56:00+00:00
469597,55+,F,Housing,Tablet,South,0,10.8,2023-06-15 09:57:00+00:00
469601,25-34,F,Housing,Tablet,Northeast,0,7.56,2023-03-25 23:20:00+00:00
469613,55+,F,Housing,Tablet,South,1,3.6913,2023-06-03 09:04:00+00:00
469620,35-44,F,Housing,Web,Midwest,0,3.7738,2023-03-01 11:17:00+00:00
469632,55+,F,Housing,Mobile,South,0,10.4825,2023-03-28 02:03:00+00:00
469641,18-24,F,Housing,Mobile,Northeast,0,4.3637,2023-02-21 03:58:00+00:00
469651,25-34,F,Housing,Mobile,Northeast,0,7.04,2023-04-28 09:08:00+00:00
469654,55+,F,Housing,Web,South,0,10.72,2023-04-12 17:57:00+00:00
469655,35-44,F,Housing,Mobile,Midwest,0,3.0663,2023-01-14 13:19:00+00:00
469659,18-24,F,Housing,Tablet,Northeast,1,1.0325,2023-03-08 18:52:00+00:00
469665,55+,F,Housing,Web,South,0,8.1562,2023-06-15 21:15:00+00:00
469681,35-44,F,Housing,Web,Midwest,1,7.28,2023-01-30 17:29:00+00:00
469687,35-44,F,Housing,Tablet,Midwest,1,13.58,2023-03-06 04:43:00+00:00
469701,25-34,F,Housing,Web,Northeast,0,13.86,2023-05-19 06:36:00+00:00
469732,55+,F,Housing,Mobile,South,0,8.44,2023-02-17 23:49:00+00:00
469733,35-44,F,Housing,Mobile,Midwest,0,1.88,2023-04-15 08:06:00+00:00
469751,25-34,F,Housing,Web,Northeast,0,12.32,2023-03-03 01:25:00+00:00
469753,35-44,F,Housing,Web,Midwest,1,8.76,2023-05-24 11:46:00+00:00
469770,18-24,F,Housing,Tablet,Northeast,0,8.5237,2023-06-09 03:57:00+00:00
469786,55+,F,Housing,Web,South,0,9.28,2023-02-19 13:32:00+00:00
469789,18-24,F,Housing,Web,Northeast,0,15.2,2023-01-26 13:12:00+00:00
469797,35-44,F,Housing,Tablet,Midwest,0,9.395,2023-06-26 20:33:00+00:00
469801,25-34,F,Housing,Tablet,Northeast,0,11.98,2023-03-26 00:20:00+00:00
469802,35-44,F,Housing,Mobile,Midwest,1,9.5337,2023-03-29 03:29:00+00:00
469803,18-24,F,Housing,Tablet,Northeast,0,4.23,2023-05-05 16:00:00+00:00
469821,35-44,F,Housing,Tablet,Midwest,0,4.8537,2023-03-05 03:34:00+00:00
469839,55+,F,Housing,Mobile,South,1,6.4737,2023-05-20 19:19:00+00:00
469845,55+,F,Housing,Web,South,0,3.8138,2023-05-12 11:27:00+00:00
469846,18-24,F,Housing,Tablet,Northeast,1,10.42,2023-01-27 14:20:00+00:00
469851,25-34,F,Housing,Tablet,Northeast,0,13.76,2023-01-14 13:01:00+00:00
469852,18-24,F,Housing,Tablet,Northeast,0,8.28,2023-05-20 07:28:00+00:00
469862,18-24,F,Housing,Tablet,Northeast,0,8.2538,2023-01-04 03:51:00+00:00
469871,35-44,F,Housing,Mobile,Midwest,0,12.4075,2023-05-07 06:35:00+00:00
469873,35-44,F,Housing,Mobile,Midwest,1,9.3,2023-01-31 18:47:00+00:00
469880,18-24,F,Housing,Tablet,Northeast,0,3.04,2023-04-23 16:24:00+00:00
469889,55+,F,Housing,Web,South,0,5.7375,2023-05-11 22:44:00+00:00
469893,55+,F,Housing,Mobile,South,1,6.425,2023-01-01 12:00:00+00:00
469896,55+,F,Housing,Tablet,South,0,6.3525,2023-01-03 02:00:00+00:00
469901,25-34,F,Housing,Tablet,Northeast,0,6.52,2023-02-01 19:13:00+00:00
469919,35-44,F,Housing,Mobile,Midwest,0,3.2225,2023-06-28 10:16:00+00:00
469944,35-44,F,Housing,Web,Midwest,1,12.0363,2023-05-10 21:09:00+00:00
469951,25-34,F,Housing,Web,Northeast,0,11.42,2023-04-07 12:13:00+00:00
469976,55+,F,Housing,Web,South,0,12.7475,2023-02-08 14:39:00+00:00
469990,18-24,F,Housing,Web,Northeast,0,6.36,2023-03-25 11:03:00+00:00
470001,25-34,F,Housing,Web,Northeast,0,10.64,2023-04-08 01:22:00+00:00
470017,55+,F,Housing,Mobile,South,0,12.3,2023-04-11 16:22:00+00:00
470029,18-24,F,Housing,Mobile,Northeast,0,8.82,2023-01-07 18:18:00+00:00
470036,18-24,F,Housing,Web,Northeast,0,11.6,2023-05-01 00:42:00+00:00
470047,35-44,F,Housing,Web,Midwest,0,10.04,2023-01-08 19:01:00+00:00
470051,25-34,F,Housing,Web,Northeast,1,9.14,2023-04-13 06:14:00+00:00
470055,35-44,F,Housing,Mobile,Midwest,1,8.4537,2023-04-14 19:40:00+00:00
470057,35-44,F,Housing,Web,Midwest,0,8.75,2023-05-21 08:28:00+00:00
470093,55+,F,Housing,Mobile,South,0,12.0738,2023-01-20 19:19:00+00:00
470096,18-24,F,Housing,Web,Northeast,0,9.81,2023-05-09 08:01:00+00:00
470099,18-24,F,Housing,Mobile,Northeast,0,0.9012,2023-02-11 17:05:00+00:00
470101,25-34,F,Housing,Mobile,Northeast,0,10.16,2023-06-23 17:07:00+00:00
470146,35-44,F,Housing,Web,Midwest,0,14.38,2023-05-25 12:54:00+00:00
470151,25-34,F,Housing,Mobile,Northeast,0,11.26,2023-03-30 16:46:00+00:00
470152,35-44,F,Housing,Tablet,Midwest,0,15.2,2023-01-06 05:00:00+00:00
470158,18-24,F,Housing,Mobile,Northeast,0,15.02,2023-02-06 00:22:00+00:00
470162,18-24,F,Housing,Web,Northeast,0,10.0787,2023-02-13 07:49:00+00:00
470165,35-44,F,Housing,Web,Midwest,0,5.855,2023-01-05 04:09:00+00:00
470166,35-44,F,Housing,Mobile,Midwest,1,5.5125,2023-01-11 10:10:00+00:00
470170,55+,F,Housing,Web,South,1,11.38,2023-01-15 02:02:00+00:00
470178,35-44,F,Housing,Tablet,Midwest,0,5.2575,2023-02-16 22:23:00+00:00
470200,35-44,F,Housing,Web,Midwest,0,13.16,2023-02-13 07:23:00+00:00
470201,25-34,F,Housing,Mobile,Northeast,0,13.28,2023-03-11 21:27:00+00:00
470214,35-44,F,Housing,Tablet,Midwest,0,11.875,2023-03-22 20:11:00+00:00
470225,55+,F,Housing,Mobile,South,0,7.465,2023-04-03 20:30:00+00:00
470251,25-34,F,Housing,Tablet,Northeast,0,8.88,2023-01-10 09:44:00+00:00
470260,18-24,F,Housing,Mobile,Northeast,0,15.46,2023-01-19 18:54:00+00:00
470263,18-24,F,Housing,Tablet,Northeast,0,11.64,2023-03-29 15:38:00+00:00
470272,55+,F,Housing,Web,South,0,11.6,2023-01-06 05:52:00+00:00
470289,18-24,F,Housing,Tablet,Northeast,0,9.4262,2023-05-22 21:45:00+00:00
470296,55+,F,Housing,Mobile,South,0,8.02,2023-05-27 14:29:00+00:00
470301,25-34,F,Housing,Mobile,Northeast,0,15.08,2023-05-20 07:28:00+00:00
470325,35-44,F,Housing,Web,Midwest,0,3.2225,2023-02-28 10:16:00+00:00
470333,18-24,F,Housing,Tablet,Northeast,0,10.7525,2023-05-23 10:46:00+00:00
470351,25-34,F,Housing,Mobile,Northeast,0,12.86,2023-02-18 12:06:00+00:00
470381,35-44,F,Housing,Mobile,Midwest,0,2.2675,2023-03-16 14:36:00+00:00
470384,35-44,F,Housing,Tablet,Midwest,0,6.7925,2023-06-24 18:07:00+00:00
470391,55+,F,Housing,Mobile,South,0,11.7075,2023-01-07 06:09:00+00:00
470398,35-44,F,Housing,Tablet,Midwest,0,7.34,2023-03-14 12:01:00+00:00
470401,25-34,F,Housing,Web,Northeast,0,10.26,2023-05-19 18:11:00+00:00
470407,55+,F,Housing,Web,South,0,6.24,2023-02-07 01:13:00+00:00
470442,35-44,F,Housing,Web,Midwest,1,9.8925,2023-03-16 02:44:00+00:00
470443,55+,F,Housing,Web,South,0,5.72,2023-06-21 15:41:00+00:00
470445,35-44,F,Housing,Tablet,Midwest,0,7.605,2023-02-14 20:49:00+00:00
470451,25-34,F,Housing,Tablet,Northeast,0,5.96,2023-01-24 11:46:00+00:00
470453,55+,F,Housing,Mobile,South,0,1.455,2023-03-26 12:12:00+00:00
470462,18-24,F,Housing,Tablet,Northeast,0,10.49,2023-05-13 00:36:00+00:00
470464,55+,F,Housing,Tablet,South,1,7.74,2023-02-22 04:07:00+00:00
470467,55+,F,Housing,Tablet,South,0,12.5,2023-01-31 18:38:00+00:00
470485,18-24,F,Housing,Web,Northeast,0,8.42,2023-03-28 02:46:00+00:00
470501,25-34,F,Housing,Tablet,Northeast,0,15.32,2023-03-13 11:53:00+00:00
470503,18-24,F,Housing,Mobile,Northeast,0,15.32,2023-04-22 15:15:00+00:00
470511,18-24,F,Housing,Web,Northeast,0,3.4463,2023-01-18 05:53:00+00:00
470517,55+,F,Housing,Mobile,South,0,1.2887,2023-04-02 07:21:00+00:00
470519,35-44,F,Housing,Tablet,Midwest,0,5.7625,2023-05-31 18:04:00+00:00
470533,35-44,F,Housing,Tablet,Midwest,0,7.08,2023-04-30 23:42:00+00:00
470535,18-24,F,Housing,Tablet,Northeast,0,11.2912,2023-01-14 01:01:00+00:00
470541,55+,F,Housing,Tablet,South,1,8.8513,2023-06-11 17:05:00+00:00
470545,55+,F,Housing,Tablet,South,0,11.28,2023-03-11 09:35:00+00:00
470546,35-44,F,Housing,Web,Midwest,1,5.7825,2023-06-16 10:58:00+00:00
470551,25-34,F,Housing,Tablet,Northeast,0,6.94,2023-02-22 04:16:00+00:00
470553,55+,F,Housing,Web,South,0,2.1575,2023-04-17 22:40:00+00:00
470560,55+,F,Housing,Web,South,0,9.9,2023-03-02 12:08:00+00:00
470576,55+,F,Housing,Mobile,South,0,4.9425,2023-04-25 18:24:00+00:00
470584,18-24,F,Housing,Tablet,Northeast,0,12.68,2023-06-29 11:34:00+00:00
470601,25-34,F,Housing,Tablet,Northeast,1,13.02,2023-04-27 08:59:00+00:00
470616,18-24,F,Housing,Tablet,Northeast,0,7.77,2023-04-27 08:50:00+00:00
470632,35-44,F,Housing,Web,Midwest,1,6.72,2023-03-23 09:45:00+00:00
470646,18-24,F,Housing,Web,Northeast,1,4.915,2023-04-03 20:30:00+00:00
470651,25-34,F,Housing,Mobile,Northeast,0,6.04,2023-06-17 23:41:00+00:00
470658,18-24,F,Housing,Mobile,Northeast,0,5.0825,2023-06-16 10:06:00+00:00
470661,18-24,F,Housing,Web,Northeast,0,3.1562,2023-05-06 05:35:00+00:00
470662,18-24,F,Housing,Tablet,Northeast,0,10.28,2023-06-09 03:31:00+00:00
470669,18-24,F,Housing,Web,Northeast,0,0.9062,2023-06-15 21:32:00+00:00
470681,55+,F,Housing,Mobile,South,0,9.595,2023-02-06 12:13:00+00:00
470686,18-24,F,Housing,Mobile,Northeast,0,11.0,2023-02-05 23:39:00+00:00
470701,25-34,F,Housing,Tablet,Northeast,0,7.48,2023-04-10 15:57:00+00:00
470726,18-24,F,Housing,Tablet,Northeast,0,12.3938,2023-05-16 03:27:00+00:00
470730,55+,F,Housing,Mobile,South,0,8.9612,2023-05-10 09:09:00+00:00
470736,18-24,F,Housing,Web,Northeast,1,10.2012,2023-05-22 09:28:00+00:00
470739,55+,F,Housing,Mobile,South,0,9.3338,2023-01-08 19:52:00+00:00
470742,55+,F,Housing,Web,South,0,3.3462,2023-02-27 21:59:00+00:00
470751,25-34,F,Housing,Web,Northeast,0,11.34,2023-06-22 16:16:00+00:00
470757,35-44,F,Housing,Tablet,Midwest,0,8.695,2023-06-26 20:50:00+00:00
470761,35-44,F,Housing,Web,Midwest,1,14.04,2023-01-28 15:38:00+00:00
470768,18-24,F,Housing,Web,Northeast,0,2.3525,2023-02-12 18:06:00+00:00
470769,18-24,F,Housing,Mobile,Northeast,1,6.1387,2023-05-12 23:44:00+00:00
470779,18-24,F,Housing,Mobile,Northeast,1,11.22,2023-02-16 22:40:00+00:00
470793,35-44,F,Housing,Tablet,Midwest,0,3.9825,2023-06-16 10:23:00+00:00
470794,18-24,F,Housing,Tablet,Northeast,0,7.26,2023-04-19 12:49:00+00:00
470796,35-44,F,Housing,Web,Midwest,0,9.2325,2023-01-27 02:38:00+00:00
470800,35-44,F,Housing,Mobile,Midwest,0,8.28,2023-02-09 03:57:00+00:00
470801,25-34,F,Housing,Web,Northeast,0,9.3,2023-01-31 18:04:00+00:00
470815,35-44,F,Housing,Tablet,Midwest,0,12.02,2023-04-17 22:23:00+00:00
470829,18-24,F,Housing,Web,Northeast,0,5.605,2023-03-06 04:43:00+00:00
470842,18-24,F,Housing,Tablet,Northeast,0,8.12,2023-06-21 03:41:00+00:00
470851,25-34,F,Housing,Tablet,Northeast,0,13.52,2023-05-22 09:37:00+00:00
470856,18-24,F,Housing,Web,Northeast,0,12.8825,2023-01-07 18:26:00+00:00
470863,55+,F,Housing,Web,South,0,5.7,2023-05-11 22:44:00+00:00
470869,35-44,F,Housing,Mobile,Midwest,0,7.56,2023-03-25 11:37:00+00:00
470874,55+,F,Housing,Mobile,South,0,2.3613,2023-04-20 01:32:00+00:00
470877,55+,F,Housing,Web,South,1,4.2912,2023-01-14 01:10:00+00:00
470886,35-44,F,Housing,Web,Midwest,0,8.1837,2023-01-08 19:18:00+00:00
470897,35-44,F,Housing,Tablet,Midwest,0,5.7888,2023-04-02 07:55:00+00:00
470901,25-34,F,Housing,Mobile,Northeast,0,12.66,2023-05-19 06:19:00+00:00
470911,35-44,F,Housing,Tablet,Midwest,0,9.78,2023-06-04 10:30:00+00:00
470912,55+,F,Housing,Web,South,1,12.3712,2023-06-07 01:39:00+00:00
470921,18-24,F,Housing,Mobile,Northeast,0,8.9612,2023-05-10 09:44:00+00:00
470938,18-24,F,Housing,Mobile,Northeast,0,11.54,2023-01-23 22:46:00+00:00
470943,35-44,F,Housing,Web,Midwest,0,5.4212,2023-03-19 17:11:00+00:00
470951,25-34,F,Housing,Web,Northeast,1,11.6,2023-05-06 17:52:00+00:00
470962,18-24,F,Housing,Web,Northeast,0,7.04,2023-02-27 21:08:00+00:00
470979,18-24,F,Housing,Tablet,Northeast,0,9.76,2023-03-30 16:46:00+00:00
470980,55+,F,Housing,Web,South,0,6.18,2023-06-04 22:30:00+00:00
470985,55+,F,Housing,Tablet,South,0,8.7325,2023-04-17 10:15:00+00:00
470986,18-24,F,Housing,Web,Northeast,0,9.18,2023-03-26 12:29:00+00:00
470994,35-44,F,Housing,Mobile,Midwest,0,6.57,2023-06-06 00:13:00+00:00
470996,18-24,F,Housing,Web,Northeast,0,12.5675,2023-02-04 22:13:00+00:00
471001,25-34,F,Housing,Mobile,Northeast,0,14.52,2023-06-01 19:30:00+00:00
471008,55+,F,Housing,Web,South,0,1.705,2023-03-26 12:20:00+00:00
471028,18-24,F,Housing,Tablet,Northeast,0,12.36,2023-05-04 03:09:00+00:00
471042,55+,F,Housing,Web,South,1,4.0787,2023-04-14 07:49:00+00:00
471051,25-34,F,Housing,Web,Northeast,0,8.5,2023-03-12 10:18:00+00:00
471068,55+,F,Housing,Mobile,South,1,4.0975,2023-03-20 06:19:00+00:00
471070,18-24,F,Housing,Mobile,Northeast,0,12.72,2023-01-02 13:17:00+00:00
471085,18-24,F,Housing,Mobile,Northeast,0,10.8,2023-03-07 05:00:00+00:00
471090,35-44,F,Housing,Web,Midwest,0,7.0,2023-03-22 08:11:00+00:00
471092,18-24,F,Housing,Tablet,Northeast,1,9.925,2023-01-21 20:02:00+00:00
471101,25-34,F,Housing,Tablet,Northeast,0,10.38,2023-06-14 08:57:00+00:00
471102,35-44,F,Housing,Mobile,Midwest,1,6.6837,2023-05-28 03:21:00+00:00
471107,35-44,F,Housing,Tablet,Midwest,1,5.1887,2023-04-22 15:41:00+00:00
471126,55+,F,Housing,Web,South,1,0.8325,2023-04-17 10:23:00+00:00
471128,35-44,F,Housing,Tablet,Midwest,0,12.0437,2023-04-06 11:47:00+00:00
471138,55+,F,Housing,Mobile,South,1,4.4813,2023-05-26 01:37:00+00:00
471142,18-24,F,Housing,Web,Northeast,0,5.56,2023-06-13 19:23:00+00:00
471143,55+,F,Housing,Web,South,1,3.8775,2023-01-23 22:11:00+00:00
471146,55+,F,Housing,Web,South,0,1.8462,2023-04-08 13:13:00+00:00
471151,25-34,F,Housing,Mobile,Northeast,0,15.36,2023-01-14 01:44:00+00:00
471166,18-24,F,Housing,Web,Northeast,1,10.32,2023-05-22 09:45:00+00:00
471170,18-24,F,Housing,Mobile,Northeast,1,0.5775,2023-03-04 14:26:00+00:00
471173,18-24,F,Housing,Web,Northeast,0,0.9663,2023-06-23 05:59:00+00:00
471175,55+,F,Housing,Web,South,0,14.22,2023-05-17 04:19:00+00:00
471179,35-44,F,Housing,Mobile,Midwest,0,8.2562,2023-03-27 13:37:00+00:00
471184,35-44,F,Housing,Tablet,Midwest,0,9.9,2023-01-01 12:00:00+00:00
471186,35-44,F,Housing,Mobile,Midwest,1,11.1762,2023-04-12 05:14:00+00:00
471201,25-34,F,Housing,Web,Northeast,0,15.4,2023-06-25 07:07:00+00:00
471205,18-24,F,Housing,Web,Northeast,0,7.32,2023-01-12 11:53:00+00:00
471216,18-24,F,Housing,Tablet,Northeast,1,3.1488,2023-04-30 23:42:00+00:00
471221,18-24,F,Housing,Mobile,Northeast,0,2.8813,2023-05-26 01:03:00+00:00
471242,55+,F,Housing,Web,South,1,11.3513,2023-03-23 09:37:00+00:00
471251,25-34,F,Housing,Tablet,Northeast,0,13.76,2023-04-04 09:47:00+00:00
471255,55+,F,Housing,Web,South,0,10.6175,2023-05-15 14:27:00+00:00
471282,55+,F,Housing,Tablet,South,1,11.065,2023-06-02 20:04:00+00:00
471287,18-24,F,Housing,Web,Northeast,0,9.1375,2023-05-11 22:01:00+00:00
471293,18-24,F,Housing,Web,Northeast,0,11.0925,2023-02-24 18:07:00+00:00
471299,18-24,F,Housing,Web,Northeast,0,0.9,2023-01-21 08:28:00+00:00
471301,25-34,F,Housing,Web,Northeast,0,9.7,2023-05-31 06:47:00+00:00
471305,18-24,F,Housing,Mobile,Northeast,0,4.7838,2023-05-28 03:55:00+00:00
471306,55+,F,Housing,Tablet,South,1,9.685,2023-04-19 12:58:00+00:00
471325,18-24,F,Housing,Tablet,Northeast,1,6.68,2023-04-30 11:34:00+00:00
471338,55+,F,Housing,Mobile,South,0,0.8838,2023-03-09 19:26:00+00:00
471345,18-24,F,Housing,Web,Northeast,0,11.5563,2023-01-26 13:37:00+00:00
471351,25-34,F,Housing,Tablet,Northeast,0,7.96,2023-04-14 07:31:00+00:00
471352,35-44,F,Housing,Web,Midwest,0,7.94,2023-02-12 06:57:00+00:00
471359,55+,F,Housing,Tablet,South,0,1.2588,2023-05-28 15:12:00+00:00
471367,35-44,F,Housing,Web,Midwest,0,9.86,2023-01-19 06:11:00+00:00
471390,35-44,F,Housing,Mobile,Midwest,0,4.825,2023-03-22 20:37:00+00:00
471401,25-34,F,Housing,Web,Northeast,0,7.3,2023-03-12 22:18:00+00:00
471406,55+,F,Housing,Mobile,South,0,12.02,2023-04-17 22:32:00+00:00
471411,55+,F,Housing,Mobile,South,0,7.4025,2023-05-03 02:51:00+00:00
471424,55+,F,Housing,Web,South,1,8.58,2023-04-25 06:16:00+00:00
471426,55+,F,Housing,Web,South,0,3.5875,2023-03-12 22:44:00+00:00
471450,35-44,F,Housing,Web,Midwest,0,11.4913,2023-05-14 01:44:00+00:00
471451,25-34,F,Housing,Tablet,Northeast,1,9.82,2023-04-07 12:48:00+00:00
471469,18-24,F,Housing,Web,Northeast,0,14.9,2023-02-20 02:32:00+00:00
471470,35-44,F,Housing,Mobile,Midwest,0,11.57,2023-06-06 00:13:00+00:00
471501,25-34,F,Housing,Mobile,Northeast,0,12.38,2023-02-14 08:57:00+00:00
471526,18-24,F,Housing,Mobile,Northeast,0,11.08,2023-05-20 07:45:00+00:00
471541,18-24,F,Housing,Mobile,Northeast,1,13.4,2023-04-06 23:22:00+00:00
471550,55+,F,Housing,Web,South,0,5.84,2023-02-27 21:08:00+00:00
471551,25-34,F,Housing,Mobile,Northeast,0,7.28,2023-05-10 21:09:00+00:00
471553,55+,F,Housing,Web,South,0,11.44,2023-04-08 13:39:00+00:00
471554,35-44,F,Housing,Web,Midwest,1,7.47,2023-03-18 16:19:00+00:00
471559,35-44,F,Housing,Tablet,Midwest,0,7.02,2023-03-18 04:19:00+00:00
471572,35-44,F,Housing,Tablet,Midwest,0,2.625,2023-02-10 04:57:00+00:00
471586,35-44,F,Housing,Web,Midwest,0,8.4,2023-01-06 05:17:00+00:00
471592,35-44,F,Housing,Mobile,Midwest,0,13.18,2023-03-06 16:34:00+00:00
471595,18-24,F,Housing,Tablet,Northeast,0,10.48,2023-03-31 05:04:00+00:00
471601,25-34,F,Housing,Tablet,Northeast,0,10.74,2023-06-12 06:48:00+00:00
471606,18-24,F,Housing,Tablet,Northeast,0,9.21,2023-02-18 00:41:00+00:00
471609,35-44,F,Housing,Web,Midwest,0,7.39,2023-01-13 00:36:00+00:00
471611,18-24,F,Housing,Mobile,Northeast,0,2.1787,2023-03-05 15:09:00+00:00
471638,35-44,F,Housing,Web,Midwest,0,1.7825,2023-05-07 18:00:00+00:00
471643,55+,F,Housing,Tablet,South,1,14.12,2023-01-12 23:18:00+00:00
471646,55+,F,Housing,Mobile,South,0,6.38,2023-02-14 08:40:00+00:00
471650,18-24,F,Housing,Web,Northeast,0,3.7513,2023-05-22 09:45:00+00:00
471651,25-34,F,Housing,Web,Northeast,0,7.16,2023-06-13 19:14:00+00:00
471680,55+,F,Housing,Mobile,South,0,6.8738,2023-01-20 19:28:00+00:00
471697,55+,F,Housing,Mobile,South,0,5.88,2023-02-09 15:22:00+00:00
471701,25-34,F,Housing,Web,Northeast,1,15.44,2023-03-19 05:36:00+00:00
471706,55+,F,Housing,Tablet,South,0,10.8,2023-04-16 21:15:00+00:00
471728,55+,F,Housing,Web,South,1,0.83,2023-01-05 16:00:00+00:00
471734,35-44,F,Housing,Mobile,Midwest,0,4.6887,2023-04-02 07:55:00+00:00
471736,55+,F,Housing,Tablet,South,0,13.06,2023-03-20 06:45:00+00:00
471745,55+,F,Housing,Tablet,South,0,11.2,2023-04-16 21:23:00+00:00
471747,55+,F,Housing,Web,South,1,12.2112,2023-01-30 17:38:00+00:00
471751,25-34,F,Housing,Mobile,Northeast,0,12.78,2023-05-25 00:03:00+00:00
471752,55+,F,Housing,Web,South,0,3.5375,2023-01-31 06:55:00+00:00
471767,35-44,F,Housing,Web,Midwest,0,9.3863,2023-01-10 21:18:00+00:00
471773,18-24,F,Housing,Web,Northeast,0,9.3362,2023-05-30 05:29:00+00:00
471774,18-24,F,Housing,Tablet,Northeast,1,11.9838,2023-05-28 03:21:00+00:00
471782,35-44,F,Housing,Tablet,Midwest,0,11.3163,2023-05-14 13:19:00+00:00
471801,25-34,F,Housing,Tablet,Northeast,1,14.46,2023-01-29 16:21:00+00:00
471802,18-24,F,Housing,Tablet,Northeast,0,14.02,2023-03-08 06:52:00+00:00
471821,55+,F,Housing,Mobile,South,1,3.0888,2023-06-21 15:41:00+00:00
471828,35-44,F,Housing,Web,Midwest,0,11.61,2023-05-09 08:26:00+00:00
471833,18-24,F,Housing,Mobile,Northeast,1,5.175,2023-03-22 20:02:00+00:00
471844,55+,F,Housing,Mobile,South,0,11.68,2023-05-10 09:44:00+00:00
471851,25-34,F,Housing,Mobile,Northeast,0,8.36,2023-02-13 07:57:00+00:00
471861,18-24,F,Housing,Tablet,Northeast,1,6.6475,2023-01-19 06:45:00+00:00
471863,35-44,F,Housing,Tablet,Midwest,0,9.6088,2023-03-09 07:18:00+00:00
471871,35-44,F,Housing,Tablet,Midwest,0,9.62,2023-01-07 18:26:00+00:00
471878,18-24,F,Housing,Web,Northeast,0,5.6588,2023-03-09 07:52:00+00:00
471879,35-44,F,Housing,Mobile,Midwest,0,8.1725,2023-06-28 10:42:00+00:00
471885,55+,F,Housing,Mobile,South,0,5.7225,2023-06-28 10:16:00+00:00
471901,25-34,F,Housing,Mobile,Northeast,0,5.5,2023-04-11 16:40:00+00:00
471911,55+,F,Housing,Web,South,0,9.5738,2023-01-20 19:02:00+00:00
471951,25-34,F,Housing,Mobile,Northeast,0,14.14,2023-03-14 00:27:00+00:00
471956,55+,F,Housing,Mobile,South,0,4.2775,2023-04-13 06:31:00+00:00
471980,55+,F,Housing,Web,South,1,0.7338,2023-06-17 11:41:00+00:00
471982,35-44,F,Housing,Tablet,Midwest,0,8.24,2023-01-18 05:36:00+00:00
471983,55+,F,Housing,Mobile,South,0,10.795,2023-02-06 12:39:00+00:00
472001,25-34,F,Housing,Mobile,Northeast,1,7.24,2023-01-08 19:26:00+00:00
472010,55+,F,Housing,Tablet,South,0,8.5388,2023-01-12 23:35:00+00:00
472041,55+,F,Housing,Web,South,1,12.9313,2023-04-16 09:49:00+00:00
472051,25-34,F,Housing,Mobile,Northeast,0,8.98,2023-06-04 22:04:00+00:00
472054,35-44,F,Housing,Web,Midwest,1,12.92,2023-06-21 03:41:00+00:00
472073,35-44,F,Housing,Mobile,Midwest,0,6.4588,2023-01-08 07:26:00+00:00
472101,25-34,F,Housing,Mobile,Northeast,0,5.84,2023-05-18 05:11:00+00:00
472104,35-44,F,Housing,Web,Midwest,0,8.8262,2023-01-22 21:03:00+00:00
472142,55+,F,Housing,Web,South,0,11.1088,2023-06-17 23:49:00+00:00
472149,18-24,F,Housing,Tablet,Northeast,0,10.7,2023-02-10 16:31:00+00:00
472151,25-34,F,Housing,Tablet,Northeast,0,11.84,2023-04-28 21:51:00+00:00
472152,35-44,F,Housing,Tablet,Midwest,0,6.9688,2023-01-16 15:27:00+00:00
472156,55+,F,Housing,Mobile,South,1,13.36,2023-05-14 01:44:00+00:00
472188,18-24,F,Housing,Mobile,Northeast,1,0.5675,2023-06-24 06:07:00+00:00
472190,55+,F,Housing,Mobile,South,0,4.485,2023-03-30 04:55:00+00:00
472201,25-34,F,Housing,Tablet,Northeast,1,6.62,2023-06-26 08:42:00+00:00
472213,55+,F,Housing,Mobile,South,0,10.92,2023-06-01 19:30:00+00:00
472224,55+,F,Housing,Web,South,0,12.4725,2023-06-28 10:42:00+00:00
472235,18-24,F,Housing,Web,Northeast,0,3.4575,2023-04-17 22:06:00+00:00
472245,55+,F,Housing,Web,South,0,1.04,2023-01-13 00:44:00+00:00
472250,35-44,F,Housing,Tablet,Midwest,0,6.6312,2023-01-06 17:52:00+00:00
472251,25-34,F,Housing,Tablet,Northeast,1,9.16,2023-01-24 11:20:00+00:00
472252,55+,F,Housing,Tablet,South,0,12.18,2023-05-15 02:10:00+00:00
472255,35-44,F,Housing,Web,Midwest,0,8.36,2023-01-24 11:03:00+00:00
472262,55+,F,Housing,Mobile,South,0,5.5125,2023-01-11 10:52:00+00:00
472269,35-44,F,Housing,Tablet,Midwest,1,5.0263,2023-03-23 21:20:00+00:00
472273,35-44,F,Housing,Mobile,Midwest,0,6.9,2023-04-21 02:32:00+00:00
472274,35-44,F,Housing,Web,Midwest,0,2.5038,2023-01-04 03:00:00+00:00
472296,35-44,F,Housing,Mobile,Midwest,0,10.9738,2023-01-20 19:28:00+00:00
472300,35-44,F,Housing,Web,Midwest,0,11.36,2023-01-14 13:10:00+00:00
472301,25-34,F,Housing,Mobile,Northeast,0,7.02,2023-01-17 04:19:00+00:00
472321,55+,F,Housing,Mobile,South,0,7.44,2023-01-18 17:45:00+00:00
472325,35-44,F,Housing,Mobile,Midwest,0,4.6825,2023-01-07 18:35:00+00:00
472326,18-24,F,Housing,Mobile,Northeast,0,11.7387,2023-02-21 15:33:00+00:00
472344,55+,F,Housing,Mobile,South,0,9.03,2023-01-25 00:12:00+00:00
472351,25-34,F,Housing,Web,Northeast,0,9.72,2023-04-22 15:50:00+00:00
472374,55+,F,Housing,Tablet,South,0,9.89,2023-04-03 08:21:00+00:00
472375,35-44,F,Housing,Web,Midwest,0,6.28,2023-01-20 19:02:00+00:00
472376,18-24,F,Housing,Mobile,Northeast,0,7.31,2023-04-19 00:24:00+00:00
472379,55+,F,Housing,Tablet,South,0,4.7438,2023-03-17 03:45:00+00:00
472381,18-24,F,Housing,Tablet,Northeast,0,7.8,2023-04-06 23:13:00+00:00
472389,35-44,F,Housing,Tablet,Midwest,0,9.7025,2023-04-13 18:14:00+00:00
472401,25-34,F,Housing,Tablet,Northeast,0,12.1,2023-04-01 06:21:00+00:00
472411,35-44,F,Housing,Tablet,Midwest,0,10.96,2023-04-24 17:07:00+00:00
472414,35-44,F,Housing,Mobile,Midwest,1,12.72,2023-04-12 17:14:00+00:00
472416,18-24,F,Housing,Web,Northeast,0,5.6225,2023-04-09 02:05:00+00:00
472417,55+,F,Housing,Tablet,South,0,9.9,2023-05-01 12:00:00+00:00
472451,25-34,F,Housing,Tablet,Northeast,0,11.48,2023-03-21 19:54:00+00:00
472471,18-24,F,Housing,Tablet,Northeast,0,8.9,2023-05-31 06:38:00+00:00
472479,18-24,F,Housing,Mobile,Northeast,0,0.9537,2023-03-05 03:26:00+00:00
472480,18-24,F,Housing,Tablet,Northeast,0,15.14,2023-03-24 22:03:00+00:00
472482,55+,F,Housing,Web,South,0,5.5412,2023-01-14 01:19:00+00:00
472485,18-24,F,Housing,Mobile,Northeast,1,12.1312,2023-03-07 17:17:00+00:00
472501,25-34,F,Housing,Mobile,Northeast,0,6.0,2023-03-27 13:12:00+00:00
472503,18-24,F,Housing,Tablet,Northeast,0,7.4212,2023-05-18 17:11:00+00:00
472524,18-24,F,Housing,Web,Northeast,0,10.6088,2023-03-29 15:21:00+00:00
472531,55+,F,Housing,Web,South,0,14.0,2023-05-06 05:43:00+00:00
472543,35-44,F,Housing,Tablet,Midwest,0,6.74,2023-01-03 14:34:00+00:00
472547,55+,F,Housing,Web,South,0,3.5863,2023-05-30 05:12:00+00:00
472551,25-34,F,Housing,Tablet,Northeast,0,8.64,2023-01-18 05:36:00+00:00
472573,35-44,F,Housing,Mobile,Midwest,0,13.08,2023-01-20 19:02:00+00:00
472577,55+,F,Housing,Web,South,0,3.8363,2023-01-10 21:27:00+00:00
472582,55+,F,Housing,Tablet,South,0,5.82,2023-02-26 20:42:00+00:00
472601,25-34,F,Housing,Web,Northeast,0,10.82,2023-04-17 22:23:00+00:00
472611,35-44,F,Housing,Web,Midwest,0,1.1462,2023-04-28 21:16:00+00:00
472612,35-44,F,Housing,Tablet,Midwest,0,5.64,2023-03-29 15:29:00+00:00
472615,55+,F,Housing,Tablet,South,0,6.74,2023-05-23 22:28:00+00:00
472617,35-44,F,Housing,Mobile,Midwest,0,12.6337,2023-02-17 11:41:00+00:00
472626,55+,F,Housing,Tablet,South,0,11.1725,2023-06-28 10:51:00+00:00
472640,35-44,F,Housing,Mobile,Midwest,1,5.8913,2023-04-04 09:30:00+00:00
472651,25-34,F,Housing,Tablet,Northeast,1,10.44,2023-02-17 11:06:00+00:00
472657,35-44,F,Housing,Web,Midwest,0,10.02,2023-01-07 18:09:00+00:00
472668,35-44,F,Housing,Tablet,Midwest,1,12.2338,2023-01-08 19:09:00+00:00
472694,55+,F,Housing,Web,South,1,8.9775,2023-01-03 14:34:00+00:00
472695,55+,F,Housing,Mobile,South,1,3.5488,2023-03-21 07:45:00+00:00
472697,35-44,F,Housing,Web,Midwest,0,10.9262,2023-06-11 05:23:00+00:00
472701,25-34,F,Housing,Web,Northeast,1,13.62,2023-01-27 14:38:00+00:00
472714,55+,F,Housing,Tablet,South,0,5.6,2023-04-16 09:32:00+00:00
472718,18-24,F,Housing,Web,Northeast,0,10.45,2023-03-22 08:37:00+00:00
472728,35-44,F,Housing,Web,Midwest,0,10.13,2023-01-05 16:26:00+00:00
472750,35-44,F,Housing,Web,Midwest,0,6.78,2023-06-14 08:40:00+00:00
472751,25-34,F,Housing,Mobile,Northeast,0,9.74,2023-06-02 20:21:00+00:00
472752,55+,F,Housing,Mobile,South,0,10.05,2023-03-02 00:00:00+00:00
472758,35-44,F,Housing,Web,Midwest,1,2.4787,2023-01-04 15:51:00+00:00
472765,35-44,F,Housing,Tablet,Midwest,1,11.48,2023-01-20 19:37:00+00:00
472793,35-44,F,Housing,Web,Midwest,0,6.6087,2023-01-28 15:38:00+00:00
472798,55+,F,Housing,Mobile,South,0,7.74,2023-06-02 20:47:00+00:00
472801,25-34,F,Housing,Web,Northeast,0,7.12,2023-03-03 01:34:00+00:00
472829,55+,F,Housing,Tablet,South,0,11.9012,2023-04-12 17:40:00+00:00
472838,18-24,F,Housing,Tablet,Northeast,0,1.2412,2023-06-23 17:16:00+00:00
472839,55+,F,Housing,Web,South,1,3.3112,2023-03-11 09:52:00+00:00
472843,18-24,F,Housing,Web,Northeast,1,7.52,2023-06-11 05:57:00+00:00
472851,25-34,F,Housing,Tablet,Northeast,1,6.56,2023-06-03 21:47:00+00:00
472901,25-34,F,Housing,Mobile,Northeast,1,9.52,2023-02-11 17:48:00+00:00
472907,18-24,F,Housing,Web,Northeast,1,8.7775,2023-02-12 06:31:00+00:00
472930,35-44,F,Housing,Web,Midwest,1,7.24,2023-05-28 03:03:00+00:00
472940,35-44,F,Housing,Tablet,Midwest,0,11.1487,2023-03-01 23:42:00+00:00
472947,35-44,F,Housing,Mobile,Midwest,0,1.065,2023-06-22 04:24:00+00:00
472951,25-34,F,Housing,Web,Northeast,0,10.5,2023-06-20 02:24:00+00:00
472952,35-44,F,Housing,Tablet,Midwest,0,8.8087,2023-02-17 23:41:00+00:00
472958,55+,F,Housing,Mobile,South,0,10.52,2023-04-27 08:42:00+00:00
472959,55+,F,Housing,Mobile,South,0,7.4662,2023-02-23 05:50:00+00:00
472971,18-24,F,Housing,Mobile,Northeast,0,5.6125,2023-04-01 18:55:00+00:00
472984,35-44,F,Housing,Tablet,Midwest,0,12.9,2023-03-12 22:44:00+00:00
472987,35-44,F,Housing,Mobile,Midwest,1,9.5,2023-03-22 08:11:00+00:00
472991,35-44,F,Housing,Tablet,Midwest,1,0.5687,2023-01-16 15:53:00+00:00
472995,55+,F,Housing,Mobile,South,1,10.54,2023-03-14 00:36:00+00:00
473000,55+,F,Housing,Tablet,South,1,4.2425,2023-06-24 18:24:00+00:00
473001,25-34,F,Housing,Tablet,Northeast,0,12.1,2023-04-01 06:47:00+00:00
473011,18-24,F,Housing,Web,Northeast,1,11.42,2023-05-17 16:02:00+00:00
473013,55+,F,Housing,Tablet,South,0,3.245,2023-04-27 20:33:00+00:00
473024,35-44,F,Housing,Mobile,Midwest,0,6.75,2023-02-10 16:40:00+00:00
473034,55+,F,Housing,Mobile,South,0,8.175,2023-03-02 12:42:00+00:00
473041,35-44,F,Housing,Web,Midwest,0,7.2,2023-05-06 17:52:00+00:00
473051,25-34,F,Housing,Web,Northeast,0,11.06,2023-05-19 18:02:00+00:00
473055,55+,F,Housing,Web,South,0,4.7462,2023-06-27 21:42:00+00:00
473073,18-24,F,Housing,Mobile,Northeast,0,10.6225,2023-04-09 02:05:00+00:00
473078,55+,F,Housing,Tablet,South,0,7.4225,2023-04-09 02:05:00+00:00
473084,55+,F,Housing,Mobile,South,0,10.33,2023-01-05 16:34:00+00:00
473096,55+,F,Housing,Mobile,South,0,5.0012,2023-05-22 09:54:00+00:00
473100,35-44,F,Housing,Web,Midwest,1,8.89,2023-03-14 00:44:00+00:00
473101,25-34,F,Housing,Mobile,Northeast,0,11.32,2023-01-12 11:01:00+00:00
473127,35-44,F,Housing,Tablet,Midwest,1,3.3675,2023-06-04 22:47:00+00:00
473129,18-24,F,Housing,Mobile,Northeast,1,10.9138,2023-05-12 11:53:00+00:00
473151,25-34,F,Housing,Tablet,Northeast,0,7.2,2023-02-15 21:32:00+00:00
473161,35-44,F,Housing,Web,Midwest,1,8.1,2023-01-11 10:27:00+00:00
473174,18-24,F,Housing,Mobile,Northeast,0,5.3362,2023-05-10 21:09:00+00:00
473175,35-44,F,Housing,Mobile,Midwest,0,7.1463,2023-04-28 21:51:00+00:00
473201,25-34,F,Housing,Mobile,Northeast,0,12.98,2023-04-05 10:04:00+00:00
473202,35-44,F,Housing,Web,Midwest,0,11.4175,2023-06-04 22:22:00+00:00
473234,35-44,F,Housing,Tablet,Midwest,1,6.365,2023-01-13 12:01:00+00:00
473248,55+,F,Housing,Web,South,0,6.56,2023-02-23 05:59:00+00:00
473251,25-34,F,Housing,Mobile,Northeast,0,6.78,2023-03-06 04:26:00+00:00
473271,35-44,F,Housing,Tablet,Midwest,0,3.3213,2023-01-18 17:45:00+00:00
473299,35-44,F,Housing,Tablet,Midwest,0,13.56,2023-06-13 07:40:00+00:00
473301,25-34,F,Housing,Mobile,Northeast,0,15.46,2023-02-28 10:25:00+00:00
473308,18-24,F,Housing,Web,Northeast,0,10.4,2023-02-15 21:06:00+00:00
473318,55+,F,Housing,Tablet,South,1,1.92,2023-04-27 08:25:00+00:00
473320,55+,F,Housing,Web,South,0,7.0,2023-05-16 03:27:00+00:00
473321,18-24,F,Housing,Tablet,Northeast,0,10.8887,2023-01-12 23:10:00+00:00
473325,55+,F,Housing,Mobile,South,1,9.4962,2023-03-19 05:28:00+00:00
473335,55+,F,Housing,Mobile,South,0,6.28,2023-02-09 03:31:00+00:00
473345,18-24,F,Housing,Web,Northeast,0,10.9488,2023-06-29 23:42:00+00:00
473346,35-44,F,Housing,Mobile,Midwest,0,12.8788,2023-05-24 23:20:00+00:00
473351,25-34,F,Housing,Web,Northeast,1,8.26,2023-02-28 10:25:00+00:00
473355,55+,F,Housing,Tablet,South,0,2.1362,2023-05-30 05:38:00+00:00
473375,35-44,F,Housing,Tablet,Midwest,0,5.2325,2023-01-27 02:38:00+00:00
473388,35-44,F,Housing,Mobile,Midwest,0,4.0663,2023-04-04 21:13:00+00:00
473401,25-34,F,Housing,Web,Northeast,0,8.18,2023-03-16 14:10:00+00:00
473417,55+,F,Housing,Tablet,South,1,9.1263,2023-02-11 05:05:00+00:00
473419,55+,F,Housing,Mobile,South,1,15.08,2023-05-20 07:28:00+00:00
473434,18-24,F,Housing,Mobile,Northeast,0,12.18,2023-04-05 10:30:00+00:00
473449,55+,F,Housing,Web,South,1,12.74,2023-01-03 14:43:00+00:00
473451,25-34,F,Housing,Web,Northeast,0,8.24,2023-06-27 09:59:00+00:00
473460,18-24,F,Housing,Web,Northeast,0,10.2137,2023-02-01 19:38:00+00:00
473464,18-24,F,Housing,Tablet,Northeast,0,9.48,2023-06-09 15:22:00+00:00
473471,35-44,F,Housing,Mobile,Midwest,0,2.6888,2023-04-22 15:07:00+00:00
473474,35-44,F,Housing,Mobile,Midwest,0,10.3413,2023-03-15 01:44:00+00:00
473480,55+,F,Housing,Mobile,South,0,4.7337,2023-01-08 19:01:00+00:00
473493,55+,F,Housing,Web,South,0,8.1113,2023-06-19 01:41:00+00:00
473500,55+,F,Housing,Mobile,South,0,10.92,2023-03-13 11:01:00+00:00
473501,25-34,F,Housing,Tablet,Northeast,0,9.72,2023-02-21 15:24:00+00:00
473502,55+,F,Housing,Web,South,0,9.2888,2023-01-12 23:01:00+00:00
473508,18-24,F,Housing,Mobile,Northeast,1,6.3075,2023-05-27 14:29:00+00:00
473509,18-24,F,Housing,Web,Northeast,0,8.06,2023-03-30 16:38:00+00:00
473519,55+,F,Housing,Mobile,South,0,1.97,2023-05-17 16:28:00+00:00
473522,18-24,F,Housing,Web,Northeast,0,2.9962,2023-05-18 05:28:00+00:00
473532,55+,F,Housing,Mobile,South,1,6.6988,2023-05-20 07:28:00+00:00
473536,18-24,F,Housing,Tablet,Northeast,0,5.76,2023-01-14 13:10:00+00:00
473551,25-34,F,Housing,Mobile,Northeast,1,7.72,2023-03-13 23:44:00+00:00
473568,18-24,F,Housing,Mobile,Northeast,0,6.21,2023-06-18 00:41:00+00:00
473574,35-44,F,Housing,Web,Midwest,0,2.9112,2023-06-19 01:32:00+00:00
473578,18-24,F,Housing,Mobile,Northeast,0,14.8,2023-02-15 21:49:00+00:00
473590,55+,F,Housing,Tablet,South,0,7.2,2023-06-15 09:23:00+00:00
473593,18-24,F,Housing,Tablet,Northeast,0,13.88,2023-03-01 23:59:00+00:00
473601,25-34,F,Housing,Mobile,Northeast,0,11.98,2023-03-26 00:37:00+00:00
473610,55+,F,Housing,Tablet,South,0,1.9863,2023-06-19 13:49:00+00:00
473611,35-44,F,Housing,Tablet,Midwest,1,9.94,2023-01-23 22:03:00+00:00
473615,18-24,F,Housing,Tablet,Northeast,0,5.9925,2023-02-04 10:39:00+00:00
473625,35-44,F,Housing,Web,Midwest,0,1.3213,2023-06-07 01:13:00+00:00
473628,35-44,F,Housing,Web,Midwest,1,3.9575,2023-01-07 06:52:00+00:00
473640,18-24,F,Housing,Web,Northeast,0,3.02,2023-05-17 16:02:00+00:00
473642,55+,F,Housing,Mobile,South,0,4.3775,2023-01-23 22:37:00+00:00
473651,25-34,F,Housing,Web,Northeast,1,6.68,2023-03-21 07:54:00+00:00
473656,35-44,F,Housing,Tablet,Midwest,0,13.48,2023-03-01 11:42:00+00:00
473668,35-44,F,Housing,Web,Midwest,0,10.12,2023-03-13 11:35:00+00:00
473672,18-24,F,Housing,Web,Northeast,0,9.3637,2023-02-01 19:21:00+00:00
473676,35-44,F,Housing,Mobile,Midwest,1,8.1937,2023-06-25 19:16:00+00:00
473687,18-24,F,Housing,Mobile,Northeast,0,6.3375,2023-04-01 06:12:00+00:00
473701,25-34,F,Housing,Web,Northeast,1,9.46,2023-04-09 02:05:00+00:00
473724,55+,F,Housing,Tablet,South,1,11.345,2023-05-17 04:28:00+00:00
473726,35-44,F,Housing,Mobile,Midwest,0,5.3425,2023-06-24 18:33:00+00:00
473729,35-44,F,Housing,Mobile,Midwest,0,5.3275,2023-05-03 14:17:00+00:00
473736,35-44,F,Housing,Mobile,Midwest,1,9.5325,2023-03-28 02:20:00+00:00
473751,25-34,F,Housing,Mobile,Northeast,0,5.74,2023-06-02 08:30:00+00:00
473754,35-44,F,Housing,Tablet,Midwest,0,7.5587,2023-06-17 23:41:00+00:00
473769,35-44,F,Housing,Tablet,Midwest,1,4.8625,2023-01-11 10:01:00+00:00
473770,35-44,F,Housing,Web,Midwest,1,7.16,2023-03-05 15:17:00+00:00
473791,18-24,F,Housing,Web,Northeast,0,6.64,2023-05-18 05:02:00+00:00
473795,35-44,F,Housing,Web,Midwest,0,10.3925,2023-04-25 18:33:00+00:00
473801,25-34,F,Housing,Tablet,Northeast,0,6.96,2023-05-14 01:44:00+00:00
473810,35-44,F,Housing,Tablet,Midwest,0,3.8087,2023-06-17 23:32:00+00:00
473812,55+,F,Housing,Mobile,South,0,13.68,2023-05-10 09:27:00+00:00
473817,55+,F,Housing,Web,South,0,4.2625,2023-04-21 02:32:00+00:00
473829,55+,F,Housing,Tablet,South,0,2.4737,2023-06-09 03:39:00+00:00
473835,35-44,F,Housing,Tablet,Midwest,0,10.085,2023-03-30 04:55:00+00:00
473839,35-44,F,Housing,Web,Midwest,0,10.78,2023-03-06 04:00:00+00:00
473843,55+,F,Housing,Tablet,South,0,11.8625,2023-03-12 10:52:00+00:00
473844,18-24,F,Housing,Mobile,Northeast,0,12.5838,2023-04-18 11:23:00+00:00
473851,25-34,F,Housing,Tablet,Northeast,1,14.0,2023-05-26 01:12:00+00:00
473859,35-44,F,Housing,Tablet,Midwest,1,0.5175,2023-06-04 22:47:00+00:00
473867,55+,F,Housing,Mobile,South,1,1.4838,2023-06-17 11:49:00+00:00
473880,18-24,F,Housing,Tablet,Northeast,0,12.56,2023-01-29 16:12:00+00:00
473889,35-44,F,Housing,Web,Midwest,0,12.6875,2023-02-20 14:58:00+00:00
473892,18-24,F,Housing,Tablet,Northeast,0,6.7763,2023-04-12 05:57:00+00:00
473896,55+,F,Housing,Tablet,South,1,14.76,2023-03-25 23:29:00+00:00
473901,25-34,F,Housing,Tablet,Northeast,0,12.54,2023-02-02 08:13:00+00:00
473907,18-24,F,Housing,Web,Northeast,0,6.7213,2023-01-18 17:11:00+00:00
473932,18-24,F,Housing,Tablet,Northeast,1,5.78,2023-04-05 10:47:00+00:00
473935,35-44,F,Housing,Tablet,Midwest,1,9.82,2023-04-27 08:33:00+00:00
473940,55+,F,Housing,Web,South,0,2.8525,2023-05-23 10:37:00+00:00
473946,55+,F,Housing,Web,South,0,2.3813,2023-01-06 17:52:00+00:00
473951,25-34,F,Housing,Tablet,Northeast,0,10.78,2023-03-26 12:46:00+00:00
473952,55+,F,Housing,Tablet,South,1,11.4575,2023-05-27 14:29:00+00:00
473953,35-44,F,Housing,Tablet,Midwest,1,5.68,2023-03-31 05:12:00+00:00
473955,35-44,F,Housing,Tablet,Midwest,0,11.2425,2023-06-04 10:22:00+00:00
473958,18-24,F,Housing,Mobile,Northeast,0,11.0325,2023-05-07 18:35:00+00:00
473978,55+,F,Housing,Mobile,South,0,11.4738,2023-03-21 19:54:00+00:00
473982,18-24,F,Housing,Tablet,Northeast,0,5.8012,2023-01-02 01:17:00+00:00
473984,18-24,F,Housing,Tablet,Northeast,0,3.8125,2023-04-21 02:24:00+00:00
474001,25-34,F,Housing,Tablet,Northeast,0,14.54,2023-04-23 04:58:00+00:00
474027,18-24,F,Housing,Mobile,Northeast,0,3.5337,2023-01-08 19:26:00+00:00
474032,18-24,F,Housing,Mobile,Northeast,0,11.8763,2023-01-02 13:43:00+00:00
474044,18-24,F,Housing,Mobile,Northeast,1,9.0288,2023-04-14 07:31:00+00:00
474051,25-34,F,Housing,Web,Northeast,1,7.14,2023-02-12 18:06:00+00:00
474065,18-24,F,Housing,Tablet,Northeast,0,9.865,2023-03-14 12:36:00+00:00
474073,55+,F,Housing,Web,South,0,12.12,2023-04-02 07:13:00+00:00
474079,18-24,F,Housing,Web,Northeast,0,6.0,2023-03-27 13:37:00+00:00
474081,55+,F,Housing,Web,South,0,5.5587,2023-03-09 07:43:00+00:00
474101,25-34,F,Housing,Web,Northeast,0,14.42,2023-01-07 18:52:00+00:00
474105,35-44,F,Housing,Tablet,Midwest,0,4.1538,2023-01-24 11:20:00+00:00
474124,55+,F,Housing,Tablet,South,0,8.06,2023-03-30 04:55:00+00:00
474148,18-24,F,Housing,Web,Northeast,0,9.4,2023-06-25 07:50:00+00:00
474150,35-44,F,Housing,Mobile,Midwest,0,6.5038,2023-04-14 19:14:00+00:00
474151,25-34,F,Housing,Mobile,Northeast,0,13.42,2023-01-17 04:10:00+00:00
474201,25-34,F,Housing,Tablet,Northeast,0,12.24,2023-02-27 09:51:00+00:00
474218,35-44,F,Housing,Mobile,Midwest,0,4.8913,2023-05-14 01:19:00+00:00
474226,55+,F,Housing,Mobile,South,0,6.1,2023-06-20 14:32:00+00:00
474228,18-24,F,Housing,Web,Northeast,1,12.7725,2023-02-28 10:42:00+00:00
474229,35-44,F,Housing,Web,Midwest,0,15.1,2023-03-22 08:11:00+00:00
474240,18-24,F,Housing,Tablet,Northeast,0,10.1412,2023-06-23 17:50:00+00:00
474244,55+,F,Housing,Mobile,South,0,8.04,2023-01-28 03:55:00+00:00
474251,25-34,F,Housing,Tablet,Northeast,0,5.7,2023-01-11 22:44:00+00:00
474270,18-24,F,Housing,Tablet,Northeast,1,10.455,2023-06-14 20:40:00+00:00
474281,35-44,F,Housing,Mobile,Midwest,1,5.415,2023-05-13 12:18:00+00:00
474295,55+,F,Housing,Mobile,South,0,7.06,2023-04-09 02:05:00+00:00
474301,25-34,F,Housing,Mobile,Northeast,0,9.36,2023-02-03 21:39:00+00:00
474304,55+,F,Housing,Web,South,1,6.34,2023-05-03 14:26:00+00:00
474307,18-24,F,Housing,Tablet,Northeast,1,8.98,2023-03-16 14:53:00+00:00
474315,35-44,F,Housing,Mobile,Midwest,0,5.3375,2023-01-31 06:12:00+00:00
474329,18-24,F,Housing,Mobile,Northeast,0,7.5862,2023-05-30 05:04:00+00:00
474334,18-24,F,Housing,Mobile,Northeast,0,14.94,2023-02-22 04:16:00+00:00
474342,55+,F,Housing,Mobile,South,0,9.0563,2023-04-16 21:57:00+00:00
474351,25-34,F,Housing,Tablet,Northeast,0,13.54,2023-03-24 22:28:00+00:00
474354,35-44,F,Housing,Mobile,Midwest,0,3.585,2023-03-30 04:46:00+00:00
474359,35-44,F,Housing,Web,Midwest,0,5.97,2023-05-17 16:02:00+00:00
474376,18-24,F,Housing,Mobile,Northeast,0,11.86,2023-02-28 22:42:00+00:00
474390,35-44,F,Housing,Tablet,Midwest,0,11.53,2023-02-14 08:40:00+00:00
474393,55+,F,Housing,Tablet,South,0,2.7163,2023-06-03 21:56:00+00:00
474401,25-34,F,Housing,Web,Northeast,1,11.1,2023-05-21 08:20:00+00:00
474404,55+,F,Housing,Mobile,South,0,0.6625,2023-01-11 10:35:00+00:00
474411,18-24,F,Housing,Web,Northeast,0,0.7087,2023-05-08 07:26:00+00:00
474423,18-24,F,Housing,Web,Northeast,1,4.915,2023-05-13 12:36:00+00:00
474429,18-24,F,Housing,Tablet,Northeast,0,5.7375,2023-04-21 14:50:00+00:00
474433,18-24,F,Housing,Mobile,Northeast,0,5.9,2023-05-01 12:17:00+00:00
474449,55+,F,Housing,Mobile,South,0,5.885,2023-06-18 12:15:00+00:00
474451,25-34,F,Housing,Tablet,Northeast,0,10.58,2023-04-05 22:30:00+00:00
474459,35-44,F,Housing,Mobile,Midwest,0,4.815,2023-06-22 04:33:00+00:00
474463,18-24,F,Housing,Web,Northeast,0,13.8,2023-05-16 15:19:00+00:00
474472,55+,F,Housing,Web,South,0,5.62,2023-03-08 06:52:00+00:00
474484,55+,F,Housing,Web,South,0,6.56,2023-01-14 13:19:00+00:00
474487,35-44,F,Housing,Mobile,Midwest,0,6.84,2023-05-08 19:52:00+00:00
474494,55+,F,Housing,Tablet,South,1,10.365,2023-02-02 20:04:00+00:00
474500,18-24,F,Housing,Tablet,Northeast,0,4.095,2023-02-26 20:25:00+00:00
474501,25-34,F,Housing,Web,Northeast,0,13.36,2023-05-14 01:10:00+00:00
474538,55+,F,Housing,Tablet,South,0,13.06,2023-02-28 22:59:00+00:00
474551,25-34,F,Housing,Tablet,Northeast,0,13.96,2023-01-24 23:11:00+00:00
474558,18-24,F,Housing,Mobile,Northeast,1,4.305,2023-04-15 20:06:00+00:00
474576,18-24,F,Housing,Mobile,Northeast,0,11.005,2023-04-15 20:40:00+00:00
474592,35-44,F,Housing,Tablet,Midwest,0,7.56,2023-04-14 19:23:00+00:00
474601,25-34,F,Housing,Mobile,Northeast,1,14.66,2023-05-19 06:02:00+00:00
474602,18-24,F,Housing,Web,Northeast,0,12.9962,2023-05-18 05:02:00+00:00
474619,55+,F,Housing,Mobile,South,0,13.04,2023-05-18 17:45:00+00:00
474634,18-24,F,Housing,Tablet,Northeast,0,10.94,2023-02-22 04:50:00+00:00
474643,35-44,F,Housing,Mobile,Midwest,1,10.46,2023-05-09 20:01:00+00:00
474651,25-34,F,Housing,Mobile,Northeast,1,9.5,2023-01-01 12:08:00+00:00
474652,55+,F,Housing,Mobile,South,0,10.74,2023-03-24 10:37:00+00:00
474656,18-24,F,Housing,Web,Northeast,0,1.4263,2023-01-02 13:51:00+00:00
474671,55+,F,Housing,Web,South,1,4.7687,2023-04-06 23:47:00+00:00
474672,55+,F,Housing,Tablet,South,1,6.245,2023-01-17 04:53:00+00:00
474692,55+,F,Housing,Web,South,0,1.5862,2023-01-30 05:12:00+00:00
474693,35-44,F,Housing,Mobile,Midwest,0,7.1513,2023-01-22 09:11:00+00:00
474696,18-24,F,Housing,Web,Northeast,0,5.7613,2023-06-19 01:15:00+00:00
474700,55+,F,Housing,Web,South,0,14.76,2023-02-13 07:40:00+00:00
474701,25-34,F,Housing,Mobile,Northeast,0,8.08,2023-06-19 13:49:00+00:00
474707,18-24,F,Housing,Mobile,Northeast,0,5.7575,2023-06-16 22:40:00+00:00
474715,35-44,F,Housing,Web,Midwest,0,11.8,2023-04-26 07:50:00+00:00
474731,55+,F,Housing,Mobile,South,0,2.5088,2023-06-17 23:41:00+00:00
474738,18-24,F,Housing,Tablet,Northeast,0,3.4875,2023-01-11 22:44:00+00:00
474741,55+,F,Housing,Mobile,South,0,4.3262,2023-01-02 13:25:00+00:00
474744,18-24,F,Housing,Web,Northeast,0,12.685,2023-01-09 20:01:00+00:00
474751,25-34,F,Housing,Web,Northeast,0,6.42,2023-02-16 22:32:00+00:00
474753,55+,F,Housing,Web,South,0,10.175,2023-03-02 12:25:00+00:00
474756,35-44,F,Housing,Mobile,Midwest,0,4.19,2023-05-13 00:18:00+00:00
474761,55+,F,Housing,Tablet,South,0,11.6937,2023-06-25 19:50:00+00:00
474762,18-24,F,Housing,Tablet,Northeast,0,9.6525,2023-03-24 10:20:00+00:00
474772,35-44,F,Housing,Mobile,Midwest,0,8.52,2023-04-22 15:50:00+00:00
474789,55+,F,Housing,Mobile,South,1,9.4138,2023-04-02 19:04:00+00:00
474797,18-24,F,Housing,Tablet,Northeast,1,7.3412,2023-05-14 01:19:00+00:00
474801,25-34,F,Housing,Tablet,Northeast,1,7.1,2023-05-01 12:00:00+00:00
474810,55+,F,Housing,Mobile,South,0,9.6325,2023-05-27 02:46:00+00:00
474813,55+,F,Housing,Tablet,South,1,12.23,2023-01-05 16:00:00+00:00
474824,18-24,F,Housing,Tablet,Northeast,0,8.5525,2023-03-24 10:37:00+00:00
474851,25-34,F,Housing,Web,Northeast,0,10.8,2023-05-06 17:35:00+00:00
474871,35-44,F,Housing,Web,Midwest,0,8.76,2023-05-24 23:20:00+00:00
474873,35-44,F,Housing,Mobile,Midwest,0,11.8737,2023-01-20 19:28:00+00:00
474883,55+,F,Housing,Web,South,1,9.32,2023-01-12 23:10:00+00:00
474885,18-24,F,Housing,Web,Northeast,0,4.1775,2023-03-24 22:28:00+00:00
474888,18-24,F,Housing,Mobile,Northeast,0,5.3137,2023-06-01 19:55:00+00:00
474891,35-44,F,Housing,Tablet,Midwest,0,6.9287,2023-04-14 07:31:00+00:00
474898,18-24,F,Housing,Tablet,Northeast,0,13.54,2023-05-03 02:51:00+00:00
474901,25-34,F,Housing,Web,Northeast,0,10.92,2023-04-02 19:21:00+00:00
474905,18-24,F,Housing,Web,Northeast,0,4.1862,2023-04-20 13:15:00+00:00
474906,35-44,F,Housing,Mobile,Midwest,0,10.1713,2023-06-27 09:33:00+00:00
474919,55+,F,Housing,Tablet,South,0,9.18,2023-01-05 04:52:00+00:00
474933,18-24,F,Housing,Web,Northeast,0,12.765,2023-06-02 20:47:00+00:00
474935,18-24,F,Housing,Tablet,Northeast,1,1.96,2023-03-30 16:04:00+00:00
474947,55+,F,Housing,Mobile,South,1,6.4725,2023-02-28 10:08:00+00:00
474951,25-34,F,Housing,Mobile,Northeast,0,12.12,2023-06-01 07:47:00+00:00
474955,55+,F,Housing,Tablet,South,0,8.04,2023-02-17 23:58:00+00:00
474964,35-44,F,Housing,Tablet,Midwest,0,13.86,2023-04-09 02:48:00+00:00
474967,18-24,F,Housing,Tablet,Northeast,0,13.46,2023-02-28 10:08:00+00:00
474975,55+,F,Housing,Web,South,0,6.0163,2023-03-15 13:36:00+00:00
474979,55+,F,Housing,Web,South,0,7.42,2023-04-07 00:05:00+00:00
474980,18-24,F,Housing,Mobile,Northeast,0,8.3613,2023-04-20 01:49:00+00:00
475001,25-34,F,Housing,Tablet,Northeast,0,11.92,2023-01-02 13:08:00+00:00
475004,18-24,F,Housing,Mobile,Northeast,0,7.5113,2023-03-31 17:29:00+00:00
475036,35-44,F,Housing,Mobile,Midwest,1,7.8,2023-05-16 15:53:00+00:00
475040,18-24,F,Housing,Web,Northeast,0,0.8887,2023-06-01 07:04:00+00:00
475050,18-24,F,Housing,Tablet,Northeast,0,4.4,2023-03-22 08:37:00+00:00
475051,25-34,F,Housing,Mobile,Northeast,0,6.9,2023-01-11 22:18:00+00:00
475079,18-24,F,Housing,Web,Northeast,0,7.2038,2023-05-04 03:34:00+00:00
475085,18-24,F,Housing,Tablet,Northeast,0,3.8512,2023-01-02 01:17:00+00:00
475095,18-24,F,Housing,Tablet,Northeast,0,4.3275,2023-05-03 14:34:00+00:00
475101,25-34,F,Housing,Tablet,Northeast,0,13.38,2023-03-16 14:02:00+00:00
475116,18-24,F,Housing,Web,Northeast,0,11.2275,2023-04-13 06:23:00+00:00
475119,35-44,F,Housing,Mobile,Midwest,0,1.15,2023-03-02 00:51:00+00:00
475121,18-24,F,Housing,Mobile,Northeast,0,2.39,2023-04-23 16:07:00+00:00
475128,55+,F,Housing,Mobile,South,0,9.5838,2023-04-18 11:06:00+00:00
475143,55+,F,Housing,Tablet,South,0,11.1188,2023-02-05 23:13:00+00:00
475146,55+,F,Housing,Tablet,South,0,10.6275,2023-04-13 06:57:00+00:00
475151,25-34,F,Housing,Tablet,Northeast,1,10.54,2023-03-14 12:18:00+00:00
475158,55+,F,Housing,Mobile,South,0,7.5225,2023-05-19 18:02:00+00:00
475161,18-24,F,Housing,Web,Northeast,0,4.29,2023-04-03 08:56:00+00:00
475179,18-24,F,Housing,Web,Northeast,0,4.7438,2023-04-26 19:42:00+00:00
475184,18-24,F,Housing,Tablet,Northeast,0,10.4462,2023-06-27 21:33:00+00:00
475185,55+,F,Housing,Tablet,South,0,0.5513,2023-01-22 09:20:00+00:00
475188,18-24,F,Housing,Tablet,Northeast,0,1.7225,2023-03-20 18:28:00+00:00
475200,35-44,F,Housing,Web,Midwest,0,12.5663,2023-04-04 21:21:00+00:00
475201,25-34,F,Housing,Web,Northeast,0,8.54,2023-04-03 20:56:00+00:00
475208,55+,F,Housing,Web,South,0,2.3125,2023-04-01 18:04:00+00:00
475217,35-44,F,Housing,Web,Midwest,0,1.3712,2023-03-19 17:11:00+00:00
475227,55+,F,Housing,Web,South,0,12.6725,2023-03-20 18:19:00+00:00
475238,18-24,F,Housing,Web,Northeast,0,6.805,2023-05-05 04:00:00+00:00
475249,55+,F,Housing,Web,South,0,7.44,2023-05-18 05:53:00+00:00
475251,25-34,F,Housing,Mobile,Northeast,1,14.88,2023-05-30 17:29:00+00:00
475262,55+,F,Housing,Tablet,South,0,9.47,2023-03-18 16:53:00+00:00
475263,35-44,F,Housing,Web,Midwest,0,12.3987,2023-06-09 15:05:00+00:00
475276,18-24,F,Housing,Mobile,Northeast,0,9.36,2023-02-03 21:39:00+00:00
475301,25-34,F,Housing,Web,Northeast,1,12.86,2023-06-18 12:24:00+00:00
475312,55+,F,Housing,Mobile,South,0,11.9,2023-01-01 00:17:00+00:00
475339,55+,F,Housing,Tablet,South,1,6.7,2023-04-11 04:31:00+00:00
475351,25-34,F,Housing,Mobile,Northeast,0,10.5,2023-01-31 06:30:00+00:00
475352,18-24,F,Housing,Mobile,Northeast,0,6.0012,2023-05-22 09:37:00+00:00
475360,18-24,F,Housing,Tablet,Northeast,0,7.34,2023-02-02 20:21:00+00:00
475377,18-24,F,Housing,Tablet,Northeast,0,2.2375,2023-05-31 06:30:00+00:00
475390,18-24,F,Housing,Tablet,Northeast,0,6.88,2023-02-19 01:41:00+00:00
475399,55+,F,Housing,Web,South,0,5.86,2023-05-19 18:02:00+00:00
475401,25-34,F,Housing,Mobile,Northeast,1,6.72,2023-03-23 09:45:00+00:00
475405,35-44,F,Housing,Tablet,Midwest,0,12.96,2023-01-14 01:19:00+00:00
475413,18-24,F,Housing,Web,Northeast,1,11.7975,2023-01-19 06:54:00+00:00
475420,55+,F,Housing,Tablet,South,0,14.38,2023-01-25 00:46:00+00:00
475422,35-44,F,Housing,Mobile,Midwest,0,6.735,2023-01-09 20:35:00+00:00
475426,35-44,F,Housing,Web,Midwest,0,11.08,2023-06-09 03:14:00+00:00
475451,25-34,F,Housing,Web,Northeast,0,5.74,2023-04-03 08:30:00+00:00
475472,55+,F,Housing,Mobile,South,0,4.8137,2023-04-02 19:30:00+00:00
475474,55+,F,Housing,Mobile,South,0,12.34,2023-03-04 14:08:00+00:00
475475,18-24,F,Housing,Web,Northeast,0,11.0538,2023-05-04 03:34:00+00:00
475499,18-24,F,Housing,Tablet,Northeast,1,7.4625,2023-04-21 02:58:00+00:00
475501,25-34,F,Housing,Mobile,Northeast,1,10.36,2023-05-24 11:46:00+00:00
475506,35-44,F,Housing,Tablet,Midwest,1,11.5525,2023-05-03 02:00:00+00:00
475507,18-24,F,Housing,Web,Northeast,0,9.84,2023-02-07 01:22:00+00:00
475524,18-24,F,Housing,Tablet,Northeast,0,3.2938,2023-05-16 03:19:00+00:00
475525,35-44,F,Housing,Web,Midwest,0,12.06,2023-03-10 20:26:00+00:00
475527,55+,F,Housing,Mobile,South,1,6.4088,2023-05-28 15:46:00+00:00
475534,18-24,F,Housing,Tablet,Northeast,0,6.22,2023-02-26 20:50:00+00:00
475551,25-34,F,Housing,Web,Northeast,0,5.76,2023-06-23 05:16:00+00:00
475553,35-44,F,Housing,Web,Midwest,0,9.1825,2023-01-07 18:18:00+00:00
475572,35-44,F,Housing,Mobile,Midwest,0,3.505,2023-03-06 04:34:00+00:00
475573,18-24,F,Housing,Mobile,Northeast,1,8.28,2023-06-09 03:48:00+00:00
475577,55+,F,Housing,Tablet,South,0,6.1625,2023-04-21 02:32:00+00:00
475585,18-24,F,Housing,Mobile,Northeast,0,9.22,2023-06-16 10:40:00+00:00
475601,25-34,F,Housing,Web,Northeast,1,5.82,2023-04-27 08:59:00+00:00
475602,35-44,F,Housing,Tablet,Midwest,0,1.5,2023-05-01 00:08:00+00:00
475603,18-24,F,Housing,Tablet,Northeast,1,9.36,2023-02-23 17:07:00+00:00
475613,55+,F,Housing,Tablet,South,0,2.945,2023-05-17 04:36:00+00:00
475622,35-44,F,Housing,Tablet,Midwest,0,9.2975,2023-04-09 14:48:00+00:00
475625,35-44,F,Housing,Tablet,Midwest,0,3.575,2023-05-01 12:25:00+00:00
475627,35-44,F,Housing,Tablet,Midwest,1,14.74,2023-03-04 14:17:00+00:00
475650,18-24,F,Housing,Web,Northeast,0,12.2438,2023-04-06 11:30:00+00:00
475651,25-34,F,Housing,Tablet,Northeast,0,10.04,2023-03-09 19:18:00+00:00
475661,55+,F,Housing,Mobile,South,1,8.3613,2023-05-10 09:18:00+00:00
475669,55+,F,Housing,Tablet,South,0,6.32,2023-03-23 09:11:00+00:00
475675,18-24,F,Housing,Tablet,Northeast,0,6.32,2023-01-02 01:08:00+00:00
475701,25-34,F,Housing,Mobile,Northeast,0,5.62,2023-02-16 10:06:00+00:00
475710,35-44,F,Housing,Web,Midwest,0,11.0975,2023-04-09 14:14:00+00:00
475744,18-24,F,Housing,Tablet,Northeast,0,11.7,2023-02-20 14:24:00+00:00
475748,35-44,F,Housing,Web,Midwest,0,2.6375,2023-01-11 22:44:00+00:00
475750,55+,F,Housing,Mobile,South,0,15.18,2023-04-15 20:49:00+00:00
475751,25-34,F,Housing,Mobile,Northeast,1,13.76,2023-05-14 01:44:00+00:00
475756,18-24,F,Housing,Web,Northeast,1,5.5,2023-05-01 12:42:00+00:00
475764,35-44,F,Housing,Tablet,Midwest,1,11.5962,2023-02-27 21:25:00+00:00
475766,18-24,F,Housing,Mobile,Northeast,0,4.94,2023-03-14 00:36:00+00:00
475792,35-44,F,Housing,Tablet,Midwest,1,11.58,2023-03-26 00:54:00+00:00
475798,35-44,F,Housing,Web,Midwest,0,14.62,2023-03-18 04:53:00+00:00
475801,25-34,F,Housing,Mobile,Northeast,1,11.88,2023-04-10 15:48:00+00:00
475813,18-24,F,Housing,Mobile,Northeast,0,12.68,2023-04-30 23:59:00+00:00
475821,18-24,F,Housing,Web,Northeast,0,2.1075,2023-04-17 22:15:00+00:00
475823,55+,F,Housing,Web,South,0,11.8513,2023-05-22 09:20:00+00:00
475838,55+,F,Housing,Mobile,South,0,3.5375,2023-05-31 06:47:00+00:00
475842,35-44,F,Housing,Tablet,Midwest,0,8.0412,2023-06-23 17:59:00+00:00
475850,35-44,F,Housing,Web,Midwest,0,11.695,2023-03-18 04:36:00+00:00
475851,25-34,F,Housing,Mobile,Northeast,0,8.18,2023-02-24 18:07:00+00:00
475863,35-44,F,Housing,Mobile,Midwest,1,6.0325,2023-04-17 10:15:00+00:00
475866,55+,F,Housing,Web,South,1,3.845,2023-01-17 04:53:00+00:00
475878,55+,F,Housing,Tablet,South,1,8.4175,2023-06-24 06:33:00+00:00
475881,35-44,F,Housing,Tablet,Midwest,0,7.11,2023-06-18 00:41:00+00:00
475901,25-34,F,Housing,Mobile,Northeast,0,7.7,2023-01-11 10:01:00+00:00
475902,18-24,F,Housing,Mobile,Northeast,0,10.1837,2023-06-17 11:15:00+00:00
475911,18-24,F,Housing,Web,Northeast,0,7.6837,2023-01-08 19:18:00+00:00
475916,18-24,F,Housing,Tablet,Northeast,0,10.8513,2023-03-03 01:00:00+00:00
475923,18-24,F,Housing,Mobile,Northeast,0,6.2962,2023-05-18 05:53:00+00:00
475924,18-24,F,Housing,Mobile,Northeast,0,13.56,2023-05-24 23:37:00+00:00
475932,35-44,F,Housing,Web,Midwest,1,6.525,2023-03-22 20:11:00+00:00
475940,35-44,F,Housing,Tablet,Midwest,0,10.895,2023-06-26 20:50:00+00:00
475950,35-44,F,Housing,Mobile,Midwest,1,9.94,2023-03-14 00:10:00+00:00
475951,25-34,F,Housing,Tablet,Northeast,0,9.74,2023-01-13 12:01:00+00:00
475967,18-24,F,Housing,Web,Northeast,1,0.66,2023-01-29 16:29:00+00:00
475980,18-24,F,Housing,Mobile,Northeast,1,5.82,2023-03-18 16:19:00+00:00
475993,35-44,F,Housing,Tablet,Midwest,1,6.18,2023-02-04 22:22:00+00:00
475994,18-24,F,Housing,Mobile,Northeast,0,8.5038,2023-02-13 19:06:00+00:00
476001,25-34,F,Housing,Tablet,Northeast,0,13.28,2023-03-11 21:52:00+00:00
476022,55+,F,Housing,Tablet,South,1,6.96,2023-06-18 00:49:00+00:00
476035,18-24,F,Housing,Mobile,Northeast,0,14.06,2023-05-29 16:38:00+00:00
476043,55+,F,Housing,Web,South,1,11.49,2023-05-13 00:27:00+00:00
476051,25-34,F,Housing,Web,Northeast,0,14.04,2023-01-08 07:43:00+00:00
476054,35-44,F,Housing,Web,Midwest,1,12.8637,2023-02-21 03:33:00+00:00
476066,55+,F,Housing,Mobile,South,1,12.2075,2023-05-27 14:20:00+00:00
476072,55+,F,Housing,Tablet,South,1,5.17,2023-06-26 08:42:00+00:00
476076,18-24,F,Housing,Mobile,Northeast,0,2.0125,2023-01-11 10:01:00+00:00
476101,25-34,F,Housing,Web,Northeast,0,8.28,2023-01-20 19:02:00+00:00
476103,18-24,F,Housing,Tablet,Northeast,0,6.9363,2023-01-10 21:35:00+00:00
476136,35-44,F,Housing,Mobile,Midwest,0,4.745,2023-04-27 20:59:00+00:00
476144,55+,F,Housing,Web,South,0,5.2412,2023-04-04 09:13:00+00:00
476150,35-44,F,Housing,Mobile,Midwest,0,6.0012,2023-05-02 01:43:00+00:00
476151,25-34,F,Housing,Web,Northeast,0,12.94,2023-02-02 08:04:00+00:00
476158,35-44,F,Housing,Web,Midwest,0,5.7,2023-02-20 14:15:00+00:00
476170,35-44,F,Housing,Tablet,Midwest,0,11.26,2023-03-30 04:21:00+00:00
476172,18-24,F,Housing,Web,Northeast,0,11.8588,2023-05-28 15:55:00+00:00
476186,35-44,F,Housing,Tablet,Midwest,1,11.6788,2023-01-24 23:11:00+00:00
476201,25-34,F,Housing,Mobile,Northeast,1,14.88,2023-05-10 21:18:00+00:00
476203,35-44,F,Housing,Mobile,Midwest,0,12.04,2023-05-08 07:52:00+00:00
476209,35-44,F,Housing,Web,Midwest,0,8.66,2023-04-09 14:05:00+00:00
476214,18-24,F,Housing,Tablet,Northeast,1,5.9525,2023-06-12 18:57:00+00:00
476229,18-24,F,Housing,Mobile,Northeast,0,12.2088,2023-05-08 07:18:00+00:00
476241,55+,F,Housing,Web,South,0,11.7125,2023-03-12 10:44:00+00:00
476242,35-44,F,Housing,Tablet,Midwest,0,13.66,2023-06-18 12:32:00+00:00
476247,35-44,F,Housing,Web,Midwest,1,11.93,2023-01-25 00:12:00+00:00
476248,18-24,F,Housing,Mobile,Northeast,0,14.74,2023-05-03 14:17:00+00:00
476251,25-34,F,Housing,Mobile,Northeast,0,6.88,2023-01-30 05:21:00+00:00
476297,18-24,F,Housing,Mobile,Northeast,0,4.0512,2023-05-02 01:51:00+00:00
476301,25-34,F,Housing,Mobile,Northeast,1,9.08,2023-06-29 23:59:00+00:00
476303,35-44,F,Housing,Tablet,Midwest,0,8.0338,2023-05-08 19:35:00+00:00
476306,55+,F,Housing,Web,South,0,7.9713,2023-04-08 01:13:00+00:00
476309,55+,F,Housing,Web,South,0,9.5625,2023-03-12 10:52:00+00:00
476311,55+,F,Housing,Mobile,South,0,14.58,2023-06-04 22:39:00+00:00
476322,18-24,F,Housing,Mobile,Northeast,1,4.9188,2023-04-26 07:59:00+00:00
476325,55+,F,Housing,Tablet,South,1,11.6312,2023-04-16 09:32:00+00:00
476332,18-24,F,Housing,Mobile,Northeast,0,13.08,2023-03-01 23:08:00+00:00
476333,18-24,F,Housing,Web,Northeast,0,1.2512,2023-06-11 17:23:00+00:00
476339,55+,F,Housing,Mobile,South,0,11.5575,2023-01-07 06:52:00+00:00
476342,18-24,F,Housing,Web,Northeast,0,7.12,2023-01-17 16:45:00+00:00
476345,18-24,F,Housing,Mobile,Northeast,0,7.1513,2023-03-03 01:43:00+00:00
476351,25-34,F,Housing,Tablet,Northeast,0,12.3,2023-04-11 16:05:00+00:00
476357,55+,F,Housing,Tablet,South,0,3.5112,2023-06-19 01:41:00+00:00
476360,55+,F,Housing,Web,South,0,1.41,2023-04-19 00:49:00+00:00
476362,55+,F,Housing,Mobile,South,0,8.08,2023-03-31 05:38:00+00:00
476365,18-24,F,Housing,Web,Northeast,0,11.56,2023-05-24 11:03:00+00:00
476387,55+,F,Housing,Tablet,South,0,12.9337,2023-05-28 03:21:00+00:00
476401,25-34,F,Housing,Tablet,Northeast,0,12.44,2023-04-18 23:06:00+00:00
476403,35-44,F,Housing,Web,Midwest,0,10.2212,2023-02-27 09:59:00+00:00
476419,55+,F,Housing,Mobile,South,0,13.8,2023-06-05 23:47:00+00:00
476435,55+,F,Housing,Mobile,South,0,12.43,2023-01-05 16:52:00+00:00
476440,18-24,F,Housing,Web,Northeast,0,10.62,2023-02-06 12:39:00+00:00
476441,55+,F,Housing,Tablet,South,0,11.0488,2023-06-09 15:31:00+00:00
476451,25-34,F,Housing,Tablet,Northeast,0,9.36,2023-06-03 09:21:00+00:00
476476,55+,F,Housing,Mobile,South,0,8.08,2023-03-31 05:55:00+00:00
476478,35-44,F,Housing,Tablet,Midwest,0,8.8212,2023-04-28 09:25:00+00:00
476483,18-24,F,Housing,Mobile,Northeast,0,9.2875,2023-01-31 06:38:00+00:00
476490,55+,F,Housing,Web,South,1,9.8775,2023-05-03 14:17:00+00:00
476501,25-34,F,Housing,Tablet,Northeast,0,13.92,2023-05-02 01:25:00+00:00
476504,18-24,F,Housing,Web,Northeast,0,1.6725,2023-06-28 10:08:00+00:00
476506,35-44,F,Housing,Web,Midwest,1,11.62,2023-05-27 02:29:00+00:00
476528,55+,F,Housing,Tablet,South,0,3.6725,2023-04-09 02:48:00+00:00
476537,35-44,F,Housing,Tablet,Midwest,0,1.495,2023-01-17 04:28:00+00:00
476543,35-44,F,Housing,Mobile,Midwest,0,1.215,2023-05-13 12:53:00+00:00
476547,35-44,F,Housing,Mobile,Midwest,0,12.205,2023-05-05 04:09:00+00:00
476548,35-44,F,Housing,Web,Midwest,0,7.46,2023-05-19 18:19:00+00:00
476551,25-34,F,Housing,Mobile,Northeast,1,13.74,2023-03-14 00:53:00+00:00
476565,55+,F,Housing,Tablet,South,0,8.9012,2023-06-11 17:05:00+00:00
476573,55+,F,Housing,Mobile,South,0,4.2088,2023-02-17 23:58:00+00:00
476576,18-24,F,Housing,Mobile,Northeast,0,5.1312,2023-02-15 09:49:00+00:00
476599,55+,F,Housing,Tablet,South,0,6.7,2023-06-10 04:05:00+00:00
476601,25-34,F,Housing,Mobile,Northeast,1,11.2,2023-05-06 05:00:00+00:00
476605,35-44,F,Housing,Web,Midwest,0,9.74,2023-02-22 16:16:00+00:00
476625,35-44,F,Housing,Mobile,Midwest,0,10.8163,2023-02-23 05:50:00+00:00
476630,18-24,F,Housing,Web,Northeast,0,10.1438,2023-06-05 11:47:00+00:00
476642,55+,F,Housing,Web,South,0,4.9488,2023-02-09 15:05:00+00:00
476651,25-34,F,Housing,Web,Northeast,0,13.52,2023-01-22 09:28:00+00:00
476693,35-44,F,Housing,Web,Midwest,0,9.525,2023-03-02 12:25:00+00:00
476697,18-24,F,Housing,Tablet,Northeast,0,0.6112,2023-01-10 09:35:00+00:00
476701,25-34,F,Housing,Mobile,Northeast,1,13.44,2023-06-07 01:05:00+00:00
476707,18-24,F,Housing,Tablet,Northeast,0,14.84,2023-05-08 07:52:00+00:00
476723,35-44,F,Housing,Mobile,Midwest,0,4.9088,2023-01-08 07:52:00+00:00
476751,25-34,F,Housing,Web,Northeast,1,11.8,2023-06-05 11:30:00+00:00
476755,18-24,F,Housing,Tablet,Northeast,0,14.16,2023-02-03 21:30:00+00:00
476783,18-24,F,Housing,Mobile,Northeast,0,9.8425,2023-02-04 10:13:00+00:00
476797,18-24,F,Housing,Tablet,Northeast,0,13.36,2023-06-23 05:07:00+00:00
476800,35-44,F,Housing,Web,Midwest,1,5.6,2023-06-15 09:40:00+00:00
476801,25-34,F,Housing,Mobile,Northeast,0,7.44,2023-04-28 09:51:00+00:00
476804,35-44,F,Housing,Tablet,Midwest,0,4.5163,2023-04-04 21:13:00+00:00
476810,35-44,F,Housing,Web,Midwest,0,0.9,2023-05-21 08:54:00+00:00
476815,55+,F,Housing,Mobile,South,0,11.18,2023-05-05 16:09:00+00:00
476824,18-24,F,Housing,Mobile,Northeast,0,15.32,2023-02-01 07:38:00+00:00
476829,55+,F,Housing,Tablet,South,0,9.075,2023-01-01 12:25:00+00:00
476837,55+,F,Housing,Web,South,0,1.7862,2023-01-10 21:18:00+00:00
476851,25-34,F,Housing,Tablet,Northeast,1,15.44,2023-04-28 09:51:00+00:00
476901,25-34,F,Housing,Tablet,Northeast,0,8.9,2023-01-11 22:52:00+00:00
476905,18-24,F,Housing,Mobile,Northeast,1,14.28,2023-06-09 03:22:00+00:00
476917,55+,F,Housing,Web,South,0,11.78,2023-04-05 10:47:00+00:00
476922,18-24,F,Housing,Web,Northeast,0,9.895,2023-01-17 04:36:00+00:00
476927,55+,F,Housing,Tablet,South,0,4.9037,2023-03-05 03:51:00+00:00
476933,55+,F,Housing,Tablet,South,0,12.5312,2023-01-06 17:35:00+00:00
476939,55+,F,Housing,Mobile,South,1,4.7138,2023-03-13 11:01:00+00:00
476943,35-44,F,Housing,Tablet,Midwest,0,2.635,2023-03-30 04:46:00+00:00
476951,25-34,F,Housing,Tablet,Northeast,1,14.02,2023-01-27 14:55:00+00:00
476955,35-44,F,Housing,Web,Midwest,0,8.5862,2023-04-20 13:49:00+00:00
476974,55+,F,Housing,Mobile,South,1,14.74,2023-03-24 10:11:00+00:00
476981,55+,F,Housing,Tablet,South,0,5.1113,2023-05-10 09:01:00+00:00
476988,55+,F,Housing,Mobile,South,1,9.86,2023-06-18 00:24:00+00:00
476998,35-44,F,Housing,Web,Midwest,0,9.12,2023-03-23 09:37:00+00:00
477001,25-34,F,Housing,Web,Northeast,1,13.78,2023-04-25 06:50:00+00:00
477002,35-44,F,Housing,Mobile,Midwest,0,10.2737,2023-05-20 19:02:00+00:00
477011,18-24,F,Housing,Mobile,Northeast,0,4.3425,2023-02-24 18:07:00+00:00
477020,18-24,F,Housing,Tablet,Northeast,0,2.1562,2023-01-26 13:46:00+00:00
477032,55+,F,Housing,Web,South,0,3.0225,2023-02-08 02:05:00+00:00
477051,25-34,F,Housing,Mobile,Northeast,0,14.88,2023-05-30 05:47:00+00:00
477052,18-24,F,Housing,Web,Northeast,0,10.5,2023-04-01 18:04:00+00:00
477061,35-44,F,Housing,Tablet,Midwest,1,11.3,2023-02-20 14:15:00+00:00
477063,55+,F,Housing,Tablet,South,0,6.8812,2023-04-16 09:23:00+00:00
477070,55+,F,Housing,Web,South,0,9.38,2023-02-04 22:56:00+00:00
477086,55+,F,Housing,Tablet,South,0,5.7775,2023-05-23 22:11:00+00:00
477087,55+,F,Housing,Mobile,South,0,2.0663,2023-05-14 13:27:00+00:00
477094,18-24,F,Housing,Mobile,Northeast,1,11.78,2023-01-15 02:10:00+00:00
477099,55+,F,Housing,Mobile,South,1,6.3163,2023-06-23 05:59:00+00:00
477101,25-34,F,Housing,Tablet,Northeast,1,14.96,2023-06-03 09:04:00+00:00
477107,35-44,F,Housing,Tablet,Midwest,0,3.42,2023-02-26 08:50:00+00:00
477116,35-44,F,Housing,Web,Midwest,0,6.8712,2023-06-07 01:22:00+00:00
477117,35-44,F,Housing,Tablet,Midwest,0,8.11,2023-05-09 08:26:00+00:00
477118,18-24,F,Housing,Mobile,Northeast,1,9.3,2023-01-11 22:18:00+00:00
477131,55+,F,Housing,Web,South,1,7.2988,2023-05-20 07:19:00+00:00
477145,35-44,F,Housing,Tablet,Midwest,0,11.7,2023-03-12 10:27:00+00:00
477151,25-34,F,Housing,Tablet,Northeast,1,7.2,2023-01-06 17:17:00+00:00
477183,55+,F,Housing,Mobile,South,0,6.9062,2023-02-15 21:06:00+00:00
477189,35-44,F,Housing,Tablet,Midwest,0,9.5275,2023-03-24 22:54:00+00:00
477200,55+,F,Housing,Mobile,South,0,1.5662,2023-04-04 21:39:00+00:00
477201,25-34,F,Housing,Tablet,Northeast,0,10.58,2023-04-05 22:30:00+00:00
477213,35-44,F,Housing,Tablet,Midwest,0,5.175,2023-04-11 04:22:00+00:00
477241,55+,F,Housing,Web,South,1,14.88,2023-01-30 17:21:00+00:00
477247,18-24,F,Housing,Mobile,Northeast,0,12.86,2023-05-29 04:46:00+00:00
477248,55+,F,Housing,Mobile,South,0,8.8212,2023-06-27 09:42:00+00:00
477249,55+,F,Housing,Web,South,0,10.1363,2023-01-30 05:55:00+00:00
477251,25-34,F,Housing,Web,Northeast,1,10.76,2023-06-13 07:31:00+00:00
477255,35-44,F,Housing,Web,Midwest,0,8.7413,2023-04-04 09:30:00+00:00
477257,55+,F,Housing,Tablet,South,0,5.7287,2023-05-24 23:03:00+00:00
477266,35-44,F,Housing,Mobile,Midwest,0,2.9975,2023-04-09 14:05:00+00:00
477271,35-44,F,Housing,Mobile,Midwest,0,10.18,2023-06-24 06:50:00+00:00
477277,35-44,F,Housing,Tablet,Midwest,0,5.78,2023-06-24 06:07:00+00:00
477280,18-24,F,Housing,Tablet,Northeast,0,10.72,2023-03-23 09:20:00+00:00
477281,18-24,F,Housing,Mobile,Northeast,1,4.4337,2023-05-08 19:43:00+00:00
477300,55+,F,Housing,Web,South,0,4.8537,2023-02-13 19:57:00+00:00
477301,25-34,F,Housing,Tablet,Northeast,0,13.92,2023-01-02 01:34:00+00:00
477321,55+,F,Housing,Tablet,South,0,2.61,2023-01-09 08:44:00+00:00
477329,18-24,F,Housing,Mobile,Northeast,0,12.65,2023-01-01 00:17:00+00:00
477351,25-34,F,Housing,Web,Northeast,0,11.24,2023-01-08 07:18:00+00:00
477352,55+,F,Housing,Web,South,0,11.5,2023-05-01 12:00:00+00:00
477356,18-24,F,Housing,Mobile,Northeast,0,9.54,2023-05-13 00:53:00+00:00
477370,35-44,F,Housing,Mobile,Midwest,0,8.54,2023-04-23 16:58:00+00:00
477379,55+,F,Housing,Tablet,South,0,13.02,2023-02-26 20:08:00+00:00
477390,35-44,F,Housing,Tablet,Midwest,0,9.8912,2023-05-14 01:01:00+00:00
477401,25-34,F,Housing,Tablet,Northeast,0,15.28,2023-01-30 17:38:00+00:00
477408,35-44,F,Housing,Tablet,Midwest,0,10.3125,2023-02-20 02:50:00+00:00
477418,18-24,F,Housing,Tablet,Northeast,0,15.4,2023-06-25 07:59:00+00:00
477420,18-24,F,Housing,Web,Northeast,0,9.6587,2023-05-08 07:35:00+00:00
477449,55+,F,Housing,Mobile,South,1,12.2212,2023-04-28 09:25:00+00:00
477451,25-34,F,Housing,Tablet,Northeast,1,7.82,2023-06-06 12:22:00+00:00
477461,55+,F,Housing,Mobile,South,1,4.2687,2023-01-16 15:02:00+00:00
477469,18-24,F,Housing,Web,Northeast,0,8.94,2023-04-03 08:38:00+00:00
477470,55+,F,Housing,Tablet,South,0,7.8438,2023-01-16 03:45:00+00:00
477473,35-44,F,Housing,Mobile,Midwest,0,3.5162,2023-06-03 21:56:00+00:00
477477,35-44,F,Housing,Tablet,Midwest,0,9.8387,2023-06-21 15:58:00+00:00
477494,55+,F,Housing,Tablet,South,1,3.3575,2023-01-27 14:46:00+00:00
477501,25-34,F,Housing,Mobile,Northeast,0,7.3,2023-04-01 06:47:00+00:00
477508,55+,F,Housing,Mobile,South,0,7.08,2023-01-20 07:54:00+00:00
477510,18-24,F,Housing,Web,Northeast,0,8.55,2023-03-02 00:51:00+00:00
477521,18-24,F,Housing,Mobile,Northeast,0,6.4512,2023-05-02 01:08:00+00:00
477527,55+,F,Housing,Tablet,South,1,11.8375,2023-06-20 14:07:00+00:00
477529,35-44,F,Housing,Web,Midwest,0,13.42,2023-06-06 12:05:00+00:00
477532,55+,F,Housing,Tablet,South,1,14.88,2023-02-19 13:49:00+00:00
477546,35-44,F,Housing,Tablet,Midwest,0,7.4562,2023-05-06 05:17:00+00:00
477551,25-34,F,Housing,Web,Northeast,0,12.04,2023-03-09 07:35:00+00:00
477563,18-24,F,Housing,Web,Northeast,0,6.8513,2023-01-22 09:11:00+00:00
477579,18-24,F,Housing,Mobile,Northeast,1,5.775,2023-05-01 12:08:00+00:00
477587,35-44,F,Housing,Mobile,Midwest,0,1.1775,2023-01-23 22:20:00+00:00
477589,18-24,F,Housing,Tablet,Northeast,0,11.64,2023-01-08 19:18:00+00:00
477591,18-24,F,Housing,Tablet,Northeast,0,2.8525,2023-01-23 10:28:00+00:00
477596,18-24,F,Housing,Mobile,Northeast,0,12.9838,2023-04-18 11:06:00+00:00
477598,35-44,F,Housing,Web,Midwest,0,9.24,2023-04-18 23:23:00+00:00
477601,25-34,F,Housing,Mobile,Northeast,0,12.68,2023-05-20 19:02:00+00:00
477615,55+,F,Housing,Mobile,South,0,3.56,2023-05-09 08:35:00+00:00
477619,55+,F,Housing,Web,South,0,7.82,2023-06-26 20:50:00+00:00
477629,18-24,F,Housing,Tablet,Northeast,0,10.6913,2023-04-24 17:41:00+00:00
477634,35-44,F,Housing,Tablet,Midwest,0,7.82,2023-04-27 20:59:00+00:00
477642,18-24,F,Housing,Mobile,Northeast,0,10.055,2023-03-06 04:09:00+00:00
477651,25-34,F,Housing,Tablet,Northeast,0,9.66,2023-03-10 20:44:00+00:00
477658,18-24,F,Housing,Tablet,Northeast,0,11.42,2023-06-26 20:50:00+00:00
477663,55+,F,Housing,Tablet,South,1,12.165,2023-06-22 04:58:00+00:00
477678,55+,F,Housing,Tablet,South,0,3.7563,2023-05-26 13:46:00+00:00
477686,55+,F,Housing,Tablet,South,1,11.5925,2023-05-15 02:53:00+00:00
477701,25-34,F,Housing,Tablet,Northeast,0,6.22,2023-06-26 08:59:00+00:00
477708,55+,F,Housing,Tablet,South,0,7.8575,2023-02-16 22:40:00+00:00
477720,18-24,F,Housing,Mobile,Northeast,1,11.1125,2023-02-20 02:07:00+00:00
477734,35-44,F,Housing,Web,Midwest,0,4.3963,2023-01-18 05:53:00+00:00
477741,55+,F,Housing,Web,South,0,4.7962,2023-05-18 05:11:00+00:00
477751,25-34,F,Housing,Mobile,Northeast,0,13.12,2023-05-22 09:45:00+00:00
477758,18-24,F,Housing,Tablet,Northeast,0,9.3725,2023-06-08 02:39:00+00:00
477760,18-24,F,Housing,Web,Northeast,0,13.98,2023-05-05 16:34:00+00:00
477764,18-24,F,Housing,Mobile,Northeast,0,3.965,2023-06-02 20:30:00+00:00
477770,18-24,F,Housing,Web,Northeast,0,11.8025,2023-05-23 10:11:00+00:00
477780,18-24,F,Housing,Tablet,Northeast,0,4.935,2023-02-18 12:15:00+00:00
477801,25-34,F,Housing,Tablet,Northeast,0,12.8,2023-01-26 01:29:00+00:00
477803,35-44,F,Housing,Tablet,Midwest,1,6.7438,2023-03-17 03:36:00+00:00
477826,35-44,F,Housing,Tablet,Midwest,1,8.46,2023-03-30 04:12:00+00:00
477845,35-44,F,Housing,Tablet,Midwest,0,7.5587,2023-03-29 15:03:00+00:00
477851,25-34,F,Housing,Tablet,Northeast,1,13.16,2023-03-05 03:51:00+00:00
477853,18-24,F,Housing,Mobile,Northeast,0,5.52,2023-01-22 21:03:00+00:00
477901,25-34,F,Housing,Mobile,Northeast,1,12.78,2023-06-14 08:32:00+00:00
477905,18-24,F,Housing,Tablet,Northeast,0,12.565,2023-06-02 20:56:00+00:00
477922,55+,F,Housing,Tablet,South,0,13.8,2023-01-16 03:19:00+00:00
477951,25-34,F,Housing,Web,Northeast,0,9.9,2023-01-21 20:37:00+00:00
477957,18-24,F,Housing,Web,Northeast,0,4.465,2023-03-14 12:10:00+00:00
477959,18-24,F,Housing,Mobile,Northeast,0,1.86,2023-03-30 16:04:00+00:00
477971,35-44,F,Housing,Web,Midwest,0,12.16,2023-06-18 00:06:00+00:00
477972,35-44,F,Housing,Mobile,Midwest,0,5.5062,2023-06-15 21:57:00+00:00
477974,55+,F,Housing,Tablet,South,0,2.7675,2023-01-15 14:36:00+00:00
477992,18-24,F,Housing,Tablet,Northeast,1,5.5575,2023-03-28 14:38:00+00:00
478001,25-34,F,Housing,Mobile,Northeast,0,6.92,2023-04-02 07:04:00+00:00
478036,18-24,F,Housing,Tablet,Northeast,0,6.26,2023-01-19 18:28:00+00:00
478041,55+,F,Housing,Mobile,South,0,4.6175,2023-03-16 14:53:00+00:00
478042,55+,F,Housing,Web,South,0,8.6,2023-02-05 23:56:00+00:00
478044,55+,F,Housing,Tablet,South,0,10.5538,2023-01-04 03:00:00+00:00
478051,25-34,F,Housing,Tablet,Northeast,1,9.28,2023-05-10 21:18:00+00:00
478101,25-34,F,Housing,Web,Northeast,1,12.78,2023-04-15 20:49:00+00:00
478104,18-24,F,Housing,Mobile,Northeast,0,6.3625,2023-04-01 18:21:00+00:00
478115,18-24,F,Housing,Mobile,Northeast,0,9.8613,2023-02-19 01:58:00+00:00
478151,25-34,F,Housing,Web,Northeast,0,8.36,2023-01-04 15:09:00+00:00
478159,55+,F,Housing,Tablet,South,0,11.92,2023-03-03 01:25:00+00:00
478169,35-44,F,Housing,Web,Midwest,0,2.9013,2023-02-11 17:05:00+00:00
478171,35-44,F,Housing,Mobile,Midwest,1,14.66,2023-01-19 18:36:00+00:00
478184,35-44,F,Housing,Web,Midwest,0,4.0362,2023-01-10 21:44:00+00:00
478188,35-44,F,Housing,Tablet,Midwest,0,3.1463,2023-01-18 05:28:00+00:00
478201,25-34,F,Housing,Mobile,Northeast,0,12.14,2023-03-14 00:36:00+00:00
478228,55+,F,Housing,Mobile,South,0,8.26,2023-02-28 22:42:00+00:00
478230,55+,F,Housing,Tablet,South,0,5.7188,2023-06-05 23:13:00+00:00
478232,55+,F,Housing,Mobile,South,0,2.7225,2023-02-28 10:25:00+00:00
478240,35-44,F,Housing,Web,Midwest,1,7.28,2023-01-30 05:29:00+00:00
478251,25-34,F,Housing,Mobile,Northeast,0,7.18,2023-04-15 08:06:00+00:00
478290,35-44,F,Housing,Mobile,Midwest,1,11.85,2023-03-02 00:34:00+00:00
478298,18-24,F,Housing,Web,Northeast,1,0.9825,2023-04-17 10:23:00+00:00
478301,25-34,F,Housing,Mobile,Northeast,0,12.98,2023-04-25 18:07:00+00:00
478306,35-44,F,Housing,Mobile,Midwest,0,12.12,2023-03-13 11:27:00+00:00
478311,35-44,F,Housing,Web,Midwest,1,4.3112,2023-03-31 17:55:00+00:00
478322,55+,F,Housing,Tablet,South,0,12.955,2023-05-05 04:17:00+00:00
478323,18-24,F,Housing,Tablet,Northeast,0,12.0375,2023-01-11 22:44:00+00:00
478324,55+,F,Housing,Web,South,1,6.96,2023-02-23 17:16:00+00:00
478326,18-24,F,Housing,Web,Northeast,0,4.1513,2023-06-11 17:48:00+00:00
478327,35-44,F,Housing,Tablet,Midwest,0,11.84,2023-04-28 21:42:00+00:00
478333,18-24,F,Housing,Mobile,Northeast,0,14.62,2023-01-17 16:36:00+00:00
478351,25-34,F,Housing,Web,Northeast,0,14.88,2023-01-30 17:04:00+00:00
478371,35-44,F,Housing,Tablet,Midwest,0,9.305,2023-03-06 04:26:00+00:00
478401,25-34,F,Housing,Tablet,Northeast,1,13.84,2023-03-19 17:11:00+00:00
478413,35-44,F,Housing,Tablet,Midwest,1,0.6512,2023-05-02 01:43:00+00:00
478421,35-44,F,Housing,Web,Midwest,1,10.5225,2023-02-08 02:56:00+00:00
478426,55+,F,Housing,Web,South,0,8.66,2023-04-09 02:39:00+00:00
478432,35-44,F,Housing,Web,Midwest,0,14.16,2023-01-14 01:27:00+00:00
478442,35-44,F,Housing,Tablet,Midwest,0,3.825,2023-03-22 20:11:00+00:00
478443,55+,F,Housing,Mobile,South,0,12.9825,2023-06-16 10:06:00+00:00
478444,35-44,F,Housing,Mobile,Midwest,0,7.06,2023-03-20 06:54:00+00:00
478446,35-44,F,Housing,Web,Midwest,1,9.585,2023-01-29 04:21:00+00:00
478451,25-34,F,Housing,Mobile,Northeast,0,11.82,2023-04-07 12:22:00+00:00
478479,55+,F,Housing,Web,South,0,12.4475,2023-01-19 06:11:00+00:00
478486,35-44,F,Housing,Mobile,Midwest,0,10.38,2023-02-14 08:32:00+00:00
478492,18-24,F,Housing,Tablet,Northeast,0,10.44,2023-03-29 03:38:00+00:00
478499,18-24,F,Housing,Mobile,Northeast,0,2.0713,2023-06-07 01:39:00+00:00
478501,25-34,F,Housing,Web,Northeast,0,8.62,2023-03-18 16:36:00+00:00
478521,18-24,F,Housing,Mobile,Northeast,1,8.0512,2023-05-02 01:17:00+00:00
478530,35-44,F,Housing,Tablet,Midwest,0,5.05,2023-02-10 16:05:00+00:00
478551,25-34,F,Housing,Mobile,Northeast,0,7.6,2023-03-07 17:43:00+00:00
478554,35-44,F,Housing,Mobile,Midwest,0,4.8662,2023-02-23 05:59:00+00:00
478561,55+,F,Housing,Tablet,South,0,12.22,2023-04-27 20:08:00+00:00
478577,55+,F,Housing,Web,South,0,10.6475,2023-02-08 14:48:00+00:00
478580,18-24,F,Housing,Tablet,Northeast,1,12.4337,2023-03-09 19:52:00+00:00
478587,55+,F,Housing,Tablet,South,0,0.7087,2023-03-29 15:21:00+00:00
478588,18-24,F,Housing,Tablet,Northeast,0,9.92,2023-01-02 13:17:00+00:00
478593,55+,F,Housing,Tablet,South,0,1.0513,2023-01-22 09:45:00+00:00
478601,25-34,F,Housing,Mobile,Northeast,1,7.8,2023-04-26 07:33:00+00:00
478618,18-24,F,Housing,Web,Northeast,1,11.62,2023-01-07 06:35:00+00:00
478621,35-44,F,Housing,Tablet,Midwest,0,12.18,2023-06-24 18:59:00+00:00
478624,35-44,F,Housing,Tablet,Midwest,1,12.1,2023-06-20 14:07:00+00:00
478642,55+,F,Housing,Tablet,South,0,12.96,2023-03-15 01:53:00+00:00
478647,18-24,F,Housing,Tablet,Northeast,0,4.1562,2023-01-06 05:52:00+00:00
478650,35-44,F,Housing,Tablet,Midwest,0,6.1212,2023-02-27 09:08:00+00:00
478651,25-34,F,Housing,Web,Northeast,1,10.08,2023-05-30 05:29:00+00:00
478656,55+,F,Housing,Web,South,0,9.9413,2023-02-03 09:30:00+00:00
478657,55+,F,Housing,Mobile,South,0,5.6,2023-06-15 21:40:00+00:00
478670,55+,F,Housing,Tablet,South,1,10.0337,2023-02-17 11:32:00+00:00
478672,18-24,F,Housing,Web,Northeast,1,11.12,2023-03-03 01:08:00+00:00
478676,55+,F,Housing,Tablet,South,1,5.2775,2023-05-03 14:17:00+00:00
478681,55+,F,Housing,Mobile,South,1,13.9,2023-03-02 00:34:00+00:00
478690,55+,F,Housing,Web,South,0,14.44,2023-03-29 03:03:00+00:00
478701,25-34,F,Housing,Tablet,Northeast,1,6.18,2023-03-16 02:02:00+00:00
478702,55+,F,Housing,Mobile,South,0,9.74,2023-04-03 08:56:00+00:00
478718,18-24,F,Housing,Tablet,Northeast,0,6.7475,2023-01-19 06:28:00+00:00
478727,55+,F,Housing,Mobile,South,0,9.01,2023-06-18 00:06:00+00:00
478739,35-44,F,Housing,Tablet,Midwest,1,8.7,2023-06-10 16:22:00+00:00
478750,55+,F,Housing,Mobile,South,0,6.1,2023-01-31 06:38:00+00:00
478751,25-34,F,Housing,Tablet,Northeast,0,12.46,2023-01-29 16:46:00+00:00
478777,55+,F,Housing,Mobile,South,1,12.64,2023-04-08 01:48:00+00:00
478781,35-44,F,Housing,Mobile,Midwest,1,7.0438,2023-02-25 19:50:00+00:00
478787,18-24,F,Housing,Tablet,Northeast,0,5.865,2023-04-23 04:07:00+00:00
478789,35-44,F,Housing,Mobile,Midwest,0,14.2,2023-02-05 23:22:00+00:00
478801,25-34,F,Housing,Tablet,Northeast,0,14.66,2023-06-28 10:16:00+00:00
478809,18-24,F,Housing,Mobile,Northeast,0,10.0388,2023-05-12 23:35:00+00:00
478823,55+,F,Housing,Mobile,South,1,11.3788,2023-05-04 15:43:00+00:00
478827,55+,F,Housing,Tablet,South,1,9.8987,2023-02-09 15:39:00+00:00
478833,55+,F,Housing,Tablet,South,0,12.705,2023-03-06 04:26:00+00:00
478841,35-44,F,Housing,Tablet,Midwest,0,0.5525,2023-02-12 18:06:00+00:00
478851,25-34,F,Housing,Mobile,Northeast,0,11.02,2023-04-07 12:13:00+00:00
478853,18-24,F,Housing,Tablet,Northeast,0,9.185,2023-03-30 04:12:00+00:00
478856,35-44,F,Housing,Mobile,Midwest,1,11.6575,2023-05-27 14:55:00+00:00
478873,35-44,F,Housing,Web,Midwest,0,14.56,2023-04-24 05:33:00+00:00
478879,18-24,F,Housing,Web,Northeast,1,11.66,2023-02-18 12:49:00+00:00
478898,55+,F,Housing,Tablet,South,1,12.5388,2023-05-12 23:10:00+00:00
478901,25-34,F,Housing,Web,Northeast,0,11.26,2023-03-10 20:18:00+00:00
478915,18-24,F,Housing,Web,Northeast,0,5.72,2023-01-12 11:27:00+00:00
478921,35-44,F,Housing,Web,Midwest,1,11.24,2023-06-17 11:32:00+00:00
478924,18-24,F,Housing,Web,Northeast,0,8.44,2023-04-18 23:15:00+00:00
478930,55+,F,Housing,Mobile,South,1,11.02,2023-02-26 20:33:00+00:00
478935,35-44,F,Housing,Mobile,Midwest,1,9.3112,2023-05-30 17:21:00+00:00
478941,35-44,F,Housing,Mobile,Midwest,0,7.5163,2023-03-15 13:10:00+00:00
478945,35-44,F,Housing,Tablet,Midwest,1,13.76,2023-01-14 13:10:00+00:00
478951,25-34,F,Housing,Tablet,Northeast,0,14.88,2023-02-19 13:58:00+00:00
478965,55+,F,Housing,Tablet,South,0,0.5012,2023-05-02 01:43:00+00:00
478967,18-24,F,Housing,Web,Northeast,0,3.54,2023-02-22 16:41:00+00:00
478997,18-24,F,Housing,Tablet,Northeast,0,4.29,2023-05-13 00:01:00+00:00
479001,25-34,F,Housing,Tablet,Northeast,1,6.5,2023-04-21 02:50:00+00:00
479004,18-24,F,Housing,Web,Northeast,0,6.5012,2023-02-11 17:05:00+00:00
479021,55+,F,Housing,Tablet,South,0,9.6738,2023-05-20 19:02:00+00:00
479051,25-34,F,Housing,Tablet,Northeast,0,6.74,2023-02-12 18:06:00+00:00
479052,18-24,F,Housing,Tablet,Northeast,0,6.9988,2023-04-30 23:08:00+00:00
479056,55+,F,Housing,Tablet,South,0,11.14,2023-01-23 10:37:00+00:00
479058,35-44,F,Housing,Tablet,Midwest,0,4.805,2023-06-14 20:57:00+00:00
479065,55+,F,Housing,Mobile,South,0,6.76,2023-01-04 15:09:00+00:00
479074,18-24,F,Housing,Tablet,Northeast,1,6.54,2023-04-23 16:07:00+00:00
479082,35-44,F,Housing,Web,Midwest,0,5.495,2023-04-27 20:50:00+00:00
479084,18-24,F,Housing,Mobile,Northeast,0,5.7275,2023-06-12 06:57:00+00:00
479089,35-44,F,Housing,Mobile,Midwest,0,14.04,2023-01-08 07:01:00+00:00
479101,25-34,F,Housing,Web,Northeast,0,12.3,2023-05-21 08:02:00+00:00
479110,18-24,F,Housing,Tablet,Northeast,0,11.62,2023-03-28 02:03:00+00:00
479121,18-24,F,Housing,Web,Northeast,0,10.0475,2023-02-28 22:16:00+00:00
479131,18-24,F,Housing,Tablet,Northeast,0,12.4,2023-04-16 21:40:00+00:00
479139,35-44,F,Housing,Tablet,Midwest,1,5.7825,2023-06-16 10:06:00+00:00
479146,35-44,F,Housing,Web,Midwest,0,12.66,2023-06-28 22:59:00+00:00
479147,35-44,F,Housing,Tablet,Midwest,0,7.3163,2023-06-23 05:24:00+00:00
479150,18-24,F,Housing,Web,Northeast,0,5.5025,2023-04-13 18:06:00+00:00
479151,25-34,F,Housing,Mobile,Northeast,1,14.18,2023-02-04 22:47:00+00:00
479159,35-44,F,Housing,Mobile,Midwest,0,12.1312,2023-06-15 09:40:00+00:00
479167,18-24,F,Housing,Mobile,Northeast,0,6.14,2023-02-02 08:13:00+00:00
479176,35-44,F,Housing,Web,Midwest,0,5.76,2023-02-03 09:21:00+00:00
479178,35-44,F,Housing,Web,Midwest,0,11.3287,2023-06-13 07:49:00+00:00
479186,55+,F,Housing,Tablet,South,1,4.155,2023-03-26 12:20:00+00:00
479198,35-44,F,Housing,Web,Midwest,0,1.185,2023-06-18 12:41:00+00:00
479201,25-34,F,Housing,Mobile,Northeast,0,8.98,2023-04-25 06:33:00+00:00
479206,35-44,F,Housing,Mobile,Midwest,0,8.28,2023-05-20 19:02:00+00:00
479213,18-24,F,Housing,Tablet,Northeast,0,5.8262,2023-03-03 13:00:00+00:00
479237,55+,F,Housing,Tablet,South,1,4.9975,2023-02-08 14:22:00+00:00
479245,35-44,F,Housing,Tablet,Midwest,0,14.38,2023-05-25 12:20:00+00:00
479249,55+,F,Housing,Tablet,South,0,6.1275,2023-02-12 06:57:00+00:00
479251,25-34,F,Housing,Tablet,Northeast,0,7.38,2023-04-25 06:24:00+00:00
479258,55+,F,Housing,Tablet,South,0,5.6662,2023-06-23 05:59:00+00:00
479270,35-44,F,Housing,Web,Midwest,1,4.5388,2023-03-13 23:18:00+00:00
479271,55+,F,Housing,Mobile,South,0,10.195,2023-04-07 12:56:00+00:00
479301,25-34,F,Housing,Tablet,Northeast,1,7.34,2023-06-22 16:24:00+00:00
479305,55+,F,Housing,Tablet,South,0,6.46,2023-05-29 16:55:00+00:00
479315,55+,F,Housing,Web,South,0,4.1625,2023-02-20 02:58:00+00:00
479319,18-24,F,Housing,Mobile,Northeast,0,2.1113,2023-05-30 17:38:00+00:00
479334,18-24,F,Housing,Web,Northeast,0,2.01,2023-03-30 16:55:00+00:00
479342,55+,F,Housing,Tablet,South,0,4.4275,2023-03-04 14:51:00+00:00
479351,25-34,F,Housing,Tablet,Northeast,0,10.4,2023-06-15 21:49:00+00:00
479352,18-24,F,Housing,Web,Northeast,0,9.415,2023-06-22 04:58:00+00:00
479356,55+,F,Housing,Web,South,0,8.98,2023-04-05 22:39:00+00:00
479359,35-44,F,Housing,Web,Midwest,0,9.84,2023-05-18 05:36:00+00:00
479370,35-44,F,Housing,Web,Midwest,0,1.7175,2023-06-24 06:50:00+00:00
479376,55+,F,Housing,Web,South,0,0.9187,2023-06-05 23:39:00+00:00
479380,18-24,F,Housing,Web,Northeast,0,8.04,2023-04-18 11:58:00+00:00
479398,55+,F,Housing,Mobile,South,0,9.16,2023-05-24 23:03:00+00:00
479399,55+,F,Housing,Mobile,South,0,2.4775,2023-05-03 14:17:00+00:00
479401,25-34,F,Housing,Mobile,Northeast,0,11.64,2023-03-09 19:01:00+00:00
479421,18-24,F,Housing,Tablet,Northeast,0,1.5513,2023-01-02 01:43:00+00:00
479425,35-44,F,Housing,Web,Midwest,0,10.38,2023-02-14 08:57:00+00:00
479427,18-24,F,Housing,Tablet,Northeast,0,0.8862,2023-05-30 05:04:00+00:00
479428,35-44,F,Housing,Mobile,Midwest,0,9.88,2023-03-21 07:45:00+00:00
479436,35-44,F,Housing,Tablet,Midwest,1,1.4838,2023-01-08 19:35:00+00:00
479451,25-34,F,Housing,Tablet,Northeast,0,11.74,2023-06-02 20:21:00+00:00
479459,18-24,F,Housing,Web,Northeast,1,10.1013,2023-05-02 01:43:00+00:00
479464,18-24,F,Housing,Tablet,Northeast,0,11.64,2023-01-28 15:55:00+00:00
479470,55+,F,Housing,Mobile,South,0,12.06,2023-06-18 12:24:00+00:00
479501,25-34,F,Housing,Mobile,Northeast,0,8.82,2023-04-17 22:32:00+00:00
479513,18-24,F,Housing,Tablet,Northeast,1,11.7413,2023-06-03 09:56:00+00:00
479516,55+,F,Housing,Tablet,South,1,3.6,2023-02-10 16:05:00+00:00
479538,35-44,F,Housing,Web,Midwest,0,0.5012,2023-06-11 17:48:00+00:00
479550,18-24,F,Housing,Mobile,Northeast,0,3.1913,2023-02-23 17:16:00+00:00
479551,25-34,F,Housing,Tablet,Northeast,0,12.44,2023-01-28 15:46:00+00:00
479563,18-24,F,Housing,Web,Northeast,0,8.78,2023-05-25 00:20:00+00:00
479570,35-44,F,Housing,Mobile,Midwest,0,3.92,2023-01-17 16:45:00+00:00
479573,55+,F,Housing,Tablet,South,0,0.7338,2023-05-28 03:21:00+00:00
479575,18-24,F,Housing,Mobile,Northeast,1,12.28,2023-05-20 19:37:00+00:00
479579,35-44,F,Housing,Tablet,Midwest,0,3.5675,2023-03-16 14:19:00+00:00
479584,55+,F,Housing,Mobile,South,0,11.32,2023-01-12 23:44:00+00:00
479590,18-24,F,Housing,Mobile,Northeast,1,8.62,2023-02-26 08:25:00+00:00
479592,55+,F,Housing,Web,South,0,1.06,2023-03-30 16:21:00+00:00
479594,18-24,F,Housing,Web,Northeast,0,5.0713,2023-03-19 17:11:00+00:00
479601,25-34,F,Housing,Mobile,Northeast,1,7.08,2023-04-30 23:25:00+00:00
479602,18-24,F,Housing,Tablet,Northeast,1,7.94,2023-03-04 02:51:00+00:00
479604,18-24,F,Housing,Tablet,Northeast,1,0.825,2023-03-02 12:25:00+00:00
479619,35-44,F,Housing,Web,Midwest,1,1.875,2023-03-22 20:20:00+00:00
479627,18-24,F,Housing,Mobile,Northeast,0,6.4787,2023-01-24 23:11:00+00:00
479628,55+,F,Housing,Web,South,1,6.1188,2023-01-16 15:45:00+00:00
479651,25-34,F,Housing,Web,Northeast,0,8.5,2023-04-01 18:04:00+00:00
479664,55+,F,Housing,Mobile,South,0,12.13,2023-05-25 00:29:00+00:00
479668,18-24,F,Housing,Mobile,Northeast,0,13.32,2023-04-02 07:38:00+00:00
479677,55+,F,Housing,Web,South,0,13.14,2023-02-12 18:23:00+00:00
479682,18-24,F,Housing,Tablet,Northeast,0,1.1088,2023-06-17 23:23:00+00:00
479697,35-44,F,Housing,Mobile,Midwest,0,2.6288,2023-03-05 15:00:00+00:00
479701,25-34,F,Housing,Web,Northeast,0,12.1,2023-05-31 06:47:00+00:00
479702,35-44,F,Housing,Tablet,Midwest,1,12.2012,2023-05-22 09:37:00+00:00
479711,18-24,F,Housing,Tablet,Northeast,0,4.1888,2023-06-21 15:24:00+00:00
479713,18-24,F,Housing,Mobile,Northeast,0,10.2,2023-03-17 03:19:00+00:00
479727,55+,F,Housing,Tablet,South,1,10.2012,2023-04-12 17:14:00+00:00
479737,35-44,F,Housing,Tablet,Midwest,0,7.92,2023-05-02 01:34:00+00:00
479739,18-24,F,Housing,Tablet,Northeast,0,12.8262,2023-03-03 13:25:00+00:00
479746,55+,F,Housing,Tablet,South,0,13.1,2023-05-21 08:28:00+00:00
479751,25-34,F,Housing,Tablet,Northeast,0,6.56,2023-01-14 01:36:00+00:00
479758,35-44,F,Housing,Web,Midwest,0,11.26,2023-03-30 16:46:00+00:00
479762,18-24,F,Housing,Mobile,Northeast,1,3.8312,2023-06-15 09:57:00+00:00
479776,18-24,F,Housing,Web,Northeast,0,8.4,2023-03-07 17:17:00+00:00
479783,55+,F,Housing,Web,South,0,1.895,2023-06-06 12:05:00+00:00
479788,18-24,F,Housing,Tablet,Northeast,0,8.12,2023-03-13 23:44:00+00:00
479801,25-34,F,Housing,Tablet,Northeast,1,8.36,2023-01-24 11:03:00+00:00
479814,18-24,F,Housing,Mobile,Northeast,0,2.1963,2023-04-08 13:39:00+00:00
479815,35-44,F,Housing,Tablet,Midwest,1,10.4,2023-02-15 09:15:00+00:00
479828,18-24,F,Housing,Tablet,Northeast,0,9.755,2023-05-25 12:37:00+00:00
479833,55+,F,Housing,Mobile,South,1,13.0,2023-04-26 07:33:00+00:00
479839,18-24,F,Housing,Tablet,Northeast,0,9.26,2023-05-29 16:38:00+00:00
479851,25-34,F,Housing,Tablet,Northeast,0,5.94,2023-05-03 02:08:00+00:00
479857,35-44,F,Housing,Mobile,Midwest,0,10.76,2023-05-04 03:43:00+00:00
479864,18-24,F,Housing,Web,Northeast,0,6.4825,2023-06-16 10:40:00+00:00
479869,35-44,F,Housing,Mobile,Midwest,0,6.08,2023-04-20 13:49:00+00:00
479881,18-24,F,Housing,Web,Northeast,0,7.96,2023-05-04 15:00:00+00:00
479883,55+,F,Housing,Mobile,South,0,9.2238,2023-06-09 03:22:00+00:00
479885,35-44,F,Housing,Mobile,Midwest,0,4.7512,2023-06-11 17:23:00+00:00
479888,55+,F,Housing,Web,South,0,2.245,2023-04-27 20:08:00+00:00
479898,18-24,F,Housing,Mobile,Northeast,0,9.1538,2023-03-25 11:11:00+00:00
479901,25-34,F,Housing,Web,Northeast,1,6.22,2023-01-17 04:02:00+00:00
479916,55+,F,Housing,Tablet,South,0,4.8575,2023-04-17 22:40:00+00:00
479924,18-24,F,Housing,Tablet,Northeast,1,9.1738,2023-06-29 11:08:00+00:00
479933,18-24,F,Housing,Tablet,Northeast,0,9.29,2023-06-02 08:04:00+00:00
479942,18-24,F,Housing,Tablet,Northeast,1,8.1863,2023-03-11 21:09:00+00:00
479951,25-34,F,Housing,Tablet,Northeast,0,15.38,2023-04-25 18:42:00+00:00
479956,55+,F,Housing,Web,South,0,8.16,2023-05-14 01:19:00+00:00
479961,18-24,F,Housing,Mobile,Northeast,0,12.5013,2023-05-02 01:00:00+00:00
479963,35-44,F,Housing,Tablet,Midwest,0,1.9788,2023-02-13 07:57:00+00:00
479982,18-24,F,Housing,Tablet,Northeast,0,4.5762,2023-01-02 13:51:00+00:00
479991,55+,F,Housing,Mobile,South,0,7.0088,2023-01-08 07:18:00+00:00
479994,35-44,F,Housing,Tablet,Midwest,0,7.4212,2023-02-27 09:42:00+00:00
479995,55+,F,Housing,Mobile,South,0,12.22,2023-03-18 04:45:00+00:00
479999,18-24,F,Housing,Tablet,Northeast,1,10.3513,2023-05-02 01:17:00+00:00
480001,25-34,F,Housing,Web,Northeast,0,11.36,2023-06-03 09:13:00+00:00
480004,35-44,F,Housing,Web,Midwest,0,14.56,2023-06-23 05:50:00+00:00
480007,55+,F,Housing,Mobile,South,1,9.5,2023-01-01 00:25:00+00:00
480008,55+,F,Housing,Tablet,South,1,4.3425,2023-01-15 02:36:00+00:00
480015,35-44,F,Housing,Web,Midwest,1,7.7062,2023-05-26 13:37:00+00:00
480021,18-24,F,Housing,Web,Northeast,0,7.7787,2023-04-14 07:23:00+00:00
480022,55+,F,Housing,Web,South,0,6.4,2023-02-15 09:40:00+00:00
480030,18-24,F,Housing,Tablet,Northeast,0,7.9863,2023-01-30 05:29:00+00:00
480031,55+,F,Housing,Mobile,South,0,12.82,2023-04-17 22:23:00+00:00
480051,25-34,F,Housing,Tablet,Northeast,0,13.36,2023-02-23 05:16:00+00:00
480058,35-44,F,Housing,Web,Midwest,1,14.02,2023-06-16 10:49:00+00:00
480064,55+,F,Housing,Web,South,0,14.82,2023-05-27 14:12:00+00:00
480085,55+,F,Housing,Tablet,South,1,9.42,2023-04-27 20:33:00+00:00
480097,35-44,F,Housing,Web,Midwest,1,14.66,2023-04-29 22:34:00+00:00
480101,25-34,F,Housing,Web,Northeast,0,12.7,2023-06-10 16:22:00+00:00
480102,18-24,F,Housing,Mobile,Northeast,1,3.0775,2023-05-23 22:54:00+00:00
480110,55+,F,Housing,Mobile,South,1,1.4062,2023-03-07 05:35:00+00:00
480126,55+,F,Housing,Web,South,1,4.365,2023-05-13 12:18:00+00:00
480130,35-44,F,Housing,Mobile,Midwest,0,7.18,2023-05-05 04:52:00+00:00
480138,35-44,F,Housing,Tablet,Midwest,0,11.8413,2023-02-23 17:33:00+00:00
480141,55+,F,Housing,Mobile,South,1,6.6487,2023-03-21 07:28:00+00:00
480144,35-44,F,Housing,Web,Midwest,0,4.9512,2023-02-11 17:14:00+00:00
480151,25-34,F,Housing,Tablet,Northeast,1,11.44,2023-06-27 21:51:00+00:00
480157,35-44,F,Housing,Web,Midwest,0,11.16,2023-01-04 03:09:00+00:00
480170,18-24,F,Housing,Web,Northeast,1,3.2713,2023-01-18 17:19:00+00:00
480179,35-44,F,Housing,Web,Midwest,1,9.6225,2023-04-29 10:25:00+00:00
480201,25-34,F,Housing,Web,Northeast,0,13.34,2023-06-02 20:21:00+00:00
480203,55+,F,Housing,Mobile,South,1,0.5825,2023-01-27 02:46:00+00:00
480206,18-24,F,Housing,Mobile,Northeast,0,6.135,2023-01-09 20:44:00+00:00
480251,25-34,F,Housing,Tablet,Northeast,0,6.72,2023-01-22 09:54:00+00:00
480256,35-44,F,Housing,Web,Midwest,0,7.84,2023-04-28 09:42:00+00:00
480273,18-24,F,Housing,Web,Northeast,0,2.3738,2023-05-20 19:28:00+00:00
480291,35-44,F,Housing,Mobile,Midwest,0,8.5762,2023-03-03 13:00:00+00:00
480297,55+,F,Housing,Web,South,0,4.5788,2023-03-05 15:17:00+00:00
480301,25-34,F,Housing,Tablet,Northeast,1,14.32,2023-01-22 21:54:00+00:00
480309,55+,F,Housing,Mobile,South,1,11.9138,2023-02-21 03:33:00+00:00
480336,55+,F,Housing,Tablet,South,0,1.9125,2023-05-11 10:27:00+00:00
480340,55+,F,Housing,Web,South,0,8.6,2023-05-16 03:19:00+00:00
480346,55+,F,Housing,Mobile,South,0,13.26,2023-02-18 00:58:00+00:00
480351,25-34,F,Housing,Web,Northeast,0,6.98,2023-05-15 14:53:00+00:00
480360,55+,F,Housing,Web,South,0,2.1837,2023-01-08 19:52:00+00:00
480366,35-44,F,Housing,Mobile,Midwest,1,6.6688,2023-05-16 15:36:00+00:00
480380,35-44,F,Housing,Mobile,Midwest,1,12.7713,2023-03-19 17:53:00+00:00
480383,35-44,F,Housing,Tablet,Midwest,0,1.2512,2023-01-02 01:17:00+00:00
480388,18-24,F,Housing,Mobile,Northeast,1,15.24,2023-01-08 07:01:00+00:00
480400,55+,F,Housing,Web,South,1,9.16,2023-01-04 15:09:00+00:00
480401,25-34,F,Housing,Mobile,Northeast,0,8.56,2023-06-23 05:16:00+00:00
480405,35-44,F,Housing,Mobile,Midwest,0,0.6675,2023-03-16 14:53:00+00:00
480423,35-44,F,Housing,Web,Midwest,0,2.3887,2023-03-13 23:18:00+00:00
480440,35-44,F,Housing,Web,Midwest,0,4.2862,2023-01-10 21:18:00+00:00
480451,25-34,F,Housing,Tablet,Northeast,0,9.6,2023-06-15 21:32:00+00:00
480457,18-24,F,Housing,Mobile,Northeast,0,6.28,2023-04-30 11:59:00+00:00
480462,18-24,F,Housing,Web,Northeast,1,8.6775,2023-03-24 22:46:00+00:00
480478,55+,F,Housing,Web,South,1,8.5,2023-04-21 14:15:00+00:00
480481,18-24,F,Housing,Mobile,Northeast,0,10.64,2023-04-08 13:31:00+00:00
480482,55+,F,Housing,Web,South,0,10.4325,2023-06-16 10:40:00+00:00
480487,35-44,F,Housing,Web,Midwest,1,9.8,2023-02-05 11:56:00+00:00
480488,55+,F,Housing,Tablet,South,0,1.5688,2023-03-17 15:36:00+00:00
480501,25-34,F,Housing,Mobile,Northeast,1,5.96,2023-03-25 23:37:00+00:00
480505,55+,F,Housing,Web,South,0,11.06,2023-02-28 22:51:00+00:00
480506,35-44,F,Housing,Web,Midwest,0,2.1075,2023-01-07 06:18:00+00:00
480524,55+,F,Housing,Tablet,South,1,10.6925,2023-02-04 10:30:00+00:00
480537,18-24,F,Housing,Web,Northeast,0,4.6113,2023-02-19 01:49:00+00:00
480551,25-34,F,Housing,Mobile,Northeast,0,9.66,2023-05-09 08:09:00+00:00
480560,35-44,F,Housing,Tablet,Midwest,1,11.1,2023-02-10 16:31:00+00:00
480578,35-44,F,Housing,Mobile,Midwest,0,5.1037,2023-05-04 03:43:00+00:00
480579,18-24,F,Housing,Web,Northeast,0,4.8712,2023-05-18 17:36:00+00:00
480582,55+,F,Housing,Web,South,0,5.4212,2023-05-18 17:11:00+00:00
480584,35-44,F,Housing,Tablet,Midwest,0,8.795,2023-04-07 12:13:00+00:00
480601,25-34,F,Housing,Web,Northeast,0,12.84,2023-04-18 11:58:00+00:00
480608,35-44,F,Housing,Tablet,Midwest,0,7.0888,2023-06-01 07:55:00+00:00
480612,35-44,F,Housing,Tablet,Midwest,1,11.8462,2023-06-07 13:39:00+00:00
480618,18-24,F,Housing,Mobile,Northeast,0,3.9937,2023-02-05 11:13:00+00:00
480625,55+,F,Housing,Mobile,South,0,9.12,2023-03-03 01:25:00+00:00
480629,55+,F,Housing,Web,South,0,1.46,2023-01-29 16:46:00+00:00
480633,18-24,F,Housing,Mobile,Northeast,0,10.4325,2023-05-27 02:12:00+00:00
480637,18-24,F,Housing,Web,Northeast,1,8.82,2023-05-07 06:26:00+00:00
480643,35-44,F,Housing,Web,Midwest,0,5.78,2023-02-04 22:22:00+00:00
480651,25-34,F,Housing,Web,Northeast,0,14.02,2023-01-27 14:29:00+00:00
480657,18-24,F,Housing,Web,Northeast,0,2.79,2023-04-03 08:21:00+00:00
480660,18-24,F,Housing,Mobile,Northeast,0,7.4062,2023-04-16 21:06:00+00:00
480675,18-24,F,Housing,Tablet,Northeast,0,1.59,2023-02-02 08:30:00+00:00
480681,55+,F,Housing,Web,South,1,10.2112,2023-06-19 01:58:00+00:00
480683,35-44,F,Housing,Tablet,Midwest,0,9.3362,2023-06-19 13:41:00+00:00
480696,55+,F,Housing,Web,South,0,11.1662,2023-02-03 21:39:00+00:00
480701,25-34,F,Housing,Web,Northeast,0,5.6,2023-01-26 13:20:00+00:00
480705,55+,F,Housing,Mobile,South,1,3.0463,2023-02-07 13:13:00+00:00
480706,35-44,F,Housing,Mobile,Midwest,0,13.22,2023-03-28 02:12:00+00:00
480725,35-44,F,Housing,Web,Midwest,0,9.1487,2023-01-20 07:02:00+00:00
480732,35-44,F,Housing,Web,Midwest,1,9.6913,2023-03-15 01:27:00+00:00
480734,55+,F,Housing,Tablet,South,0,5.405,2023-03-06 04:00:00+00:00
480739,55+,F,Housing,Web,South,0,6.3,2023-04-11 16:40:00+00:00
480741,35-44,F,Housing,Mobile,Midwest,0,10.4225,2023-06-08 02:39:00+00:00
480742,18-24,F,Housing,Tablet,Northeast,1,12.24,2023-01-18 05:19:00+00:00
480745,35-44,F,Housing,Web,Midwest,0,11.84,2023-06-07 13:22:00+00:00
480751,25-34,F,Housing,Mobile,Northeast,1,11.7,2023-05-31 06:47:00+00:00
480763,55+,F,Housing,Web,South,1,10.92,2023-04-22 03:07:00+00:00
480766,55+,F,Housing,Web,South,0,13.48,2023-01-20 07:45:00+00:00
480774,35-44,F,Housing,Web,Midwest,0,1.0325,2023-01-27 02:55:00+00:00
480788,55+,F,Housing,Web,South,0,5.4325,2023-03-08 18:26:00+00:00
480789,55+,F,Housing,Tablet,South,0,1.9187,2023-03-17 15:27:00+00:00
480801,25-34,F,Housing,Web,Northeast,1,15.24,2023-06-17 23:06:00+00:00
480837,35-44,F,Housing,Mobile,Midwest,0,1.5775,2023-03-24 22:37:00+00:00
480848,55+,F,Housing,Mobile,South,0,7.3225,2023-04-09 02:05:00+00:00
480849,18-24,F,Housing,Tablet,Northeast,0,5.1588,2023-02-17 23:15:00+00:00
480851,25-34,F,Housing,Mobile,Northeast,0,9.08,2023-04-30 11:34:00+00:00
480853,35-44,F,Housing,Tablet,Midwest,0,7.06,2023-04-09 14:39:00+00:00
480858,35-44,F,Housing,Tablet,Midwest,0,12.505,2023-03-26 12:03:00+00:00
480872,18-24,F,Housing,Tablet,Northeast,0,11.8087,2023-02-17 23:41:00+00:00
480875,35-44,F,Housing,Web,Midwest,0,3.895,2023-04-07 12:13:00+00:00
480887,55+,F,Housing,Web,South,0,9.1713,2023-04-08 01:31:00+00:00
480889,18-24,F,Housing,Mobile,Northeast,1,14.42,2023-05-07 06:35:00+00:00
480901,25-34,F,Housing,Tablet,Northeast,0,12.56,2023-01-14 13:01:00+00:00
480903,18-24,F,Housing,Tablet,Northeast,0,12.1463,2023-05-18 05:28:00+00:00
480912,35-44,F,Housing,Mobile,Midwest,0,6.8762,2023-03-23 21:28:00+00:00
480927,18-24,F,Housing,Web,Northeast,0,10.8413,2023-01-14 01:01:00+00:00
480932,55+,F,Housing,Web,South,0,10.6587,2023-05-08 07:43:00+00:00
480934,18-24,F,Housing,Tablet,Northeast,0,10.72,2023-01-22 09:20:00+00:00
480935,18-24,F,Housing,Mobile,Northeast,0,1.7412,2023-05-14 01:44:00+00:00
480940,55+,F,Housing,Web,South,0,14.86,2023-01-29 04:04:00+00:00
480947,18-24,F,Housing,Web,Northeast,0,3.2925,2023-02-04 10:47:00+00:00
480949,35-44,F,Housing,Web,Midwest,0,15.44,2023-01-18 17:53:00+00:00
480951,25-34,F,Housing,Tablet,Northeast,0,11.76,2023-06-23 17:24:00+00:00
480952,55+,F,Housing,Tablet,South,0,10.02,2023-01-27 14:12:00+00:00
480961,18-24,F,Housing,Mobile,Northeast,1,12.08,2023-02-19 13:07:00+00:00
480963,55+,F,Housing,Web,South,1,6.8637,2023-04-02 19:55:00+00:00
480964,55+,F,Housing,Tablet,South,1,6.68,2023-06-09 03:31:00+00:00
480971,35-44,F,Housing,Tablet,Midwest,0,3.2738,2023-06-29 11:17:00+00:00
480972,35-44,F,Housing,Tablet,Midwest,0,6.5987,2023-06-09 15:22:00+00:00
480979,35-44,F,Housing,Web,Midwest,0,14.7,2023-04-11 04:05:00+00:00
480982,55+,F,Housing,Mobile,South,0,5.96,2023-02-13 07:49:00+00:00
480997,18-24,F,Housing,Web,Northeast,0,9.8,2023-06-05 11:05:00+00:00
481001,25-34,F,Housing,Web,Northeast,0,14.74,2023-01-23 10:46:00+00:00
481005,55+,F,Housing,Tablet,South,0,2.5812,2023-05-06 17:35:00+00:00
481011,35-44,F,Housing,Mobile,Midwest,1,5.2775,2023-02-12 06:40:00+00:00
481024,35-44,F,Housing,Web,Midwest,0,8.32,2023-04-12 17:14:00+00:00
481025,18-24,F,Housing,Mobile,Northeast,0,8.6113,2023-06-19 01:41:00+00:00
481026,35-44,F,Housing,Mobile,Midwest,1,11.235,2023-04-19 12:06:00+00:00
481028,18-24,F,Housing,Web,Northeast,0,11.345,2023-04-27 20:50:00+00:00
481036,18-24,F,Housing,Mobile,Northeast,0,11.9,2023-01-21 08:11:00+00:00
481042,35-44,F,Housing,Web,Midwest,0,15.28,2023-05-10 09:44:00+00:00
481043,55+,F,Housing,Web,South,0,1.0225,2023-02-08 02:48:00+00:00
481044,55+,F,Housing,Mobile,South,0,3.9937,2023-06-05 11:22:00+00:00
481051,25-34,F,Housing,Mobile,Northeast,0,14.92,2023-01-12 23:01:00+00:00
481052,35-44,F,Housing,Mobile,Midwest,0,3.9912,2023-02-03 09:04:00+00:00
481061,18-24,F,Housing,Web,Northeast,1,12.7012,2023-05-22 09:03:00+00:00
481078,18-24,F,Housing,Web,Northeast,0,13.04,2023-06-27 09:51:00+00:00
481079,35-44,F,Housing,Mobile,Midwest,0,4.125,2023-04-11 04:22:00+00:00
481098,18-24,F,Housing,Web,Northeast,1,4.8762,2023-03-03 13:34:00+00:00
481101,25-34,F,Housing,Web,Northeast,0,12.46,2023-01-09 08:01:00+00:00
481105,35-44,F,Housing,Web,Midwest,0,12.02,2023-05-07 18:18:00+00:00
481113,18-24,F,Housing,Tablet,Northeast,0,11.6487,2023-04-10 15:14:00+00:00
481141,55+,F,Housing,Web,South,1,8.06,2023-02-18 00:15:00+00:00
481151,25-34,F,Housing,Web,Northeast,0,9.66,2023-05-09 20:01:00+00:00
481178,35-44,F,Housing,Mobile,Midwest,0,7.7588,2023-05-08 07:01:00+00:00
481181,55+,F,Housing,Tablet,South,0,2.3288,2023-01-24 23:29:00+00:00
481190,35-44,F,Housing,Web,Midwest,0,12.3438,2023-02-05 11:30:00+00:00
481201,25-34,F,Housing,Web,Northeast,0,7.68,2023-02-19 01:49:00+00:00
481204,18-24,F,Housing,Mobile,Northeast,0,7.26,2023-05-09 20:35:00+00:00
481212,18-24,F,Housing,Tablet,Northeast,0,2.97,2023-03-18 16:10:00+00:00
481224,18-24,F,Housing,Mobile,Northeast,0,6.6238,2023-05-20 19:02:00+00:00
481227,55+,F,Housing,Mobile,South,0,2.8588,2023-05-28 15:03:00+00:00
481231,18-24,F,Housing,Mobile,Northeast,0,10.56,2023-05-14 13:19:00+00:00
481240,55+,F,Housing,Tablet,South,1,6.64,2023-03-19 05:11:00+00:00
481251,25-34,F,Housing,Mobile,Northeast,0,14.52,2023-06-21 03:15:00+00:00
481261,55+,F,Housing,Mobile,South,0,5.66,2023-05-29 04:46:00+00:00
481262,55+,F,Housing,Tablet,South,0,0.5262,2023-06-11 05:48:00+00:00
481263,35-44,F,Housing,Web,Midwest,0,8.8675,2023-01-15 14:44:00+00:00
481272,55+,F,Housing,Web,South,0,1.8337,2023-01-08 19:43:00+00:00
481275,18-24,F,Housing,Mobile,Northeast,1,1.5775,2023-05-23 22:37:00+00:00
481301,25-34,F,Housing,Mobile,Northeast,0,12.02,2023-02-16 10:40:00+00:00
481323,18-24,F,Housing,Mobile,Northeast,0,5.6325,2023-04-17 10:58:00+00:00
481327,55+,F,Housing,Tablet,South,0,9.36,2023-04-04 21:56:00+00:00
481331,55+,F,Housing,Tablet,South,1,8.6237,2023-03-01 11:59:00+00:00
481351,25-34,F,Housing,Web,Northeast,0,7.62,2023-03-08 06:35:00+00:00
481378,55+,F,Housing,Mobile,South,0,11.32,2023-02-01 19:55:00+00:00
481387,55+,F,Housing,Web,South,0,14.24,2023-06-07 01:31:00+00:00
481394,18-24,F,Housing,Tablet,Northeast,0,4.3413,2023-04-24 17:33:00+00:00
481399,18-24,F,Housing,Web,Northeast,1,15.04,2023-02-27 21:42:00+00:00
481401,25-34,F,Housing,Tablet,Northeast,0,8.24,2023-06-07 01:05:00+00:00
481409,18-24,F,Housing,Web,Northeast,1,9.7513,2023-05-02 01:51:00+00:00
481417,55+,F,Housing,Web,South,0,11.5,2023-05-21 08:02:00+00:00
481420,55+,F,Housing,Web,South,0,10.24,2023-04-28 21:25:00+00:00
481447,18-24,F,Housing,Tablet,Northeast,0,9.52,2023-04-12 17:48:00+00:00
481451,25-34,F,Housing,Web,Northeast,0,10.0,2023-05-06 17:52:00+00:00
481456,18-24,F,Housing,Tablet,Northeast,1,8.92,2023-06-01 19:30:00+00:00
481470,35-44,F,Housing,Mobile,Midwest,0,8.0862,2023-05-10 21:52:00+00:00
481501,25-34,F,Housing,Web,Northeast,0,5.98,2023-05-05 04:52:00+00:00
481508,55+,F,Housing,Mobile,South,0,4.865,2023-06-02 20:30:00+00:00
481509,18-24,F,Housing,Web,Northeast,0,11.7037,2023-05-24 11:11:00+00:00
481519,55+,F,Housing,Tablet,South,0,12.92,2023-02-21 03:24:00+00:00
481534,18-24,F,Housing,Mobile,Northeast,0,10.46,2023-05-29 16:12:00+00:00
481551,25-34,F,Housing,Web,Northeast,0,9.56,2023-01-24 11:46:00+00:00
481555,18-24,F,Housing,Web,Northeast,1,5.7,2023-05-11 10:44:00+00:00
481558,55+,F,Housing,Web,South,0,6.68,2023-02-09 15:05:00+00:00
481590,55+,F,Housing,Tablet,South,1,9.445,2023-06-06 12:56:00+00:00
481592,35-44,F,Housing,Web,Midwest,1,3.0187,2023-04-06 23:13:00+00:00
481594,55+,F,Housing,Web,South,0,9.42,2023-05-17 04:53:00+00:00
481595,35-44,F,Housing,Web,Midwest,0,9.195,2023-01-17 04:02:00+00:00
481601,25-34,F,Housing,Web,Northeast,0,11.9,2023-06-10 16:57:00+00:00
481604,18-24,F,Housing,Mobile,Northeast,0,3.8788,2023-06-13 07:06:00+00:00
481608,55+,F,Housing,Mobile,South,0,8.8262,2023-05-02 13:00:00+00:00
481617,35-44,F,Housing,Tablet,Midwest,1,6.7838,2023-01-28 03:21:00+00:00
481621,35-44,F,Housing,Tablet,Midwest,0,6.62,2023-02-26 20:50:00+00:00
481622,18-24,F,Housing,Tablet,Northeast,0,6.6738,2023-01-20 19:19:00+00:00
481643,55+,F,Housing,Mobile,South,0,4.0275,2023-02-12 06:48:00+00:00
481649,35-44,F,Housing,Mobile,Midwest,1,7.5287,2023-02-13 07:40:00+00:00
481651,25-34,F,Housing,Mobile,Northeast,0,5.68,2023-05-30 17:38:00+00:00
481653,35-44,F,Housing,Web,Midwest,0,10.54,2023-04-23 16:50:00+00:00
481666,35-44,F,Housing,Web,Midwest,0,7.9,2023-01-01 00:00:00+00:00
481667,35-44,F,Housing,Tablet,Midwest,1,2.0838,2023-05-28 03:03:00+00:00
481684,18-24,F,Housing,Web,Northeast,0,10.62,2023-03-18 04:02:00+00:00
481687,55+,F,Housing,Mobile,South,1,12.88,2023-05-30 05:47:00+00:00
481701,25-34,F,Housing,Web,Northeast,0,14.82,2023-06-16 22:49:00+00:00
481703,18-24,F,Housing,Mobile,Northeast,0,4.6662,2023-06-23 05:07:00+00:00
481732,55+,F,Housing,Tablet,South,0,11.14,2023-06-12 06:57:00+00:00
481743,18-24,F,Housing,Mobile,Northeast,1,1.0425,2023-03-16 02:36:00+00:00
481751,25-34,F,Housing,Web,Northeast,0,10.54,2023-01-13 00:44:00+00:00
481758,18-24,F,Housing,Web,Northeast,0,2.8737,2023-01-20 19:02:00+00:00
481764,18-24,F,Housing,Tablet,Northeast,0,5.5838,2023-03-29 03:38:00+00:00
481773,35-44,F,Housing,Mobile,Midwest,0,8.2287,2023-06-13 07:14:00+00:00
481774,18-24,F,Housing,Web,Northeast,0,10.28,2023-06-09 15:48:00+00:00
481779,18-24,F,Housing,Web,Northeast,0,5.795,2023-06-26 20:33:00+00:00
481782,35-44,F,Housing,Web,Midwest,0,10.4388,2023-06-01 07:55:00+00:00
481784,18-24,F,Housing,Tablet,Northeast,0,5.9825,2023-03-28 02:46:00+00:00
481801,25-34,F,Housing,Web,Northeast,1,15.1,2023-03-22 20:11:00+00:00
481802,18-24,F,Housing,Web,Northeast,0,11.4925,2023-02-04 10:04:00+00:00
481807,35-44,F,Housing,Mobile,Midwest,0,11.72,2023-04-02 19:21:00+00:00
481809,18-24,F,Housing,Mobile,Northeast,0,6.6863,2023-04-20 13:41:00+00:00
481831,55+,F,Housing,Web,South,0,6.0,2023-03-07 05:09:00+00:00
481845,18-24,F,Housing,Tablet,Northeast,0,9.7025,2023-01-03 02:26:00+00:00
481846,18-24,F,Housing,Web,Northeast,0,8.36,2023-05-04 15:17:00+00:00
481850,18-24,F,Housing,Web,Northeast,0,10.1363,2023-02-19 13:41:00+00:00
481851,25-34,F,Housing,Web,Northeast,0,15.26,2023-06-18 12:24:00+00:00
481856,18-24,F,Housing,Web,Northeast,0,10.2487,2023-02-09 15:14:00+00:00
481862,35-44,F,Housing,Mobile,Midwest,1,4.98,2023-03-06 16:43:00+00:00
481869,18-24,F,Housing,Tablet,Northeast,1,11.3513,2023-02-11 17:05:00+00:00
481874,55+,F,Housing,Web,South,0,5.765,2023-02-22 04:58:00+00:00
481879,18-24,F,Housing,Web,Northeast,0,9.82,2023-01-17 16:45:00+00:00
481895,55+,F,Housing,Mobile,South,0,10.7637,2023-04-22 03:50:00+00:00
481901,25-34,F,Housing,Tablet,Northeast,0,6.24,2023-05-18 05:36:00+00:00
481902,55+,F,Housing,Mobile,South,0,1.0263,2023-01-22 21:28:00+00:00
481905,55+,F,Housing,Web,South,0,11.3462,2023-02-07 13:22:00+00:00
481951,25-34,F,Housing,Web,Northeast,0,14.7,2023-01-21 08:02:00+00:00
481955,55+,F,Housing,Tablet,South,0,6.7412,2023-06-23 17:50:00+00:00
481968,35-44,F,Housing,Tablet,Midwest,0,10.8875,2023-05-31 06:38:00+00:00
481970,55+,F,Housing,Web,South,1,4.2625,2023-06-20 02:50:00+00:00
481971,55+,F,Housing,Tablet,South,0,8.1725,2023-04-09 02:14:00+00:00
482001,25-34,F,Housing,Tablet,Northeast,0,6.62,2023-01-17 04:45:00+00:00
482024,35-44,F,Housing,Web,Midwest,0,8.1212,2023-05-18 17:11:00+00:00
482038,55+,F,Housing,Web,South,0,9.4,2023-06-25 19:42:00+00:00
482040,55+,F,Housing,Web,South,0,11.8712,2023-02-27 09:51:00+00:00
482051,25-34,F,Housing,Web,Northeast,1,14.64,2023-04-28 09:16:00+00:00
482058,18-24,F,Housing,Mobile,Northeast,0,2.5537,2023-01-24 11:54:00+00:00
482060,35-44,F,Housing,Mobile,Midwest,1,9.2163,2023-03-15 13:53:00+00:00
482067,55+,F,Housing,Tablet,South,0,4.9112,2023-06-19 01:15:00+00:00
482081,18-24,F,Housing,Tablet,Northeast,0,1.91,2023-01-09 08:26:00+00:00
482094,35-44,F,Housing,Mobile,Midwest,0,8.1325,2023-04-17 10:32:00+00:00
482101,25-34,F,Housing,Mobile,Northeast,1,11.9,2023-03-22 08:20:00+00:00
482105,35-44,F,Housing,Mobile,Midwest,0,10.7188,2023-02-05 23:30:00+00:00
482109,35-44,F,Housing,Mobile,Midwest,0,8.7063,2023-03-07 05:00:00+00:00
482120,35-44,F,Housing,Tablet,Midwest,0,4.4813,2023-01-06 17:09:00+00:00
482138,55+,F,Housing,Web,South,0,4.525,2023-03-22 20:37:00+00:00
482148,55+,F,Housing,Tablet,South,0,8.1825,2023-03-08 18:09:00+00:00
482151,25-34,F,Housing,Web,Northeast,0,5.82,2023-06-06 12:13:00+00:00
482152,35-44,F,Housing,Mobile,Midwest,0,9.52,2023-03-23 09:11:00+00:00
482175,55+,F,Housing,Tablet,South,0,11.4588,2023-05-08 07:26:00+00:00
482197,35-44,F,Housing,Web,Midwest,1,9.4,2023-01-16 03:53:00+00:00
482201,25-34,F,Housing,Mobile,Northeast,1,7.96,2023-03-25 23:37:00+00:00
482213,55+,F,Housing,Tablet,South,0,4.4337,2023-01-08 19:26:00+00:00
482224,18-24,F,Housing,Web,Northeast,0,8.58,2023-02-24 18:33:00+00:00
482251,25-34,F,Housing,Web,Northeast,1,6.06,2023-04-19 12:49:00+00:00
482254,55+,F,Housing,Mobile,South,1,13.98,2023-05-05 16:52:00+00:00
482267,35-44,F,Housing,Tablet,Midwest,0,0.5925,2023-04-25 18:07:00+00:00
482289,35-44,F,Housing,Tablet,Midwest,0,8.5225,2023-05-19 18:02:00+00:00
482294,18-24,F,Housing,Mobile,Northeast,0,1.84,2023-01-13 00:18:00+00:00
482301,25-34,F,Housing,Web,Northeast,0,8.18,2023-02-24 18:50:00+00:00
482332,55+,F,Housing,Web,South,1,12.04,2023-05-08 19:35:00+00:00
482341,55+,F,Housing,Mobile,South,0,15.06,2023-04-09 02:39:00+00:00
482344,55+,F,Housing,Tablet,South,0,9.96,2023-04-14 19:14:00+00:00
482348,35-44,F,Housing,Mobile,Midwest,1,0.805,2023-05-05 04:43:00+00:00
482349,55+,F,Housing,Mobile,South,0,11.3375,2023-02-20 14:41:00+00:00
482351,25-34,F,Housing,Web,Northeast,0,6.6,2023-02-05 23:13:00+00:00
482362,18-24,F,Housing,Mobile,Northeast,1,7.0,2023-02-25 07:59:00+00:00
482371,35-44,F,Housing,Web,Midwest,1,13.16,2023-01-04 15:43:00+00:00
482374,18-24,F,Housing,Web,Northeast,1,15.22,2023-01-07 18:18:00+00:00
482375,18-24,F,Housing,Tablet,Northeast,1,11.9087,2023-01-28 15:29:00+00:00
482378,55+,F,Housing,Tablet,South,0,7.4737,2023-04-10 03:14:00+00:00
482382,35-44,F,Housing,Tablet,Midwest,0,9.6587,2023-05-08 07:43:00+00:00
482389,55+,F,Housing,Mobile,South,0,6.72,2023-01-02 13:25:00+00:00
482394,35-44,F,Housing,Tablet,Midwest,0,6.3063,2023-06-15 21:57:00+00:00
482395,35-44,F,Housing,Tablet,Midwest,0,8.54,2023-04-03 20:38:00+00:00
482400,55+,F,Housing,Mobile,South,0,10.0875,2023-01-31 06:55:00+00:00
482401,25-34,F,Housing,Tablet,Northeast,0,15.3,2023-04-21 14:41:00+00:00
482410,35-44,F,Housing,Tablet,Midwest,0,10.8,2023-05-26 01:55:00+00:00
482414,18-24,F,Housing,Mobile,Northeast,1,8.9413,2023-06-23 17:07:00+00:00
482417,55+,F,Housing,Tablet,South,0,2.4013,2023-01-22 09:54:00+00:00
482449,35-44,F,Housing,Web,Midwest,0,8.3,2023-04-11 16:14:00+00:00
482451,25-34,F,Housing,Tablet,Northeast,0,15.04,2023-04-28 21:59:00+00:00
482465,55+,F,Housing,Mobile,South,0,2.0412,2023-06-23 17:50:00+00:00
482472,35-44,F,Housing,Tablet,Midwest,0,1.02,2023-03-18 16:45:00+00:00
482487,18-24,F,Housing,Web,Northeast,0,0.8938,2023-02-05 11:13:00+00:00
482496,35-44,F,Housing,Tablet,Midwest,0,7.605,2023-04-15 20:14:00+00:00
482501,25-34,F,Housing,Tablet,Northeast,0,15.16,2023-01-24 23:29:00+00:00
482503,18-24,F,Housing,Tablet,Northeast,0,6.5,2023-02-20 02:41:00+00:00
482505,55+,F,Housing,Mobile,South,0,3.2313,2023-05-26 01:12:00+00:00
482508,55+,F,Housing,Tablet,South,1,7.7337,2023-01-08 19:18:00+00:00
482513,18-24,F,Housing,Web,Northeast,0,1.5662,2023-02-03 21:30:00+00:00
482537,35-44,F,Housing,Web,Midwest,0,6.755,2023-03-26 12:12:00+00:00
482538,18-24,F,Housing,Mobile,Northeast,0,12.4537,2023-04-14 19:57:00+00:00
482540,55+,F,Housing,Web,South,0,2.8775,2023-05-03 14:43:00+00:00
482551,25-34,F,Housing,Mobile,Northeast,0,13.18,2023-01-25 12:12:00+00:00
482570,18-24,F,Housing,Mobile,Northeast,0,1.5588,2023-01-28 15:46:00+00:00
482585,55+,F,Housing,Tablet,South,0,9.4262,2023-01-02 13:00:00+00:00
482601,25-34,F,Housing,Web,Northeast,0,7.76,2023-05-14 01:44:00+00:00
482611,35-44,F,Housing,Tablet,Midwest,1,11.38,2023-06-04 22:22:00+00:00
482623,35-44,F,Housing,Mobile,Midwest,0,15.2,2023-03-07 17:00:00+00:00
482626,18-24,F,Housing,Tablet,Northeast,1,11.62,2023-03-08 18:00:00+00:00
482651,25-34,F,Housing,Web,Northeast,0,10.26,2023-03-20 06:45:00+00:00
482657,18-24,F,Housing,Web,Northeast,0,12.71,2023-02-18 00:24:00+00:00
482681,18-24,F,Housing,Web,Northeast,0,5.3963,2023-02-07 13:39:00+00:00
482682,18-24,F,Housing,Web,Northeast,0,4.2888,2023-01-12 23:44:00+00:00
482691,55+,F,Housing,Web,South,0,10.3625,2023-06-20 02:50:00+00:00
482693,35-44,F,Housing,Web,Midwest,1,4.5488,2023-02-09 15:05:00+00:00
482701,25-34,F,Housing,Mobile,Northeast,0,11.44,2023-03-19 17:02:00+00:00
482709,35-44,F,Housing,Tablet,Midwest,0,7.33,2023-06-14 08:32:00+00:00
482714,18-24,F,Housing,Tablet,Northeast,0,8.3262,2023-02-11 05:14:00+00:00
482717,35-44,F,Housing,Mobile,Midwest,1,6.3963,2023-02-07 13:13:00+00:00
482751,25-34,F,Housing,Web,Northeast,0,14.64,2023-06-27 21:08:00+00:00
482755,35-44,F,Housing,Mobile,Midwest,1,13.1,2023-01-01 00:08:00+00:00
482775,55+,F,Housing,Mobile,South,0,10.23,2023-01-25 00:03:00+00:00
482796,35-44,F,Housing,Tablet,Midwest,1,6.6513,2023-02-11 17:57:00+00:00
482801,25-34,F,Housing,Tablet,Northeast,1,12.12,2023-06-21 15:15:00+00:00
482802,18-24,F,Housing,Mobile,Northeast,0,12.3887,2023-02-21 15:07:00+00:00
482811,55+,F,Housing,Web,South,0,10.3375,2023-05-11 22:52:00+00:00
482812,18-24,F,Housing,Mobile,Northeast,0,8.3,2023-02-10 04:48:00+00:00
482830,55+,F,Housing,Tablet,South,0,14.76,2023-05-24 23:37:00+00:00
482834,55+,F,Housing,Web,South,0,4.4562,2023-05-06 05:09:00+00:00
482836,55+,F,Housing,Mobile,South,0,10.16,2023-02-23 17:24:00+00:00
482850,18-24,F,Housing,Web,Northeast,0,9.795,2023-01-17 04:10:00+00:00
482851,25-34,F,Housing,Tablet,Northeast,0,10.62,2023-04-27 08:50:00+00:00
482883,18-24,F,Housing,Mobile,Northeast,0,8.5887,2023-02-01 07:55:00+00:00
482884,35-44,F,Housing,Web,Midwest,0,11.4,2023-06-05 11:39:00+00:00
482891,55+,F,Housing,Tablet,South,1,0.7775,2023-05-03 14:43:00+00:00
482901,25-34,F,Housing,Web,Northeast,0,12.22,2023-02-26 20:50:00+00:00
482910,35-44,F,Housing,Web,Midwest,0,1.0088,2023-01-08 07:35:00+00:00
482928,55+,F,Housing,Tablet,South,0,3.0463,2023-06-07 13:31:00+00:00
482943,35-44,F,Housing,Mobile,Midwest,1,1.875,2023-05-01 12:08:00+00:00
482951,25-34,F,Housing,Mobile,Northeast,0,12.66,2023-04-29 10:08:00+00:00
482967,55+,F,Housing,Tablet,South,0,7.7925,2023-06-24 18:33:00+00:00
482971,18-24,F,Housing,Web,Northeast,0,9.34,2023-02-02 08:56:00+00:00
482998,18-24,F,Housing,Mobile,Northeast,0,12.12,2023-04-02 19:30:00+00:00
483001,25-34,F,Housing,Web,Northeast,0,10.24,2023-04-28 09:42:00+00:00
483007,55+,F,Housing,Web,South,1,11.72,2023-02-01 19:47:00+00:00
483020,35-44,F,Housing,Mobile,Midwest,0,2.0438,2023-01-16 03:36:00+00:00
483025,18-24,F,Housing,Web,Northeast,1,8.72,2023-06-11 05:31:00+00:00
483035,55+,F,Housing,Web,South,0,12.63,2023-05-25 00:37:00+00:00
483042,18-24,F,Housing,Tablet,Northeast,0,4.4612,2023-03-11 09:27:00+00:00
483044,18-24,F,Housing,Web,Northeast,1,4.7237,2023-03-21 19:02:00+00:00
483051,25-34,F,Housing,Web,Northeast,0,12.18,2023-05-15 02:10:00+00:00
483055,18-24,F,Housing,Mobile,Northeast,1,9.74,2023-05-13 00:10:00+00:00
483070,18-24,F,Housing,Web,Northeast,0,9.44,2023-02-07 13:56:00+00:00
483083,18-24,F,Housing,Web,Northeast,0,11.9038,2023-03-05 03:17:00+00:00
483084,35-44,F,Housing,Web,Midwest,0,7.3388,2023-06-21 15:15:00+00:00
483101,25-34,F,Housing,Web,Northeast,0,13.16,2023-05-24 11:20:00+00:00
483113,55+,F,Housing,Mobile,South,1,8.4525,2023-01-03 02:43:00+00:00
483129,35-44,F,Housing,Web,Midwest,0,5.695,2023-06-26 20:16:00+00:00
483131,55+,F,Housing,Web,South,0,4.2963,2023-06-07 13:31:00+00:00
483151,25-34,F,Housing,Mobile,Northeast,0,14.74,2023-02-12 18:14:00+00:00
483161,18-24,F,Housing,Web,Northeast,0,11.8475,2023-01-19 06:36:00+00:00
483162,35-44,F,Housing,Web,Midwest,0,12.4012,2023-02-11 17:05:00+00:00
483169,35-44,F,Housing,Mobile,Midwest,1,9.34,2023-02-02 08:30:00+00:00
483171,35-44,F,Housing,Web,Midwest,0,12.1163,2023-06-03 21:56:00+00:00
483180,55+,F,Housing,Tablet,South,0,3.1338,2023-01-08 19:01:00+00:00
483183,55+,F,Housing,Web,South,0,7.9938,2023-02-05 11:39:00+00:00
483191,18-24,F,Housing,Mobile,Northeast,1,12.6888,2023-02-01 07:13:00+00:00
483195,35-44,F,Housing,Mobile,Midwest,0,1.4888,2023-05-12 23:35:00+00:00
483199,55+,F,Housing,Web,South,0,9.94,2023-01-23 10:03:00+00:00
483201,25-34,F,Housing,Tablet,Northeast,0,8.34,2023-02-12 18:23:00+00:00
483218,55+,F,Housing,Mobile,South,0,9.845,2023-01-17 04:45:00+00:00
483232,18-24,F,Housing,Web,Northeast,0,9.12,2023-05-02 13:51:00+00:00
483251,25-34,F,Housing,Mobile,Northeast,0,13.28,2023-05-10 21:18:00+00:00
483283,18-24,F,Housing,Tablet,Northeast,0,5.76,2023-01-14 01:01:00+00:00
483285,35-44,F,Housing,Web,Midwest,1,4.7125,2023-04-01 18:47:00+00:00
483290,18-24,F,Housing,Mobile,Northeast,1,12.1363,2023-03-11 21:01:00+00:00
483294,35-44,F,Housing,Mobile,Midwest,0,6.31,2023-01-29 16:04:00+00:00
483301,25-34,F,Housing,Mobile,Northeast,0,8.52,2023-03-13 11:44:00+00:00
483311,35-44,F,Housing,Mobile,Midwest,1,12.9012,2023-03-03 01:51:00+00:00
483318,18-24,F,Housing,Mobile,Northeast,0,4.8587,2023-03-09 07:01:00+00:00
483328,55+,F,Housing,Web,South,0,6.82,2023-01-07 06:43:00+00:00
483332,18-24,F,Housing,Web,Northeast,0,9.11,2023-01-29 16:46:00+00:00
483347,35-44,F,Housing,Mobile,Midwest,0,7.7725,2023-06-28 10:34:00+00:00
483351,25-34,F,Housing,Mobile,Northeast,0,10.18,2023-04-05 10:13:00+00:00
483357,55+,F,Housing,Web,South,0,11.1675,2023-03-16 14:53:00+00:00
483382,55+,F,Housing,Tablet,South,0,7.4,2023-04-06 23:39:00+00:00
483392,55+,F,Housing,Web,South,0,6.0163,2023-03-15 13:27:00+00:00
483401,25-34,F,Housing,Mobile,Northeast,0,8.88,2023-02-19 01:49:00+00:00
483424,55+,F,Housing,Mobile,South,0,11.34,2023-02-22 16:33:00+00:00
483435,35-44,F,Housing,Web,Midwest,0,2.6938,2023-02-25 19:50:00+00:00
483436,35-44,F,Housing,Mobile,Midwest,1,11.54,2023-03-24 10:28:00+00:00
483442,18-24,F,Housing,Web,Northeast,0,10.42,2023-05-07 06:35:00+00:00
483451,25-34,F,Housing,Mobile,Northeast,0,6.32,2023-01-22 21:37:00+00:00
483461,55+,F,Housing,Mobile,South,1,7.8725,2023-03-20 18:19:00+00:00
483468,35-44,F,Housing,Mobile,Midwest,0,12.1925,2023-04-25 18:16:00+00:00
483469,18-24,F,Housing,Web,Northeast,1,15.14,2023-06-12 18:06:00+00:00
483470,55+,F,Housing,Mobile,South,1,9.7287,2023-04-14 07:23:00+00:00
483481,35-44,F,Housing,Web,Midwest,0,9.26,2023-01-29 16:46:00+00:00
483487,35-44,F,Housing,Web,Midwest,0,5.56,2023-05-04 03:26:00+00:00
483501,25-34,F,Housing,Mobile,Northeast,0,6.78,2023-05-05 04:17:00+00:00
483502,18-24,F,Housing,Web,Northeast,1,8.52,2023-06-01 19:55:00+00:00
483503,18-24,F,Housing,Tablet,Northeast,0,12.0162,2023-04-04 21:56:00+00:00
483515,35-44,F,Housing,Web,Midwest,1,1.5762,2023-01-22 21:20:00+00:00
483516,35-44,F,Housing,Mobile,Midwest,0,12.4675,2023-06-04 22:30:00+00:00
483526,55+,F,Housing,Web,South,1,14.3,2023-05-21 20:20:00+00:00
483530,18-24,F,Housing,Web,Northeast,1,8.815,2023-01-13 12:53:00+00:00
483538,35-44,F,Housing,Tablet,Midwest,1,14.02,2023-05-27 14:38:00+00:00
483551,25-34,F,Housing,Mobile,Northeast,0,13.62,2023-05-07 18:52:00+00:00
483552,35-44,F,Housing,Tablet,Midwest,1,9.5962,2023-04-28 21:16:00+00:00
483556,35-44,F,Housing,Web,Midwest,0,11.84,2023-02-27 21:25:00+00:00
483557,18-24,F,Housing,Tablet,Northeast,0,9.5587,2023-04-18 23:49:00+00:00
483562,35-44,F,Housing,Tablet,Midwest,0,6.98,2023-03-16 14:44:00+00:00
483564,55+,F,Housing,Mobile,South,0,9.5512,2023-04-12 17:31:00+00:00
483571,18-24,F,Housing,Mobile,Northeast,0,15.42,2023-06-26 20:50:00+00:00
483573,35-44,F,Housing,Web,Midwest,0,11.7975,2023-02-28 22:08:00+00:00
483577,18-24,F,Housing,Mobile,Northeast,0,14.0,2023-03-27 01:29:00+00:00
483582,18-24,F,Housing,Mobile,Northeast,0,3.4737,2023-06-09 03:05:00+00:00
483586,18-24,F,Housing,Tablet,Northeast,0,9.22,2023-01-27 02:20:00+00:00
483601,25-34,F,Housing,Web,Northeast,0,11.02,2023-03-18 04:45:00+00:00
483607,18-24,F,Housing,Web,Northeast,1,9.22,2023-05-27 14:38:00+00:00
483614,18-24,F,Housing,Tablet,Northeast,0,4.7938,2023-02-05 11:13:00+00:00
483619,35-44,F,Housing,Web,Midwest,1,8.38,2023-06-14 20:32:00+00:00
483623,18-24,F,Housing,Web,Northeast,0,0.7788,2023-05-04 15:00:00+00:00
483625,55+,F,Housing,Tablet,South,1,7.36,2023-04-24 17:24:00+00:00
483628,35-44,F,Housing,Web,Midwest,0,12.12,2023-02-01 07:30:00+00:00
483631,35-44,F,Housing,Web,Midwest,0,8.24,2023-04-08 13:13:00+00:00
483632,18-24,F,Housing,Mobile,Northeast,0,12.09,2023-05-13 00:44:00+00:00
483633,18-24,F,Housing,Tablet,Northeast,0,11.015,2023-05-13 12:44:00+00:00
483638,55+,F,Housing,Tablet,South,1,2.5962,2023-03-19 05:11:00+00:00
483644,55+,F,Housing,Web,South,0,9.6575,2023-04-17 22:23:00+00:00
483648,35-44,F,Housing,Mobile,Midwest,1,2.9238,2023-04-10 03:05:00+00:00
483651,25-34,F,Housing,Web,Northeast,1,14.12,2023-02-21 15:07:00+00:00
483656,55+,F,Housing,Mobile,South,0,4.79,2023-06-22 16:58:00+00:00
483662,55+,F,Housing,Tablet,South,0,8.4825,2023-02-16 10:06:00+00:00
483694,55+,F,Housing,Mobile,South,1,14.9,2023-02-20 02:15:00+00:00
483697,55+,F,Housing,Tablet,South,0,13.06,2023-05-19 06:45:00+00:00
483701,25-34,F,Housing,Web,Northeast,0,15.48,2023-06-29 23:34:00+00:00
483730,55+,F,Housing,Web,South,0,7.06,2023-04-29 22:08:00+00:00
483731,35-44,F,Housing,Tablet,Midwest,0,7.3063,2023-05-26 13:46:00+00:00
483732,35-44,F,Housing,Mobile,Midwest,0,5.57,2023-02-26 08:50:00+00:00
483737,18-24,F,Housing,Tablet,Northeast,0,11.9987,2023-06-29 23:34:00+00:00
483747,18-24,F,Housing,Tablet,Northeast,1,11.72,2023-03-18 16:10:00+00:00
483751,25-34,F,Housing,Mobile,Northeast,0,12.58,2023-06-04 22:04:00+00:00
483797,18-24,F,Housing,Mobile,Northeast,0,8.3163,2023-06-23 05:41:00+00:00
483800,55+,F,Housing,Web,South,1,7.7425,2023-02-24 18:59:00+00:00
483801,25-34,F,Housing,Mobile,Northeast,0,8.96,2023-06-03 21:13:00+00:00
483812,35-44,F,Housing,Tablet,Midwest,0,9.7975,2023-04-09 14:56:00+00:00
483825,55+,F,Housing,Mobile,South,0,1.8475,2023-04-29 22:16:00+00:00
483844,18-24,F,Housing,Mobile,Northeast,0,9.52,2023-03-03 13:17:00+00:00
483851,25-34,F,Housing,Web,Northeast,0,12.78,2023-03-26 12:20:00+00:00
483868,18-24,F,Housing,Mobile,Northeast,0,11.34,2023-05-13 12:01:00+00:00
483887,18-24,F,Housing,Mobile,Northeast,0,11.055,2023-05-25 12:12:00+00:00
483891,35-44,F,Housing,Tablet,Midwest,0,8.8575,2023-01-27 14:55:00+00:00
483893,55+,F,Housing,Mobile,South,0,10.1975,2023-05-19 06:11:00+00:00
483895,55+,F,Housing,Tablet,South,0,14.62,2023-04-07 12:39:00+00:00
483901,25-34,F,Housing,Mobile,Northeast,0,10.48,2023-01-10 21:52:00+00:00
483908,18-24,F,Housing,Web,Northeast,1,5.4638,2023-04-22 03:50:00+00:00
483919,55+,F,Housing,Mobile,South,0,14.92,2023-04-22 03:50:00+00:00
483920,18-24,F,Housing,Web,Northeast,0,4.1675,2023-01-15 14:10:00+00:00
483942,35-44,F,Housing,Web,Midwest,0,8.015,2023-01-13 12:18:00+00:00
483951,25-34,F,Housing,Tablet,Northeast,1,9.58,2023-01-25 12:37:00+00:00
483976,55+,F,Housing,Mobile,South,1,9.84,2023-06-27 09:51:00+00:00
483979,35-44,F,Housing,Mobile,Midwest,0,9.92,2023-02-11 17:23:00+00:00
484001,25-34,F,Housing,Tablet,Northeast,1,11.28,2023-01-10 21:09:00+00:00
484008,35-44,F,Housing,Tablet,Midwest,0,7.9962,2023-05-18 05:11:00+00:00
484015,55+,F,Housing,Mobile,South,0,14.78,2023-01-25 12:12:00+00:00
484026,35-44,F,Housing,Mobile,Midwest,0,8.1088,2023-01-28 15:29:00+00:00
484029,55+,F,Housing,Tablet,South,0,11.3038,2023-03-05 03:17:00+00:00
484051,25-34,F,Housing,Web,Northeast,0,10.14,2023-04-03 08:04:00+00:00
484056,35-44,F,Housing,Tablet,Midwest,1,9.2112,2023-01-30 17:04:00+00:00
484065,35-44,F,Housing,Mobile,Midwest,0,4.6537,2023-03-25 11:03:00+00:00
484066,35-44,F,Housing,Web,Midwest,0,11.78,2023-04-05 22:39:00+00:00
484068,35-44,F,Housing,Web,Midwest,0,7.5725,2023-06-28 10:08:00+00:00
484092,35-44,F,Housing,Web,Midwest,0,7.8637,2023-03-13 11:27:00+00:00
484098,18-24,F,Housing,Mobile,Northeast,1,12.6225,2023-06-08 02:31:00+00:00
484099,35-44,F,Housing,Mobile,Midwest,1,9.08,2023-05-20 19:45:00+00:00
484101,25-34,F,Housing,Tablet,Northeast,0,5.64,2023-05-08 07:43:00+00:00
484109,35-44,F,Housing,Mobile,Midwest,0,6.0062,2023-06-15 21:32:00+00:00
484120,55+,F,Housing,Mobile,South,0,7.34,2023-02-02 08:13:00+00:00
484143,55+,F,Housing,Web,South,0,8.2725,2023-05-19 18:11:00+00:00
484151,25-34,F,Housing,Tablet,Northeast,0,11.72,2023-06-01 07:30:00+00:00
484180,18-24,F,Housing,Tablet,Northeast,0,11.42,2023-04-27 20:25:00+00:00
484181,55+,F,Housing,Mobile,South,0,7.4225,2023-04-29 10:25:00+00:00
484191,55+,F,Housing,Mobile,South,1,6.2838,2023-02-17 11:58:00+00:00
484193,18-24,F,Housing,Web,Northeast,1,0.7025,2023-06-12 18:48:00+00:00
484198,35-44,F,Housing,Web,Midwest,0,7.18,2023-03-26 00:20:00+00:00
484201,25-34,F,Housing,Tablet,Northeast,0,15.04,2023-04-08 01:13:00+00:00
484205,35-44,F,Housing,Tablet,Midwest,1,8.7988,2023-05-20 07:19:00+00:00
484222,35-44,F,Housing,Mobile,Midwest,0,12.68,2023-04-30 23:42:00+00:00
484246,18-24,F,Housing,Tablet,Northeast,1,13.06,2023-04-09 02:39:00+00:00
484247,35-44,F,Housing,Tablet,Midwest,0,11.2125,2023-04-01 18:21:00+00:00
484251,25-34,F,Housing,Tablet,Northeast,0,6.1,2023-05-11 22:18:00+00:00
484269,18-24,F,Housing,Tablet,Northeast,0,7.4525,2023-03-24 10:03:00+00:00
484274,18-24,F,Housing,Tablet,Northeast,0,10.545,2023-04-07 12:56:00+00:00
484278,35-44,F,Housing,Tablet,Midwest,0,3.535,2023-05-09 20:52:00+00:00
484291,55+,F,Housing,Web,South,1,12.4,2023-05-06 17:00:00+00:00
484301,25-34,F,Housing,Tablet,Northeast,0,7.54,2023-04-13 06:14:00+00:00
484317,35-44,F,Housing,Mobile,Midwest,0,10.5925,2023-04-25 18:07:00+00:00
484330,35-44,F,Housing,Tablet,Midwest,1,8.18,2023-06-04 10:56:00+00:00
484335,55+,F,Housing,Tablet,South,0,12.0188,2023-04-26 07:50:00+00:00
484337,55+,F,Housing,Tablet,South,0,12.6188,2023-02-05 23:22:00+00:00
484347,55+,F,Housing,Web,South,0,1.5275,2023-03-24 22:37:00+00:00
484351,25-34,F,Housing,Web,Northeast,0,7.7,2023-05-31 06:55:00+00:00
484362,35-44,F,Housing,Tablet,Midwest,1,12.52,2023-02-26 08:33:00+00:00
484363,18-24,F,Housing,Tablet,Northeast,0,8.4,2023-04-16 21:49:00+00:00
484364,55+,F,Housing,Mobile,South,0,4.3537,2023-03-05 03:09:00+00:00
484374,35-44,F,Housing,Web,Midwest,0,11.7287,2023-04-14 07:40:00+00:00
484388,55+,F,Housing,Mobile,South,0,8.8187,2023-06-05 23:47:00+00:00
484392,55+,F,Housing,Tablet,South,0,4.0312,2023-06-15 09:15:00+00:00
484401,25-34,F,Housing,Web,Northeast,0,10.3,2023-03-22 20:45:00+00:00
484409,35-44,F,Housing,Tablet,Midwest,0,3.675,2023-01-01 12:17:00+00:00
484449,55+,F,Housing,Mobile,South,0,12.1487,2023-05-20 07:28:00+00:00
484451,25-34,F,Housing,Tablet,Northeast,0,10.42,2023-05-27 14:12:00+00:00
484460,35-44,F,Housing,Web,Midwest,0,5.435,2023-03-30 04:46:00+00:00
484461,35-44,F,Housing,Tablet,Midwest,0,8.3725,2023-01-19 18:19:00+00:00
484479,35-44,F,Housing,Tablet,Midwest,1,3.0463,2023-02-27 21:59:00+00:00
484500,18-24,F,Housing,Web,Northeast,1,11.36,2023-03-30 16:12:00+00:00
484501,25-34,F,Housing,Mobile,Northeast,0,12.7,2023-01-21 20:11:00+00:00
484504,18-24,F,Housing,Mobile,Northeast,0,12.2,2023-06-05 23:22:00+00:00
484510,55+,F,Housing,Web,South,0,12.52,2023-03-13 23:01:00+00:00
484511,35-44,F,Housing,Web,Midwest,0,11.9175,2023-02-24 06:59:00+00:00
484515,18-24,F,Housing,Tablet,Northeast,0,8.8925,2023-04-05 10:30:00+00:00
484517,18-24,F,Housing,Tablet,Northeast,0,4.0025,2023-04-13 18:57:00+00:00
484519,35-44,F,Housing,Web,Midwest,0,8.1,2023-05-11 10:27:00+00:00
484522,55+,F,Housing,Tablet,South,0,10.06,2023-05-09 20:52:00+00:00
484523,18-24,F,Housing,Tablet,Northeast,0,10.855,2023-05-25 12:12:00+00:00
484530,55+,F,Housing,Tablet,South,1,2.415,2023-02-02 20:21:00+00:00
484531,18-24,F,Housing,Mobile,Northeast,0,6.54,2023-04-03 08:38:00+00:00
484534,55+,F,Housing,Web,South,0,7.7,2023-02-20 02:41:00+00:00
484539,55+,F,Housing,Tablet,South,0,2.09,2023-02-02 08:21:00+00:00
484551,25-34,F,Housing,Mobile,Northeast,1,6.98,2023-02-04 22:56:00+00:00
484553,18-24,F,Housing,Tablet,Northeast,0,9.525,2023-01-21 20:02:00+00:00
484579,55+,F,Housing,Web,South,0,10.06,2023-04-19 00:15:00+00:00
484594,55+,F,Housing,Web,South,0,10.3,2023-03-22 08:37:00+00:00
484595,35-44,F,Housing,Mobile,Midwest,1,2.665,2023-02-02 20:04:00+00:00
484600,55+,F,Housing,Web,South,1,8.74,2023-02-12 18:40:00+00:00
484601,25-34,F,Housing,Mobile,Northeast,0,11.06,2023-01-19 06:54:00+00:00
484602,18-24,F,Housing,Tablet,Northeast,0,4.075,2023-03-02 12:17:00+00:00
484613,35-44,F,Housing,Tablet,Midwest,0,12.8012,2023-03-03 01:08:00+00:00
484617,55+,F,Housing,Mobile,South,1,12.58,2023-02-14 08:49:00+00:00
484639,55+,F,Housing,Mobile,South,1,8.58,2023-06-24 06:42:00+00:00
484641,18-24,F,Housing,Mobile,Northeast,0,12.9825,2023-05-27 02:20:00+00:00
484645,18-24,F,Housing,Web,Northeast,0,7.98,2023-06-14 20:14:00+00:00
484649,35-44,F,Housing,Mobile,Midwest,0,9.7025,2023-03-04 02:26:00+00:00
484651,25-34,F,Housing,Mobile,Northeast,0,12.24,2023-02-07 13:56:00+00:00
484653,35-44,F,Housing,Tablet,Midwest,1,3.61,2023-06-18 00:41:00+00:00
484656,55+,F,Housing,Web,South,0,6.9475,2023-02-28 22:34:00+00:00
484666,35-44,F,Housing,Tablet,Midwest,1,13.3,2023-04-01 18:30:00+00:00
484670,55+,F,Housing,Mobile,South,1,8.0563,2023-04-16 21:06:00+00:00
484672,35-44,F,Housing,Tablet,Midwest,0,15.2,2023-06-15 21:32:00+00:00
484701,25-34,F,Housing,Mobile,Northeast,0,11.2,2023-01-26 01:20:00+00:00
484703,35-44,F,Housing,Tablet,Midwest,0,1.5825,2023-06-16 10:49:00+00:00
484741,18-24,F,Housing,Mobile,Northeast,0,12.86,2023-03-10 08:44:00+00:00
484748,55+,F,Housing,Mobile,South,0,3.7363,2023-05-30 05:55:00+00:00
484751,25-34,F,Housing,Tablet,Northeast,0,11.74,2023-03-14 12:53:00+00:00
484767,18-24,F,Housing,Tablet,Northeast,0,1.4287,2023-04-14 07:14:00+00:00
484769,35-44,F,Housing,Tablet,Midwest,1,4.0563,2023-03-27 13:37:00+00:00
484778,35-44,F,Housing,Web,Midwest,0,6.4162,2023-03-15 13:36:00+00:00
484790,55+,F,Housing,Web,South,0,0.51,2023-02-18 00:49:00+00:00
484798,55+,F,Housing,Mobile,South,0,13.62,2023-01-27 14:29:00+00:00
484801,25-34,F,Housing,Mobile,Northeast,0,5.54,2023-05-23 22:46:00+00:00
484805,18-24,F,Housing,Tablet,Northeast,0,1.9275,2023-02-12 06:14:00+00:00
484819,55+,F,Housing,Tablet,South,1,6.72,2023-02-11 05:05:00+00:00
484840,18-24,F,Housing,Tablet,Northeast,0,7.4,2023-03-17 15:02:00+00:00
484842,55+,F,Housing,Web,South,0,4.775,2023-04-11 04:22:00+00:00
484851,25-34,F,Housing,Tablet,Northeast,0,6.68,2023-06-29 23:34:00+00:00
484871,35-44,F,Housing,Mobile,Midwest,0,6.29,2023-06-02 08:30:00+00:00
484877,55+,F,Housing,Mobile,South,0,12.265,2023-04-03 20:21:00+00:00
484898,18-24,F,Housing,Mobile,Northeast,0,4.8825,2023-02-16 10:32:00+00:00
484901,25-34,F,Housing,Mobile,Northeast,0,8.24,2023-03-19 05:28:00+00:00
484908,18-24,F,Housing,Tablet,Northeast,0,1.1625,2023-05-31 18:04:00+00:00
484921,55+,F,Housing,Mobile,South,0,10.38,2023-03-06 16:09:00+00:00
484935,35-44,F,Housing,Web,Midwest,1,11.0137,2023-05-12 11:44:00+00:00
484937,18-24,F,Housing,Mobile,Northeast,0,7.92,2023-02-06 00:30:00+00:00
484949,35-44,F,Housing,Tablet,Midwest,0,0.9475,2023-06-28 22:42:00+00:00
484951,25-34,F,Housing,Web,Northeast,0,11.9,2023-02-10 04:14:00+00:00
484954,18-24,F,Housing,Web,Northeast,0,14.6,2023-04-06 11:30:00+00:00
484955,35-44,F,Housing,Mobile,Midwest,0,2.04,2023-06-02 08:56:00+00:00
484969,35-44,F,Housing,Web,Midwest,0,10.74,2023-06-12 18:31:00+00:00
484975,55+,F,Housing,Web,South,1,14.26,2023-05-19 06:36:00+00:00
484983,35-44,F,Housing,Web,Midwest,0,11.9388,2023-04-02 07:55:00+00:00
485001,25-34,F,Housing,Web,Northeast,0,9.1,2023-02-10 16:48:00+00:00
485011,35-44,F,Housing,Mobile,Midwest,0,14.0,2023-04-16 21:49:00+00:00
485013,35-44,F,Housing,Tablet,Midwest,0,12.28,2023-02-14 08:49:00+00:00
485019,55+,F,Housing,Mobile,South,1,2.5038,2023-05-24 11:03:00+00:00
485024,18-24,F,Housing,Mobile,Northeast,1,7.4875,2023-06-20 14:50:00+00:00
485048,55+,F,Housing,Tablet,South,0,7.1437,2023-02-25 19:25:00+00:00
485051,25-34,F,Housing,Mobile,Northeast,0,11.24,2023-03-29 15:46:00+00:00
485077,18-24,F,Housing,Mobile,Northeast,0,8.72,2023-06-11 17:14:00+00:00
485101,25-34,F,Housing,Web,Northeast,1,10.9,2023-03-12 10:35:00+00:00
485119,35-44,F,Housing,Web,Midwest,0,6.56,2023-01-14 13:44:00+00:00
485125,35-44,F,Housing,Mobile,Midwest,0,12.04,2023-01-28 03:38:00+00:00
485136,55+,F,Housing,Web,South,0,4.4987,2023-04-10 15:39:00+00:00
485139,18-24,F,Housing,Tablet,Northeast,0,4.765,2023-01-13 12:44:00+00:00
485148,55+,F,Housing,Tablet,South,0,4.9025,2023-01-23 10:37:00+00:00
485151,25-34,F,Housing,Web,Northeast,0,6.28,2023-04-10 15:48:00+00:00
485156,35-44,F,Housing,Mobile,Midwest,0,11.6738,2023-04-10 03:31:00+00:00
485160,35-44,F,Housing,Tablet,Midwest,0,12.1463,2023-04-28 21:25:00+00:00
485177,55+,F,Housing,Tablet,South,1,6.4713,2023-02-27 09:51:00+00:00
485178,35-44,F,Housing,Tablet,Midwest,0,7.255,2023-01-25 12:20:00+00:00
485183,18-24,F,Housing,Mobile,Northeast,1,7.675,2023-05-21 20:45:00+00:00
485184,55+,F,Housing,Web,South,0,12.3375,2023-04-01 06:30:00+00:00
485190,55+,F,Housing,Web,South,0,12.5162,2023-06-23 05:50:00+00:00
485201,25-34,F,Housing,Web,Northeast,0,15.12,2023-03-23 21:20:00+00:00
485210,35-44,F,Housing,Web,Midwest,0,3.0263,2023-05-02 13:00:00+00:00
485213,35-44,F,Housing,Web,Midwest,0,8.585,2023-04-19 12:06:00+00:00
485245,55+,F,Housing,Mobile,South,0,15.44,2023-04-28 09:42:00+00:00
485251,25-34,F,Housing,Web,Northeast,1,6.86,2023-05-09 08:01:00+00:00
485256,18-24,F,Housing,Tablet,Northeast,0,1.8925,2023-04-05 10:22:00+00:00
485261,55+,F,Housing,Tablet,South,0,9.5775,2023-01-03 14:34:00+00:00
485262,35-44,F,Housing,Web,Midwest,0,8.4425,2023-05-15 02:27:00+00:00
485273,35-44,F,Housing,Mobile,Midwest,0,2.3275,2023-06-12 06:23:00+00:00
485274,35-44,F,Housing,Web,Midwest,0,1.1075,2023-01-27 14:38:00+00:00
485294,55+,F,Housing,Web,South,0,6.3037,2023-05-24 11:20:00+00:00
485301,25-34,F,Housing,Mobile,Northeast,0,12.36,2023-04-14 07:23:00+00:00
485305,18-24,F,Housing,Tablet,Northeast,0,9.44,2023-06-07 01:48:00+00:00
485319,35-44,F,Housing,Mobile,Midwest,1,3.88,2023-06-14 08:40:00+00:00
485321,18-24,F,Housing,Tablet,Northeast,0,2.9188,2023-04-26 07:07:00+00:00
485338,35-44,F,Housing,Tablet,Midwest,1,8.52,2023-05-12 11:44:00+00:00
485341,18-24,F,Housing,Mobile,Northeast,0,11.2,2023-03-27 01:46:00+00:00
485351,25-34,F,Housing,Mobile,Northeast,0,7.52,2023-05-02 01:51:00+00:00
485358,55+,F,Housing,Web,South,0,4.9112,2023-03-31 17:12:00+00:00
485380,35-44,F,Housing,Mobile,Midwest,0,7.22,2023-03-08 18:43:00+00:00
485383,35-44,F,Housing,Mobile,Midwest,1,8.22,2023-06-06 12:22:00+00:00
485384,55+,F,Housing,Mobile,South,0,5.1738,2023-03-21 19:37:00+00:00
485388,35-44,F,Housing,Web,Midwest,0,2.1437,2023-04-26 19:50:00+00:00
485389,35-44,F,Housing,Tablet,Midwest,0,15.46,2023-05-19 18:54:00+00:00
485401,25-34,F,Housing,Mobile,Northeast,1,6.8,2023-04-16 21:32:00+00:00
485415,35-44,F,Housing,Web,Midwest,1,1.085,2023-03-30 04:04:00+00:00
485427,55+,F,Housing,Web,South,0,10.15,2023-06-10 16:40:00+00:00
485445,18-24,F,Housing,Web,Northeast,0,9.5825,2023-02-16 10:58:00+00:00
485451,25-34,F,Housing,Mobile,Northeast,0,8.3,2023-01-21 08:02:00+00:00
485487,18-24,F,Housing,Web,Northeast,1,3.3262,2023-01-02 13:08:00+00:00
485488,35-44,F,Housing,Mobile,Midwest,0,8.6,2023-02-05 23:05:00+00:00
485496,18-24,F,Housing,Tablet,Northeast,0,6.5163,2023-03-15 13:01:00+00:00
485501,25-34,F,Housing,Web,Northeast,1,11.14,2023-02-12 18:48:00+00:00
485508,55+,F,Housing,Mobile,South,0,12.11,2023-05-09 08:18:00+00:00
485527,18-24,F,Housing,Web,Northeast,1,15.32,2023-04-22 03:58:00+00:00
485550,35-44,F,Housing,Tablet,Midwest,0,2.2912,2023-05-14 01:44:00+00:00
485551,25-34,F,Housing,Mobile,Northeast,1,14.24,2023-06-27 21:42:00+00:00
485560,18-24,F,Housing,Tablet,Northeast,1,9.66,2023-05-09 20:35:00+00:00
485564,18-24,F,Housing,Mobile,Northeast,0,12.5875,2023-06-20 14:58:00+00:00
485574,55+,F,Housing,Web,South,0,4.8075,2023-03-28 14:03:00+00:00
485599,18-24,F,Housing,Web,Northeast,0,14.36,2023-03-25 11:20:00+00:00
485600,55+,F,Housing,Web,South,1,1.5,2023-01-01 00:34:00+00:00
485601,25-34,F,Housing,Tablet,Northeast,1,6.54,2023-06-22 16:41:00+00:00
485608,55+,F,Housing,Mobile,South,0,7.82,2023-02-06 00:30:00+00:00
485609,35-44,F,Housing,Tablet,Midwest,0,10.7462,2023-02-07 13:05:00+00:00
485636,35-44,F,Housing,Tablet,Midwest,1,12.4025,2023-03-04 02:34:00+00:00
485644,18-24,F,Housing,Mobile,Northeast,0,9.02,2023-04-27 20:33:00+00:00
485651,25-34,F,Housing,Mobile,Northeast,0,8.96,2023-04-24 17:07:00+00:00
485652,18-24,F,Housing,Tablet,Northeast,1,1.29,2023-02-02 08:30:00+00:00
485664,35-44,F,Housing,Tablet,Midwest,1,7.8475,2023-05-19 06:36:00+00:00
485668,18-24,F,Housing,Mobile,Northeast,1,13.44,2023-02-27 09:16:00+00:00
485671,35-44,F,Housing,Tablet,Midwest,0,6.58,2023-02-04 10:47:00+00:00
485674,35-44,F,Housing,Web,Midwest,0,11.6,2023-04-16 09:06:00+00:00
485677,55+,F,Housing,Mobile,South,0,8.74,2023-05-03 14:34:00+00:00
485686,55+,F,Housing,Mobile,South,0,6.9,2023-04-21 14:15:00+00:00
485690,35-44,F,Housing,Mobile,Midwest,1,11.1325,2023-03-08 18:26:00+00:00
485695,35-44,F,Housing,Mobile,Midwest,0,6.7,2023-03-02 00:17:00+00:00
485701,25-34,F,Housing,Web,Northeast,0,6.9,2023-04-01 06:30:00+00:00
485723,18-24,F,Housing,Mobile,Northeast,0,9.2338,2023-02-17 11:15:00+00:00
485727,35-44,F,Housing,Web,Midwest,0,3.0075,2023-03-08 06:09:00+00:00
485744,55+,F,Housing,Tablet,South,0,5.1063,2023-02-15 21:49:00+00:00
485751,25-34,F,Housing,Mobile,Northeast,0,9.44,2023-02-27 21:25:00+00:00
485753,55+,F,Housing,Tablet,South,0,1.73,2023-04-15 08:06:00+00:00
485767,18-24,F,Housing,Web,Northeast,1,10.9,2023-04-21 14:50:00+00:00
485793,35-44,F,Housing,Web,Midwest,1,4.9262,2023-03-23 21:45:00+00:00
485800,35-44,F,Housing,Tablet,Midwest,1,9.82,2023-05-17 04:45:00+00:00
485801,25-34,F,Housing,Web,Northeast,0,7.98,2023-01-05 16:52:00+00:00
485802,18-24,F,Housing,Web,Northeast,0,5.1525,2023-03-24 10:37:00+00:00
485835,35-44,F,Housing,Web,Midwest,0,12.4763,2023-03-03 13:08:00+00:00
485838,35-44,F,Housing,Web,Midwest,0,2.2675,2023-05-15 14:19:00+00:00
485845,55+,F,Housing,Mobile,South,0,14.54,2023-04-23 16:50:00+00:00
485851,25-34,F,Housing,Mobile,Northeast,1,9.94,2023-03-24 10:11:00+00:00
485860,35-44,F,Housing,Tablet,Midwest,0,8.46,2023-06-18 12:41:00+00:00
485864,35-44,F,Housing,Tablet,Midwest,0,10.1113,2023-02-19 01:58:00+00:00
485874,35-44,F,Housing,Mobile,Midwest,0,3.4575,2023-06-16 22:06:00+00:00
485879,18-24,F,Housing,Web,Northeast,1,2.6187,2023-04-26 07:42:00+00:00
485887,55+,F,Housing,Web,South,0,14.5,2023-04-21 02:50:00+00:00
485901,25-34,F,Housing,Tablet,Northeast,0,9.08,2023-01-20 07:37:00+00:00
485905,35-44,F,Housing,Mobile,Midwest,1,15.46,2023-04-09 14:39:00+00:00
485910,18-24,F,Housing,Web,Northeast,0,12.8837,2023-03-29 03:12:00+00:00
485929,35-44,F,Housing,Web,Midwest,0,14.14,2023-04-03 08:21:00+00:00
485933,35-44,F,Housing,Web,Midwest,0,11.0787,2023-03-05 15:09:00+00:00
485951,25-34,F,Housing,Web,Northeast,0,8.9,2023-01-31 06:30:00+00:00
485953,55+,F,Housing,Web,South,0,15.04,2023-02-07 01:13:00+00:00
485983,55+,F,Housing,Mobile,South,0,5.72,2023-06-01 19:13:00+00:00
485984,55+,F,Housing,Tablet,South,0,5.6887,2023-04-22 15:50:00+00:00
485988,55+,F,Housing,Web,South,0,4.6425,2023-04-25 18:42:00+00:00
485989,18-24,F,Housing,Web,Northeast,0,12.08,2023-05-10 21:27:00+00:00
485996,35-44,F,Housing,Web,Midwest,0,10.87,2023-03-18 16:02:00+00:00
486001,25-34,F,Housing,Mobile,Northeast,0,7.4,2023-01-16 03:45:00+00:00
486013,18-24,F,Housing,Web,Northeast,0,9.86,2023-04-29 22:42:00+00:00
486028,55+,F,Housing,Tablet,South,1,9.8,2023-02-05 23:47:00+00:00
486030,55+,F,Housing,Web,South,0,11.0025,2023-03-24 10:11:00+00:00
486046,55+,F,Housing,Mobile,South,1,6.6,2023-06-05 23:39:00+00:00
486051,25-34,F,Housing,Tablet,Northeast,0,9.44,2023-02-07 01:13:00+00:00
486052,18-24,F,Housing,Tablet,Northeast,0,13.68,2023-01-10 09:44:00+00:00
486058,55+,F,Housing,Tablet,South,1,8.94,2023-01-13 12:01:00+00:00
486066,35-44,F,Housing,Mobile,Midwest,0,1.1038,2023-02-13 19:31:00+00:00
486087,35-44,F,Housing,Web,Midwest,0,0.6462,2023-06-07 13:31:00+00:00
486090,18-24,F,Housing,Web,Northeast,0,5.0025,2023-05-03 02:34:00+00:00
486098,18-24,F,Housing,Web,Northeast,0,1.215,2023-03-14 12:01:00+00:00
486101,25-34,F,Housing,Tablet,Northeast,1,13.52,2023-05-22 21:20:00+00:00
486107,55+,F,Housing,Mobile,South,0,1.6475,2023-01-19 06:19:00+00:00
486110,18-24,F,Housing,Web,Northeast,0,1.3188,2023-03-17 15:36:00+00:00
486120,35-44,F,Housing,Tablet,Midwest,0,9.9612,2023-02-19 01:24:00+00:00
486127,35-44,F,Housing,Mobile,Midwest,0,5.66,2023-05-29 16:46:00+00:00
486132,55+,F,Housing,Web,South,1,6.4075,2023-02-16 22:40:00+00:00
486144,35-44,F,Housing,Web,Midwest,1,8.94,2023-06-22 16:07:00+00:00
486149,55+,F,Housing,Tablet,South,0,7.9538,2023-05-24 11:11:00+00:00
486151,25-34,F,Housing,Mobile,Northeast,0,5.52,2023-04-12 17:23:00+00:00
486166,55+,F,Housing,Mobile,South,1,9.46,2023-06-08 02:39:00+00:00
486167,18-24,F,Housing,Web,Northeast,0,3.2575,2023-01-07 06:18:00+00:00
486188,55+,F,Housing,Mobile,South,0,8.1125,2023-02-20 02:15:00+00:00
486193,55+,F,Housing,Tablet,South,0,11.38,2023-04-25 18:24:00+00:00
486201,25-34,F,Housing,Mobile,Northeast,0,12.5,2023-04-01 18:04:00+00:00
486202,35-44,F,Housing,Tablet,Midwest,0,13.66,2023-04-19 12:15:00+00:00
486222,35-44,F,Housing,Tablet,Midwest,0,11.0113,2023-03-11 09:09:00+00:00
486225,35-44,F,Housing,Web,Midwest,0,5.2162,2023-01-14 13:01:00+00:00
486235,35-44,F,Housing,Mobile,Midwest,0,5.76,2023-06-23 17:24:00+00:00
486236,55+,F,Housing,Web,South,1,5.6762,2023-05-02 13:25:00+00:00
486241,35-44,F,Housing,Mobile,Midwest,1,6.42,2023-01-27 14:29:00+00:00
486251,25-34,F,Housing,Mobile,Northeast,0,5.78,2023-02-04 22:22:00+00:00
486252,55+,F,Housing,Web,South,0,10.35,2023-03-02 00:08:00+00:00
486260,55+,F,Housing,Tablet,South,0,8.9663,2023-06-23 05:41:00+00:00
486266,35-44,F,Housing,Tablet,Midwest,0,3.325,2023-02-10 04:40:00+00:00
486274,35-44,F,Housing,Mobile,Midwest,1,12.28,2023-04-10 15:57:00+00:00
486279,18-24,F,Housing,Mobile,Northeast,1,8.9125,2023-01-11 10:27:00+00:00
486280,35-44,F,Housing,Tablet,Midwest,0,14.4,2023-05-26 01:46:00+00:00
486282,18-24,F,Housing,Tablet,Northeast,0,6.4125,2023-03-12 10:10:00+00:00
486284,18-24,F,Housing,Web,Northeast,0,2.9937,2023-06-05 11:22:00+00:00
486285,35-44,F,Housing,Tablet,Midwest,0,3.85,2023-02-10 16:40:00+00:00
486301,25-34,F,Housing,Mobile,Northeast,0,7.82,2023-04-27 20:33:00+00:00
486325,35-44,F,Housing,Web,Midwest,0,10.92,2023-02-01 19:55:00+00:00
486341,35-44,F,Housing,Tablet,Midwest,1,12.6375,2023-03-12 22:27:00+00:00
486343,18-24,F,Housing,Web,Northeast,0,7.2,2023-01-26 01:37:00+00:00
486351,25-34,F,Housing,Mobile,Northeast,0,14.14,2023-04-03 08:47:00+00:00
486359,55+,F,Housing,Mobile,South,0,1.2963,2023-05-18 05:45:00+00:00
486365,35-44,F,Housing,Web,Midwest,1,8.1513,2023-01-02 01:00:00+00:00
486369,18-24,F,Housing,Mobile,Northeast,1,2.3813,2023-03-07 17:17:00+00:00
486387,18-24,F,Housing,Mobile,Northeast,0,9.7487,2023-05-20 07:37:00+00:00
486401,25-34,F,Housing,Mobile,Northeast,0,7.1,2023-05-21 08:11:00+00:00
486414,18-24,F,Housing,Mobile,Northeast,0,5.8163,2023-02-23 05:24:00+00:00
486421,18-24,F,Housing,Web,Northeast,1,11.78,2023-01-15 02:36:00+00:00
486435,55+,F,Housing,Web,South,1,7.0125,2023-04-01 18:47:00+00:00
486442,55+,F,Housing,Mobile,South,0,12.8,2023-03-27 13:29:00+00:00
486451,25-34,F,Housing,Web,Northeast,0,10.74,2023-03-04 02:08:00+00:00
486458,35-44,F,Housing,Tablet,Midwest,0,0.785,2023-01-09 20:09:00+00:00
486469,55+,F,Housing,Mobile,South,1,10.66,2023-03-20 06:28:00+00:00
486490,18-24,F,Housing,Mobile,Northeast,0,13.54,2023-04-13 18:48:00+00:00
486493,55+,F,Housing,Tablet,South,0,9.42,2023-02-06 00:30:00+00:00
486501,25-34,F,Housing,Tablet,Northeast,0,12.1,2023-04-01 06:55:00+00:00
486502,35-44,F,Housing,Tablet,Midwest,0,9.8,2023-02-05 11:13:00+00:00
486503,18-24,F,Housing,Mobile,Northeast,0,8.26,2023-05-29 16:38:00+00:00
486504,35-44,F,Housing,Web,Midwest,0,10.87,2023-06-26 08:42:00+00:00
486519,35-44,F,Housing,Mobile,Midwest,0,6.8075,2023-03-28 14:55:00+00:00
486520,55+,F,Housing,Tablet,South,1,11.98,2023-03-06 04:09:00+00:00
486548,18-24,F,Housing,Tablet,Northeast,0,9.3737,2023-03-01 11:59:00+00:00
486551,25-34,F,Housing,Tablet,Northeast,0,5.88,2023-06-09 15:31:00+00:00
486562,18-24,F,Housing,Tablet,Northeast,1,12.26,2023-02-08 02:56:00+00:00
486571,55+,F,Housing,Mobile,South,0,7.34,2023-02-22 04:07:00+00:00
486578,55+,F,Housing,Mobile,South,0,1.9888,2023-02-01 07:04:00+00:00
486601,25-34,F,Housing,Mobile,Northeast,0,14.18,2023-06-24 18:50:00+00:00
486616,18-24,F,Housing,Mobile,Northeast,0,14.58,2023-05-15 02:02:00+00:00
486620,55+,F,Housing,Mobile,South,0,8.8175,2023-03-16 14:10:00+00:00
486630,55+,F,Housing,Mobile,South,0,12.57,2023-02-06 00:13:00+00:00
486631,55+,F,Housing,Web,South,0,11.24,2023-02-17 23:49:00+00:00
486639,18-24,F,Housing,Web,Northeast,0,4.1587,2023-01-28 15:12:00+00:00
486650,55+,F,Housing,Web,South,1,10.0225,2023-02-08 02:48:00+00:00
486651,25-34,F,Housing,Mobile,Northeast,1,13.76,2023-05-14 01:01:00+00:00
486657,35-44,F,Housing,Mobile,Midwest,0,6.2962,2023-06-27 21:25:00+00:00
486701,25-34,F,Housing,Tablet,Northeast,0,10.14,2023-02-22 16:33:00+00:00
486706,18-24,F,Housing,Mobile,Northeast,0,14.1,2023-01-31 18:38:00+00:00
486711,35-44,F,Housing,Web,Midwest,0,0.9075,2023-03-28 14:29:00+00:00
486714,55+,F,Housing,Tablet,South,0,2.4562,2023-05-26 13:12:00+00:00
486715,55+,F,Housing,Mobile,South,0,6.28,2023-03-01 23:34:00+00:00
486726,35-44,F,Housing,Mobile,Midwest,0,5.6863,2023-03-11 21:18:00+00:00
486740,55+,F,Housing,Tablet,South,0,11.6113,2023-05-10 09:18:00+00:00
486751,25-34,F,Housing,Web,Northeast,0,10.98,2023-04-05 22:56:00+00:00
486753,55+,F,Housing,Mobile,South,0,2.9112,2023-06-19 01:41:00+00:00
486756,18-24,F,Housing,Mobile,Northeast,0,4.2837,2023-01-08 19:35:00+00:00
486767,18-24,F,Housing,Web,Northeast,0,11.345,2023-02-06 12:39:00+00:00
486770,18-24,F,Housing,Tablet,Northeast,0,2.0025,2023-06-12 18:57:00+00:00
486789,35-44,F,Housing,Web,Midwest,0,5.0312,2023-03-27 01:20:00+00:00
486801,25-34,F,Housing,Web,Northeast,0,6.52,2023-02-01 07:30:00+00:00
486806,18-24,F,Housing,Web,Northeast,1,10.5612,2023-02-19 01:07:00+00:00
486812,18-24,F,Housing,Web,Northeast,0,7.355,2023-05-25 12:20:00+00:00
486814,55+,F,Housing,Web,South,0,6.28,2023-06-09 03:48:00+00:00
486824,18-24,F,Housing,Mobile,Northeast,0,5.2062,2023-05-06 05:17:00+00:00
486838,35-44,F,Housing,Mobile,Midwest,0,9.08,2023-06-09 15:31:00+00:00
486845,35-44,F,Housing,Web,Midwest,0,7.535,2023-05-29 04:55:00+00:00
486851,25-34,F,Housing,Web,Northeast,0,9.18,2023-03-26 12:46:00+00:00
486854,18-24,F,Housing,Mobile,Northeast,0,7.0775,2023-01-23 22:37:00+00:00
486862,18-24,F,Housing,Mobile,Northeast,0,10.94,2023-04-03 08:30:00+00:00
486884,35-44,F,Housing,Tablet,Midwest,0,2.345,2023-04-07 12:22:00+00:00
486901,25-34,F,Housing,Mobile,Northeast,0,15.14,2023-02-12 06:57:00+00:00
486902,35-44,F,Housing,Tablet,Midwest,0,7.3875,2023-01-11 22:01:00+00:00
486930,55+,F,Housing,Mobile,South,0,8.0587,2023-02-17 23:41:00+00:00
486938,55+,F,Housing,Tablet,South,1,9.2775,2023-05-23 22:28:00+00:00
486947,35-44,F,Housing,Mobile,Midwest,0,12.9375,2023-04-01 06:55:00+00:00
486951,25-34,F,Housing,Mobile,Northeast,0,8.36,2023-01-24 23:20:00+00:00
486956,55+,F,Housing,Web,South,0,8.93,2023-06-14 08:23:00+00:00
486990,18-24,F,Housing,Mobile,Northeast,0,1.3825,2023-06-16 10:23:00+00:00
486995,55+,F,Housing,Web,South,1,11.23,2023-01-05 16:17:00+00:00
487001,25-34,F,Housing,Mobile,Northeast,0,8.06,2023-03-30 16:46:00+00:00
487024,18-24,F,Housing,Tablet,Northeast,0,8.78,2023-03-26 12:20:00+00:00
487028,18-24,F,Housing,Tablet,Northeast,0,10.0538,2023-02-13 19:57:00+00:00
487051,25-34,F,Housing,Web,Northeast,0,9.84,2023-02-27 09:08:00+00:00
487054,18-24,F,Housing,Tablet,Northeast,0,15.42,2023-02-26 08:33:00+00:00
487057,55+,F,Housing,Tablet,South,0,13.44,2023-01-18 17:28:00+00:00
487064,55+,F,Housing,Tablet,South,0,11.7275,2023-06-12 06:48:00+00:00
487065,55+,F,Housing,Web,South,0,5.46,2023-03-30 16:29:00+00:00
487067,18-24,F,Housing,Tablet,Northeast,0,7.2363,2023-03-11 21:44:00+00:00
487075,35-44,F,Housing,Tablet,Midwest,1,14.5,2023-01-31 06:12:00+00:00
487076,18-24,F,Housing,Mobile,Northeast,0,9.0125,2023-02-20 02:15:00+00:00
487085,35-44,F,Housing,Mobile,Midwest,0,11.1163,2023-05-14 13:01:00+00:00
487087,55+,F,Housing,Web,South,0,9.16,2023-03-05 03:17:00+00:00
487094,35-44,F,Housing,Tablet,Midwest,0,9.865,2023-05-13 12:01:00+00:00
487101,25-34,F,Housing,Tablet,Northeast,0,13.92,2023-05-22 09:03:00+00:00
487107,55+,F,Housing,Mobile,South,0,5.9725,2023-04-29 10:16:00+00:00
487150,55+,F,Housing,Mobile,South,0,8.36,2023-03-05 15:34:00+00:00
487151,25-34,F,Housing,Web,Northeast,1,14.68,2023-03-21 07:02:00+00:00
487152,55+,F,Housing,Tablet,South,0,5.045,2023-03-18 04:02:00+00:00
487154,55+,F,Housing,Tablet,South,0,3.2575,2023-05-27 14:20:00+00:00
487158,35-44,F,Housing,Web,Midwest,1,3.7588,2023-03-29 15:55:00+00:00
487163,55+,F,Housing,Mobile,South,0,5.275,2023-03-02 12:08:00+00:00
487165,35-44,F,Housing,Web,Midwest,0,12.48,2023-01-30 05:38:00+00:00
487174,35-44,F,Housing,Mobile,Midwest,0,14.86,2023-01-29 16:46:00+00:00
487178,55+,F,Housing,Mobile,South,0,7.9325,2023-05-07 18:52:00+00:00
487185,55+,F,Housing,Mobile,South,0,12.5913,2023-04-04 09:21:00+00:00
487188,55+,F,Housing,Mobile,South,0,8.295,2023-06-06 12:56:00+00:00
487195,35-44,F,Housing,Tablet,Midwest,0,10.52,2023-05-12 11:10:00+00:00
487201,25-34,F,Housing,Mobile,Northeast,0,9.1,2023-05-01 00:42:00+00:00
487224,18-24,F,Housing,Mobile,Northeast,0,7.3475,2023-01-19 06:45:00+00:00
487232,35-44,F,Housing,Mobile,Midwest,0,7.5875,2023-02-20 14:15:00+00:00
487249,18-24,F,Housing,Mobile,Northeast,0,9.98,2023-03-06 04:17:00+00:00
487251,25-34,F,Housing,Mobile,Northeast,0,6.02,2023-05-07 18:43:00+00:00
487259,35-44,F,Housing,Tablet,Midwest,0,8.7788,2023-05-24 23:20:00+00:00
487262,35-44,F,Housing,Web,Midwest,1,4.2225,2023-04-29 10:51:00+00:00
487264,55+,F,Housing,Tablet,South,1,6.98,2023-04-05 22:22:00+00:00
487268,55+,F,Housing,Mobile,South,0,7.5038,2023-06-13 19:40:00+00:00
487283,35-44,F,Housing,Web,Midwest,0,12.25,2023-04-11 16:40:00+00:00
487301,25-34,F,Housing,Web,Northeast,0,12.9,2023-04-21 14:15:00+00:00
487317,18-24,F,Housing,Tablet,Northeast,0,10.715,2023-03-14 12:18:00+00:00
487337,35-44,F,Housing,Tablet,Midwest,0,5.7838,2023-03-09 19:18:00+00:00
487342,35-44,F,Housing,Web,Midwest,1,10.32,2023-03-23 21:45:00+00:00
487349,18-24,F,Housing,Mobile,Northeast,0,1.865,2023-02-02 20:13:00+00:00
487351,25-34,F,Housing,Web,Northeast,0,5.74,2023-01-13 00:44:00+00:00
487357,35-44,F,Housing,Tablet,Midwest,0,11.54,2023-01-23 10:46:00+00:00
487358,35-44,F,Housing,Tablet,Midwest,0,4.6275,2023-02-12 06:23:00+00:00
487359,35-44,F,Housing,Web,Midwest,0,6.935,2023-03-10 20:44:00+00:00
487363,55+,F,Housing,Web,South,1,10.74,2023-02-12 18:57:00+00:00
487370,55+,F,Housing,Web,South,0,6.7938,2023-02-05 11:56:00+00:00
487396,55+,F,Housing,Web,South,0,12.08,2023-01-30 17:55:00+00:00
487401,25-34,F,Housing,Web,Northeast,0,13.92,2023-05-02 01:51:00+00:00
487418,55+,F,Housing,Tablet,South,0,10.8537,2023-06-13 19:31:00+00:00
487428,55+,F,Housing,Web,South,1,3.0888,2023-05-12 23:10:00+00:00
487451,25-34,F,Housing,Tablet,Northeast,1,11.46,2023-02-28 22:59:00+00:00
487477,18-24,F,Housing,Tablet,Northeast,1,13.26,2023-02-18 00:32:00+00:00
487485,35-44,F,Housing,Tablet,Midwest,0,8.1425,2023-06-04 10:22:00+00:00
487501,25-34,F,Housing,Web,Northeast,1,10.5,2023-03-12 10:01:00+00:00
487508,18-24,F,Housing,Mobile,Northeast,1,10.2937,2023-02-05 11:13:00+00:00
487510,35-44,F,Housing,Web,Midwest,1,7.98,2023-03-26 12:54:00+00:00
487511,18-24,F,Housing,Tablet,Northeast,1,7.6825,2023-04-17 10:23:00+00:00
487521,55+,F,Housing,Web,South,0,8.2037,2023-05-24 11:54:00+00:00
487534,55+,F,Housing,Web,South,1,10.28,2023-04-10 03:05:00+00:00
487539,35-44,F,Housing,Tablet,Midwest,0,12.9663,2023-05-14 13:10:00+00:00
487551,25-34,F,Housing,Tablet,Northeast,1,13.04,2023-05-18 17:11:00+00:00
487570,18-24,F,Housing,Web,Northeast,1,10.86,2023-06-18 12:41:00+00:00
487572,35-44,F,Housing,Mobile,Midwest,0,2.9287,2023-01-24 23:54:00+00:00
487586,55+,F,Housing,Tablet,South,0,8.265,2023-04-03 20:04:00+00:00
487597,35-44,F,Housing,Mobile,Midwest,0,13.96,2023-05-04 15:51:00+00:00
487601,25-34,F,Housing,Tablet,Northeast,0,13.98,2023-03-06 04:26:00+00:00
487620,35-44,F,Housing,Mobile,Midwest,1,5.885,2023-03-30 04:04:00+00:00
487638,55+,F,Housing,Mobile,South,0,10.215,2023-06-02 20:30:00+00:00
487651,25-34,F,Housing,Web,Northeast,0,9.74,2023-04-23 04:16:00+00:00
487682,35-44,F,Housing,Web,Midwest,0,12.7775,2023-06-12 06:31:00+00:00
487689,55+,F,Housing,Tablet,South,1,7.4538,2023-05-24 11:54:00+00:00
487691,35-44,F,Housing,Tablet,Midwest,1,5.9725,2023-04-29 10:51:00+00:00
487696,18-24,F,Housing,Mobile,Northeast,1,7.2,2023-03-27 13:29:00+00:00
487698,18-24,F,Housing,Tablet,Northeast,0,8.7613,2023-05-30 17:21:00+00:00
487701,25-34,F,Housing,Mobile,Northeast,0,14.1,2023-05-11 10:10:00+00:00
487703,35-44,F,Housing,Tablet,Midwest,0,4.6937,2023-02-25 19:25:00+00:00
487731,18-24,F,Housing,Web,Northeast,0,8.4887,2023-06-01 07:04:00+00:00
487735,35-44,F,Housing,Mobile,Midwest,1,13.54,2023-06-12 18:14:00+00:00
487737,35-44,F,Housing,Tablet,Midwest,1,11.5525,2023-04-13 18:06:00+00:00
487738,55+,F,Housing,Mobile,South,0,10.16,2023-04-24 05:07:00+00:00
487747,55+,F,Housing,Tablet,South,0,5.8,2023-02-25 19:07:00+00:00
487750,35-44,F,Housing,Web,Midwest,0,12.98,2023-02-04 10:56:00+00:00
487751,25-34,F,Housing,Tablet,Northeast,0,12.56,2023-04-04 21:21:00+00:00
487752,55+,F,Housing,Mobile,South,0,9.07,2023-04-07 00:39:00+00:00
487763,18-24,F,Housing,Web,Northeast,0,1.19,2023-01-13 00:18:00+00:00
487764,18-24,F,Housing,Web,Northeast,0,2.2525,2023-02-12 18:57:00+00:00
487778,55+,F,Housing,Web,South,1,12.9825,2023-06-16 10:49:00+00:00
487780,18-24,F,Housing,Mobile,Northeast,0,12.96,2023-06-23 05:50:00+00:00
487789,55+,F,Housing,Tablet,South,1,11.36,2023-05-14 13:27:00+00:00
487801,25-34,F,Housing,Web,Northeast,0,9.44,2023-06-27 21:51:00+00:00
487806,18-24,F,Housing,Web,Northeast,1,8.6263,2023-05-02 13:51:00+00:00
487813,35-44,F,Housing,Web,Midwest,1,13.7,2023-05-31 06:55:00+00:00
487819,35-44,F,Housing,Web,Midwest,1,6.96,2023-06-23 05:16:00+00:00
487826,55+,F,Housing,Mobile,South,1,1.9075,2023-05-27 14:38:00+00:00
487835,18-24,F,Housing,Tablet,Northeast,0,10.5488,2023-03-21 07:28:00+00:00
487841,18-24,F,Housing,Tablet,Northeast,1,7.1837,2023-05-28 03:12:00+00:00
487843,18-24,F,Housing,Mobile,Northeast,0,10.6,2023-05-16 15:10:00+00:00
487846,55+,F,Housing,Web,South,0,14.7,2023-03-02 00:25:00+00:00
487850,35-44,F,Housing,Tablet,Midwest,0,10.5488,2023-04-30 23:25:00+00:00
487851,25-34,F,Housing,Tablet,Northeast,0,10.16,2023-06-03 21:56:00+00:00
487881,35-44,F,Housing,Tablet,Midwest,0,2.6513,2023-03-23 09:45:00+00:00
487895,35-44,F,Housing,Mobile,Midwest,0,1.0188,2023-04-06 23:39:00+00:00
487901,25-34,F,Housing,Tablet,Northeast,1,6.3,2023-01-01 00:34:00+00:00
487908,18-24,F,Housing,Web,Northeast,0,4.52,2023-06-06 00:56:00+00:00
487926,18-24,F,Housing,Web,Northeast,0,4.8075,2023-05-27 14:46:00+00:00
487928,18-24,F,Housing,Web,Northeast,0,10.45,2023-03-22 08:54:00+00:00
487931,55+,F,Housing,Tablet,South,0,5.6712,2023-06-07 01:31:00+00:00
487932,55+,F,Housing,Web,South,0,10.095,2023-06-06 12:56:00+00:00
487937,18-24,F,Housing,Tablet,Northeast,0,9.4012,2023-06-11 17:40:00+00:00
487945,18-24,F,Housing,Mobile,Northeast,0,8.88,2023-05-30 17:55:00+00:00
487951,25-34,F,Housing,Tablet,Northeast,0,8.04,2023-05-28 03:46:00+00:00
487952,18-24,F,Housing,Web,Northeast,0,11.5087,2023-03-29 15:12:00+00:00
487963,55+,F,Housing,Tablet,South,0,6.28,2023-05-20 07:54:00+00:00
487964,35-44,F,Housing,Mobile,Midwest,1,0.8037,2023-02-13 19:57:00+00:00
487970,55+,F,Housing,Web,South,1,4.0875,2023-05-31 06:55:00+00:00
487973,18-24,F,Housing,Mobile,Northeast,1,12.2575,2023-06-16 22:58:00+00:00
487977,55+,F,Housing,Tablet,South,0,4.055,2023-06-14 20:14:00+00:00
487989,55+,F,Housing,Web,South,1,8.675,2023-03-02 12:08:00+00:00
487990,35-44,F,Housing,Tablet,Midwest,1,12.14,2023-01-13 00:44:00+00:00
487994,55+,F,Housing,Tablet,South,0,10.6463,2023-02-07 13:56:00+00:00
488001,25-34,F,Housing,Tablet,Northeast,0,11.92,2023-05-02 13:43:00+00:00
488003,55+,F,Housing,Web,South,1,3.7963,2023-02-27 21:08:00+00:00
488035,18-24,F,Housing,Mobile,Northeast,0,11.74,2023-03-14 00:27:00+00:00
488040,55+,F,Housing,Mobile,South,0,9.97,2023-01-17 16:53:00+00:00
488051,25-34,F,Housing,Mobile,Northeast,0,10.42,2023-05-07 06:18:00+00:00
488074,35-44,F,Housing,Tablet,Midwest,1,12.08,2023-03-31 05:04:00+00:00
488076,18-24,F,Housing,Tablet,Northeast,0,2.8413,2023-04-24 17:41:00+00:00
488087,35-44,F,Housing,Tablet,Midwest,0,7.4863,2023-05-10 21:52:00+00:00
488101,25-34,F,Housing,Web,Northeast,0,14.46,2023-03-30 04:04:00+00:00
488110,55+,F,Housing,Tablet,South,0,5.76,2023-01-14 01:36:00+00:00
488111,35-44,F,Housing,Tablet,Midwest,0,4.1137,2023-01-12 11:10:00+00:00
488130,55+,F,Housing,Mobile,South,0,8.5213,2023-02-27 09:51:00+00:00
488143,35-44,F,Housing,Web,Midwest,0,9.56,2023-06-13 07:40:00+00:00
488144,18-24,F,Housing,Web,Northeast,1,5.4037,2023-05-04 03:00:00+00:00
488151,25-34,F,Housing,Mobile,Northeast,0,14.3,2023-02-10 04:57:00+00:00
488157,18-24,F,Housing,Tablet,Northeast,0,5.5788,2023-01-04 15:09:00+00:00
488162,35-44,F,Housing,Mobile,Midwest,0,1.5112,2023-04-20 01:41:00+00:00
488174,35-44,F,Housing,Web,Midwest,0,6.3637,2023-05-12 11:10:00+00:00
488177,35-44,F,Housing,Tablet,Midwest,1,4.58,2023-03-06 16:26:00+00:00
488182,35-44,F,Housing,Mobile,Midwest,0,15.46,2023-04-09 02:05:00+00:00
488190,18-24,F,Housing,Web,Northeast,0,6.08,2023-01-05 16:43:00+00:00
488201,25-34,F,Housing,Tablet,Northeast,0,6.96,2023-05-14 13:44:00+00:00
488211,18-24,F,Housing,Web,Northeast,0,5.8825,2023-01-27 02:55:00+00:00
488219,55+,F,Housing,Tablet,South,1,9.3537,2023-03-25 11:54:00+00:00
488227,35-44,F,Housing,Web,Midwest,0,9.74,2023-06-02 08:21:00+00:00
488229,55+,F,Housing,Web,South,0,12.0125,2023-01-11 10:27:00+00:00
488231,18-24,F,Housing,Web,Northeast,0,3.4263,2023-05-22 21:45:00+00:00
488238,18-24,F,Housing,Mobile,Northeast,0,3.5888,2023-01-12 23:53:00+00:00
488243,35-44,F,Housing,Mobile,Midwest,1,5.8825,2023-04-17 10:06:00+00:00
488251,25-34,F,Housing,Mobile,Northeast,0,12.56,2023-06-23 05:07:00+00:00
488256,18-24,F,Housing,Mobile,Northeast,0,0.77,2023-04-27 08:08:00+00:00
488284,18-24,F,Housing,Mobile,Northeast,0,10.84,2023-01-08 19:52:00+00:00
488285,35-44,F,Housing,Web,Midwest,0,6.8738,2023-01-20 19:11:00+00:00
488290,35-44,F,Housing,Mobile,Midwest,0,8.96,2023-05-14 13:27:00+00:00
488291,35-44,F,Housing,Web,Midwest,0,2.34,2023-05-13 00:27:00+00:00
488299,55+,F,Housing,Tablet,South,0,14.96,2023-02-23 05:59:00+00:00
488301,25-34,F,Housing,Web,Northeast,0,6.6,2023-01-16 15:45:00+00:00
488315,35-44,F,Housing,Tablet,Midwest,0,12.8588,2023-03-09 07:18:00+00:00
488316,55+,F,Housing,Mobile,South,1,8.3262,2023-02-11 05:57:00+00:00
488331,35-44,F,Housing,Web,Midwest,1,9.8262,2023-03-23 21:11:00+00:00
488337,18-24,F,Housing,Mobile,Northeast,1,1.3662,2023-02-23 05:07:00+00:00
488338,18-24,F,Housing,Web,Northeast,0,9.28,2023-04-20 13:58:00+00:00
488350,55+,F,Housing,Tablet,South,0,11.04,2023-03-19 05:36:00+00:00
488351,25-34,F,Housing,Tablet,Northeast,1,13.28,2023-03-11 09:27:00+00:00
488356,35-44,F,Housing,Tablet,Midwest,0,14.56,2023-06-23 17:33:00+00:00
488359,55+,F,Housing,Mobile,South,0,13.3,2023-06-20 14:58:00+00:00
488361,55+,F,Housing,Tablet,South,1,4.5263,2023-02-11 05:14:00+00:00
488398,35-44,F,Housing,Web,Midwest,0,9.72,2023-01-12 23:53:00+00:00
488401,25-34,F,Housing,Web,Northeast,0,12.8,2023-02-15 21:23:00+00:00
488415,18-24,F,Housing,Mobile,Northeast,0,6.6875,2023-02-20 14:24:00+00:00
488451,25-34,F,Housing,Web,Northeast,0,8.26,2023-06-28 10:42:00+00:00
488459,55+,F,Housing,Mobile,South,0,12.6037,2023-01-24 11:54:00+00:00
488466,55+,F,Housing,Mobile,South,1,8.615,2023-03-14 12:27:00+00:00
488491,55+,F,Housing,Tablet,South,1,12.28,2023-03-21 07:11:00+00:00
488499,18-24,F,Housing,Web,Northeast,1,1.3575,2023-01-07 06:35:00+00:00
488501,25-34,F,Housing,Web,Northeast,1,5.82,2023-05-17 04:02:00+00:00
488508,35-44,F,Housing,Mobile,Midwest,0,10.3438,2023-02-05 11:30:00+00:00
488515,55+,F,Housing,Tablet,South,1,10.32,2023-05-02 13:43:00+00:00
488517,35-44,F,Housing,Web,Midwest,1,5.2825,2023-05-27 02:55:00+00:00
488521,55+,F,Housing,Mobile,South,0,14.72,2023-04-12 05:14:00+00:00
488524,35-44,F,Housing,Mobile,Midwest,0,12.8,2023-01-06 17:09:00+00:00
488525,55+,F,Housing,Mobile,South,0,6.265,2023-06-02 20:56:00+00:00
488528,55+,F,Housing,Tablet,South,1,7.2637,2023-03-13 11:44:00+00:00
488532,35-44,F,Housing,Mobile,Midwest,0,5.9037,2023-02-13 19:49:00+00:00
488537,18-24,F,Housing,Mobile,Northeast,0,5.3762,2023-02-11 05:23:00+00:00
488543,35-44,F,Housing,Tablet,Midwest,1,2.5863,2023-04-20 13:07:00+00:00
488551,25-34,F,Housing,Web,Northeast,0,14.08,2023-06-19 13:15:00+00:00
488556,55+,F,Housing,Tablet,South,0,5.5137,2023-01-12 11:01:00+00:00
488563,55+,F,Housing,Tablet,South,1,11.38,2023-03-16 02:02:00+00:00
488574,18-24,F,Housing,Mobile,Northeast,0,2.3425,2023-04-05 10:56:00+00:00
488582,18-24,F,Housing,Tablet,Northeast,0,6.365,2023-04-23 04:50:00+00:00
488588,35-44,F,Housing,Tablet,Midwest,0,3.3737,2023-03-21 19:45:00+00:00
488601,25-34,F,Housing,Web,Northeast,0,7.64,2023-05-08 19:01:00+00:00
488644,18-24,F,Housing,Mobile,Northeast,0,11.98,2023-03-26 12:37:00+00:00
488651,25-34,F,Housing,Web,Northeast,0,13.94,2023-04-13 06:40:00+00:00
488653,55+,F,Housing,Mobile,South,0,7.52,2023-05-22 21:37:00+00:00
488657,18-24,F,Housing,Tablet,Northeast,0,4.69,2023-06-02 08:38:00+00:00
488660,35-44,F,Housing,Mobile,Midwest,1,3.2225,2023-02-28 10:42:00+00:00
488673,55+,F,Housing,Web,South,0,10.6062,2023-02-15 21:57:00+00:00
488676,18-24,F,Housing,Mobile,Northeast,1,8.0075,2023-03-28 14:38:00+00:00
488687,35-44,F,Housing,Mobile,Midwest,0,10.5612,2023-06-19 01:24:00+00:00
488701,25-34,F,Housing,Mobile,Northeast,0,12.24,2023-06-27 09:25:00+00:00
488702,18-24,F,Housing,Mobile,Northeast,0,8.1687,2023-01-16 15:27:00+00:00
488708,35-44,F,Housing,Mobile,Midwest,1,11.3837,2023-04-18 11:15:00+00:00
488715,55+,F,Housing,Mobile,South,0,4.9138,2023-05-12 11:44:00+00:00
488716,55+,F,Housing,Tablet,South,0,8.7,2023-05-01 12:25:00+00:00
488723,35-44,F,Housing,Tablet,Midwest,0,3.5038,2023-06-13 19:40:00+00:00
488728,55+,F,Housing,Tablet,South,0,9.48,2023-06-09 03:48:00+00:00
488730,18-24,F,Housing,Mobile,Northeast,1,7.5263,2023-01-22 21:03:00+00:00
488751,25-34,F,Housing,Mobile,Northeast,0,7.42,2023-06-26 08:08:00+00:00
488752,35-44,F,Housing,Tablet,Midwest,0,6.06,2023-01-09 08:35:00+00:00
488763,35-44,F,Housing,Mobile,Midwest,0,3.6725,2023-03-20 18:36:00+00:00
488764,55+,F,Housing,Mobile,South,0,10.44,2023-02-17 23:23:00+00:00
488770,18-24,F,Housing,Mobile,Northeast,0,6.94,2023-05-13 12:44:00+00:00
488800,55+,F,Housing,Tablet,South,0,12.92,2023-01-12 23:44:00+00:00
488801,25-34,F,Housing,Web,Northeast,1,10.3,2023-01-01 00:25:00+00:00
488814,18-24,F,Housing,Web,Northeast,0,12.4,2023-03-02 00:34:00+00:00
488819,55+,F,Housing,Web,South,0,12.29,2023-03-14 00:44:00+00:00
488830,18-24,F,Housing,Mobile,Northeast,0,11.58,2023-03-26 00:29:00+00:00
488831,18-24,F,Housing,Mobile,Northeast,0,5.6863,2023-06-19 13:49:00+00:00
488836,55+,F,Housing,Tablet,South,0,6.98,2023-01-15 14:10:00+00:00
488847,55+,F,Housing,Web,South,0,4.6338,2023-03-29 03:12:00+00:00
488851,25-34,F,Housing,Web,Northeast,0,13.32,2023-02-01 19:47:00+00:00
488888,18-24,F,Housing,Tablet,Northeast,0,7.94,2023-04-03 08:30:00+00:00
488891,18-24,F,Housing,Mobile,Northeast,0,6.6375,2023-06-20 14:24:00+00:00
488894,55+,F,Housing,Web,South,0,9.3187,2023-04-06 23:13:00+00:00
488898,18-24,F,Housing,Web,Northeast,0,12.8338,2023-04-18 11:49:00+00:00
488901,25-34,F,Housing,Mobile,Northeast,0,10.96,2023-06-03 09:04:00+00:00
488910,55+,F,Housing,Mobile,South,0,8.3825,2023-01-27 02:12:00+00:00
488920,35-44,F,Housing,Mobile,Midwest,0,12.76,2023-03-05 03:09:00+00:00
488923,55+,F,Housing,Web,South,0,11.86,2023-04-09 14:31:00+00:00
488928,18-24,F,Housing,Tablet,Northeast,1,10.3825,2023-03-28 02:38:00+00:00
488937,55+,F,Housing,Tablet,South,1,4.99,2023-02-22 16:50:00+00:00
488940,35-44,F,Housing,Mobile,Midwest,0,10.4012,2023-02-11 17:23:00+00:00
488946,35-44,F,Housing,Mobile,Midwest,1,10.905,2023-06-14 20:06:00+00:00
488951,25-34,F,Housing,Web,Northeast,0,11.92,2023-05-02 01:43:00+00:00
488953,55+,F,Housing,Web,South,0,6.18,2023-06-04 22:56:00+00:00
488961,35-44,F,Housing,Web,Midwest,0,8.1513,2023-05-02 01:00:00+00:00
488967,18-24,F,Housing,Tablet,Northeast,0,1.8475,2023-04-09 14:39:00+00:00
488974,55+,F,Housing,Tablet,South,1,6.6,2023-06-25 19:59:00+00:00
488975,18-24,F,Housing,Web,Northeast,0,12.1438,2023-05-16 03:19:00+00:00
488977,18-24,F,Housing,Tablet,Northeast,1,13.14,2023-02-12 06:40:00+00:00
488996,35-44,F,Housing,Tablet,Midwest,0,10.6088,2023-05-08 07:09:00+00:00
489000,55+,F,Housing,Mobile,South,0,10.5938,2023-04-06 11:22:00+00:00
489001,25-34,F,Housing,Mobile,Northeast,0,12.34,2023-05-03 02:26:00+00:00
489007,35-44,F,Housing,Web,Midwest,0,5.5,2023-05-21 20:11:00+00:00
489014,18-24,F,Housing,Mobile,Northeast,0,0.68,2023-05-05 16:43:00+00:00
489018,55+,F,Housing,Mobile,South,0,7.8675,2023-04-25 06:42:00+00:00
489040,35-44,F,Housing,Web,Midwest,0,14.44,2023-05-28 15:03:00+00:00
489051,25-34,F,Housing,Web,Northeast,0,13.66,2023-03-10 20:35:00+00:00
489052,18-24,F,Housing,Mobile,Northeast,0,14.66,2023-01-19 06:36:00+00:00
489053,55+,F,Housing,Web,South,0,9.9838,2023-01-28 03:21:00+00:00
489061,55+,F,Housing,Tablet,South,0,13.24,2023-06-17 11:32:00+00:00
489099,35-44,F,Housing,Mobile,Midwest,0,11.575,2023-06-10 04:40:00+00:00
489100,35-44,F,Housing,Tablet,Midwest,1,12.54,2023-04-23 16:16:00+00:00
489101,25-34,F,Housing,Mobile,Northeast,0,10.46,2023-05-09 20:18:00+00:00
489115,18-24,F,Housing,Web,Northeast,0,8.5,2023-05-11 10:01:00+00:00
489125,55+,F,Housing,Web,South,0,6.6125,2023-04-01 18:12:00+00:00
489147,18-24,F,Housing,Tablet,Northeast,0,11.3925,2023-06-24 18:07:00+00:00
489150,18-24,F,Housing,Mobile,Northeast,0,11.0288,2023-03-25 23:46:00+00:00
489151,25-34,F,Housing,Web,Northeast,1,15.12,2023-03-23 09:45:00+00:00
489155,18-24,F,Housing,Tablet,Northeast,1,8.4238,2023-04-10 03:22:00+00:00
489159,18-24,F,Housing,Tablet,Northeast,0,7.6887,2023-04-02 07:04:00+00:00
489180,18-24,F,Housing,Tablet,Northeast,0,5.6937,2023-04-06 11:47:00+00:00
489186,35-44,F,Housing,Mobile,Midwest,0,1.175,2023-06-10 04:40:00+00:00
489197,55+,F,Housing,Mobile,South,1,3.4337,2023-02-17 11:23:00+00:00
489201,25-34,F,Housing,Mobile,Northeast,0,12.54,2023-06-22 04:24:00+00:00
489225,18-24,F,Housing,Web,Northeast,0,6.7525,2023-05-03 02:43:00+00:00
489233,35-44,F,Housing,Web,Midwest,0,10.63,2023-03-26 00:46:00+00:00
489246,18-24,F,Housing,Tablet,Northeast,0,5.08,2023-01-05 16:34:00+00:00
489249,18-24,F,Housing,Web,Northeast,1,11.07,2023-02-26 08:59:00+00:00
489251,25-34,F,Housing,Mobile,Northeast,1,14.34,2023-01-23 22:20:00+00:00
489278,35-44,F,Housing,Tablet,Midwest,0,1.2975,2023-02-08 14:39:00+00:00
489281,35-44,F,Housing,Tablet,Midwest,0,0.715,2023-06-02 20:56:00+00:00
489301,25-34,F,Housing,Tablet,Northeast,0,13.38,2023-05-15 14:19:00+00:00
489328,55+,F,Housing,Tablet,South,0,9.66,2023-03-30 04:29:00+00:00
489339,35-44,F,Housing,Web,Midwest,1,11.4738,2023-06-29 11:42:00+00:00
489343,35-44,F,Housing,Tablet,Midwest,0,10.16,2023-06-03 21:30:00+00:00
489351,25-34,F,Housing,Tablet,Northeast,0,12.7,2023-01-01 00:00:00+00:00
489401,25-34,F,Housing,Web,Northeast,0,12.08,2023-06-19 01:32:00+00:00
489403,35-44,F,Housing,Mobile,Midwest,0,11.4,2023-02-05 23:39:00+00:00
489413,35-44,F,Housing,Web,Midwest,0,4.2713,2023-06-07 01:39:00+00:00
489428,35-44,F,Housing,Mobile,Midwest,0,10.29,2023-04-23 16:24:00+00:00
489451,25-34,F,Housing,Tablet,Northeast,1,11.82,2023-03-18 04:36:00+00:00
489455,18-24,F,Housing,Tablet,Northeast,1,4.7112,2023-01-10 09:01:00+00:00
489466,35-44,F,Housing,Web,Midwest,0,13.2,2023-05-26 13:03:00+00:00
489496,18-24,F,Housing,Web,Northeast,0,10.04,2023-01-08 07:52:00+00:00
489501,25-34,F,Housing,Web,Northeast,0,6.54,2023-04-03 20:13:00+00:00
489508,55+,F,Housing,Tablet,South,0,6.8,2023-01-06 05:43:00+00:00
489509,55+,F,Housing,Mobile,South,0,10.3087,2023-03-29 15:03:00+00:00
489515,55+,F,Housing,Web,South,0,12.83,2023-02-14 08:49:00+00:00
489519,18-24,F,Housing,Mobile,Northeast,1,2.7163,2023-03-15 13:53:00+00:00
489534,55+,F,Housing,Tablet,South,0,3.58,2023-05-05 16:43:00+00:00
489535,18-24,F,Housing,Web,Northeast,0,10.0,2023-05-26 13:20:00+00:00
489551,25-34,F,Housing,Web,Northeast,1,11.7,2023-05-31 18:21:00+00:00
489560,35-44,F,Housing,Mobile,Midwest,0,11.6163,2023-06-03 21:56:00+00:00
489564,35-44,F,Housing,Tablet,Midwest,0,5.84,2023-06-02 08:56:00+00:00
489565,35-44,F,Housing,Web,Midwest,0,11.2,2023-05-26 01:12:00+00:00
489576,55+,F,Housing,Web,South,1,2.7125,2023-05-11 10:10:00+00:00
489579,18-24,F,Housing,Tablet,Northeast,0,7.9887,2023-02-21 15:15:00+00:00
489588,35-44,F,Housing,Web,Midwest,1,5.1837,2023-03-09 19:43:00+00:00
489591,18-24,F,Housing,Tablet,Northeast,0,11.6075,2023-01-27 14:55:00+00:00
489596,55+,F,Housing,Web,South,0,2.6325,2023-06-16 10:49:00+00:00
489601,25-34,F,Housing,Mobile,Northeast,0,7.42,2023-06-06 12:05:00+00:00
489602,35-44,F,Housing,Tablet,Midwest,0,8.9925,2023-04-25 18:59:00+00:00
489609,18-24,F,Housing,Mobile,Northeast,0,6.83,2023-05-05 16:52:00+00:00
489610,55+,F,Housing,Web,South,0,12.38,2023-03-26 12:12:00+00:00
489646,55+,F,Housing,Web,South,1,13.32,2023-02-01 19:55:00+00:00
489651,25-34,F,Housing,Mobile,Northeast,1,10.48,2023-01-30 17:55:00+00:00
489659,55+,F,Housing,Tablet,South,0,1.21,2023-03-30 16:21:00+00:00
489683,35-44,F,Housing,Web,Midwest,0,7.17,2023-02-06 00:22:00+00:00
489694,35-44,F,Housing,Mobile,Midwest,1,6.88,2023-01-10 21:35:00+00:00
489695,18-24,F,Housing,Tablet,Northeast,0,3.16,2023-05-29 16:21:00+00:00
489698,35-44,F,Housing,Mobile,Midwest,1,3.7088,2023-03-09 07:52:00+00:00
489701,25-34,F,Housing,Web,Northeast,0,6.36,2023-05-04 15:09:00+00:00
489711,35-44,F,Housing,Mobile,Midwest,0,7.86,2023-03-10 08:18:00+00:00
489715,18-24,F,Housing,Mobile,Northeast,0,8.22,2023-02-06 00:48:00+00:00
489733,18-24,F,Housing,Tablet,Northeast,0,15.44,2023-04-08 01:05:00+00:00
489734,18-24,F,Housing,Web,Northeast,0,3.9937,2023-05-16 03:02:00+00:00
489736,35-44,F,Housing,Mobile,Midwest,0,13.78,2023-02-24 18:42:00+00:00
489749,55+,F,Housing,Web,South,1,12.7212,2023-06-27 09:25:00+00:00
489751,25-34,F,Housing,Mobile,Northeast,0,12.64,2023-02-27 21:08:00+00:00
489752,55+,F,Housing,Tablet,South,0,9.1325,2023-01-07 18:35:00+00:00
489768,18-24,F,Housing,Mobile,Northeast,1,10.4425,2023-04-25 18:59:00+00:00
489773,55+,F,Housing,Mobile,South,0,3.065,2023-03-14 12:27:00+00:00
489775,35-44,F,Housing,Mobile,Midwest,0,9.12,2023-01-22 21:11:00+00:00
489782,18-24,F,Housing,Web,Northeast,0,10.9413,2023-06-23 17:16:00+00:00
489786,55+,F,Housing,Tablet,South,0,10.3413,2023-02-23 17:24:00+00:00
489787,35-44,F,Housing,Tablet,Midwest,1,13.52,2023-01-22 09:03:00+00:00
489801,25-34,F,Housing,Tablet,Northeast,0,15.44,2023-06-07 13:13:00+00:00
489815,35-44,F,Housing,Web,Midwest,0,4.0463,2023-02-27 21:33:00+00:00
489820,55+,F,Housing,Tablet,South,0,10.3,2023-05-21 20:54:00+00:00
489825,55+,F,Housing,Mobile,South,0,3.5737,2023-05-20 19:11:00+00:00
489851,25-34,F,Housing,Tablet,Northeast,0,8.84,2023-05-08 19:09:00+00:00
489852,35-44,F,Housing,Tablet,Midwest,1,2.7575,2023-05-07 06:43:00+00:00
489863,35-44,F,Housing,Mobile,Midwest,1,4.5912,2023-05-14 01:27:00+00:00
489872,55+,F,Housing,Mobile,South,0,4.9212,2023-01-18 17:02:00+00:00
489901,25-34,F,Housing,Tablet,Northeast,0,14.82,2023-02-16 22:06:00+00:00
489912,18-24,F,Housing,Tablet,Northeast,0,6.2888,2023-04-02 07:04:00+00:00
489931,18-24,F,Housing,Mobile,Northeast,1,14.62,2023-04-07 12:05:00+00:00
489948,35-44,F,Housing,Tablet,Midwest,0,0.8075,2023-02-16 22:23:00+00:00
489949,55+,F,Housing,Web,South,0,7.84,2023-06-27 09:51:00+00:00
489951,25-34,F,Housing,Web,Northeast,1,6.98,2023-05-15 02:19:00+00:00
489952,35-44,F,Housing,Web,Midwest,0,8.08,2023-06-19 13:07:00+00:00
489958,35-44,F,Housing,Tablet,Midwest,0,14.08,2023-04-20 01:49:00+00:00
489967,35-44,F,Housing,Tablet,Midwest,0,13.72,2023-04-02 07:21:00+00:00
489972,18-24,F,Housing,Tablet,Northeast,0,9.9313,2023-06-15 09:06:00+00:00
489984,35-44,F,Housing,Tablet,Midwest,1,11.9125,2023-01-31 18:55:00+00:00
489988,35-44,F,Housing,Mobile,Midwest,0,8.96,2023-05-14 13:10:00+00:00
489989,55+,F,Housing,Tablet,South,0,6.0187,2023-05-16 15:02:00+00:00
489998,18-24,F,Housing,Web,Northeast,1,4.1513,2023-01-22 09:20:00+00:00
490001,25-34,F,Housing,Web,Northeast,0,7.16,2023-05-04 03:34:00+00:00
490003,18-24,F,Housing,Mobile,Northeast,0,9.9,2023-03-22 08:11:00+00:00
490020,18-24,F,Housing,Mobile,Northeast,0,10.0337,2023-03-29 03:12:00+00:00
490035,55+,F,Housing,Tablet,South,0,12.7775,2023-03-24 22:20:00+00:00
490037,18-24,F,Housing,Tablet,Northeast,0,1.52,2023-01-17 16:19:00+00:00
490051,25-34,F,Housing,Mobile,Northeast,0,6.82,2023-05-27 14:12:00+00:00
490053,18-24,F,Housing,Web,Northeast,0,8.4175,2023-01-15 14:19:00+00:00
490054,55+,F,Housing,Mobile,South,0,14.78,2023-03-06 04:09:00+00:00
490062,35-44,F,Housing,Web,Midwest,0,1.1262,2023-05-02 13:43:00+00:00
490067,18-24,F,Housing,Web,Northeast,0,1.9325,2023-05-07 18:00:00+00:00
490092,55+,F,Housing,Mobile,South,0,10.975,2023-03-22 20:20:00+00:00
490093,55+,F,Housing,Web,South,0,9.78,2023-01-15 02:36:00+00:00
490101,25-34,F,Housing,Tablet,Northeast,0,10.82,2023-03-28 14:12:00+00:00
490128,18-24,F,Housing,Mobile,Northeast,0,10.0312,2023-05-26 01:37:00+00:00
490136,18-24,F,Housing,Web,Northeast,0,7.8613,2023-05-30 17:55:00+00:00
490151,25-34,F,Housing,Mobile,Northeast,0,12.7,2023-02-10 04:48:00+00:00
490153,55+,F,Housing,Web,South,0,15.12,2023-06-11 17:57:00+00:00
490161,55+,F,Housing,Web,South,0,1.505,2023-03-26 12:20:00+00:00
490185,35-44,F,Housing,Web,Midwest,0,5.2875,2023-01-11 22:10:00+00:00
490189,35-44,F,Housing,Web,Midwest,1,7.18,2023-05-05 16:34:00+00:00
490196,35-44,F,Housing,Mobile,Midwest,1,7.1,2023-02-10 16:48:00+00:00
490201,25-34,F,Housing,Tablet,Northeast,0,9.2,2023-03-27 01:12:00+00:00
490215,55+,F,Housing,Tablet,South,1,5.7862,2023-03-31 05:04:00+00:00
490217,35-44,F,Housing,Tablet,Midwest,0,9.955,2023-03-06 04:00:00+00:00
490223,35-44,F,Housing,Web,Midwest,0,5.6162,2023-03-15 13:44:00+00:00
490235,18-24,F,Housing,Mobile,Northeast,0,7.3725,2023-02-08 02:22:00+00:00
490243,18-24,F,Housing,Web,Northeast,0,15.26,2023-05-29 04:38:00+00:00
490251,25-34,F,Housing,Mobile,Northeast,1,14.1,2023-05-31 18:12:00+00:00
490262,55+,F,Housing,Mobile,South,0,8.6062,2023-04-16 21:57:00+00:00
490266,18-24,F,Housing,Web,Northeast,1,7.0475,2023-06-08 14:39:00+00:00
490287,18-24,F,Housing,Mobile,Northeast,0,5.0187,2023-04-26 07:07:00+00:00
490299,35-44,F,Housing,Mobile,Midwest,0,11.5162,2023-01-14 13:36:00+00:00
490301,25-34,F,Housing,Web,Northeast,0,12.64,2023-03-19 17:28:00+00:00
490315,55+,F,Housing,Tablet,South,0,11.56,2023-05-24 23:37:00+00:00
490316,35-44,F,Housing,Web,Midwest,0,9.365,2023-04-23 04:58:00+00:00
490321,18-24,F,Housing,Tablet,Northeast,0,12.54,2023-04-03 08:47:00+00:00
490344,55+,F,Housing,Mobile,South,0,11.4362,2023-03-11 21:09:00+00:00
490351,25-34,F,Housing,Tablet,Northeast,1,10.44,2023-02-17 23:15:00+00:00
490358,55+,F,Housing,Mobile,South,1,2.6187,2023-04-06 23:13:00+00:00
490365,35-44,F,Housing,Mobile,Midwest,0,9.4238,2023-06-29 11:42:00+00:00
490368,55+,F,Housing,Mobile,South,0,9.22,2023-06-26 08:50:00+00:00
490380,55+,F,Housing,Tablet,South,0,10.2,2023-06-10 16:05:00+00:00
490384,55+,F,Housing,Tablet,South,0,11.98,2023-01-25 00:54:00+00:00
490401,25-34,F,Housing,Mobile,Northeast,0,11.4,2023-02-05 11:56:00+00:00
490414,55+,F,Housing,Tablet,South,0,8.0,2023-05-26 01:12:00+00:00
490415,18-24,F,Housing,Mobile,Northeast,0,3.6738,2023-03-01 11:17:00+00:00
490420,18-24,F,Housing,Web,Northeast,0,6.86,2023-06-18 00:49:00+00:00
490421,55+,F,Housing,Mobile,South,1,6.6037,2023-01-04 03:51:00+00:00
490433,55+,F,Housing,Mobile,South,0,1.0688,2023-01-16 15:45:00+00:00
490445,18-24,F,Housing,Tablet,Northeast,0,10.6888,2023-04-02 07:38:00+00:00
490451,25-34,F,Housing,Mobile,Northeast,0,12.92,2023-01-12 11:53:00+00:00
490501,25-34,F,Housing,Mobile,Northeast,0,6.36,2023-05-04 03:09:00+00:00
490508,55+,F,Housing,Mobile,South,0,1.6075,2023-05-27 14:12:00+00:00
490516,35-44,F,Housing,Mobile,Midwest,0,10.86,2023-03-30 04:04:00+00:00
490533,18-24,F,Housing,Tablet,Northeast,0,9.7475,2023-02-08 14:22:00+00:00
490551,25-34,F,Housing,Tablet,Northeast,0,7.06,2023-02-08 14:05:00+00:00
490566,55+,F,Housing,Web,South,1,4.64,2023-05-13 00:18:00+00:00
490582,18-24,F,Housing,Tablet,Northeast,0,10.18,2023-06-24 06:33:00+00:00
490588,35-44,F,Housing,Tablet,Midwest,0,9.74,2023-06-22 16:16:00+00:00
490593,35-44,F,Housing,Web,Midwest,0,5.6312,2023-03-07 17:09:00+00:00
490601,25-34,F,Housing,Tablet,Northeast,1,13.94,2023-02-12 18:06:00+00:00
490621,35-44,F,Housing,Web,Midwest,0,11.18,2023-01-25 12:37:00+00:00
490623,35-44,F,Housing,Tablet,Midwest,0,8.225,2023-03-02 12:25:00+00:00
490633,18-24,F,Housing,Web,Northeast,0,8.96,2023-02-03 09:47:00+00:00
490643,18-24,F,Housing,Web,Northeast,0,6.8175,2023-06-24 06:59:00+00:00
490649,35-44,F,Housing,Web,Midwest,0,4.2525,2023-05-03 02:51:00+00:00
490651,25-34,F,Housing,Mobile,Northeast,0,8.7,2023-01-01 00:25:00+00:00
490692,55+,F,Housing,Tablet,South,1,2.6237,2023-06-09 03:22:00+00:00
490695,55+,F,Housing,Mobile,South,0,4.1787,2023-01-04 15:34:00+00:00
490701,25-34,F,Housing,Web,Northeast,1,6.4,2023-04-16 21:40:00+00:00
490718,35-44,F,Housing,Tablet,Midwest,1,5.5825,2023-03-28 02:38:00+00:00
490731,55+,F,Housing,Tablet,South,0,10.6937,2023-02-25 19:07:00+00:00
490745,35-44,F,Housing,Mobile,Midwest,0,5.9562,2023-06-15 21:23:00+00:00
490748,35-44,F,Housing,Tablet,Midwest,0,1.3375,2023-02-20 14:07:00+00:00
490751,25-34,F,Housing,Tablet,Northeast,0,7.76,2023-06-03 21:30:00+00:00
490753,18-24,F,Housing,Tablet,Northeast,0,11.8,2023-01-16 03:27:00+00:00
490757,18-24,F,Housing,Tablet,Northeast,0,1.5437,2023-01-16 03:10:00+00:00
490780,35-44,F,Housing,Mobile,Midwest,0,11.44,2023-04-08 13:22:00+00:00
490789,55+,F,Housing,Tablet,South,0,10.48,2023-01-30 17:04:00+00:00
490792,18-24,F,Housing,Web,Northeast,0,8.58,2023-02-24 18:33:00+00:00
490795,18-24,F,Housing,Web,Northeast,0,7.94,2023-05-03 02:17:00+00:00
490797,35-44,F,Housing,Tablet,Midwest,1,4.9425,2023-04-05 10:04:00+00:00
490801,25-34,F,Housing,Mobile,Northeast,1,9.54,2023-01-03 14:08:00+00:00
490815,18-24,F,Housing,Web,Northeast,0,11.175,2023-03-22 20:37:00+00:00
490816,18-24,F,Housing,Mobile,Northeast,0,6.24,2023-01-18 05:45:00+00:00
490818,18-24,F,Housing,Mobile,Northeast,0,5.215,2023-06-22 04:50:00+00:00
490819,18-24,F,Housing,Tablet,Northeast,0,10.5,2023-03-12 10:35:00+00:00
490838,35-44,F,Housing,Tablet,Midwest,1,4.535,2023-04-19 12:24:00+00:00
490840,18-24,F,Housing,Web,Northeast,1,6.86,2023-01-09 08:09:00+00:00
490845,35-44,F,Housing,Mobile,Midwest,1,6.1813,2023-01-06 17:35:00+00:00
490850,35-44,F,Housing,Web,Midwest,1,5.4787,2023-01-04 15:51:00+00:00
490851,25-34,F,Housing,Web,Northeast,0,7.72,2023-01-12 11:35:00+00:00
490882,35-44,F,Housing,Tablet,Midwest,1,6.38,2023-05-05 04:17:00+00:00
490899,18-24,F,Housing,Web,Northeast,0,10.6475,2023-04-29 22:51:00+00:00
490901,25-34,F,Housing,Mobile,Northeast,1,5.88,2023-01-20 07:37:00+00:00
490914,18-24,F,Housing,Mobile,Northeast,0,7.9212,2023-04-28 09:59:00+00:00
490915,18-24,F,Housing,Tablet,Northeast,0,5.72,2023-06-21 03:58:00+00:00
490923,35-44,F,Housing,Mobile,Midwest,0,9.9763,2023-03-03 13:00:00+00:00
490933,18-24,F,Housing,Mobile,Northeast,0,12.84,2023-05-08 19:43:00+00:00
490939,55+,F,Housing,Tablet,South,0,11.14,2023-06-12 18:06:00+00:00
490951,25-34,F,Housing,Web,Northeast,0,9.92,2023-03-23 21:45:00+00:00
490954,35-44,F,Housing,Tablet,Midwest,0,12.6,2023-04-26 07:07:00+00:00
490962,55+,F,Housing,Mobile,South,0,3.8775,2023-01-03 14:17:00+00:00
490965,18-24,F,Housing,Tablet,Northeast,0,4.0512,2023-01-22 09:37:00+00:00
490966,18-24,F,Housing,Web,Northeast,1,14.44,2023-03-29 03:38:00+00:00
490967,55+,F,Housing,Mobile,South,0,8.7575,2023-03-28 14:29:00+00:00
490969,18-24,F,Housing,Mobile,Northeast,0,9.02,2023-01-17 16:02:00+00:00
490975,55+,F,Housing,Web,South,0,11.16,2023-06-13 07:49:00+00:00
490978,35-44,F,Housing,Mobile,Midwest,0,6.92,2023-02-21 15:24:00+00:00
490987,35-44,F,Housing,Web,Midwest,0,10.46,2023-01-29 16:38:00+00:00
490994,35-44,F,Housing,Web,Midwest,0,10.23,2023-04-15 08:14:00+00:00
490998,18-24,F,Housing,Tablet,Northeast,0,1.4387,2023-04-22 15:07:00+00:00
491001,25-34,F,Housing,Mobile,Northeast,0,15.34,2023-06-22 04:41:00+00:00
491002,55+,F,Housing,Mobile,South,0,9.7,2023-05-31 06:30:00+00:00
491003,18-24,F,Housing,Web,Northeast,0,4.42,2023-03-18 16:10:00+00:00
491019,55+,F,Housing,Mobile,South,1,5.2412,2023-06-23 17:50:00+00:00
491023,18-24,F,Housing,Tablet,Northeast,0,14.26,2023-06-28 22:59:00+00:00
491027,55+,F,Housing,Mobile,South,1,3.605,2023-03-06 04:00:00+00:00
491051,25-34,F,Housing,Web,Northeast,0,14.96,2023-04-24 05:59:00+00:00
491059,55+,F,Housing,Mobile,South,0,7.76,2023-04-24 17:50:00+00:00
491070,35-44,F,Housing,Mobile,Midwest,1,12.5538,2023-01-04 03:26:00+00:00
491079,35-44,F,Housing,Tablet,Midwest,0,6.07,2023-03-18 16:19:00+00:00
491081,35-44,F,Housing,Web,Midwest,1,0.52,2023-04-27 08:25:00+00:00
491083,55+,F,Housing,Web,South,0,12.56,2023-04-24 05:16:00+00:00
491084,18-24,F,Housing,Tablet,Northeast,0,10.1075,2023-01-27 14:46:00+00:00
491085,35-44,F,Housing,Web,Midwest,0,7.6975,2023-02-08 14:39:00+00:00
491098,18-24,F,Housing,Tablet,Northeast,0,5.58,2023-05-25 12:37:00+00:00
491101,25-34,F,Housing,Mobile,Northeast,1,15.2,2023-04-16 21:06:00+00:00
491102,55+,F,Housing,Tablet,South,0,12.8863,2023-01-30 05:55:00+00:00
491125,35-44,F,Housing,Web,Midwest,0,14.08,2023-01-30 17:29:00+00:00
491127,35-44,F,Housing,Tablet,Midwest,0,12.56,2023-01-29 16:38:00+00:00
491130,18-24,F,Housing,Web,Northeast,0,3.6812,2023-03-07 17:43:00+00:00
491131,35-44,F,Housing,Tablet,Midwest,0,11.22,2023-01-07 18:09:00+00:00
491140,55+,F,Housing,Web,South,1,10.64,2023-04-28 21:42:00+00:00
491141,35-44,F,Housing,Mobile,Midwest,0,6.9188,2023-01-16 15:10:00+00:00
491143,35-44,F,Housing,Web,Midwest,0,6.98,2023-02-24 18:50:00+00:00
491151,25-34,F,Housing,Web,Northeast,0,9.96,2023-05-04 15:17:00+00:00
491159,18-24,F,Housing,Tablet,Northeast,0,1.9837,2023-02-17 11:06:00+00:00
491162,35-44,F,Housing,Mobile,Midwest,0,1.1462,2023-03-19 05:02:00+00:00
491166,18-24,F,Housing,Tablet,Northeast,0,0.5813,2023-01-06 17:35:00+00:00
491188,35-44,F,Housing,Web,Midwest,0,11.1,2023-02-10 16:31:00+00:00
491191,35-44,F,Housing,Mobile,Midwest,0,11.4,2023-05-16 03:53:00+00:00
491201,25-34,F,Housing,Mobile,Northeast,0,15.18,2023-01-05 16:26:00+00:00
491211,35-44,F,Housing,Tablet,Midwest,0,6.1575,2023-03-28 14:46:00+00:00
491212,55+,F,Housing,Tablet,South,0,8.9,2023-02-20 02:41:00+00:00
491231,18-24,F,Housing,Mobile,Northeast,0,6.5563,2023-05-06 05:43:00+00:00
491251,25-34,F,Housing,Tablet,Northeast,0,6.2,2023-05-16 15:36:00+00:00
491265,55+,F,Housing,Mobile,South,0,6.795,2023-02-06 12:05:00+00:00
491267,18-24,F,Housing,Tablet,Northeast,0,7.5388,2023-02-01 07:55:00+00:00
491286,35-44,F,Housing,Mobile,Midwest,0,2.7275,2023-05-03 14:17:00+00:00
491289,55+,F,Housing,Mobile,South,0,3.9987,2023-04-30 23:17:00+00:00
491295,18-24,F,Housing,Tablet,Northeast,0,1.6338,2023-06-17 11:06:00+00:00
491296,18-24,F,Housing,Web,Northeast,0,14.94,2023-06-02 20:13:00+00:00
491301,25-34,F,Housing,Web,Northeast,0,7.08,2023-03-01 23:59:00+00:00
491305,55+,F,Housing,Mobile,South,0,11.44,2023-03-19 05:45:00+00:00
491314,35-44,F,Housing,Web,Midwest,0,8.64,2023-02-07 13:39:00+00:00
491328,55+,F,Housing,Web,South,1,11.8963,2023-04-28 21:33:00+00:00
491340,35-44,F,Housing,Web,Midwest,0,3.0025,2023-01-03 02:17:00+00:00
491342,35-44,F,Housing,Mobile,Midwest,0,12.2363,2023-03-11 21:18:00+00:00
491351,25-34,F,Housing,Tablet,Northeast,0,8.32,2023-04-12 17:14:00+00:00
491355,35-44,F,Housing,Tablet,Midwest,0,11.9275,2023-06-12 06:14:00+00:00
491356,35-44,F,Housing,Web,Midwest,1,8.8,2023-05-26 01:03:00+00:00
491390,18-24,F,Housing,Web,Northeast,0,4.0962,2023-03-19 05:45:00+00:00
491395,18-24,F,Housing,Tablet,Northeast,0,14.86,2023-05-09 08:26:00+00:00
491397,55+,F,Housing,Mobile,South,1,1.7138,2023-06-01 19:13:00+00:00
491401,25-34,F,Housing,Web,Northeast,0,5.8,2023-06-25 07:59:00+00:00
491409,55+,F,Housing,Tablet,South,0,12.7188,2023-06-05 23:47:00+00:00
491410,35-44,F,Housing,Tablet,Midwest,1,14.18,2023-02-24 18:24:00+00:00
491413,55+,F,Housing,Tablet,South,0,12.58,2023-06-04 22:30:00+00:00
491417,35-44,F,Housing,Tablet,Midwest,0,12.51,2023-04-19 00:41:00+00:00
491451,25-34,F,Housing,Web,Northeast,0,9.82,2023-06-26 20:59:00+00:00
491466,55+,F,Housing,Mobile,South,0,1.9525,2023-03-24 10:11:00+00:00
491467,18-24,F,Housing,Tablet,Northeast,0,14.92,2023-04-22 03:41:00+00:00
491469,18-24,F,Housing,Mobile,Northeast,1,3.93,2023-05-25 00:12:00+00:00
491501,25-34,F,Housing,Mobile,Northeast,0,6.22,2023-06-06 00:56:00+00:00
491502,55+,F,Housing,Mobile,South,0,6.2737,2023-05-20 19:19:00+00:00
491511,55+,F,Housing,Mobile,South,0,8.4,2023-01-21 08:20:00+00:00
491513,35-44,F,Housing,Mobile,Midwest,0,2.7212,2023-03-19 17:53:00+00:00
491518,55+,F,Housing,Web,South,0,9.22,2023-03-08 18:43:00+00:00
491529,35-44,F,Housing,Tablet,Midwest,0,12.1113,2023-06-19 01:07:00+00:00
491532,18-24,F,Housing,Tablet,Northeast,1,8.3163,2023-03-15 13:36:00+00:00
491534,18-24,F,Housing,Tablet,Northeast,0,3.7325,2023-02-16 10:58:00+00:00
491548,35-44,F,Housing,Web,Midwest,0,6.86,2023-03-30 16:21:00+00:00
491551,25-34,F,Housing,Tablet,Northeast,0,10.02,2023-05-07 18:26:00+00:00
491556,18-24,F,Housing,Tablet,Northeast,0,2.9537,2023-01-04 03:34:00+00:00
491557,18-24,F,Housing,Tablet,Northeast,0,7.66,2023-01-09 08:52:00+00:00
491563,55+,F,Housing,Tablet,South,1,8.88,2023-06-19 01:58:00+00:00
491575,35-44,F,Housing,Mobile,Midwest,0,14.22,2023-02-06 12:30:00+00:00
491596,55+,F,Housing,Mobile,South,0,6.06,2023-01-09 20:44:00+00:00
491601,25-34,F,Housing,Tablet,Northeast,1,8.98,2023-04-05 10:13:00+00:00
491612,35-44,F,Housing,Tablet,Midwest,0,7.855,2023-05-05 04:34:00+00:00
491616,18-24,F,Housing,Web,Northeast,0,2.3225,2023-06-28 10:59:00+00:00
491626,18-24,F,Housing,Tablet,Northeast,0,13.26,2023-01-09 08:44:00+00:00
491630,18-24,F,Housing,Web,Northeast,1,12.1125,2023-06-20 02:58:00+00:00
491631,35-44,F,Housing,Mobile,Midwest,0,12.8562,2023-05-06 05:00:00+00:00
491637,35-44,F,Housing,Tablet,Midwest,1,11.01,2023-01-29 16:21:00+00:00
491651,25-34,F,Housing,Mobile,Northeast,0,9.68,2023-03-31 17:47:00+00:00
491657,55+,F,Housing,Mobile,South,0,7.99,2023-03-14 00:53:00+00:00
491674,35-44,F,Housing,Mobile,Midwest,1,6.68,2023-01-20 07:54:00+00:00
491682,18-24,F,Housing,Tablet,Northeast,1,2.2975,2023-02-08 14:14:00+00:00
491691,55+,F,Housing,Tablet,South,1,9.8513,2023-02-11 17:14:00+00:00
491696,18-24,F,Housing,Mobile,Northeast,1,8.3712,2023-06-27 09:59:00+00:00
491701,25-34,F,Housing,Web,Northeast,1,12.08,2023-05-30 05:38:00+00:00
491707,18-24,F,Housing,Tablet,Northeast,1,7.96,2023-02-13 19:49:00+00:00
491720,18-24,F,Housing,Mobile,Northeast,0,12.7737,2023-04-10 03:57:00+00:00
491740,55+,F,Housing,Tablet,South,1,14.84,2023-05-28 03:46:00+00:00
491751,25-34,F,Housing,Web,Northeast,0,13.18,2023-06-14 20:06:00+00:00
491781,55+,F,Housing,Web,South,0,3.4475,2023-01-19 06:54:00+00:00
491785,55+,F,Housing,Tablet,South,0,14.04,2023-01-28 03:38:00+00:00
491791,55+,F,Housing,Tablet,South,0,13.8,2023-04-06 23:22:00+00:00
491797,18-24,F,Housing,Web,Northeast,0,11.8,2023-04-26 19:16:00+00:00
491799,55+,F,Housing,Web,South,0,9.6475,2023-06-08 14:39:00+00:00
491801,25-34,F,Housing,Web,Northeast,0,7.12,2023-01-22 09:37:00+00:00
491823,35-44,F,Housing,Web,Midwest,1,4.72,2023-02-06 00:30:00+00:00
491826,35-44,F,Housing,Web,Midwest,1,4.98,2023-03-26 00:12:00+00:00
491842,55+,F,Housing,Mobile,South,0,9.34,2023-06-22 04:16:00+00:00
491851,25-34,F,Housing,Tablet,Northeast,1,9.78,2023-04-05 22:47:00+00:00
491863,35-44,F,Housing,Web,Midwest,1,6.48,2023-05-30 05:38:00+00:00
491864,55+,F,Housing,Mobile,South,0,12.8788,2023-01-04 15:51:00+00:00
491867,35-44,F,Housing,Mobile,Midwest,0,12.6587,2023-03-29 15:29:00+00:00
491879,18-24,F,Housing,Mobile,Northeast,1,4.3975,2023-02-28 22:25:00+00:00
491881,55+,F,Housing,Web,South,1,10.48,2023-06-19 01:58:00+00:00
491888,35-44,F,Housing,Tablet,Midwest,0,6.3438,2023-06-25 19:42:00+00:00
491889,35-44,F,Housing,Tablet,Midwest,0,12.6263,2023-01-22 21:54:00+00:00
491891,18-24,F,Housing,Web,Northeast,0,1.2312,2023-03-27 01:12:00+00:00
491892,18-24,F,Housing,Tablet,Northeast,0,1.48,2023-02-14 08:23:00+00:00
491899,55+,F,Housing,Web,South,1,11.02,2023-01-17 16:28:00+00:00
491901,25-34,F,Housing,Tablet,Northeast,0,12.74,2023-05-03 02:00:00+00:00
491902,35-44,F,Housing,Tablet,Midwest,0,14.14,2023-01-13 00:36:00+00:00
491905,35-44,F,Housing,Mobile,Midwest,0,6.76,2023-02-13 19:49:00+00:00
491906,55+,F,Housing,Tablet,South,0,6.305,2023-05-25 12:20:00+00:00
491908,18-24,F,Housing,Web,Northeast,0,15.18,2023-03-26 00:46:00+00:00
491924,18-24,F,Housing,Mobile,Northeast,0,11.63,2023-03-26 00:46:00+00:00
491941,55+,F,Housing,Web,South,0,14.9,2023-01-11 10:18:00+00:00
491946,35-44,F,Housing,Mobile,Midwest,0,3.595,2023-03-18 04:10:00+00:00
491951,25-34,F,Housing,Tablet,Northeast,1,13.56,2023-06-13 07:23:00+00:00
491960,55+,F,Housing,Tablet,South,0,11.1425,2023-03-16 02:36:00+00:00
491972,18-24,F,Housing,Tablet,Northeast,0,11.7163,2023-06-23 05:59:00+00:00
