impression_time,spend_usd
2023-01-23 10:54:00+00:00,8.6025
2023-04-18 11:32:00+00:00,11.64
2023-01-04 15:00:00+00:00,1.5288
2023-03-04 14:51:00+00:00,12.6775
2023-06-12 06:06:00+00:00,10.74
2023-04-13 18:31:00+00:00,9.0525
2023-03-11 09:35:00+00:00,1.5112
2023-05-21 08:45:00+00:00,11.5
2023-05-28 03:46:00+00:00,7.9837
2023-04-30 23:17:00+00:00,7.2988
2023-04-19 12:15:00+00:00,10.86
2023-01-23 22:11:00+00:00,3.9275
2023-03-31 17:38:00+00:00,1.5613
2023-02-08 14:05:00+00:00,7.86
2023-04-13 18:14:00+00:00,9.6025
2023-06-16 10:32:00+00:00,5.3825
2023-05-30 05:38:00+00:00,13.68
2023-04-23 04:07:00+00:00,10.515
2023-06-03 21:39:00+00:00,7.76
2023-06-02 20:56:00+00:00,12.14
2023-06-09 03:31:00+00:00,10.6237
2023-06-25 07:07:00+00:00,9.8187
2023-03-12 10:44:00+00:00,8.1
2023-05-08 07:35:00+00:00,0.7087
2023-01-14 13:27:00+00:00,10.5663
2023-05-17 04:36:00+00:00,13.42
2023-06-17 11:41:00+00:00,1.8337
2023-01-17 16:53:00+00:00,2.27
2023-03-16 14:36:00+00:00,12.98
2023-01-20 07:54:00+00:00,0.7488
2023-05-28 15:29:00+00:00,4.0088
2023-02-19 13:41:00+00:00,12.88
2023-06-19 01:49:00+00:00,6.7613
2023-02-18 12:15:00+00:00,5.685
2023-04-21 14:58:00+00:00,6.9
2023-03-31 17:47:00+00:00,9.4612
2023-01-07 18:00:00+00:00,1.8825
2023-06-27 21:16:00+00:00,8.24
2023-05-10 21:01:00+00:00,9.0862
2023-01-27 14:20:00+00:00,7.4075
2023-02-13 07:31:00+00:00,9.16
2023-03-13 11:18:00+00:00,2.4138
2023-05-04 03:34:00+00:00,6.6537
2023-03-21 19:11:00+00:00,12.68
2023-01-19 18:02:00+00:00,7.0225
2023-05-04 15:26:00+00:00,12.7287
2023-01-17 16:10:00+00:00,13.42
2023-04-05 22:30:00+00:00,2.3675
2023-02-12 06:23:00+00:00,0.6775
2023-05-03 14:00:00+00:00,10.74
2023-03-25 11:37:00+00:00,1.4038
2023-01-20 07:37:00+00:00,1.7488
2023-04-20 01:58:00+00:00,14.88
2023-06-10 04:40:00+00:00,11.325
2023-06-15 21:06:00+00:00,5.1063
2023-04-15 20:57:00+00:00,6.78
2023-06-21 03:24:00+00:00,2.6138
2023-02-18 00:41:00+00:00,10.76
2023-06-18 00:58:00+00:00,15.26
2023-06-09 15:22:00+00:00,5.0488
2023-01-13 12:44:00+00:00,3.565
2023-02-13 19:06:00+00:00,9.96
2023-06-08 02:39:00+00:00,11.9225
2023-01-31 18:04:00+00:00,1.7125
2023-03-05 03:34:00+00:00,8.36
2023-02-14 20:14:00+00:00,1.055
2023-06-29 11:25:00+00:00,9.1237
2023-03-23 21:20:00+00:00,8.72
2023-02-06 12:56:00+00:00,12.62
2023-02-19 01:15:00+00:00,3.6113
2023-05-13 12:36:00+00:00,6.54
2023-04-28 09:59:00+00:00,4.2713
2023-06-28 10:34:00+00:00,3.9225
2023-01-09 08:35:00+00:00,14.86
2023-03-15 01:01:00+00:00,7.2912
2023-04-02 19:30:00+00:00,9.0137
2023-06-22 04:16:00+00:00,7.34
2023-03-29 03:46:00+00:00,1.0337
2023-06-13 19:14:00+00:00,3.6037
2023-06-20 14:32:00+00:00,7.7
2023-01-10 09:44:00+00:00,10.9113
2023-01-17 04:53:00+00:00,3.645
2023-02-04 22:39:00+00:00,9.78
2023-05-09 20:44:00+00:00,0.935
2023-04-23 16:33:00+00:00,6.79
2023-02-08 02:48:00+00:00,11.86
2023-01-20 07:19:00+00:00,2.1487
2023-01-23 22:20:00+00:00,8.5275
2023-03-17 15:27:00+00:00,8.6
2023-06-28 10:08:00+00:00,8.6725
2023-01-28 15:21:00+00:00,11.7587
2023-01-22 09:11:00+00:00,7.92
2023-04-18 11:41:00+00:00,7.3338
2023-04-12 17:57:00+00:00,12.4512
2023-02-06 00:05:00+00:00,12.62
2023-05-23 22:28:00+00:00,11.8275
2023-02-19 13:32:00+00:00,12.2863
2023-05-15 14:02:00+00:00,10.18
2023-04-21 02:50:00+00:00,9.8625
2023-02-09 15:14:00+00:00,5.6487
2023-05-30 05:38:00+00:00,7.28
2023-05-19 06:19:00+00:00,6.4975
2023-02-23 05:59:00+00:00,10.8163
2023-06-12 18:48:00+00:00,7.54
2023-03-29 15:03:00+00:00,5.2588
2023-05-29 04:46:00+00:00,3.335
2023-05-16 03:53:00+00:00,13.4
2023-05-23 22:11:00+00:00,11.9275
2023-03-11 21:01:00+00:00,4.0362
2023-05-29 16:04:00+00:00,8.06
2023-06-01 19:30:00+00:00,8.0137
2023-04-04 21:04:00+00:00,3.7163
2023-02-12 18:23:00+00:00,11.14
2023-01-23 10:03:00+00:00,5.4525
2023-01-24 23:46:00+00:00,2.2287
2023-01-18 17:28:00+00:00,7.04
2023-01-20 07:19:00+00:00,2.6488
2023-04-12 17:40:00+00:00,7.0012
2023-02-06 12:13:00+00:00,12.62
2023-05-16 03:45:00+00:00,8.2937
2023-01-12 23:35:00+00:00,6.8388
2023-05-04 15:09:00+00:00,7.96
2023-03-15 01:27:00+00:00,4.5912
2023-03-15 01:36:00+00:00,12.5913
2023-03-11 21:09:00+00:00,8.48
2023-04-03 08:56:00+00:00,2.04
2023-01-25 12:37:00+00:00,8.455
2023-05-18 05:53:00+00:00,9.04
2023-02-26 20:08:00+00:00,8.295
2023-02-19 01:58:00+00:00,7.0613
2023-06-09 03:14:00+00:00,10.28
2023-05-14 01:36:00+00:00,12.3413
2023-06-14 20:40:00+00:00,1.655
2023-01-21 20:54:00+00:00,14.7
2023-01-11 22:10:00+00:00,8.4875
2023-01-14 01:44:00+00:00,9.7413
2023-04-20 01:32:00+00:00,6.48
2023-05-14 01:27:00+00:00,9.1412
2023-06-09 03:05:00+00:00,7.3738
2023-02-24 06:24:00+00:00,6.58
2023-04-07 12:39:00+00:00,12.195
2023-03-05 15:26:00+00:00,2.1787
2023-01-12 23:01:00+00:00,14.92
2023-02-13 19:23:00+00:00,11.2538
2023-05-30 17:12:00+00:00,7.5113
2023-02-23 17:41:00+00:00,10.56
2023-05-06 17:00:00+00:00,2.2313
2023-03-22 08:54:00+00:00,3.65
2023-02-26 20:59:00+00:00,6.22
2023-04-29 10:25:00+00:00,4.0725
2023-03-11 09:27:00+00:00,12.5113
2023-01-08 07:52:00+00:00,8.04
2023-05-08 19:43:00+00:00,3.8338
2023-05-19 06:45:00+00:00,1.1475
2023-05-25 12:37:00+00:00,11.98
2023-01-21 20:28:00+00:00,1.475
2023-06-09 15:14:00+00:00,4.9988
2023-02-06 00:56:00+00:00,11.82
2023-04-21 14:58:00+00:00,7.1375
2023-03-09 19:35:00+00:00,11.7837
2023-05-23 10:11:00+00:00,7.14
2023-03-15 01:27:00+00:00,8.4913
2023-04-14 07:23:00+00:00,4.0787
2023-01-08 19:18:00+00:00,6.44
2023-02-22 04:41:00+00:00,4.315
2023-01-20 07:11:00+00:00,5.6988
2023-06-11 05:48:00+00:00,12.32
2023-04-01 06:04:00+00:00,4.6875
2023-03-17 03:19:00+00:00,7.8
2023-06-18 00:49:00+00:00,14.46
2023-04-03 20:38:00+00:00,12.615
2023-05-28 15:55:00+00:00,1.3087
2023-03-27 01:37:00+00:00,14.0
2023-02-22 04:50:00+00:00,10.265
2023-02-04 22:13:00+00:00,10.5675
2023-02-24 18:07:00+00:00,5.78
2023-02-20 14:24:00+00:00,0.5875
2023-03-13 23:10:00+00:00,4.2888
2023-04-26 19:42:00+00:00,9.0
2023-03-17 03:36:00+00:00,0.9437
2023-01-18 05:53:00+00:00,1.0463
2023-06-09 15:05:00+00:00,6.28
2023-06-16 22:58:00+00:00,3.4575
2023-02-19 13:07:00+00:00,6.0362
2023-03-13 23:01:00+00:00,10.92
2023-06-14 08:14:00+00:00,1.18
2023-02-26 08:08:00+00:00,5.32
2023-03-28 14:03:00+00:00,10.82
2023-02-28 22:34:00+00:00,2.9975
2023-01-10 09:09:00+00:00,1.1113
2023-04-21 02:15:00+00:00,10.1
2023-05-28 03:12:00+00:00,6.7337
2023-05-23 10:11:00+00:00,12.3525
2023-01-02 01:08:00+00:00,10.32
2023-04-03 08:13:00+00:00,7.44
2023-02-15 21:32:00+00:00,7.0062
2023-01-05 16:26:00+00:00,5.98
2023-03-29 03:21:00+00:00,7.8338
2023-06-22 04:07:00+00:00,11.765
2023-05-23 10:37:00+00:00,10.74
2023-03-21 07:02:00+00:00,0.5988
2023-03-12 22:10:00+00:00,9.5875
2023-01-15 14:02:00+00:00,14.18
2023-03-29 03:55:00+00:00,7.4837
2023-06-13 19:49:00+00:00,6.9538
2023-04-15 08:06:00+00:00,14.78
2023-03-06 04:17:00+00:00,6.205
2023-05-22 09:37:00+00:00,8.9012
2023-03-06 04:34:00+00:00,9.18
2023-06-27 09:59:00+00:00,12.4712
2023-01-11 22:01:00+00:00,9.6875
2023-03-13 23:10:00+00:00,14.12
2023-06-11 17:31:00+00:00,1.2512
2023-02-18 00:58:00+00:00,6.16
2023-06-26 08:50:00+00:00,13.02
2023-05-31 06:47:00+00:00,11.8875
2023-01-10 09:01:00+00:00,11.0113
2023-05-29 04:12:00+00:00,12.06
2023-05-26 13:03:00+00:00,9.6
2023-01-10 21:35:00+00:00,10.6363
2023-02-17 11:23:00+00:00,8.84
2023-01-14 13:01:00+00:00,2.7662
2023-01-28 15:12:00+00:00,8.6587
2023-04-14 07:23:00+00:00,6.36
2023-04-24 05:16:00+00:00,2.8163
2023-02-19 01:24:00+00:00,9.5113
2023-05-08 07:09:00+00:00,10.04
2023-03-04 02:08:00+00:00,2.1025
2023-03-28 14:29:00+00:00,2.1575
2023-06-09 15:57:00+00:00,9.08
2023-02-28 10:16:00+00:00,4.2225
2023-02-05 23:30:00+00:00,11.2188
2023-01-06 05:43:00+00:00,14.8
2023-02-27 21:51:00+00:00,1.9463
2023-03-15 01:01:00+00:00,11.0412
2023-02-04 22:04:00+00:00,14.98
2023-02-21 15:33:00+00:00,12.4388
2023-04-27 08:33:00+00:00,2.22
2023-03-25 23:03:00+00:00,6.76
2023-04-28 21:59:00+00:00,6.7962
2023-01-12 23:18:00+00:00,11.4388
2023-03-30 04:12:00+00:00,9.26
2023-06-10 04:05:00+00:00,3.775
2023-02-13 07:23:00+00:00,7.0788
2023-04-07 12:30:00+00:00,11.82
2023-02-16 22:06:00+00:00,10.9575
2023-01-30 05:47:00+00:00,4.6863
2023-03-14 00:01:00+00:00,14.54
2023-03-28 14:38:00+00:00,0.7075
2023-04-16 21:40:00+00:00,5.8063
2023-04-17 22:58:00+00:00,13.62
2023-03-04 02:08:00+00:00,10.4525
2023-02-06 12:48:00+00:00,5.495
2023-03-27 13:55:00+00:00,13.2
2023-03-10 08:18:00+00:00,1.66
2023-05-27 02:03:00+00:00,6.2825
2023-01-19 18:11:00+00:00,6.66
2023-06-13 07:40:00+00:00,9.4288
2023-01-05 16:17:00+00:00,5.73
2023-01-21 20:02:00+00:00,5.5
2023-06-24 18:24:00+00:00,3.9425
2023-04-18 11:06:00+00:00,2.6338
2023-01-13 12:01:00+00:00,10.54
2023-02-03 21:04:00+00:00,1.5163
2023-06-07 13:48:00+00:00,12.8462
2023-02-08 02:39:00+00:00,11.06
2023-04-21 02:15:00+00:00,6.0625
2023-03-10 08:01:00+00:00,12.76
2023-05-29 04:21:00+00:00,5.66
2023-04-07 00:30:00+00:00,7.07
2023-04-13 06:31:00+00:00,12.9275
2023-04-05 22:04:00+00:00,9.38
2023-05-26 13:37:00+00:00,11.2562
2023-01-27 02:03:00+00:00,0.9825
2023-03-24 10:28:00+00:00,6.74
2023-05-18 05:28:00+00:00,4.4463
2023-03-10 20:01:00+00:00,5.385
2023-06-10 16:14:00+00:00,5.9
2023-01-16 15:53:00+00:00,11.7188
2023-04-15 08:49:00+00:00,2.38
2023-03-25 11:54:00+00:00,6.76
2023-04-25 18:50:00+00:00,4.1425
2023-03-25 23:29:00+00:00,12.4787
2023-05-25 12:54:00+00:00,9.98
2023-06-11 05:23:00+00:00,6.2263
2023-06-16 22:58:00+00:00,4.6575
2023-05-31 06:30:00+00:00,8.9
2023-05-19 06:36:00+00:00,4.8975
2023-02-03 21:21:00+00:00,11.7163
2023-04-22 15:07:00+00:00,12.12
2023-02-02 08:47:00+00:00,1.39
2023-06-18 00:06:00+00:00,1.36
2023-03-03 13:43:00+00:00,6.72
2023-01-24 11:11:00+00:00,5.5038
2023-06-10 16:40:00+00:00,9.45
2023-02-28 10:34:00+00:00,5.86
2023-04-23 04:07:00+00:00,4.815
2023-05-06 17:43:00+00:00,11.3812
2023-05-18 17:19:00+00:00,15.44
2023-01-11 22:18:00+00:00,3.2375
2023-03-08 18:35:00+00:00,1.2325
2023-01-03 02:00:00+00:00,15.14
2023-05-18 05:53:00+00:00,1.8462
2023-06-01 07:55:00+00:00,12.6888
2023-03-01 11:08:00+00:00,7.48
2023-05-28 15:38:00+00:00,7.1588
2023-02-06 12:13:00+00:00,12.645
2023-06-12 06:06:00+00:00,12.74
2023-06-26 20:50:00+00:00,1.045
2023-04-27 08:42:00+00:00,3.67
2023-03-31 05:38:00+00:00,9.68
2023-04-23 04:50:00+00:00,1.765
2023-01-03 14:00:00+00:00,10.3275
2023-05-01 00:25:00+00:00,10.3
2023-02-21 15:07:00+00:00,10.7387
2023-06-29 23:08:00+00:00,11.6988
2023-04-08 01:13:00+00:00,6.24
2023-01-09 08:01:00+00:00,2.11
2023-02-19 01:32:00+00:00,12.88
2023-05-17 16:10:00+00:00,14.62
2023-04-02 19:47:00+00:00,4.2637
2023-06-19 13:58:00+00:00,11.8362
2023-05-03 02:43:00+00:00,13.14
2023-03-14 12:01:00+00:00,9.415
2023-02-15 09:57:00+00:00,1.6812
2023-06-19 01:58:00+00:00,14.88
2023-06-26 08:59:00+00:00,1.67
2023-01-13 12:10:00+00:00,6.465
2023-06-29 23:08:00+00:00,9.88
2023-02-21 15:41:00+00:00,11.1387
2023-02-20 14:41:00+00:00,6.6875
2023-05-22 21:11:00+00:00,5.92
2023-05-11 22:52:00+00:00,2.6375
2023-02-05 23:47:00+00:00,8.0687
2023-02-24 06:33:00+00:00,9.38
2023-05-04 15:17:00+00:00,11.5787
2023-03-11 21:52:00+00:00,5.6863
2023-01-08 19:43:00+00:00,9.64
2023-01-05 16:09:00+00:00,11.08
2023-04-08 13:39:00+00:00,3.0463
2023-04-19 12:06:00+00:00,5.66
2023-01-13 12:36:00+00:00,1.715
2023-02-05 11:47:00+00:00,3.9438
2023-04-19 00:58:00+00:00,10.06
2023-04-14 19:23:00+00:00,4.0537
2023-03-26 12:12:00+00:00,9.905
2023-03-03 01:00:00+00:00,7.12
2023-04-11 16:14:00+00:00,1.1
2023-04-07 00:13:00+00:00,0.52
2023-03-01 11:34:00+00:00,13.88
2023-02-09 03:31:00+00:00,5.7237
2023-05-30 17:38:00+00:00,4.0113
2023-04-05 22:22:00+00:00,12.58
2023-06-06 00:48:00+00:00,9.47
2023-06-26 08:59:00+00:00,1.77
2023-01-09 20:26:00+00:00,14.46
2023-03-18 16:45:00+00:00,5.47
2023-06-12 18:57:00+00:00,12.4525
2023-02-06 00:56:00+00:00,15.02
2023-05-22 09:03:00+00:00,6.0512
2023-06-12 06:31:00+00:00,1.5275
2023-02-06 00:48:00+00:00,10.62
2023-03-20 18:28:00+00:00,2.9225
2023-03-21 07:45:00+00:00,9.1487
2023-02-05 11:47:00+00:00,13.0
2023-06-18 00:41:00+00:00,1.01
2023-02-22 04:07:00+00:00,10.915
2023-01-18 17:45:00+00:00,13.84
2023-06-16 22:49:00+00:00,11.62
2023-03-16 02:02:00+00:00,2.2925
2023-01-03 02:43:00+00:00,6.34
2023-03-07 17:26:00+00:00,7.2313
2023-06-11 17:40:00+00:00,8.3012
2023-01-15 14:44:00+00:00,7.38
2023-03-11 09:44:00+00:00,5.9612
2023-05-08 19:18:00+00:00,7.2337
2023-01-10 09:52:00+00:00,7.68
2023-05-08 19:18:00+00:00,4.0838
2023-03-06 04:17:00+00:00,3.655
2023-03-14 12:44:00+00:00,10.54
2023-02-26 08:33:00+00:00,11.92
2023-05-06 05:26:00+00:00,12.3562
2023-04-14 19:57:00+00:00,13.96
2023-06-03 09:30:00+00:00,11.9413
2023-01-30 17:55:00+00:00,2.3613
2023-05-01 00:34:00+00:00,14.3
2023-05-07 06:09:00+00:00,0.8575
2023-06-16 10:32:00+00:00,11.5325
2023-03-15 13:44:00+00:00,6.16
2023-06-25 07:42:00+00:00,1.1687
2023-03-28 02:12:00+00:00,11.4325
2023-02-23 05:59:00+00:00,9.76
2023-04-18 23:32:00+00:00,11.7587
2023-04-09 02:48:00+00:00,11.7725
2023-01-30 17:47:00+00:00,13.28
2023-01-03 14:43:00+00:00,3.7775
2023-03-06 04:52:00+00:00,12.155
2023-01-30 05:47:00+00:00,15.28
2023-01-25 12:20:00+00:00,8.055
2023-05-17 16:45:00+00:00,10.87
2023-03-11 21:27:00+00:00,8.88
2023-03-10 20:52:00+00:00,12.385
2023-02-22 16:33:00+00:00,11.59
2023-06-16 10:49:00+00:00,8.42
2023-06-16 22:40:00+00:00,7.9075
2023-02-22 16:41:00+00:00,2.09
2023-06-29 23:08:00+00:00,15.08
2023-05-19 18:36:00+00:00,2.7225
2023-06-13 19:31:00+00:00,10.0038
2023-05-10 09:01:00+00:00,8.08
2023-01-27 14:20:00+00:00,4.4075
2023-06-19 13:07:00+00:00,4.4362
2023-06-06 12:48:00+00:00,9.82
2023-04-17 22:06:00+00:00,1.8575
2023-05-05 04:17:00+00:00,1.355
2023-01-17 04:36:00+00:00,14.22
2023-06-10 16:14:00+00:00,6.1
2023-01-23 10:28:00+00:00,10.1525
2023-02-12 18:40:00+00:00,6.34
2023-04-05 10:22:00+00:00,3.8925
2023-02-07 01:56:00+00:00,8.1713
2023-05-31 18:55:00+00:00,7.7
2023-02-13 19:06:00+00:00,3.5537
2023-02-10 04:05:00+00:00,10.725
2023-03-16 14:19:00+00:00,14.98
2023-02-06 00:39:00+00:00,7.72
2023-01-10 21:01:00+00:00,3.0362
2023-04-04 21:56:00+00:00,5.76
2023-06-14 20:32:00+00:00,7.855
2023-06-11 17:57:00+00:00,3.6012
2023-06-18 00:06:00+00:00,14.86
2023-05-06 05:35:00+00:00,7.4062
2023-03-08 06:00:00+00:00,3.7075
2023-03-11 09:18:00+00:00,9.68
2023-06-03 21:21:00+00:00,4.1162
2023-04-30 23:25:00+00:00,10.0488
2023-04-17 10:58:00+00:00,6.42
2023-06-16 22:06:00+00:00,12.2575
2023-05-03 02:34:00+00:00,11.0525
2023-05-22 09:11:00+00:00,14.72
2023-02-16 10:15:00+00:00,12.1825
2023-03-01 23:17:00+00:00,1.2988
2023-06-15 09:57:00+00:00,14.8
2023-04-03 08:30:00+00:00,4.59
2023-06-26 20:25:00+00:00,4.195
2023-02-23 17:33:00+00:00,14.96
2023-04-12 05:05:00+00:00,12.5262
2023-03-11 09:01:00+00:00,5.1612
2023-03-20 18:36:00+00:00,5.86
2023-01-20 07:11:00+00:00,1.3487
2023-03-03 01:34:00+00:00,4.9013
2023-01-15 02:36:00+00:00,8.18
2023-05-17 16:36:00+00:00,1.42
2023-05-24 23:11:00+00:00,9.3788
2023-02-22 04:50:00+00:00,13.74
2023-06-14 20:49:00+00:00,3.155
2023-03-07 05:43:00+00:00,0.7063
2023-04-28 21:25:00+00:00,13.84
2023-03-28 02:46:00+00:00,9.8825
2023-06-03 09:47:00+00:00,10.2912
2023-01-17 04:02:00+00:00,15.42
2023-03-25 23:46:00+00:00,10.1288
2023-05-22 09:37:00+00:00,1.2512
2023-05-18 17:02:00+00:00,13.84
2023-05-11 22:52:00+00:00,1.1875
2023-06-10 04:57:00+00:00,9.725
2023-03-23 09:37:00+00:00,7.92
2023-03-16 02:53:00+00:00,9.0425
2023-04-27 20:16:00+00:00,14.62
2023-01-26 13:46:00+00:00,9.2
2023-01-23 10:28:00+00:00,4.6525
2023-04-20 13:32:00+00:00,3.9863
2023-05-20 19:28:00+00:00,12.68
2023-05-24 11:54:00+00:00,9.8537
2023-05-22 21:11:00+00:00,9.2762
2023-03-03 01:51:00+00:00,11.52
2023-04-29 10:16:00+00:00,2.2725
2023-02-19 13:32:00+00:00,3.5863
2023-01-28 03:12:00+00:00,6.44
2023-04-05 22:39:00+00:00,10.7675
2023-02-20 14:41:00+00:00,12.8875
2023-04-28 09:42:00+00:00,9.84
2023-03-11 21:18:00+00:00,3.0863
2023-01-05 16:09:00+00:00,11.43
2023-03-19 17:36:00+00:00,8.24
2023-05-16 15:53:00+00:00,4.9188
2023-04-09 02:56:00+00:00,1.5225
2023-06-19 01:49:00+00:00,6.08
2023-01-31 18:55:00+00:00,12.5625
2023-02-05 23:56:00+00:00,3.5688
2023-04-09 02:05:00+00:00,8.26
2023-01-08 07:43:00+00:00,8.4088
2023-05-02 01:34:00+00:00,7.2012
2023-01-26 13:46:00+00:00,12.4
2023-05-30 17:55:00+00:00,11.8112
2023-06-08 02:48:00+00:00,8.9725
2023-01-24 11:54:00+00:00,8.36
2023-05-31 06:47:00+00:00,4.9375
2023-04-17 22:32:00+00:00,2.2075
2023-05-02 13:43:00+00:00,13.12
2023-04-26 07:42:00+00:00,12.7188
2023-03-21 19:45:00+00:00,12.3238
2023-04-01 18:38:00+00:00,12.9
2023-04-10 03:14:00+00:00,2.1738
2023-01-21 08:11:00+00:00,9.05
2023-01-23 10:20:00+00:00,12.74
2023-01-17 04:28:00+00:00,11.145
2023-01-08 19:26:00+00:00,10.4838
2023-02-14 08:23:00+00:00,11.58
2023-03-20 18:19:00+00:00,7.3725
2023-03-30 04:38:00+00:00,3.485
2023-02-01 07:21:00+00:00,7.32
2023-01-24 23:37:00+00:00,11.9288
2023-06-09 03:39:00+00:00,1.9238
2023-06-08 02:22:00+00:00,8.26
2023-01-01 12:51:00+00:00,2.375
2023-04-15 20:06:00+00:00,3.405
2023-03-22 20:37:00+00:00,8.3
2023-04-20 13:41:00+00:00,7.28
2023-05-19 18:19:00+00:00,12.3225
2023-05-31 06:30:00+00:00,12.1
2023-02-22 04:41:00+00:00,0.715
2023-01-28 15:29:00+00:00,8.5087
2023-05-20 07:54:00+00:00,9.48
2023-05-26 01:03:00+00:00,2.3312
2023-06-10 16:22:00+00:00,5.35
2023-04-13 06:14:00+00:00,15.14
2023-02-03 09:47:00+00:00,10.1913
2023-04-19 00:49:00+00:00,9.01
2023-06-22 04:16:00+00:00,11.34
2023-04-14 07:57:00+00:00,1.9788
2023-04-07 00:48:00+00:00,9.67
2023-05-08 07:09:00+00:00,13.64
2023-03-01 23:42:00+00:00,7.1487
2023-06-26 20:08:00+00:00,2.545
2023-01-23 10:03:00+00:00,8.74
2023-01-06 17:26:00+00:00,5.9813
2023-03-29 03:29:00+00:00,12.5337
2023-06-07 01:48:00+00:00,6.64
2023-03-08 06:52:00+00:00,8.5575
2023-04-28 09:59:00+00:00,12.2212
2023-05-19 06:02:00+00:00,13.46
2023-04-10 03:48:00+00:00,9.0237
2023-03-06 04:43:00+00:00,2.305
2023-03-08 06:26:00+00:00,7.62
2023-05-18 05:11:00+00:00,5.0462
2023-06-06 00:05:00+00:00,6.22
2023-05-13 00:18:00+00:00,6.54
2023-02-05 11:22:00+00:00,5.4437
2023-05-07 06:26:00+00:00,11.2575
2023-03-27 01:29:00+00:00,8.0
2023-03-09 07:35:00+00:00,8.0087
2023-02-13 19:31:00+00:00,3.3537
2023-03-27 01:55:00+00:00,9.2
2023-02-16 10:49:00+00:00,4.9825
2023-02-20 02:07:00+00:00,6.4125
2023-04-11 04:14:00+00:00,9.1
2023-02-08 02:39:00+00:00,5.0225
2023-02-02 08:47:00+00:00,0.64
2023-04-12 05:23:00+00:00,8.32
2023-06-14 08:14:00+00:00,10.78
2023-06-25 07:16:00+00:00,3.9188
2023-06-15 21:23:00+00:00,12.0
2023-03-05 15:34:00+00:00,8.3287
2023-05-17 04:10:00+00:00,12.695
2023-03-21 07:45:00+00:00,15.48
2023-01-10 21:27:00+00:00,7.1863
2023-06-08 14:22:00+00:00,5.2975
2023-02-24 18:07:00+00:00,14.58
2023-01-22 09:45:00+00:00,10.2513
2023-03-03 13:08:00+00:00,5.3262
2023-05-29 16:21:00+00:00,13.26
2023-01-31 18:30:00+00:00,2.1625
2023-02-24 06:16:00+00:00,8.9175
2023-02-24 18:24:00+00:00,7.78
2023-04-12 05:48:00+00:00,8.4763
2023-02-28 22:08:00+00:00,10.3475
2023-01-12 23:01:00+00:00,8.52
2023-05-02 13:08:00+00:00,1.0762
2023-01-28 03:55:00+00:00,0.7837
2023-05-09 20:01:00+00:00,14.06
2023-05-04 15:51:00+00:00,8.7788
2023-01-14 13:44:00+00:00,3.4663
2023-02-26 08:25:00+00:00,15.02
2023-04-10 15:22:00+00:00,12.6487
2023-06-28 10:42:00+00:00,1.9725
2023-05-26 01:46:00+00:00,12.8
2023-01-31 06:30:00+00:00,7.7375
2023-06-12 18:14:00+00:00,11.7025
2023-05-09 20:01:00+00:00,9.66
2023-01-07 06:52:00+00:00,4.0575
2023-04-09 14:39:00+00:00,5.7975
2023-06-25 19:07:00+00:00,7.4
2023-02-27 09:25:00+00:00,12.0712
2023-04-22 15:24:00+00:00,5.0888
2023-05-19 18:45:00+00:00,7.86
2023-06-09 03:14:00+00:00,7.2737
2023-03-15 13:53:00+00:00,11.0162
2023-06-19 01:15:00+00:00,15.28
2023-06-08 14:39:00+00:00,12.2975
2023-04-05 22:47:00+00:00,4.8175
2023-02-17 23:32:00+00:00,10.84
2023-06-14 08:57:00+00:00,6.48
2023-06-15 09:32:00+00:00,4.1312
2023-04-18 11:23:00+00:00,6.44
2023-01-27 14:46:00+00:00,0.8575
2023-02-20 02:07:00+00:00,5.2625
2023-01-19 06:11:00+00:00,7.46
2023-04-22 03:41:00+00:00,11.7637
2023-04-17 10:06:00+00:00,4.6325
2023-06-24 18:07:00+00:00,10.58
2023-03-29 15:12:00+00:00,9.9588
2023-06-26 20:42:00+00:00,12.595
2023-01-14 13:27:00+00:00,14.56
2023-03-12 10:10:00+00:00,6.8125
2023-01-26 13:12:00+00:00,8.0563
2023-05-09 08:35:00+00:00,14.46
2023-03-18 16:36:00+00:00,2.67
2023-01-30 05:04:00+00:00,15.28
2023-04-17 22:58:00+00:00,12.42
2023-02-09 03:39:00+00:00,4.6738
2023-01-31 06:12:00+00:00,6.9875
2023-01-20 19:54:00+00:00,12.68
2023-03-25 11:03:00+00:00,8.5538
2023-03-16 02:27:00+00:00,3.0925
2023-01-13 12:53:00+00:00,14.94
2023-06-01 19:30:00+00:00,1.2138
2023-02-02 08:30:00+00:00,4.34
2023-02-22 16:24:00+00:00,11.34
2023-02-17 23:41:00+00:00,11.6088
2023-02-24 06:42:00+00:00,5.7175
2023-01-27 02:55:00+00:00,9.62
2023-02-23 05:41:00+00:00,10.8663
2023-06-02 20:30:00+00:00,9.165
2023-05-24 23:54:00+00:00,11.16
2023-01-25 00:54:00+00:00,9.48
2023-04-29 10:59:00+00:00,9.6225
2023-06-03 09:56:00+00:00,6.96
2023-03-12 10:18:00+00:00,3.8125
2023-03-29 15:21:00+00:00,7.5587
2023-01-15 14:36:00+00:00,8.18
2023-04-05 22:30:00+00:00,4.4675
2023-01-22 09:37:00+00:00,2.6012
2023-04-15 08:23:00+00:00,7.58
2023-02-16 22:32:00+00:00,2.3075
2023-03-10 08:09:00+00:00,7.91
2023-02-01 07:47:00+00:00,6.12
2023-06-17 11:15:00+00:00,4.8338
2023-04-24 05:33:00+00:00,12.6662
2023-06-13 19:57:00+00:00,6.36
2023-03-01 23:08:00+00:00,11.7487
2023-04-13 06:14:00+00:00,6.5275
2023-06-23 05:24:00+00:00,6.16
2023-01-09 20:44:00+00:00,1.885
2023-06-09 03:57:00+00:00,11.2238
2023-01-06 05:17:00+00:00,6.0
2023-06-14 08:23:00+00:00,8.43
2023-05-25 00:46:00+00:00,8.48
2023-03-15 01:01:00+00:00,10.96
2023-06-03 09:21:00+00:00,0.8413
2023-03-31 17:21:00+00:00,8.9612
2023-06-09 03:31:00+00:00,7.88
2023-05-07 06:43:00+00:00,11.5575
2023-04-21 14:58:00+00:00,7.1375
2023-05-06 17:35:00+00:00,9.2
2023-06-20 02:50:00+00:00,5.0125
2023-03-02 12:25:00+00:00,4.975
2023-01-11 22:27:00+00:00,10.9
2023-05-08 07:01:00+00:00,10.44
2023-05-15 02:44:00+00:00,1.8925
2023-04-22 15:41:00+00:00,6.12
2023-02-10 16:31:00+00:00,3.85
2023-05-14 13:36:00+00:00,10.9162
2023-04-21 14:15:00+00:00,9.3
2023-03-21 07:37:00+00:00,8.2988
2023-03-21 07:37:00+00:00,12.9488
2023-02-03 09:04:00+00:00,11.36
2023-02-28 10:51:00+00:00,4.8225
2023-06-28 22:59:00+00:00,6.2975
2023-01-07 18:18:00+00:00,6.02
2023-01-02 01:34:00+00:00,0.8513
2023-05-22 09:54:00+00:00,3.6513
2023-02-26 20:42:00+00:00,12.62
2023-03-21 19:54:00+00:00,12.8238
2023-05-10 21:27:00+00:00,11.2863
2023-02-03 09:21:00+00:00,8.96
2023-02-01 19:04:00+00:00,2.0637
2023-05-10 09:52:00+00:00,6.8113
2023-01-28 15:55:00+00:00,5.64
2023-04-23 04:50:00+00:00,2.415
2023-06-16 22:40:00+00:00,2.0575
2023-05-10 09:09:00+00:00,8.08
2023-02-04 22:04:00+00:00,0.5675
2023-03-15 01:36:00+00:00,5.7912
2023-01-28 03:38:00+00:00,7.24
2023-02-13 07:06:00+00:00,2.2287
2023-02-28 22:16:00+00:00,1.3975
2023-04-28 09:33:00+00:00,14.64
2023-05-19 18:36:00+00:00,7.4725
2023-05-05 16:09:00+00:00,3.43
2023-05-02 13:43:00+00:00,12.32
2023-01-01 00:51:00+00:00,4.85
2023-03-11 09:01:00+00:00,4.3613
2023-06-26 08:16:00+00:00,6.62
2023-02-16 10:06:00+00:00,11.8325
2023-02-23 17:24:00+00:00,4.9413
2023-05-02 13:51:00+00:00,11.12
2023-02-11 17:23:00+00:00,7.2512
2023-05-03 14:34:00+00:00,2.5275
2023-04-07 00:56:00+00:00,9.82
2023-02-24 18:59:00+00:00,8.7425
2023-03-31 17:29:00+00:00,2.3113
2023-01-10 09:52:00+00:00,10.48
2023-06-28 10:16:00+00:00,8.7225
2023-06-26 20:50:00+00:00,10.095
2023-01-10 21:27:00+00:00,6.48
2023-01-03 14:34:00+00:00,9.2775
2023-04-18 11:32:00+00:00,10.4838
2023-02-12 18:31:00+00:00,6.74
2023-06-03 09:13:00+00:00,2.5412
2023-05-11 22:52:00+00:00,7.3375
2023-02-10 16:05:00+00:00,7.9
2023-06-27 09:08:00+00:00,0.7212
2023-04-08 13:39:00+00:00,8.4962
2023-04-13 06:06:00+00:00,5.94
2023-04-10 03:57:00+00:00,5.9737
2023-03-24 10:03:00+00:00,12.6025
2023-04-12 17:23:00+00:00,9.92
2023-04-27 20:33:00+00:00,7.445
2023-05-28 03:12:00+00:00,4.9337
2023-04-23 16:58:00+00:00,6.14
2023-06-13 07:49:00+00:00,2.1288
2023-01-22 09:54:00+00:00,1.9512
2023-03-22 08:45:00+00:00,5.9
2023-06-20 14:50:00+00:00,10.1375
2023-05-17 16:45:00+00:00,2.42
2023-04-26 07:42:00+00:00,11.4
2023-02-04 10:47:00+00:00,3.6925
2023-03-31 17:04:00+00:00,11.4113
2023-05-07 06:35:00+00:00,7.62
2023-02-22 16:58:00+00:00,12.94
2023-05-28 03:55:00+00:00,2.1837
2023-05-28 15:21:00+00:00,8.04
2023-03-20 18:45:00+00:00,10.5225
2023-05-12 11:35:00+00:00,12.2637
2023-03-11 09:35:00+00:00,7.28
2023-01-06 05:17:00+00:00,9.2562
2023-04-23 16:50:00+00:00,12.74
2023-04-02 07:21:00+00:00,14.92
2023-06-14 08:06:00+00:00,5.73
2023-06-15 21:40:00+00:00,6.1562
2023-03-29 03:55:00+00:00,15.24
2023-05-20 07:02:00+00:00,2.7988
2023-01-05 04:52:00+00:00,6.655
2023-05-23 10:37:00+00:00,6.34
2023-05-17 16:36:00+00:00,9.47
2023-01-18 17:11:00+00:00,1.9212
2023-05-02 13:34:00+00:00,9.52
2023-06-18 00:58:00+00:00,6.46
2023-06-21 15:15:00+00:00,1.8887
2023-06-25 19:42:00+00:00,5.8
2023-01-05 16:34:00+00:00,12.08
2023-03-24 10:03:00+00:00,8.5525
2023-03-26 12:46:00+00:00,11.18
2023-05-31 18:21:00+00:00,11.8625
2023-04-13 18:48:00+00:00,8.1525
2023-05-11 22:18:00+00:00,7.3
2023-04-13 18:06:00+00:00,1.6025
2023-01-30 17:29:00+00:00,12.48
2023-02-06 12:22:00+00:00,9.42
2023-02-05 23:13:00+00:00,2.7188
2023-04-18 23:32:00+00:00,10.9087
2023-03-12 10:01:00+00:00,9.3
2023-01-08 07:35:00+00:00,0.5587
2023-03-18 04:45:00+00:00,6.045
2023-04-14 07:06:00+00:00,7.56
2023-04-03 08:21:00+00:00,1.44
2023-04-07 00:48:00+00:00,1.12
2023-01-26 13:03:00+00:00,8.0
2023-05-14 13:01:00+00:00,10.4663
2023-03-30 16:12:00+00:00,8.56
2023-05-14 13:53:00+00:00,9.36
2023-04-22 03:24:00+00:00,4.3138
2023-02-21 03:33:00+00:00,9.1638
2023-06-12 18:31:00+00:00,7.14
2023-03-18 16:36:00+00:00,11.62
2023-01-07 06:00:00+00:00,9.5575
2023-04-11 16:57:00+00:00,11.9
2023-03-04 02:34:00+00:00,10.8025
2023-06-16 10:32:00+00:00,8.2825
2023-01-08 19:43:00+00:00,13.24
2023-01-22 09:37:00+00:00,3.4013
2023-06-21 15:24:00+00:00,2.6888
2023-06-02 20:56:00+00:00,10.54
2023-03-04 14:17:00+00:00,5.4275
2023-02-21 03:24:00+00:00,11.5638
2023-02-07 01:56:00+00:00,13.84
2023-05-19 06:54:00+00:00,12.3975
2023-05-16 15:02:00+00:00,8.6687
2023-05-30 05:47:00+00:00,9.28
2023-02-09 15:39:00+00:00,5.9488
2023-01-18 05:02:00+00:00,5.4463
2023-05-13 12:18:00+00:00,9.34
2023-02-09 03:39:00+00:00,9.9238
2023-04-12 17:57:00+00:00,5.1513
2023-05-21 20:37:00+00:00,5.5
2023-06-03 09:30:00+00:00,7.1413
2023-04-13 06:06:00+00:00,8.3275
2023-05-18 05:36:00+00:00,10.64
2023-04-03 08:04:00+00:00,2.94
2023-05-28 15:03:00+00:00,4.7088
2023-06-10 04:48:00+00:00,10.3
2023-03-01 23:08:00+00:00,8.4488
2023-05-29 04:04:00+00:00,1.885
2023-01-09 08:44:00+00:00,8.86
2023-01-05 16:43:00+00:00,4.93
2023-05-11 22:52:00+00:00,3.6875
2023-04-19 00:58:00+00:00,11.26
2023-02-03 21:47:00+00:00,14.56
2023-02-16 22:06:00+00:00,6.6075
2023-06-08 14:14:00+00:00,9.06
2023-05-07 18:52:00+00:00,2.7825
2023-01-06 05:00:00+00:00,9.4062
2023-01-08 07:26:00+00:00,10.84
2023-04-02 19:04:00+00:00,10.7137
2023-04-21 14:15:00+00:00,9.2875
2023-03-12 10:10:00+00:00,8.5
2023-06-29 11:42:00+00:00,10.5738
2023-02-08 14:48:00+00:00,12.1475
2023-05-17 16:19:00+00:00,10.22
2023-04-27 20:33:00+00:00,7.245
2023-04-19 00:41:00+00:00,12.16
2023-06-09 03:22:00+00:00,9.08
2023-05-29 16:38:00+00:00,7.46
2023-01-22 09:37:00+00:00,6.2512
2023-06-13 07:14:00+00:00,13.96
2023-02-02 08:56:00+00:00,5.14
2023-04-28 21:42:00+00:00,10.6463
2023-04-12 05:05:00+00:00,6.72
2023-05-23 22:46:00+00:00,2.3775
2023-05-22 09:54:00+00:00,3.0513
2023-06-23 17:07:00+00:00,13.76
2023-05-16 03:19:00+00:00,7.1937
2023-01-14 13:27:00+00:00,12.5663
2023-03-15 01:36:00+00:00,14.16
2023-05-12 23:35:00+00:00,7.7888
2023-05-26 01:20:00+00:00,5.2313
2023-04-07 00:56:00+00:00,13.02
2023-03-24 10:46:00+00:00,5.0525
2023-06-11 05:48:00+00:00,2.8262
2023-04-23 04:41:00+00:00,14.54
2023-06-22 16:07:00+00:00,3.39
2023-02-22 04:16:00+00:00,9.465
2023-03-28 14:03:00+00:00,8.02
2023-03-03 01:43:00+00:00,0.6013
2023-05-01 00:17:00+00:00,0.95
2023-02-16 10:40:00+00:00,10.82
2023-05-31 18:38:00+00:00,7.0625
2023-06-07 01:31:00+00:00,11.1212
2023-03-10 08:18:00+00:00,9.66
2023-03-29 03:21:00+00:00,11.2338
2023-06-29 23:34:00+00:00,12.1988
2023-04-06 11:05:00+00:00,14.6
2023-03-30 16:55:00+00:00,1.01
2023-02-17 23:15:00+00:00,7.8087
2023-03-29 03:38:00+00:00,10.04
2023-03-22 20:11:00+00:00,12.725
2023-01-20 19:45:00+00:00,7.2237
2023-06-27 09:42:00+00:00,14.24
2023-06-05 11:56:00+00:00,3.4438
2023-01-30 17:55:00+00:00,12.8613
2023-04-22 15:07:00+00:00,13.72
2023-01-06 05:00:00+00:00,4.2562
2023-03-15 13:53:00+00:00,11.6163
2023-04-12 17:31:00+00:00,8.32
2023-04-09 02:39:00+00:00,12.1225
2023-03-26 12:03:00+00:00,11.005
2023-03-10 08:18:00+00:00,12.86
2023-06-07 01:48:00+00:00,8.9213
2023-05-01 12:00:00+00:00,9.175
2023-01-29 04:04:00+00:00,6.46
2023-03-26 12:37:00+00:00,10.955
2023-01-22 09:45:00+00:00,2.3013
2023-02-03 09:21:00+00:00,9.76
2023-06-14 20:23:00+00:00,0.655
2023-04-11 16:48:00+00:00,5.5
2023-01-29 04:55:00+00:00,11.26
2023-02-02 20:30:00+00:00,8.965
2023-05-25 00:12:00+00:00,4.33
2023-04-06 11:05:00+00:00,9.0
2023-05-24 11:54:00+00:00,11.8537
2023-06-28 10:51:00+00:00,3.8225
2023-05-16 03:10:00+00:00,11.8
2023-02-19 01:41:00+00:00,1.2113
2023-06-03 09:39:00+00:00,9.6412
2023-03-22 20:37:00+00:00,7.9
2023-04-10 03:39:00+00:00,1.7737
2023-02-15 09:23:00+00:00,5.9813
2023-03-08 18:00:00+00:00,9.22
2023-06-14 08:23:00+00:00,9.13
2023-01-04 03:00:00+00:00,1.1038
2023-05-02 13:08:00+00:00,13.92
2023-02-11 05:31:00+00:00,9.7263
2023-05-06 05:26:00+00:00,12.2063
2023-01-25 12:03:00+00:00,5.98
2023-02-02 20:38:00+00:00,2.965
2023-02-23 05:33:00+00:00,10.2163
2023-03-10 20:52:00+00:00,14.06
2023-04-21 02:07:00+00:00,10.6125
2023-01-09 08:35:00+00:00,6.76
2023-05-11 10:01:00+00:00,13.7
2023-04-07 12:05:00+00:00,12.995
2023-02-07 13:05:00+00:00,12.7963
2023-02-27 09:51:00+00:00,9.04
2023-04-19 00:24:00+00:00,3.01
2023-05-30 05:29:00+00:00,4.5362
2023-01-15 14:36:00+00:00,14.98
2023-05-16 15:10:00+00:00,2.9688
2023-05-03 14:43:00+00:00,13.54
2023-01-02 13:43:00+00:00,12.72
2023-03-25 23:11:00+00:00,4.5788
2023-05-10 09:01:00+00:00,2.8112
2023-03-20 18:36:00+00:00,11.06
2023-01-08 19:35:00+00:00,9.9838
2023-05-03 02:34:00+00:00,8.0525
2023-02-06 12:13:00+00:00,9.42
2023-05-06 17:09:00+00:00,8.7812
2023-02-12 06:57:00+00:00,4.8275
2023-05-10 09:52:00+00:00,7.68
2023-04-26 07:33:00+00:00,7.5187
2023-04-07 00:48:00+00:00,10.67
2023-03-23 09:11:00+00:00,10.72
2023-04-01 06:21:00+00:00,8.4375
2023-02-22 16:33:00+00:00,0.84
2023-03-13 23:53:00+00:00,10.52
2023-03-05 03:00:00+00:00,6.8037
2023-06-14 08:57:00+00:00,12.13
2023-01-13 12:53:00+00:00,15.34
2023-06-29 11:08:00+00:00,11.5738
2023-02-20 02:15:00+00:00,8.5625
2023-01-26 13:55:00+00:00,9.6
2023-05-26 13:29:00+00:00,10.1062
2023-01-17 16:02:00+00:00,1.77
2023-04-05 10:47:00+00:00,6.58
2023-04-19 00:15:00+00:00,5.01
2023-03-24 22:03:00+00:00,4.7775
2023-05-08 19:35:00+00:00,12.84
2023-01-26 01:46:00+00:00,12.6813
2023-02-25 19:50:00+00:00,1.5437
2023-05-14 01:36:00+00:00,14.16
2023-04-06 11:05:00+00:00,10.6937
2023-02-12 06:40:00+00:00,5.6275
2023-06-28 22:59:00+00:00,6.66
2023-05-21 20:11:00+00:00,12.425
2023-01-03 02:43:00+00:00,8.8525
2023-04-02 07:38:00+00:00,10.92
2023-01-07 06:35:00+00:00,1.3575
2023-06-17 11:15:00+00:00,10.8338
2023-05-11 22:52:00+00:00,6.9
2023-03-04 14:26:00+00:00,6.8275
2023-03-07 05:43:00+00:00,4.0062
2023-05-28 03:29:00+00:00,8.84
2023-03-29 15:38:00+00:00,2.2588
2023-02-22 16:33:00+00:00,1.24
2023-06-02 20:04:00+00:00,9.34
2023-02-15 21:57:00+00:00,12.1562
2023-01-12 23:44:00+00:00,4.5888
2023-01-20 07:54:00+00:00,7.88
2023-01-23 22:11:00+00:00,8.34
2023-03-03 13:34:00+00:00,1.0762
2023-03-24 22:11:00+00:00,13.94
2023-01-14 01:01:00+00:00,12.7912
2023-04-04 09:56:00+00:00,5.7412
2023-01-15 02:10:00+00:00,10.98
2023-04-26 19:33:00+00:00,12.0437
2023-01-19 18:19:00+00:00,1.0225
2023-05-12 11:35:00+00:00,11.72
2023-02-28 10:08:00+00:00,3.6725
2023-05-02 13:25:00+00:00,7.0263
2023-02-18 12:58:00+00:00,10.46
2023-06-21 03:24:00+00:00,4.2637
2023-05-13 12:36:00+00:00,2.015
2023-03-10 20:35:00+00:00,12.86
2023-03-21 07:54:00+00:00,3.1987
2023-01-25 12:03:00+00:00,7.355
2023-02-04 22:22:00+00:00,15.38
2023-02-19 13:49:00+00:00,8.6363
2023-03-20 06:19:00+00:00,1.2975
2023-02-27 09:42:00+00:00,15.44
2023-01-02 01:51:00+00:00,12.7513
2023-06-04 10:39:00+00:00,4.9425
2023-05-15 14:02:00+00:00,6.18
2023-02-22 16:16:00+00:00,3.09
2023-06-13 19:57:00+00:00,12.7538
2023-01-01 00:00:00+00:00,10.3
2023-02-06 12:13:00+00:00,5.495
2023-01-11 22:18:00+00:00,7.4375
2023-03-22 20:20:00+00:00,7.9
2023-01-17 16:53:00+00:00,6.47
2023-04-06 11:30:00+00:00,1.0938
2023-03-29 03:29:00+00:00,10.04
2023-03-11 21:18:00+00:00,1.7862
2023-05-22 09:37:00+00:00,9.1512
2023-05-28 03:29:00+00:00,9.24
2023-04-11 04:05:00+00:00,6.325
2023-03-18 16:45:00+00:00,2.77
2023-04-15 08:40:00+00:00,14.38
2023-06-11 05:57:00+00:00,8.9262
2023-04-12 17:57:00+00:00,9.7012
2023-06-19 01:24:00+00:00,7.68
2023-02-16 10:58:00+00:00,4.8825
2023-06-24 18:07:00+00:00,3.1425
2023-06-13 19:23:00+00:00,9.16
2023-02-03 21:30:00+00:00,1.0162
2023-06-09 15:39:00+00:00,8.4988
2023-03-03 01:51:00+00:00,11.52
2023-05-15 14:19:00+00:00,12.6175
2023-02-24 06:07:00+00:00,5.4175
2023-04-04 09:21:00+00:00,5.76
2023-05-15 14:53:00+00:00,9.4175
2023-05-26 13:20:00+00:00,8.2063
2023-01-06 05:35:00+00:00,10.4
2023-03-25 23:54:00+00:00,9.1788
2023-02-26 08:08:00+00:00,10.17
2023-04-13 06:31:00+00:00,13.94
2023-06-18 00:15:00+00:00,7.86
2023-04-06 23:05:00+00:00,5.9188
2023-02-02 20:47:00+00:00,13.74
2023-04-26 19:42:00+00:00,2.0938
2023-05-11 22:01:00+00:00,7.4875
2023-02-11 05:40:00+00:00,12.72
2023-01-03 02:17:00+00:00,8.1525
2023-06-03 21:21:00+00:00,3.8163
2023-06-23 17:07:00+00:00,13.36
2023-04-01 06:30:00+00:00,11.0875
2023-05-23 10:11:00+00:00,4.7025
2023-01-01 12:34:00+00:00,9.1
2023-02-22 16:58:00+00:00,11.59
2023-03-30 04:04:00+00:00,9.385
2023-03-18 16:28:00+00:00,8.62
2023-06-17 11:32:00+00:00,2.6837
2023-05-19 06:19:00+00:00,10.9475
2023-01-14 01:53:00+00:00,6.16
2023-05-09 20:52:00+00:00,3.185
2023-06-25 19:16:00+00:00,1.9438
2023-02-25 19:25:00+00:00,9.8
2023-02-18 00:49:00+00:00,12.41
2023-02-15 21:49:00+00:00,7.3563
2023-05-17 16:19:00+00:00,8.62
2023-04-12 17:31:00+00:00,4.0512
2023-03-30 16:12:00+00:00,3.76
2023-04-13 18:57:00+00:00,7.94
2023-03-12 10:27:00+00:00,12.3625
2023-05-05 16:17:00+00:00,4.28
2023-01-15 02:10:00+00:00,8.18
2023-02-15 09:15:00+00:00,12.4812
2023-06-08 14:56:00+00:00,12.3475
2023-03-11 21:18:00+00:00,6.48
2023-03-05 03:34:00+00:00,4.4038
2023-02-09 03:05:00+00:00,7.5738
2023-01-28 15:46:00+00:00,8.84
2023-01-22 21:20:00+00:00,9.9262
2023-02-15 21:49:00+00:00,7.3563
2023-05-29 04:29:00+00:00,5.66
2023-02-19 13:15:00+00:00,7.9363
2023-02-05 23:22:00+00:00,1.5688
2023-05-31 06:38:00+00:00,12.9
2023-05-01 00:34:00+00:00,12.75
2023-01-19 06:36:00+00:00,11.06
2023-02-18 00:15:00+00:00,5.66
2023-02-13 07:40:00+00:00,3.5787
2023-05-27 02:20:00+00:00,3.4325
2023-03-29 15:29:00+00:00,12.84
2023-03-28 14:29:00+00:00,11.5575
2023-01-29 04:38:00+00:00,3.685
2023-03-06 04:00:00+00:00,5.58
2023-02-13 07:49:00+00:00,7.7787
2023-01-04 15:43:00+00:00,12.4288
2023-02-19 01:07:00+00:00,6.48
2023-05-10 21:09:00+00:00,3.8862
2023-03-26 12:46:00+00:00,5.655
2023-06-25 19:33:00+00:00,15.0
2023-04-29 22:08:00+00:00,1.7975
2023-01-15 14:53:00+00:00,4.2675
2023-03-12 22:44:00+00:00,6.9
2023-02-25 19:59:00+00:00,7.2938
2023-01-20 07:28:00+00:00,6.1988
2023-01-10 09:35:00+00:00,14.88
2023-01-07 18:43:00+00:00,5.3325
2023-01-01 12:17:00+00:00,11.075
2023-05-23 22:46:00+00:00,10.74
2023-04-22 15:24:00+00:00,8.0388
2023-05-21 20:37:00+00:00,0.675
2023-01-27 02:20:00+00:00,13.22
2023-06-26 20:50:00+00:00,7.745
2023-06-15 21:40:00+00:00,12.7063
2023-06-11 05:05:00+00:00,15.12
2023-01-18 05:28:00+00:00,8.9462
2023-05-05 04:43:00+00:00,4.405
2023-01-11 10:10:00+00:00,7.3
2023-01-22 09:28:00+00:00,11.8513
2023-06-04 22:22:00+00:00,10.3175
2023-03-05 15:00:00+00:00,8.76
2023-03-03 13:34:00+00:00,4.5263
2023-03-19 05:02:00+00:00,11.5463
2023-03-13 11:44:00+00:00,8.92
2023-06-08 14:14:00+00:00,2.4975
2023-06-22 04:50:00+00:00,6.815
2023-02-13 07:40:00+00:00,11.96
2023-04-16 21:15:00+00:00,6.8563
2023-01-24 23:20:00+00:00,8.0287
2023-05-06 17:17:00+00:00,6.4
2023-06-23 05:50:00+00:00,5.5663
2023-04-14 07:57:00+00:00,11.4288
2023-03-19 05:02:00+00:00,11.84
2023-03-13 11:27:00+00:00,12.2637
2023-01-24 23:29:00+00:00,7.7287
2023-04-10 15:57:00+00:00,13.48
2023-05-11 22:18:00+00:00,8.1
2023-06-13 19:49:00+00:00,10.5538
2023-03-12 10:18:00+00:00,15.3
2023-04-17 22:06:00+00:00,4.1575
2023-03-23 21:20:00+00:00,6.3762
2023-05-28 15:46:00+00:00,8.04
2023-06-26 20:08:00+00:00,8.495
2023-04-22 03:15:00+00:00,2.7637
2023-02-04 10:39:00+00:00,12.58
2023-05-08 19:09:00+00:00,5.8338
2023-02-09 15:57:00+00:00,5.7488
2023-02-08 14:48:00+00:00,13.46
2023-05-09 20:18:00+00:00,2.235
2023-05-29 16:12:00+00:00,5.71
2023-02-21 15:15:00+00:00,8.92
2023-04-26 07:25:00+00:00,3.4188
2023-05-24 11:37:00+00:00,12.6037
2023-06-24 06:50:00+00:00,6.58
2023-05-01 00:25:00+00:00,1.7
2023-01-07 18:18:00+00:00,8.2325
2023-01-14 13:44:00+00:00,12.16
2023-01-08 07:01:00+00:00,6.0088
2023-04-20 01:49:00+00:00,7.8113
2023-04-24 17:16:00+00:00,10.16
2023-01-12 11:27:00+00:00,12.9637
2023-05-16 15:53:00+00:00,1.7688
2023-04-25 06:33:00+00:00,7.78
2023-03-25 23:11:00+00:00,9.9288
2023-01-11 10:27:00+00:00,3.3125
2023-05-13 00:18:00+00:00,13.74
2023-04-24 05:59:00+00:00,5.6662
2023-06-09 15:57:00+00:00,10.0488
2023-06-20 14:58:00+00:00,8.9
2023-06-29 11:51:00+00:00,6.6738
2023-05-31 06:38:00+00:00,5.9875
2023-01-30 05:47:00+00:00,12.88
2023-01-08 07:09:00+00:00,11.1088
2023-04-06 23:56:00+00:00,8.8187
2023-05-22 09:03:00+00:00,11.52
2023-01-13 00:18:00+00:00,9.94
2023-04-11 16:05:00+00:00,2.75
2023-05-04 15:17:00+00:00,7.96
2023-06-17 11:15:00+00:00,12.1837
2023-06-07 13:48:00+00:00,8.6463
2023-02-18 12:58:00+00:00,10.46
2023-05-30 05:04:00+00:00,10.1862
2023-01-04 03:00:00+00:00,9.0538
2023-03-04 14:08:00+00:00,5.54
2023-05-26 13:37:00+00:00,11.2562
2023-06-03 21:21:00+00:00,7.7162
2023-01-26 01:20:00+00:00,13.6
2023-05-12 11:44:00+00:00,4.0137
2023-06-14 08:32:00+00:00,5.83
2023-05-01 00:51:00+00:00,5.9
2023-02-24 18:42:00+00:00,4.2425
2023-01-10 09:52:00+00:00,11.6613
2023-02-02 08:04:00+00:00,10.14
2023-04-04 21:39:00+00:00,1.0162
2023-05-07 18:26:00+00:00,3.8325
2023-04-29 22:34:00+00:00,13.46
2023-04-03 20:30:00+00:00,1.065
2023-06-14 08:14:00+00:00,4.43
2023-01-16 03:45:00+00:00,15.0
2023-01-27 14:29:00+00:00,1.6575
2023-01-15 14:36:00+00:00,11.0675
2023-05-04 03:26:00+00:00,12.76
2023-01-09 20:26:00+00:00,2.085
2023-01-28 03:12:00+00:00,4.1837
2023-01-18 17:45:00+00:00,11.84
2023-06-28 22:51:00+00:00,1.2475
2023-06-28 10:16:00+00:00,6.4225
2023-02-21 15:50:00+00:00,6.12
2023-01-07 06:52:00+00:00,9.0075
2023-06-02 08:30:00+00:00,6.79
2023-06-03 21:47:00+00:00,12.16
2023-06-05 23:47:00+00:00,8.8187
2023-01-24 11:54:00+00:00,2.7037
2023-03-09 07:43:00+00:00,6.04
2023-03-08 06:00:00+00:00,7.6575
2023-03-31 17:47:00+00:00,12.0612
2023-01-05 16:34:00+00:00,8.78
2023-06-21 15:41:00+00:00,5.2888
2023-06-07 01:31:00+00:00,0.8713
2023-03-08 06:52:00+00:00,14.42
2023-02-24 18:24:00+00:00,6.8425
2023-02-15 09:23:00+00:00,1.1313
2023-03-14 12:27:00+00:00,6.94
2023-06-28 10:25:00+00:00,0.6225
2023-05-22 09:54:00+00:00,3.8013
2023-03-11 09:18:00+00:00,9.28
2023-05-19 06:45:00+00:00,8.6475
2023-05-10 21:52:00+00:00,3.1362
2023-05-08 07:01:00+00:00,12.44
2023-01-19 18:11:00+00:00,3.1725
2023-04-10 15:22:00+00:00,1.3988
2023-01-16 15:02:00+00:00,9.0
2023-01-19 06:54:00+00:00,2.3475
2023-06-02 20:38:00+00:00,8.465
2023-02-26 08:42:00+00:00,10.62
2023-06-23 17:59:00+00:00,11.3912
2023-01-27 14:46:00+00:00,11.22
2023-02-03 09:13:00+00:00,7.76
2023-03-22 20:11:00+00:00,10.325
2023-06-08 14:22:00+00:00,12.8975
2023-04-12 17:57:00+00:00,11.52
2023-03-08 06:43:00+00:00,8.2075
2023-05-26 13:29:00+00:00,0.8562
2023-06-25 19:16:00+00:00,14.2
2023-05-09 08:01:00+00:00,10.91
2023-03-12 10:01:00+00:00,2.8625
2023-02-05 23:39:00+00:00,7.4
2023-03-01 23:34:00+00:00,3.2988
2023-06-04 10:56:00+00:00,7.6425
2023-06-18 00:49:00+00:00,6.46
2023-02-12 06:14:00+00:00,3.9775
2023-04-24 05:41:00+00:00,3.6162
2023-06-20 02:07:00+00:00,15.3
2023-06-16 10:15:00+00:00,3.2825
2023-04-06 11:39:00+00:00,5.0438
2023-04-30 23:17:00+00:00,7.48
2023-06-05 11:13:00+00:00,4.5938
2023-02-16 10:32:00+00:00,7.5825
2023-04-28 21:59:00+00:00,6.24
2023-02-19 13:32:00+00:00,1.2862
2023-06-01 07:38:00+00:00,7.6387
2023-06-09 03:39:00+00:00,13.08
2023-04-29 10:08:00+00:00,4.8225
2023-01-10 21:44:00+00:00,2.8862
2023-06-09 15:22:00+00:00,10.68
2023-01-23 10:11:00+00:00,10.2025
2023-01-23 10:03:00+00:00,8.9525
2023-04-01 18:55:00+00:00,7.3
2023-04-22 15:58:00+00:00,7.8388
2023-04-08 01:48:00+00:00,2.8712
2023-03-14 12:27:00+00:00,9.34
2023-05-31 06:21:00+00:00,3.1875
2023-02-17 23:23:00+00:00,1.3087
2023-01-20 07:02:00+00:00,11.48
2023-03-24 10:20:00+00:00,11.8525
2023-01-09 20:01:00+00:00,1.535
2023-04-28 09:16:00+00:00,13.04
2023-01-19 06:02:00+00:00,10.8975
2023-01-16 15:27:00+00:00,8.1188
2023-02-13 07:40:00+00:00,9.56
2023-03-16 14:10:00+00:00,5.6175
2023-06-25 07:16:00+00:00,3.7188
2023-01-25 12:37:00+00:00,6.38
2023-04-21 02:15:00+00:00,1.0125
2023-05-01 00:08:00+00:00,1.8
2023-05-21 20:11:00+00:00,13.5
2023-02-26 20:08:00+00:00,9.82
2023-05-23 10:03:00+00:00,1.5525
2023-04-30 23:42:00+00:00,12.68
2023-05-16 03:10:00+00:00,10.6438
2023-04-27 20:08:00+00:00,4.045
2023-06-26 08:59:00+00:00,7.82
2023-02-08 02:14:00+00:00,1.8225
2023-05-09 08:44:00+00:00,5.41
2023-06-18 12:32:00+00:00,10.86
2023-05-05 04:09:00+00:00,12.555
2023-06-06 00:22:00+00:00,5.42
2023-06-11 05:23:00+00:00,13.12
2023-05-27 14:03:00+00:00,7.2075
2023-04-13 18:14:00+00:00,10.7025
2023-05-17 16:45:00+00:00,7.02
2023-03-10 08:01:00+00:00,4.56
2023-05-05 04:43:00+00:00,5.055
2023-05-04 15:51:00+00:00,11.16
2023-02-17 23:49:00+00:00,2.2588
2023-01-06 17:17:00+00:00,7.6312
2023-05-14 01:53:00+00:00,10.96
2023-05-29 16:38:00+00:00,8.11
2023-03-24 10:54:00+00:00,6.8525
2023-04-05 22:30:00+00:00,13.38
2023-06-25 07:33:00+00:00,6.9688
2023-01-22 21:45:00+00:00,8.8763
2023-04-26 07:42:00+00:00,11.0
2023-03-21 07:19:00+00:00,4.2487
2023-06-23 05:07:00+00:00,10.5663
2023-02-14 08:06:00+00:00,12.78
2023-05-04 03:34:00+00:00,3.8537
2023-01-18 17:11:00+00:00,11.6212
2023-01-29 16:29:00+00:00,12.46
2023-03-08 06:18:00+00:00,9.7575
2023-04-13 06:23:00+00:00,0.6275
2023-02-04 22:04:00+00:00,12.98
2023-04-21 02:32:00+00:00,3.1125
2023-01-02 13:00:00+00:00,11.7263
2023-03-19 17:19:00+00:00,12.24
2023-05-30 05:12:00+00:00,4.6863
2023-03-12 22:52:00+00:00,2.5875
2023-06-23 17:41:00+00:00,6.16
2023-03-04 02:43:00+00:00,8.4025
2023-06-19 01:32:00+00:00,2.6612
2023-06-21 03:41:00+00:00,6.92
2023-06-10 16:40:00+00:00,7.5
2023-03-24 22:46:00+00:00,1.6775
2023-03-05 03:17:00+00:00,6.36
2023-03-02 00:08:00+00:00,10.3
2023-06-19 13:49:00+00:00,8.0862
2023-04-19 00:24:00+00:00,7.66
2023-01-08 19:18:00+00:00,1.5337
2023-01-27 02:46:00+00:00,2.6825
2023-01-26 13:20:00+00:00,9.2
2023-01-23 22:11:00+00:00,10.5775
2023-06-16 22:40:00+00:00,6.7075
2023-01-10 09:44:00+00:00,9.28
2023-04-21 14:58:00+00:00,4.4875
2023-01-17 16:53:00+00:00,5.22
2023-06-16 10:15:00+00:00,7.62
2023-02-17 11:23:00+00:00,1.2837
2023-06-04 22:22:00+00:00,2.8175
2023-01-26 13:20:00+00:00,12.0
2023-06-10 04:57:00+00:00,4.025
2023-04-19 12:32:00+00:00,6.335
2023-05-02 01:25:00+00:00,13.52
2023-01-01 12:25:00+00:00,0.575
2023-05-02 13:08:00+00:00,10.2762
2023-06-10 04:14:00+00:00,11.5
2023-01-27 02:38:00+00:00,9.9825
2023-01-01 00:34:00+00:00,10.75
2023-03-27 01:55:00+00:00,6.0
2023-03-30 04:55:00+00:00,9.385
2023-02-22 16:50:00+00:00,5.44
2023-01-23 10:46:00+00:00,7.54
2023-06-02 08:47:00+00:00,11.44
2023-02-22 04:41:00+00:00,8.065
2023-06-18 12:24:00+00:00,7.66
2023-05-07 06:09:00+00:00,9.6575
2023-05-25 00:12:00+00:00,9.13
2023-05-09 20:35:00+00:00,6.86
2023-05-15 02:19:00+00:00,5.2425
2023-06-22 04:58:00+00:00,10.365
2023-06-10 16:14:00+00:00,14.7
2023-05-22 09:54:00+00:00,1.9512
2023-04-19 12:15:00+00:00,2.985
2023-01-22 21:20:00+00:00,5.92
2023-06-04 10:56:00+00:00,5.5425
2023-04-14 19:49:00+00:00,4.7038
2023-04-09 02:05:00+00:00,10.26
2023-02-05 23:22:00+00:00,5.7687
2023-06-26 20:16:00+00:00,11.645
2023-06-18 12:49:00+00:00,8.86
2023-05-02 13:00:00+00:00,4.7763
2023-04-25 06:42:00+00:00,11.6675
2023-01-25 12:03:00+00:00,9.98
2023-01-28 03:38:00+00:00,12.0838
2023-01-12 11:35:00+00:00,9.2637
2023-02-01 07:04:00+00:00,6.52
2023-01-30 05:21:00+00:00,5.5862
2023-05-09 20:44:00+00:00,6.46
2023-02-26 08:42:00+00:00,7.82
2023-03-17 03:19:00+00:00,9.7438
2023-04-11 16:48:00+00:00,2.25
2023-05-16 15:27:00+00:00,9.8
2023-01-06 17:17:00+00:00,5.9313
2023-03-13 23:27:00+00:00,3.5888
2023-05-29 16:21:00+00:00,10.46
2023-03-26 00:20:00+00:00,7.38
2023-04-19 00:58:00+00:00,10.86
2023-06-28 10:51:00+00:00,12.26
2023-06-11 05:31:00+00:00,8.9262
2023-01-13 00:27:00+00:00,5.29
2023-04-22 15:07:00+00:00,10.52
2023-02-25 07:33:00+00:00,12.5687
2023-04-16 21:23:00+00:00,3.2062
2023-03-03 13:25:00+00:00,7.12
2023-06-04 22:56:00+00:00,9.3175
2023-04-05 10:30:00+00:00,1.0925
2023-01-22 09:28:00+00:00,15.12
2023-05-13 12:36:00+00:00,11.715
2023-03-09 19:01:00+00:00,1.5337
2023-04-09 14:31:00+00:00,13.46
2023-03-30 04:55:00+00:00,3.035
2023-01-23 10:28:00+00:00,10.0525
2023-02-13 07:40:00+00:00,5.56
2023-04-12 05:48:00+00:00,6.8262
2023-05-30 17:12:00+00:00,10.6613
2023-02-15 09:15:00+00:00,6.0
2023-05-22 21:45:00+00:00,1.8262
2023-03-14 12:27:00+00:00,12.465
2023-02-24 18:42:00+00:00,14.18
2023-02-17 23:06:00+00:00,1.0088
2023-06-14 08:49:00+00:00,3.73
2023-01-22 21:37:00+00:00,9.52
2023-03-24 22:20:00+00:00,5.0775
2023-05-28 15:21:00+00:00,10.8087
2023-01-11 10:18:00+00:00,13.7
2023-03-01 11:51:00+00:00,5.9737
2023-05-03 02:26:00+00:00,9.9025
2023-06-14 08:06:00+00:00,15.18
2023-03-26 00:54:00+00:00,10.43
2023-03-22 08:28:00+00:00,2.8
2023-01-09 20:18:00+00:00,14.06
2023-03-06 04:26:00+00:00,7.155
2023-05-13 12:10:00+00:00,4.315
2023-02-16 10:58:00+00:00,12.02
2023-04-05 22:47:00+00:00,7.4675
2023-03-09 19:43:00+00:00,4.3838
2023-02-16 22:49:00+00:00,10.02
2023-06-09 03:39:00+00:00,15.08
2023-03-20 06:45:00+00:00,11.5475
2023-06-07 13:31:00+00:00,11.04
2023-05-07 06:52:00+00:00,9.4075
2023-03-28 02:46:00+00:00,2.7825
2023-06-23 17:41:00+00:00,10.56
2023-05-27 02:29:00+00:00,3.3325
2023-03-13 11:01:00+00:00,10.0638
2023-04-12 17:31:00+00:00,5.92
2023-04-22 03:33:00+00:00,7.0637
2023-06-18 00:15:00+00:00,3.96
2023-05-25 00:54:00+00:00,9.18
2023-05-30 17:47:00+00:00,4.3613
2023-01-19 18:45:00+00:00,9.4225
2023-01-12 23:18:00+00:00,6.52
2023-03-20 06:54:00+00:00,6.2975
2023-05-06 17:17:00+00:00,5.7313
2023-01-26 01:37:00+00:00,6.0
2023-06-20 02:50:00+00:00,4.2125
2023-01-23 22:54:00+00:00,6.6275
2023-06-06 12:30:00+00:00,7.82
2023-03-06 04:26:00+00:00,9.455
2023-03-14 00:10:00+00:00,7.59
2023-01-15 14:10:00+00:00,13.38
2023-01-12 23:27:00+00:00,4.0888
2023-02-23 17:07:00+00:00,6.5412
2023-03-21 19:45:00+00:00,8.68
2023-06-26 08:33:00+00:00,10.47
2023-05-19 18:45:00+00:00,12.1725
2023-05-11 10:01:00+00:00,8.9
2023-05-23 10:11:00+00:00,1.9525
2023-03-11 09:09:00+00:00,2.9613
2023-04-10 03:31:00+00:00,7.08
2023-03-12 22:01:00+00:00,6.5375
2023-05-15 02:53:00+00:00,0.9425
2023-05-15 02:53:00+00:00,12.58
2023-06-08 14:22:00+00:00,7.9975
2023-02-27 21:42:00+00:00,2.5962
2023-06-23 17:33:00+00:00,8.56
2023-04-18 23:58:00+00:00,9.2088
2023-03-28 14:55:00+00:00,1.4075
2023-03-02 12:17:00+00:00,13.9
2023-03-16 02:10:00+00:00,12.1425
2023-05-01 12:00:00+00:00,4.775
2023-06-11 17:40:00+00:00,7.92
2023-03-13 11:35:00+00:00,5.5137
2023-05-16 03:45:00+00:00,12.5938
2023-06-07 13:39:00+00:00,9.84
2023-02-07 13:56:00+00:00,9.4962
2023-01-27 14:20:00+00:00,0.9575
2023-01-30 17:29:00+00:00,6.08
2023-04-23 16:50:00+00:00,1.29
2023-04-17 22:49:00+00:00,4.9075
2023-06-03 21:47:00+00:00,6.56
2023-06-06 00:30:00+00:00,8.97
2023-03-06 16:34:00+00:00,0.78
2023-05-06 17:26:00+00:00,11.2
2023-01-26 13:55:00+00:00,2.9562
2023-03-12 22:27:00+00:00,4.4375
2023-03-04 14:17:00+00:00,14.74
2023-02-22 04:41:00+00:00,7.615
2023-01-02 01:00:00+00:00,5.5012
2023-04-11 04:31:00+00:00,7.5
2023-03-08 18:09:00+00:00,2.5825
2023-06-06 12:48:00+00:00,12.845
2023-05-01 00:42:00+00:00,7.9
2023-05-06 17:00:00+00:00,10.7812
2023-06-17 23:49:00+00:00,11.5587
2023-05-24 11:20:00+00:00,12.36
2023-03-09 19:52:00+00:00,10.1337
2023-01-06 17:26:00+00:00,11.0312
2023-06-13 19:40:00+00:00,5.56
2023-05-23 22:28:00+00:00,9.5275
2023-03-27 13:46:00+00:00,9.6562
2023-06-01 07:55:00+00:00,7.72
2023-06-21 15:58:00+00:00,11.7387
2023-03-15 13:44:00+00:00,4.7162
2023-06-28 22:59:00+00:00,11.46
2023-05-11 10:18:00+00:00,1.6625
2023-04-05 22:13:00+00:00,12.6175
2023-02-10 04:14:00+00:00,10.7
2023-06-27 21:08:00+00:00,6.7462
2023-06-08 14:39:00+00:00,4.1475
2023-05-09 20:09:00+00:00,6.86
2023-06-03 09:13:00+00:00,5.0412
2023-03-20 06:28:00+00:00,8.3975
2023-05-22 21:03:00+00:00,13.52
2023-05-13 12:27:00+00:00,0.865
2023-03-02 12:34:00+00:00,9.575
2023-04-09 14:31:00+00:00,5.86
2023-06-06 12:30:00+00:00,1.795
2023-01-19 18:36:00+00:00,10.3225
2023-04-29 10:59:00+00:00,8.26
2023-02-19 13:24:00+00:00,2.9863
2023-01-23 10:37:00+00:00,1.5025
2023-04-09 02:14:00+00:00,9.06
2023-03-20 18:36:00+00:00,12.8725
2023-01-30 05:38:00+00:00,5.6863
2023-03-13 23:35:00+00:00,6.92
2023-01-23 22:46:00+00:00,6.9275
2023-02-11 17:57:00+00:00,7.92
2023-04-13 18:48:00+00:00,13.14
2023-04-22 15:58:00+00:00,5.0388
2023-03-09 07:26:00+00:00,7.4588
2023-04-15 08:40:00+00:00,5.98
2023-06-21 15:58:00+00:00,3.4388
2023-06-05 23:05:00+00:00,3.5187
2023-06-01 07:21:00+00:00,15.32
2023-04-10 15:39:00+00:00,5.4488
2023-05-27 02:46:00+00:00,8.9325
2023-03-31 17:04:00+00:00,6.08
2023-03-10 20:52:00+00:00,7.985
2023-02-01 19:47:00+00:00,6.0137
2023-02-04 10:56:00+00:00,6.18
2023-06-04 10:13:00+00:00,8.7925
2023-06-27 21:16:00+00:00,8.9962
2023-03-15 13:10:00+00:00,11.36
2023-01-26 13:37:00+00:00,4.6562
2023-03-08 06:18:00+00:00,12.6075
2023-03-16 14:19:00+00:00,12.58
2023-03-01 23:51:00+00:00,6.1487
2023-03-05 03:43:00+00:00,7.4538
2023-03-17 03:19:00+00:00,9.4
2023-04-07 00:39:00+00:00,2.12
2023-02-14 08:14:00+00:00,12.23
2023-04-29 22:25:00+00:00,12.26
2023-03-03 13:17:00+00:00,2.6263
2023-05-14 01:10:00+00:00,5.6913
2023-03-10 20:35:00+00:00,14.86
2023-03-05 15:09:00+00:00,2.1288
2023-06-03 21:30:00+00:00,9.9162
2023-04-03 20:56:00+00:00,8.14
2023-03-08 06:43:00+00:00,6.7075
2023-06-01 19:38:00+00:00,1.1138
2023-02-01 07:21:00+00:00,6.92
2023-04-14 07:31:00+00:00,11.3788
2023-06-09 03:31:00+00:00,12.8238
2023-04-05 22:13:00+00:00,14.58
2023-06-19 13:41:00+00:00,12.9362
2023-01-23 22:28:00+00:00,10.6775
2023-02-21 03:15:00+00:00,9.72
2023-04-20 13:07:00+00:00,2.2363
2023-02-05 11:47:00+00:00,5.9938
2023-06-12 18:14:00+00:00,11.94
2023-01-15 02:53:00+00:00,2.2425
2023-04-02 19:30:00+00:00,11.4637
2023-03-13 11:53:00+00:00,10.92
2023-01-16 15:19:00+00:00,10.5188
2023-04-20 13:32:00+00:00,9.4863
2023-03-21 19:45:00+00:00,10.68
2023-03-26 00:20:00+00:00,7.58
2023-05-30 05:47:00+00:00,7.1863
2023-02-12 06:57:00+00:00,13.94
2023-04-25 06:16:00+00:00,8.6675
2023-05-22 09:54:00+00:00,1.2012
2023-02-27 09:08:00+00:00,11.44
2023-06-23 17:50:00+00:00,4.6413
2023-03-13 11:44:00+00:00,0.9138
2023-05-07 18:26:00+00:00,6.42
2023-05-24 11:29:00+00:00,12.7037
2023-06-18 00:58:00+00:00,10.21
2023-04-16 09:49:00+00:00,15.2
2023-06-10 04:22:00+00:00,1.475
2023-05-21 08:11:00+00:00,1.1
2023-06-20 02:24:00+00:00,8.1
2023-02-23 17:07:00+00:00,2.7412
2023-01-06 17:17:00+00:00,2.0312
2023-05-20 07:02:00+00:00,11.08
2023-03-06 04:00:00+00:00,3.455
2023-03-20 18:28:00+00:00,6.4225
2023-05-19 18:54:00+00:00,11.46
2023-05-11 22:35:00+00:00,8.0375
2023-02-09 03:22:00+00:00,11.7238
2023-06-05 23:30:00+00:00,15.4
2023-01-02 13:00:00+00:00,3.5263
2023-05-10 21:01:00+00:00,10.1363
2023-04-07 12:05:00+00:00,6.22
2023-01-12 11:18:00+00:00,4.3637
2023-06-16 22:06:00+00:00,4.9575
2023-04-10 15:48:00+00:00,6.68
2023-04-29 10:25:00+00:00,4.3225
2023-02-17 11:23:00+00:00,0.6837
2023-06-07 01:22:00+00:00,13.44
2023-01-17 04:45:00+00:00,10.845
2023-02-08 02:05:00+00:00,12.4725
2023-05-18 17:36:00+00:00,7.44
2023-04-22 03:07:00+00:00,2.2637
2023-05-26 01:37:00+00:00,12.1813
2023-05-15 14:36:00+00:00,15.38
2023-01-05 16:52:00+00:00,5.68
2023-01-26 01:29:00+00:00,5.8812
2023-03-04 14:17:00+00:00,12.74
2023-05-26 13:29:00+00:00,4.2562
2023-05-28 15:38:00+00:00,8.8588
2023-03-03 13:51:00+00:00,13.12
2023-03-25 11:20:00+00:00,12.8537
2023-05-26 13:46:00+00:00,4.7562
2023-04-08 13:48:00+00:00,9.04
2023-05-27 14:12:00+00:00,8.0575
2023-04-13 18:14:00+00:00,4.8025
2023-06-13 19:40:00+00:00,8.36
2023-03-15 13:44:00+00:00,6.6662
2023-01-03 14:08:00+00:00,12.6775
2023-02-22 16:24:00+00:00,10.94
2023-01-21 20:11:00+00:00,11.125
2023-04-26 07:07:00+00:00,4.9188
2023-03-03 01:00:00+00:00,6.32
2023-04-09 02:39:00+00:00,1.5225
2023-05-29 16:04:00+00:00,10.41
2023-06-28 22:34:00+00:00,10.66
2023-06-10 04:05:00+00:00,11.875
2023-05-15 14:53:00+00:00,6.1675
2023-05-10 21:01:00+00:00,13.68
2023-04-06 11:22:00+00:00,6.1937
2023-03-18 04:36:00+00:00,8.645
2023-01-29 16:55:00+00:00,9.66
2023-05-14 01:44:00+00:00,9.9913
2023-02-26 08:59:00+00:00,3.72
2023-05-17 16:36:00+00:00,6.62
2023-05-27 14:29:00+00:00,9.6075
2023-02-16 22:49:00+00:00,1.1075
2023-03-30 16:04:00+00:00,10.86
2023-02-16 22:23:00+00:00,5.3075
2023-01-03 02:17:00+00:00,5.6025
2023-06-26 20:25:00+00:00,9.82
2023-02-09 15:48:00+00:00,10.1487
2023-03-12 10:52:00+00:00,1.5125
2023-06-16 10:32:00+00:00,12.42
2023-02-24 06:24:00+00:00,5.2675
2023-04-03 08:04:00+00:00,1.24
2023-06-11 17:48:00+00:00,10.32
2023-05-24 11:46:00+00:00,4.4537
2023-06-27 09:59:00+00:00,2.4212
2023-05-16 15:19:00+00:00,15.0
2023-06-19 13:32:00+00:00,8.9863
2023-03-07 17:43:00+00:00,1.5312
2023-03-13 11:53:00+00:00,14.92
2023-02-25 19:16:00+00:00,6.4938
2023-01-16 03:27:00+00:00,5.8937
2023-03-27 01:20:00+00:00,12.8
2023-01-25 12:12:00+00:00,4.505
2023-01-19 06:11:00+00:00,7.6475
2023-01-13 12:53:00+00:00,8.14
2023-01-30 05:55:00+00:00,3.7862
2023-06-04 22:39:00+00:00,1.7175
2023-02-28 22:16:00+00:00,13.86
2023-03-03 01:34:00+00:00,1.7512
2023-05-16 15:27:00+00:00,10.8688
2023-05-12 11:01:00+00:00,12.52
2023-01-19 06:54:00+00:00,3.2475
2023-01-12 11:10:00+00:00,10.52
2023-02-28 22:51:00+00:00,8.66
2023-05-25 00:37:00+00:00,1.73
2023-02-13 07:31:00+00:00,11.1288
2023-05-29 16:21:00+00:00,6.06
2023-03-17 15:27:00+00:00,10.7188
2023-06-18 12:06:00+00:00,9.085
2023-05-31 18:21:00+00:00,14.1
2023-05-25 00:54:00+00:00,2.78
2023-04-19 12:32:00+00:00,2.335
2023-01-29 04:04:00+00:00,8.86
2023-03-15 13:27:00+00:00,4.7162
2023-01-22 21:37:00+00:00,12.0262
2023-03-19 17:36:00+00:00,15.04
2023-03-06 04:17:00+00:00,5.905
2023-04-22 03:07:00+00:00,6.4138
2023-04-02 19:30:00+00:00,6.92
2023-04-06 11:22:00+00:00,1.0437
2023-01-14 01:19:00+00:00,3.6913
2023-04-19 12:24:00+00:00,10.86
2023-01-14 01:10:00+00:00,3.0913
2023-05-19 06:45:00+00:00,6.1475
2023-01-12 23:44:00+00:00,12.92
2023-03-30 16:38:00+00:00,0.51
2023-04-15 20:32:00+00:00,12.105
2023-03-06 04:09:00+00:00,14.38
2023-01-13 12:10:00+00:00,4.765
2023-05-19 18:28:00+00:00,6.6725
2023-01-24 11:29:00+00:00,11.96
2023-02-22 16:07:00+00:00,4.49
2023-02-06 00:39:00+00:00,6.17
2023-03-27 13:29:00+00:00,9.2
2023-04-26 07:33:00+00:00,12.6188
2023-01-16 15:10:00+00:00,8.4187
2023-06-15 21:57:00+00:00,15.2
2023-06-20 02:15:00+00:00,5.3125
2023-01-02 13:00:00+00:00,0.6262
2023-01-24 23:37:00+00:00,9.16
2023-05-18 17:11:00+00:00,11.8212
2023-04-24 17:24:00+00:00,1.9912
2023-03-13 23:44:00+00:00,10.52
2023-02-28 10:16:00+00:00,9.5225
2023-01-28 15:55:00+00:00,7.7088
2023-05-28 03:38:00+00:00,6.44
2023-03-24 10:11:00+00:00,10.9525
2023-06-23 05:07:00+00:00,9.7163
2023-02-14 08:40:00+00:00,12.38
2023-02-02 08:04:00+00:00,10.49
2023-02-24 18:33:00+00:00,11.1925
2023-04-26 19:33:00+00:00,11.0
2023-06-14 08:23:00+00:00,13.18
2023-05-01 12:34:00+00:00,1.025
2023-04-24 05:07:00+00:00,9.36
2023-01-14 13:19:00+00:00,10.3163
2023-02-15 21:06:00+00:00,9.3562
2023-02-16 22:06:00+00:00,8.42
2023-05-01 12:42:00+00:00,2.175
2023-02-28 10:16:00+00:00,8.3725
2023-05-07 06:35:00+00:00,11.62
2023-06-20 02:24:00+00:00,8.8125
2023-03-24 22:28:00+00:00,0.5775
2023-02-16 10:32:00+00:00,11.62
2023-05-11 10:18:00+00:00,2.7625
2023-04-01 06:55:00+00:00,9.4875
2023-03-31 17:04:00+00:00,15.28
2023-03-27 13:20:00+00:00,9.8063
2023-06-04 10:22:00+00:00,5.6425
2023-03-13 23:27:00+00:00,11.32
2023-04-15 20:06:00+00:00,0.655
2023-06-20 14:58:00+00:00,9.4875
2023-04-29 22:08:00+00:00,11.46
2023-03-15 13:01:00+00:00,6.3662
2023-05-15 02:02:00+00:00,11.8425
2023-04-04 09:56:00+00:00,9.36
2023-06-22 16:33:00+00:00,12.59
2023-03-08 06:18:00+00:00,6.4575
2023-04-29 22:08:00+00:00,6.26
2023-06-15 21:57:00+00:00,1.3562
2023-05-07 06:52:00+00:00,1.5075
2023-01-25 00:54:00+00:00,7.98
2023-04-23 16:41:00+00:00,6.39
2023-02-08 14:48:00+00:00,0.5975
2023-06-09 03:39:00+00:00,6.68
2023-06-15 09:40:00+00:00,5.1813
2023-03-02 00:42:00+00:00,3.9
2023-01-07 06:00:00+00:00,13.22
2023-05-30 17:04:00+00:00,5.0113
2023-02-17 23:15:00+00:00,2.6587
2023-01-08 19:26:00+00:00,15.24
2023-04-15 20:32:00+00:00,3.855
2023-04-08 13:13:00+00:00,12.9462
2023-04-15 20:14:00+00:00,5.98
2023-06-01 19:38:00+00:00,8.7637
2023-01-01 12:42:00+00:00,8.175
2023-04-22 03:24:00+00:00,10.12
2023-06-16 22:15:00+00:00,1.1075
2023-06-20 02:32:00+00:00,9.2625
2023-02-09 03:31:00+00:00,11.48
2023-06-27 21:59:00+00:00,3.6963
2023-03-28 02:29:00+00:00,7.1825
2023-04-20 01:07:00+00:00,15.28
2023-05-14 01:19:00+00:00,4.7912
2023-01-20 19:11:00+00:00,6.5237
2023-06-25 07:25:00+00:00,12.6
2023-05-11 10:27:00+00:00,6.5625
2023-01-03 02:43:00+00:00,5.0025
2023-04-11 16:22:00+00:00,8.7
2023-05-23 10:37:00+00:00,10.2525
2023-06-16 10:49:00+00:00,12.0325
2023-05-21 20:02:00+00:00,6.7
2023-03-16 02:10:00+00:00,5.5925
2023-01-16 15:10:00+00:00,11.2188
2023-04-04 09:30:00+00:00,13.76
2023-01-18 17:28:00+00:00,2.2713
2023-05-14 01:01:00+00:00,5.2412
2023-02-01 07:21:00+00:00,7.32
2023-05-05 16:17:00+00:00,12.68
2023-04-30 11:34:00+00:00,10.2737
2023-03-24 22:11:00+00:00,9.14
2023-02-17 11:06:00+00:00,3.9337
2023-05-12 11:18:00+00:00,3.8138
2023-02-11 05:14:00+00:00,13.92
2023-02-27 09:33:00+00:00,3.4213
2023-06-21 03:07:00+00:00,4.0137
2023-05-23 10:46:00+00:00,7.94
2023-05-18 05:02:00+00:00,9.4962
2023-04-16 09:49:00+00:00,5.4813
2023-01-19 06:28:00+00:00,6.26
2023-04-22 15:50:00+00:00,10.5887
2023-01-18 17:53:00+00:00,9.0213
2023-04-17 22:15:00+00:00,11.22
2023-06-27 21:59:00+00:00,7.7962
2023-05-26 01:20:00+00:00,6.9313
2023-02-02 08:56:00+00:00,12.94
2023-01-14 01:44:00+00:00,5.8412
2023-01-03 14:00:00+00:00,10.4775
2023-01-13 12:18:00+00:00,12.94
2023-06-10 16:40:00+00:00,2.65
2023-05-01 00:00:00+00:00,1.2
2023-04-17 22:32:00+00:00,9.22
2023-04-29 22:42:00+00:00,4.6475
2023-01-17 04:36:00+00:00,12.245
2023-02-13 19:49:00+00:00,10.36
2023-04-16 09:23:00+00:00,7.0812
2023-03-05 03:09:00+00:00,5.1537
2023-05-10 09:27:00+00:00,11.28
2023-05-08 07:52:00+00:00,9.5087
2023-06-17 23:15:00+00:00,12.5087
2023-05-18 17:02:00+00:00,11.44
2023-04-14 19:40:00+00:00,11.1037
2023-03-04 02:26:00+00:00,9.54
2023-05-28 03:29:00+00:00,9.64
2023-01-28 15:03:00+00:00,5.0088
2023-02-02 08:38:00+00:00,10.29
2023-03-19 05:19:00+00:00,10.64
2023-03-07 17:09:00+00:00,10.4812
2023-04-03 08:56:00+00:00,7.04
2023-06-14 08:32:00+00:00,7.58
2023-02-28 10:34:00+00:00,11.2225
2023-03-29 15:21:00+00:00,3.1088
2023-01-27 02:38:00+00:00,8.42
2023-01-03 14:34:00+00:00,6.9275
2023-06-12 06:14:00+00:00,10.1775
2023-05-19 06:02:00+00:00,11.46
2023-03-23 09:20:00+00:00,8.2012
2023-03-28 14:20:00+00:00,6.9075
2023-01-27 14:12:00+00:00,13.22
2023-03-07 05:52:00+00:00,12.8063
2023-04-16 21:49:00+00:00,5.6562
2023-04-26 07:16:00+00:00,10.2
2023-04-24 17:24:00+00:00,4.7412
2023-01-16 15:27:00+00:00,2.0688
2023-01-15 02:53:00+00:00,6.18
2023-04-22 15:58:00+00:00,11.5887
2023-04-25 18:07:00+00:00,2.2925
2023-06-17 11:58:00+00:00,13.64
2023-04-25 18:24:00+00:00,11.5925
2023-05-08 19:18:00+00:00,12.5337
2023-01-07 06:35:00+00:00,6.42
2023-06-19 13:49:00+00:00,4.0362
2023-04-22 15:33:00+00:00,7.6887
2023-01-03 02:51:00+00:00,8.34
2023-03-12 10:44:00+00:00,11.0125
2023-02-07 01:05:00+00:00,7.9212
2023-03-19 05:19:00+00:00,12.64
2023-06-18 00:32:00+00:00,7.06
2023-03-09 19:18:00+00:00,1.1338
2023-06-19 13:07:00+00:00,14.88
2023-03-31 17:04:00+00:00,6.4112
2023-06-09 03:39:00+00:00,0.7737
2023-05-23 10:03:00+00:00,7.14
2023-04-20 13:24:00+00:00,3.2363
2023-02-07 13:13:00+00:00,6.0963
2023-05-14 01:44:00+00:00,10.96
2023-03-17 15:10:00+00:00,7.3187
2023-03-30 04:46:00+00:00,8.485
2023-01-05 04:26:00+00:00,5.58
2023-05-21 08:20:00+00:00,6.5
2023-06-27 09:08:00+00:00,1.9212
2023-01-31 06:30:00+00:00,7.7
2023-05-13 00:10:00+00:00,10.14
2023-03-06 16:09:00+00:00,0.63
2023-06-20 14:58:00+00:00,8.9
2023-04-07 12:22:00+00:00,12.495
2023-05-05 04:43:00+00:00,12.105
2023-01-16 15:19:00+00:00,13.8
2023-05-06 05:35:00+00:00,11.9062
2023-03-14 00:36:00+00:00,4.59
2023-02-22 04:50:00+00:00,5.74
2023-03-23 21:11:00+00:00,6.4262
2023-03-12 22:10:00+00:00,7.8875
2023-01-16 15:10:00+00:00,6.2
2023-02-07 01:31:00+00:00,4.4712
2023-03-28 02:20:00+00:00,1.7825
2023-05-10 21:52:00+00:00,5.68
2023-04-23 04:07:00+00:00,7.265
2023-06-11 17:05:00+00:00,7.4512
2023-03-20 18:28:00+00:00,9.86
2023-02-24 18:07:00+00:00,10.3425
2023-02-22 04:07:00+00:00,12.315
2023-04-17 10:06:00+00:00,7.62
2023-06-17 11:15:00+00:00,11.4838
2023-02-27 21:16:00+00:00,10.8963
2023-01-02 01:34:00+00:00,8.32
2023-02-28 22:25:00+00:00,7.4475
2023-04-28 09:25:00+00:00,8.7212
2023-03-28 14:38:00+00:00,8.82
2023-01-27 02:55:00+00:00,4.2825
2023-04-01 06:30:00+00:00,5.1875
2023-01-19 18:45:00+00:00,13.46
2023-01-10 09:52:00+00:00,8.8112
2023-03-03 01:25:00+00:00,2.0012
2023-01-27 14:38:00+00:00,6.42
2023-06-10 16:14:00+00:00,1.5
2023-05-17 04:19:00+00:00,7.045
2023-05-02 01:34:00+00:00,10.32
2023-02-12 06:57:00+00:00,5.9775
2023-01-07 06:52:00+00:00,8.9075
2023-04-20 01:15:00+00:00,13.28
2023-05-26 01:29:00+00:00,4.1312
2023-06-06 12:48:00+00:00,8.395
2023-03-03 13:00:00+00:00,7.92
2023-01-15 02:10:00+00:00,1.2925
2023-06-27 21:42:00+00:00,4.5462
2023-02-04 10:47:00+00:00,6.58
2023-06-06 12:22:00+00:00,2.995
2023-01-15 02:44:00+00:00,1.4425
2023-01-27 14:12:00+00:00,10.02
2023-01-26 13:55:00+00:00,5.7062
2023-01-15 02:44:00+00:00,12.2425
2023-03-18 16:45:00+00:00,11.82
2023-01-22 21:28:00+00:00,10.0762
2023-01-31 18:30:00+00:00,2.2125
2023-04-09 02:05:00+00:00,14.66
2023-03-09 19:35:00+00:00,6.9837
2023-05-18 17:53:00+00:00,9.0213
2023-04-09 02:39:00+00:00,6.66
2023-02-26 20:25:00+00:00,9.595
2023-03-10 20:09:00+00:00,3.985
2023-02-10 16:22:00+00:00,7.5
2023-02-24 18:24:00+00:00,4.1425
2023-04-01 06:12:00+00:00,6.4875
2023-01-12 11:53:00+00:00,15.32
2023-01-17 16:02:00+00:00,3.12
2023-03-09 19:26:00+00:00,0.9838
2023-03-27 13:03:00+00:00,15.2
2023-01-01 00:34:00+00:00,1.9
2023-05-27 14:12:00+00:00,10.3075
2023-01-09 20:18:00+00:00,7.26
2023-05-09 20:35:00+00:00,2.985
2023-03-17 03:53:00+00:00,9.0437
2023-02-09 03:14:00+00:00,11.08
2023-03-13 23:01:00+00:00,0.8887
2023-02-17 11:06:00+00:00,1.8838
2023-01-01 00:34:00+00:00,8.7
2023-05-05 16:34:00+00:00,1.03
2023-02-25 19:25:00+00:00,6.1437
2023-04-23 04:41:00+00:00,14.94
2023-03-17 15:27:00+00:00,8.7688
2023-03-06 04:43:00+00:00,12.355
2023-02-25 07:33:00+00:00,5.8
2023-03-19 17:28:00+00:00,11.0213
2023-05-15 14:36:00+00:00,6.4175
2023-06-24 06:59:00+00:00,13.78
2023-06-26 20:33:00+00:00,1.745
2023-01-21 20:20:00+00:00,8.425
2023-01-17 16:10:00+00:00,12.62
2023-02-04 10:39:00+00:00,12.4925
2023-02-01 07:04:00+00:00,8.2888
2023-04-05 10:22:00+00:00,6.98
2023-05-08 19:26:00+00:00,0.6837
2023-04-25 18:24:00+00:00,4.2925
2023-05-04 15:51:00+00:00,10.76
2023-01-02 01:43:00+00:00,6.6513
2023-03-07 05:35:00+00:00,8.5062
2023-02-12 06:48:00+00:00,7.14
2023-06-10 04:57:00+00:00,9.625
2023-05-19 18:02:00+00:00,12.6725
2023-04-02 07:38:00+00:00,7.72
2023-03-19 17:45:00+00:00,10.1212
2023-04-07 00:56:00+00:00,11.02
2023-01-08 19:52:00+00:00,12.04
2023-05-04 15:51:00+00:00,4.7287
2023-06-28 10:16:00+00:00,10.6225
2023-03-02 12:51:00+00:00,11.1
2023-06-14 20:57:00+00:00,10.055
2023-03-07 05:52:00+00:00,9.2063
2023-06-02 20:56:00+00:00,8.54
2023-02-18 00:24:00+00:00,7.41
2023-04-23 04:50:00+00:00,10.265
2023-02-10 16:40:00+00:00,13.1
2023-05-07 18:43:00+00:00,9.2325
2023-05-25 12:46:00+00:00,4.055
2023-06-24 18:33:00+00:00,15.38
2023-03-15 01:01:00+00:00,6.1413
2023-02-27 09:16:00+00:00,1.5713
2023-02-23 05:16:00+00:00,10.96
2023-05-10 09:09:00+00:00,12.1113
2023-04-13 06:57:00+00:00,4.9275
2023-03-30 16:46:00+00:00,13.66
2023-04-13 06:48:00+00:00,11.8775
2023-01-01 00:25:00+00:00,4.85
2023-02-02 20:30:00+00:00,15.34
2023-04-16 21:49:00+00:00,1.7063
2023-05-26 01:03:00+00:00,5.1813
2023-05-15 02:36:00+00:00,14.58
2023-01-21 08:02:00+00:00,6.1
2023-05-24 11:46:00+00:00,6.9538
2023-01-30 17:04:00+00:00,12.08
2023-06-22 04:50:00+00:00,4.815
2023-02-26 20:16:00+00:00,2.945
2023-06-26 20:33:00+00:00,7.42
2023-03-23 09:54:00+00:00,9.6013
2023-01-13 12:36:00+00:00,3.465
2023-05-30 17:04:00+00:00,7.28
2023-05-09 20:26:00+00:00,5.635
2023-03-05 03:43:00+00:00,9.4038
2023-04-18 11:58:00+00:00,12.84
2023-01-16 15:02:00+00:00,6.9188
2023-01-22 09:54:00+00:00,2.1013
2023-02-01 19:38:00+00:00,13.32
2023-02-16 10:49:00+00:00,3.9825
2023-01-18 05:02:00+00:00,6.6963
2023-05-27 14:12:00+00:00,11.22
2023-02-06 12:05:00+00:00,4.595
2023-01-22 09:54:00+00:00,10.5013
2023-04-26 19:50:00+00:00,7.4
2023-01-07 06:52:00+00:00,12.9075
2023-04-07 00:05:00+00:00,10.37
2023-03-08 18:26:00+00:00,13.62
2023-03-25 23:37:00+00:00,11.96
2023-04-01 18:04:00+00:00,3.1125
2023-06-17 23:41:00+00:00,7.24
2023-03-22 08:02:00+00:00,8.6
2023-06-04 10:04:00+00:00,10.7925
2023-04-22 03:07:00+00:00,14.12
2023-05-20 07:02:00+00:00,6.5488
2023-04-24 17:50:00+00:00,6.8913
2023-04-26 19:07:00+00:00,11.0
2023-05-24 23:11:00+00:00,8.1288
2023-03-10 20:09:00+00:00,6.385
2023-04-21 14:24:00+00:00,13.7
2023-03-06 04:26:00+00:00,2.705
2023-02-26 08:59:00+00:00,6.77
2023-05-24 11:37:00+00:00,7.56
2023-05-14 01:44:00+00:00,3.5412
2023-04-30 23:34:00+00:00,9.0988
2023-04-27 20:08:00+00:00,12.22
2023-06-06 00:39:00+00:00,12.82
2023-02-01 07:13:00+00:00,10.6888
2023-05-18 17:36:00+00:00,12.64
2023-03-31 17:55:00+00:00,5.6113
2023-02-28 10:59:00+00:00,7.5725
2023-01-22 09:54:00+00:00,8.72
2023-06-22 16:24:00+00:00,7.69
2023-02-21 15:24:00+00:00,4.4887
2023-03-21 07:11:00+00:00,7.48
2023-04-26 07:25:00+00:00,1.6187
2023-06-14 08:49:00+00:00,8.23
2023-02-22 04:58:00+00:00,5.74
2023-04-28 21:59:00+00:00,8.1463
2023-03-02 12:25:00+00:00,6.425
2023-06-25 07:16:00+00:00,6.2
2023-05-14 01:01:00+00:00,6.0912
2023-03-20 18:19:00+00:00,9.0225
2023-06-21 03:15:00+00:00,12.52
2023-05-23 22:37:00+00:00,9.1775
2023-03-17 03:02:00+00:00,11.0938
2023-04-04 21:47:00+00:00,13.36
2023-06-13 19:49:00+00:00,0.8538
2023-06-08 14:05:00+00:00,10.9475
2023-06-19 01:49:00+00:00,8.08
2023-04-25 18:59:00+00:00,6.0425
2023-05-31 06:21:00+00:00,5.0875
2023-03-14 00:18:00+00:00,6.54
2023-03-31 05:38:00+00:00,5.4363
2023-05-17 04:10:00+00:00,7.795
2023-03-01 23:17:00+00:00,9.48
2023-05-12 23:18:00+00:00,12.2888
2023-01-17 16:45:00+00:00,10.57
2023-02-08 14:31:00+00:00,10.66
2023-02-02 08:30:00+00:00,5.34
2023-05-16 03:45:00+00:00,10.2937
2023-05-16 15:27:00+00:00,7.4
2023-05-01 00:08:00+00:00,1.55
2023-05-14 13:01:00+00:00,3.6162
2023-03-03 01:00:00+00:00,5.52
2023-06-25 19:42:00+00:00,4.6437
2023-01-01 12:17:00+00:00,5.125
2023-05-03 14:34:00+00:00,7.14
2023-05-23 10:46:00+00:00,11.7025
2023-01-10 21:01:00+00:00,6.4863
2023-05-24 23:46:00+00:00,11.96
2023-02-09 15:14:00+00:00,3.8988
2023-04-15 20:14:00+00:00,1.505
2023-02-12 18:31:00+00:00,7.14
2023-03-08 06:26:00+00:00,3.8575
2023-01-31 18:21:00+00:00,9.0625
2023-02-02 20:04:00+00:00,8.94
2023-02-09 15:39:00+00:00,2.1487
2023-05-13 00:27:00+00:00,4.04
2023-02-18 00:49:00+00:00,15.26
2023-05-17 04:28:00+00:00,3.195
2023-06-06 00:30:00+00:00,12.02
2023-06-26 20:25:00+00:00,11.42
2023-04-12 17:14:00+00:00,12.5013
2023-06-15 21:57:00+00:00,4.2062
2023-01-04 03:09:00+00:00,7.96
2023-03-25 11:11:00+00:00,2.3037
2023-04-20 13:15:00+00:00,12.9863
2023-02-07 01:05:00+00:00,10.24
2023-05-31 06:55:00+00:00,10.6875
2023-03-14 12:27:00+00:00,1.765
2023-01-21 08:20:00+00:00,13.9
2023-02-16 10:32:00+00:00,2.3325
2023-06-29 23:17:00+00:00,12.6988
2023-06-20 02:50:00+00:00,11.3
2023-01-27 02:38:00+00:00,7.2325
2023-02-11 05:40:00+00:00,11.8262
2023-02-12 06:06:00+00:00,13.14
2023-03-19 17:53:00+00:00,10.2713
2023-03-07 05:17:00+00:00,2.3062
2023-04-02 07:04:00+00:00,11.72
2023-06-28 10:25:00+00:00,3.0225
2023-02-25 19:42:00+00:00,4.7438
2023-05-11 10:10:00+00:00,10.5
2023-03-05 03:00:00+00:00,7.3037
2023-04-30 23:59:00+00:00,12.2988
2023-03-24 22:37:00+00:00,14.34
2023-03-31 17:55:00+00:00,11.8112
2023-06-18 12:06:00+00:00,14.86
2023-01-14 01:01:00+00:00,8.56
2023-02-24 18:16:00+00:00,4.6925
2023-04-27 20:42:00+00:00,10.195
2023-04-08 01:48:00+00:00,8.64
2023-02-25 19:33:00+00:00,8.7438
2023-05-29 16:12:00+00:00,12.71
2023-06-17 23:15:00+00:00,15.24
2023-06-12 18:23:00+00:00,4.6025
2023-03-12 22:01:00+00:00,2.9375
2023-03-09 07:52:00+00:00,12.44
2023-01-21 20:20:00+00:00,5.575
2023-05-06 05:35:00+00:00,0.6562
2023-04-30 11:25:00+00:00,13.88
2023-05-04 03:26:00+00:00,0.8037
2023-06-14 20:40:00+00:00,6.955
2023-03-31 05:47:00+00:00,8.08
2023-02-08 02:05:00+00:00,2.2725
2023-01-16 15:10:00+00:00,1.5688
2023-06-24 18:59:00+00:00,10.58
2023-01-21 20:54:00+00:00,5.925
2023-01-28 03:21:00+00:00,12.9838
2023-04-30 23:34:00+00:00,9.08
2023-01-27 02:20:00+00:00,6.9325
2023-03-11 21:18:00+00:00,4.9863
2023-03-13 11:35:00+00:00,13.72
2023-01-19 18:02:00+00:00,5.7225
2023-02-19 01:49:00+00:00,9.8613
2023-01-19 06:02:00+00:00,11.46
2023-02-13 19:49:00+00:00,5.7538
2023-02-03 21:56:00+00:00,9.0162
2023-06-09 15:05:00+00:00,11.48
2023-01-21 20:02:00+00:00,2.475
2023-03-18 16:19:00+00:00,10.47
2023-04-16 21:06:00+00:00,5.6
2023-01-29 04:38:00+00:00,9.685
2023-05-04 03:34:00+00:00,6.5038
2023-02-26 08:42:00+00:00,5.82
2023-01-06 05:17:00+00:00,6.4562
2023-01-06 05:26:00+00:00,8.3063
2023-05-28 15:21:00+00:00,8.44
2023-05-24 11:54:00+00:00,10.4038
2023-04-02 07:38:00+00:00,8.2387
2023-06-14 20:57:00+00:00,10.38
2023-01-10 09:35:00+00:00,4.0612
2023-05-28 15:38:00+00:00,2.8588
2023-01-15 14:53:00+00:00,11.38
2023-04-04 21:13:00+00:00,12.2163
2023-05-08 19:35:00+00:00,10.0838
2023-01-18 05:45:00+00:00,10.64
2023-02-08 02:22:00+00:00,11.46
2023-03-21 07:54:00+00:00,4.2988
2023-05-21 08:54:00+00:00,5.9
2023-04-08 13:13:00+00:00,7.3463
2023-02-23 17:59:00+00:00,6.2912
2023-03-30 04:38:00+00:00,7.66
2023-04-29 22:42:00+00:00,8.8475
2023-05-08 19:35:00+00:00,12.7338
2023-02-02 20:38:00+00:00,12.14
2023-06-11 17:40:00+00:00,1.1513
2023-04-21 14:32:00+00:00,2.2375
2023-05-22 09:28:00+00:00,5.92
2023-02-08 14:05:00+00:00,9.7975
2023-06-01 19:13:00+00:00,3.2138
2023-06-14 08:40:00+00:00,12.38
2023-05-12 11:53:00+00:00,8.8637
2023-06-16 22:06:00+00:00,6.9075
2023-03-25 11:54:00+00:00,9.16
2023-05-24 11:54:00+00:00,12.3537
2023-03-25 11:54:00+00:00,9.8537
2023-06-19 13:32:00+00:00,13.68
2023-02-03 09:30:00+00:00,7.0912
2023-02-21 03:50:00+00:00,4.7637
2023-06-01 07:21:00+00:00,13.72
2023-01-08 19:43:00+00:00,7.6338
2023-01-07 06:26:00+00:00,10.0075
2023-02-10 04:31:00+00:00,6.7
2023-02-26 20:08:00+00:00,7.195
2023-06-16 22:58:00+00:00,3.7075
2023-04-03 20:13:00+00:00,14.14
2023-02-26 20:42:00+00:00,2.895
2023-05-03 14:00:00+00:00,0.5775
2023-03-01 23:17:00+00:00,7.48
2023-06-11 17:57:00+00:00,5.5512
2023-01-26 01:46:00+00:00,4.7313
2023-04-25 18:59:00+00:00,6.58
2023-01-04 03:26:00+00:00,4.7038
2023-02-21 03:07:00+00:00,2.0637
2023-02-06 12:13:00+00:00,9.02
2023-01-26 13:29:00+00:00,5.8063
2023-05-14 13:27:00+00:00,10.1163
2023-03-14 00:44:00+00:00,12.94
2023-02-25 19:07:00+00:00,10.7937
2023-03-02 12:42:00+00:00,11.075
2023-02-15 21:49:00+00:00,10.8
2023-04-24 17:24:00+00:00,4.9413
2023-01-28 03:12:00+00:00,7.2337
2023-02-03 21:30:00+00:00,7.76
2023-02-02 08:38:00+00:00,7.74
2023-04-10 15:05:00+00:00,9.6988
2023-06-21 03:50:00+00:00,14.52
2023-04-02 19:47:00+00:00,11.0638
2023-04-18 23:41:00+00:00,4.2588
2023-05-12 23:01:00+00:00,6.12
2023-04-18 11:23:00+00:00,5.3838
2023-06-24 18:59:00+00:00,7.3925
2023-05-04 15:51:00+00:00,5.56
2023-03-05 03:09:00+00:00,9.5038
2023-03-18 04:53:00+00:00,2.195
2023-05-21 08:11:00+00:00,7.9
2023-05-31 06:30:00+00:00,5.9375
2023-01-18 17:36:00+00:00,12.3712
2023-04-13 18:14:00+00:00,13.94
2023-05-22 09:45:00+00:00,12.7012
2023-06-15 21:40:00+00:00,12.0563
2023-02-12 06:57:00+00:00,10.74
2023-05-23 10:54:00+00:00,0.8025
2023-01-01 12:25:00+00:00,0.725
2023-02-11 05:48:00+00:00,7.12
2023-03-05 03:17:00+00:00,0.8538
2023-01-22 09:37:00+00:00,4.9013
2023-06-17 23:15:00+00:00,7.64
2023-03-13 23:18:00+00:00,8.3887
2023-03-04 02:08:00+00:00,12.6525
2023-04-02 19:38:00+00:00,10.12
2023-02-12 06:48:00+00:00,1.5275
2023-03-30 04:46:00+00:00,5.235
2023-03-14 12:10:00+00:00,10.14
2023-06-03 09:13:00+00:00,12.6412
2023-06-11 17:05:00+00:00,6.6013
2023-01-20 07:37:00+00:00,10.28
2023-04-04 21:30:00+00:00,3.4162
2023-05-30 17:47:00+00:00,1.9612
2023-05-17 16:19:00+00:00,12.62
2023-06-14 08:14:00+00:00,8.78
2023-02-16 22:23:00+00:00,3.9075
2023-05-05 04:43:00+00:00,9.18
2023-03-15 01:53:00+00:00,6.3913
2023-06-17 11:32:00+00:00,9.4337
2023-03-19 17:45:00+00:00,15.04
2023-06-15 21:23:00+00:00,12.9563
2023-06-15 09:32:00+00:00,10.6813
2023-03-17 03:27:00+00:00,15.0
2023-02-01 19:13:00+00:00,3.4137
2023-04-26 07:42:00+00:00,6.1688
2023-04-05 22:56:00+00:00,13.78
2023-06-12 06:57:00+00:00,1.0775
2023-05-02 01:08:00+00:00,12.4012
2023-05-03 02:26:00+00:00,10.74
2023-01-08 19:35:00+00:00,1.1837
2023-03-22 20:37:00+00:00,9.9
2023-02-20 14:41:00+00:00,14.1
2023-04-13 18:31:00+00:00,2.2025
2023-04-05 10:39:00+00:00,1.3925
2023-05-02 13:08:00+00:00,12.72
2023-05-31 06:12:00+00:00,9.9875
2023-01-04 03:00:00+00:00,9.4038
2023-06-21 15:07:00+00:00,14.52
2023-04-22 15:41:00+00:00,12.5388
2023-04-27 20:59:00+00:00,9.995
2023-03-22 20:20:00+00:00,6.7
2023-01-27 02:12:00+00:00,12.1325
2023-05-24 23:46:00+00:00,6.6288
2023-05-06 17:26:00+00:00,9.2
2023-06-16 22:15:00+00:00,7.7575
2023-06-12 18:23:00+00:00,4.5525
2023-05-06 05:52:00+00:00,9.2
2023-01-15 02:53:00+00:00,6.3425
2023-02-13 19:31:00+00:00,12.8038
2023-05-04 03:26:00+00:00,14.76
2023-06-04 22:04:00+00:00,11.9675
2023-01-21 20:37:00+00:00,7.125
2023-04-05 22:04:00+00:00,14.58
2023-01-25 00:46:00+00:00,4.78
2023-06-08 02:14:00+00:00,3.4725
2023-06-01 07:38:00+00:00,8.92
2023-04-02 07:13:00+00:00,3.2887
2023-03-12 10:27:00+00:00,7.9625
2023-06-08 14:56:00+00:00,8.66
2023-05-16 03:45:00+00:00,2.1437
2023-03-04 14:26:00+00:00,7.0775
2023-06-20 14:41:00+00:00,11.3
2023-05-13 00:44:00+00:00,4.44
2023-04-05 10:13:00+00:00,5.4425
2023-06-03 21:21:00+00:00,11.76
2023-01-29 16:55:00+00:00,12.71
2023-01-05 16:09:00+00:00,9.98
2023-02-04 22:22:00+00:00,8.98
2023-02-22 04:33:00+00:00,8.715
2023-06-12 18:48:00+00:00,1.9025
2023-05-07 18:09:00+00:00,15.22
2023-05-25 00:46:00+00:00,2.43
2023-04-22 15:50:00+00:00,5.3887
2023-06-04 22:22:00+00:00,8.58
2023-01-03 14:51:00+00:00,7.2775
2023-02-16 22:15:00+00:00,8.6075
2023-01-04 15:51:00+00:00,7.96
2023-02-17 11:41:00+00:00,10.0838
2023-03-11 09:27:00+00:00,11.4612
2023-06-16 22:06:00+00:00,9.62
2023-02-12 18:48:00+00:00,9.94
2023-01-19 18:02:00+00:00,9.5725
2023-06-22 16:24:00+00:00,11.34
2023-02-04 22:56:00+00:00,4.1675
2023-01-28 03:55:00+00:00,2.0838
2023-05-05 16:00:00+00:00,9.18
2023-06-14 20:57:00+00:00,11.505
2023-01-19 18:19:00+00:00,9.4725
2023-02-06 12:39:00+00:00,7.42
2023-05-25 00:12:00+00:00,8.63
2023-05-13 12:18:00+00:00,0.615
2023-02-25 07:50:00+00:00,14.2
2023-05-15 14:10:00+00:00,2.9175
2023-06-10 04:57:00+00:00,8.225
2023-03-21 07:11:00+00:00,14.68
2023-05-07 06:35:00+00:00,10.8075
2023-06-08 02:48:00+00:00,8.4225
2023-05-04 15:43:00+00:00,7.96
2023-05-24 23:20:00+00:00,9.7788
2023-05-04 03:00:00+00:00,12.7538
2023-02-09 15:05:00+00:00,7.08
2023-04-23 16:07:00+00:00,5.64
2023-03-24 10:03:00+00:00,1.5025
2023-04-12 05:31:00+00:00,6.32
2023-03-11 21:35:00+00:00,10.0862
2023-06-24 18:07:00+00:00,1.8425
2023-01-08 19:43:00+00:00,7.24
2023-05-27 14:29:00+00:00,1.0575
2023-06-16 22:40:00+00:00,10.6575
2023-04-22 15:50:00+00:00,11.72
2023-01-14 01:53:00+00:00,12.4913
2023-02-06 12:13:00+00:00,8.145
2023-06-01 19:04:00+00:00,8.12
2023-04-15 08:23:00+00:00,2.08
2023-05-03 14:08:00+00:00,0.6775
2023-05-09 20:01:00+00:00,9.26
2023-02-26 08:59:00+00:00,6.37
2023-05-24 11:11:00+00:00,11.6037
2023-02-19 13:32:00+00:00,7.28
2023-02-03 21:21:00+00:00,11.6662
2023-06-24 18:59:00+00:00,12.4425
2023-02-04 22:56:00+00:00,9.38
2023-03-06 16:43:00+00:00,12.33
2023-02-02 20:56:00+00:00,9.215
2023-02-10 04:31:00+00:00,7.5
2023-01-09 20:26:00+00:00,11.285
2023-02-25 07:16:00+00:00,8.9187
2023-05-31 06:30:00+00:00,12.9
2023-02-08 14:31:00+00:00,10.4475
2023-02-17 11:41:00+00:00,6.1837
2023-01-08 07:18:00+00:00,13.64
2023-05-28 15:03:00+00:00,6.9088
2023-02-26 08:16:00+00:00,2.57
2023-06-02 20:38:00+00:00,14.94
2023-02-05 23:47:00+00:00,10.9688
2023-01-23 22:54:00+00:00,10.4775
2023-05-17 04:02:00+00:00,9.02
2023-01-12 11:01:00+00:00,11.5638
2023-06-28 22:25:00+00:00,10.9475
2023-04-28 21:16:00+00:00,9.04
2023-06-04 22:22:00+00:00,10.5675
2023-01-02 01:17:00+00:00,11.5512
2023-04-29 22:16:00+00:00,12.66
2023-02-10 16:48:00+00:00,2.3
2023-03-28 14:20:00+00:00,10.6575
2023-02-03 21:30:00+00:00,11.76
2023-01-14 01:44:00+00:00,10.2413
2023-02-03 21:30:00+00:00,11.6163
2023-06-18 00:24:00+00:00,8.06
2023-05-01 00:25:00+00:00,2.5
2023-01-19 06:28:00+00:00,6.8475
2023-06-06 00:56:00+00:00,7.42
2023-04-28 21:33:00+00:00,2.2962
2023-04-19 12:49:00+00:00,11.985
2023-02-17 11:06:00+00:00,14.84
2023-01-08 07:26:00+00:00,1.4087
2023-04-15 08:32:00+00:00,9.93
2023-03-06 04:52:00+00:00,13.58
2023-04-13 06:23:00+00:00,8.7775
2023-05-29 04:38:00+00:00,11.685
2023-05-29 04:21:00+00:00,8.46
2023-01-25 00:12:00+00:00,9.48
2023-05-09 08:01:00+00:00,3.91
2023-03-07 05:17:00+00:00,12.4
2023-01-01 00:08:00+00:00,3.8
2023-04-27 20:08:00+00:00,10.645
2023-03-18 04:28:00+00:00,7.02
2023-05-20 07:54:00+00:00,11.6487
2023-01-01 12:00:00+00:00,12.625
2023-05-05 16:17:00+00:00,7.18
2023-02-22 04:24:00+00:00,10.915
2023-04-07 12:48:00+00:00,10.095
2023-03-21 07:11:00+00:00,8.28
2023-06-29 11:51:00+00:00,10.6237
2023-06-28 22:34:00+00:00,4.1475
2023-02-27 09:25:00+00:00,10.64
2023-01-19 18:11:00+00:00,8.8225
2023-04-28 09:33:00+00:00,3.9213
2023-03-03 13:17:00+00:00,9.12
2023-05-31 18:12:00+00:00,3.8125
2023-06-01 19:55:00+00:00,6.92
2023-01-17 16:02:00+00:00,11.02
2023-06-14 08:40:00+00:00,8.68
2023-02-10 04:57:00+00:00,9.525
2023-01-07 18:18:00+00:00,14.02
2023-04-13 18:48:00+00:00,8.1025
2023-06-08 14:48:00+00:00,4.0975
2023-03-08 18:43:00+00:00,9.62
2023-04-13 18:31:00+00:00,3.6025
2023-03-19 17:45:00+00:00,9.0213
2023-03-15 13:44:00+00:00,8.96
2023-06-20 02:41:00+00:00,7.2625
2023-01-23 22:37:00+00:00,4.2275
2023-04-17 10:40:00+00:00,11.62
2023-01-03 14:17:00+00:00,4.0775
2023-06-11 17:48:00+00:00,8.2012
2023-04-02 19:38:00+00:00,13.32
2023-06-01 07:47:00+00:00,10.4388
2023-01-05 04:43:00+00:00,12.255
2023-01-27 14:12:00+00:00,10.42
2023-06-03 09:47:00+00:00,5.5412
2023-04-16 09:15:00+00:00,8.1312
2023-06-05 11:30:00+00:00,10.6
2023-05-06 17:26:00+00:00,2.7812
2023-02-02 20:13:00+00:00,4.165
2023-03-25 23:54:00+00:00,11.16
2023-03-31 05:12:00+00:00,7.8362
2023-04-12 05:48:00+00:00,11.0262
2023-01-11 22:10:00+00:00,10.5
2023-01-25 00:37:00+00:00,5.33
2023-01-01 00:25:00+00:00,2.1
2023-04-22 03:15:00+00:00,9.32
2023-01-17 16:45:00+00:00,11.07
2023-06-06 12:39:00+00:00,11.695
2023-04-21 02:07:00+00:00,14.9
2023-03-03 13:34:00+00:00,4.9763
2023-02-09 15:05:00+00:00,10.6988
2023-03-16 02:53:00+00:00,12.18
2023-01-10 21:27:00+00:00,3.4362
2023-06-20 02:41:00+00:00,9.0625
2023-02-18 12:49:00+00:00,11.26
2023-06-13 07:49:00+00:00,8.7788
2023-06-03 21:56:00+00:00,12.4162
2023-02-09 15:39:00+00:00,11.08
2023-05-02 01:51:00+00:00,12.0013
2023-04-07 00:48:00+00:00,8.82
2023-04-12 17:48:00+00:00,13.92
2023-01-14 13:44:00+00:00,7.4162
2023-04-11 04:05:00+00:00,12.675
2023-06-01 07:04:00+00:00,8.12
2023-02-25 07:33:00+00:00,13.8
2023-02-24 18:33:00+00:00,4.2425
2023-04-03 20:56:00+00:00,14.14
2023-03-17 15:02:00+00:00,0.9187
2023-04-15 08:32:00+00:00,3.53
2023-06-05 23:13:00+00:00,10.2
2023-04-09 14:48:00+00:00,5.8975
2023-03-29 03:12:00+00:00,10.2338
2023-05-01 00:42:00+00:00,13.1
2023-04-01 06:47:00+00:00,9.2875
2023-02-07 13:13:00+00:00,12.7963
2023-04-26 07:33:00+00:00,11.8
2023-01-04 15:34:00+00:00,3.9287
2023-03-02 00:51:00+00:00,9.55
2023-03-22 08:54:00+00:00,11.9
2023-04-27 20:33:00+00:00,7.195
2023-04-10 15:22:00+00:00,8.5488
2023-03-14 12:53:00+00:00,12.94
2023-04-25 18:50:00+00:00,10.0925
2023-03-04 14:17:00+00:00,9.7275
2023-04-07 00:56:00+00:00,12.62
2023-05-14 13:10:00+00:00,9.9663
2023-02-27 21:51:00+00:00,9.8963
2023-06-21 03:15:00+00:00,14.12
2023-01-29 04:55:00+00:00,8.135
2023-01-13 00:27:00+00:00,12.59
2023-05-02 01:34:00+00:00,15.12
2023-01-15 14:36:00+00:00,10.5175
2023-04-12 17:40:00+00:00,2.4512
2023-02-28 10:42:00+00:00,12.66
2023-04-22 15:58:00+00:00,3.3887
2023-06-01 19:38:00+00:00,3.0137
2023-03-13 23:44:00+00:00,7.72
2023-05-06 05:35:00+00:00,2.6562
2023-06-27 09:42:00+00:00,12.6212
2023-04-28 21:08:00+00:00,7.44
2023-04-14 07:57:00+00:00,12.1788
2023-03-18 04:02:00+00:00,8.345
2023-05-18 17:02:00+00:00,10.24
2023-04-15 20:23:00+00:00,12.455
2023-01-31 18:04:00+00:00,12.0125
2023-05-04 15:51:00+00:00,12.76
2023-01-14 01:53:00+00:00,12.4913
2023-01-31 18:30:00+00:00,7.8125
2023-05-08 19:35:00+00:00,5.64
2023-03-02 12:34:00+00:00,3.175
2023-05-19 18:36:00+00:00,4.4725
2023-03-27 13:20:00+00:00,14.4
2023-01-07 06:35:00+00:00,6.1075
2023-05-25 12:46:00+00:00,10.205
2023-02-12 18:06:00+00:00,13.94
2023-06-18 12:32:00+00:00,1.785
2023-06-01 19:55:00+00:00,2.8638
2023-06-03 21:13:00+00:00,9.76
2023-06-04 22:22:00+00:00,0.6175
2023-01-04 03:43:00+00:00,11.6538
2023-06-04 22:04:00+00:00,10.18
2023-03-14 12:53:00+00:00,3.515
2023-04-08 13:05:00+00:00,12.4962
2023-02-13 19:40:00+00:00,11.96
2023-03-30 16:29:00+00:00,7.46
2023-06-28 22:42:00+00:00,4.6475
2023-05-03 02:17:00+00:00,11.54
2023-01-16 15:19:00+00:00,12.4688
2023-05-12 23:27:00+00:00,4.2387
2023-04-30 23:17:00+00:00,7.08
2023-06-04 10:30:00+00:00,2.2425
2023-02-22 04:33:00+00:00,0.515
2023-04-27 08:08:00+00:00,9.82
2023-05-30 05:38:00+00:00,11.6363
2023-05-10 21:35:00+00:00,11.8362
2023-04-02 07:13:00+00:00,10.52
2023-02-13 19:23:00+00:00,4.0537
2023-03-06 16:43:00+00:00,7.48
2023-02-18 12:15:00+00:00,8.86
2023-06-06 12:30:00+00:00,10.645
2023-04-04 09:30:00+00:00,7.5912
2023-04-02 19:55:00+00:00,13.72
2023-04-10 15:14:00+00:00,7.8487
2023-03-23 21:45:00+00:00,10.8262
2023-01-31 06:12:00+00:00,12.5
2023-06-11 17:14:00+00:00,7.2512
2023-06-06 00:22:00+00:00,2.57
2023-05-24 11:46:00+00:00,12.36
2023-05-01 00:25:00+00:00,4.6
2023-03-23 21:20:00+00:00,8.6762
2023-06-02 20:56:00+00:00,12.14
2023-04-16 21:06:00+00:00,1.7063
2023-04-19 12:15:00+00:00,10.285
2023-02-13 07:49:00+00:00,7.56
2023-03-19 17:11:00+00:00,1.2212
2023-05-07 18:18:00+00:00,2.0325
2023-04-09 02:39:00+00:00,7.46
2023-06-04 22:56:00+00:00,12.8675
2023-06-23 17:07:00+00:00,12.8912
2023-01-08 07:52:00+00:00,12.84
2023-02-18 12:24:00+00:00,9.635
2023-03-25 23:20:00+00:00,10.0787
2023-04-18 23:58:00+00:00,13.24
2023-05-15 14:02:00+00:00,6.6175
2023-05-25 12:46:00+00:00,6.38
2023-06-29 23:08:00+00:00,11.08
2023-01-31 06:47:00+00:00,2.5875
2023-02-12 18:48:00+00:00,0.5025
2023-04-07 00:48:00+00:00,6.62
2023-03-29 15:12:00+00:00,6.9088
2023-01-04 15:17:00+00:00,2.8788
2023-03-04 02:08:00+00:00,12.34
2023-01-12 23:27:00+00:00,11.4388
2023-03-10 08:44:00+00:00,5.51
2023-03-01 11:25:00+00:00,12.68
2023-02-23 05:24:00+00:00,6.2162
2023-06-23 17:33:00+00:00,3.5412
2023-01-26 01:29:00+00:00,8.8
2023-02-16 22:32:00+00:00,7.5575
2023-04-19 12:06:00+00:00,5.735
2023-05-25 00:37:00+00:00,15.18
2023-04-21 14:32:00+00:00,2.1875
2023-04-07 12:56:00+00:00,7.845
2023-05-15 02:44:00+00:00,13.38
2023-03-29 03:21:00+00:00,2.0838
2023-02-05 11:47:00+00:00,6.5438
2023-03-24 22:37:00+00:00,13.54
2023-01-03 02:51:00+00:00,1.4025
2023-04-21 02:07:00+00:00,12.9625
2023-01-15 02:02:00+00:00,11.78
2023-01-08 19:09:00+00:00,2.1338
2023-05-01 00:25:00+00:00,1.95
2023-06-14 20:32:00+00:00,14.38
2023-02-05 11:56:00+00:00,8.2937
2023-03-12 10:52:00+00:00,10.2625
2023-01-22 21:20:00+00:00,8.32
2023-01-01 12:42:00+00:00,3.275
2023-04-04 09:56:00+00:00,4.7412
2023-04-05 22:47:00+00:00,8.98
2023-01-28 03:29:00+00:00,8.6337
2023-01-08 07:18:00+00:00,9.3087
2023-03-10 08:01:00+00:00,8.46
2023-03-03 01:00:00+00:00,6.3513
2023-03-29 15:38:00+00:00,12.0587
2023-02-10 04:05:00+00:00,10.7
2023-01-14 01:27:00+00:00,3.3912
2023-01-31 06:47:00+00:00,9.0875
2023-05-16 15:19:00+00:00,9.8
2023-03-10 08:52:00+00:00,2.51
2023-02-01 19:13:00+00:00,1.4137
2023-04-18 11:58:00+00:00,13.64
2023-06-17 11:32:00+00:00,9.5337
2023-01-21 20:20:00+00:00,10.475
2023-05-05 04:09:00+00:00,11.98
2023-05-20 07:45:00+00:00,14.28
2023-05-31 18:47:00+00:00,1.2125
2023-06-15 21:32:00+00:00,11.2
2023-06-01 07:30:00+00:00,8.3388
2023-03-19 17:02:00+00:00,3.1212
2023-05-28 03:55:00+00:00,5.64
2023-04-25 06:50:00+00:00,0.9675
2023-01-05 04:52:00+00:00,10.205
2023-01-16 03:27:00+00:00,11.0
2023-06-22 16:33:00+00:00,1.04
2023-06-14 08:14:00+00:00,3.38
2023-03-04 14:17:00+00:00,5.54
2023-03-02 12:00:00+00:00,12.175
2023-04-22 15:58:00+00:00,1.4888
2023-04-17 10:40:00+00:00,13.62
2023-02-10 16:14:00+00:00,1.45
2023-04-21 02:07:00+00:00,7.2625
2023-04-13 06:06:00+00:00,8.34
2023-03-19 17:36:00+00:00,2.0213
2023-06-16 22:06:00+00:00,5.8575
2023-05-25 00:46:00+00:00,7.98
2023-01-27 02:46:00+00:00,5.4825
2023-01-06 05:17:00+00:00,6.7562
2023-01-18 17:19:00+00:00,15.04
2023-04-13 06:48:00+00:00,8.3775
2023-05-28 15:03:00+00:00,7.8087
2023-04-09 02:22:00+00:00,13.86
2023-04-04 21:39:00+00:00,4.5163
2023-03-07 05:35:00+00:00,1.3062
2023-01-16 15:53:00+00:00,7.0
2023-03-11 21:27:00+00:00,1.9863
2023-02-24 18:07:00+00:00,8.8925
2023-04-18 23:49:00+00:00,10.84
2023-03-31 17:47:00+00:00,12.1613
2023-01-06 05:17:00+00:00,9.3562
2023-03-06 04:09:00+00:00,9.58
2023-06-03 09:30:00+00:00,5.1913
2023-04-08 01:56:00+00:00,9.2713
2023-04-07 00:13:00+00:00,9.82
2023-02-19 01:49:00+00:00,3.2113
2023-05-19 18:19:00+00:00,0.9725
2023-03-17 15:10:00+00:00,13.4
2023-04-30 23:34:00+00:00,8.3487
2023-05-28 03:38:00+00:00,9.1337
2023-04-28 09:42:00+00:00,7.84
2023-04-23 16:41:00+00:00,9.69
2023-05-10 09:27:00+00:00,6.6113
2023-03-05 03:00:00+00:00,10.36
2023-02-15 09:23:00+00:00,6.9313
2023-05-19 18:54:00+00:00,11.3725
2023-01-17 16:28:00+00:00,9.82
2023-06-06 00:05:00+00:00,4.02
2023-06-23 05:50:00+00:00,2.7163
2023-04-09 02:05:00+00:00,9.06
2023-06-17 23:41:00+00:00,4.4588
2023-03-19 17:11:00+00:00,8.2713
2023-05-21 20:28:00+00:00,5.5
2023-02-07 01:48:00+00:00,1.2712
2023-01-20 07:28:00+00:00,2.4988
2023-05-12 23:18:00+00:00,7.32
2023-02-16 10:32:00+00:00,2.6325
2023-06-06 12:05:00+00:00,10.345
2023-02-11 05:31:00+00:00,6.72
2023-02-15 21:49:00+00:00,10.7063
2023-05-14 13:19:00+00:00,11.8163
2023-01-17 04:45:00+00:00,9.42
2023-04-13 06:40:00+00:00,10.4275
2023-03-10 08:09:00+00:00,6.36
2023-01-08 19:52:00+00:00,12.84
2023-01-16 15:02:00+00:00,7.0187
2023-03-05 15:17:00+00:00,9.6788
2023-01-22 09:03:00+00:00,14.32
2023-04-07 12:13:00+00:00,8.595
2023-06-07 13:39:00+00:00,5.7462
2023-04-07 12:05:00+00:00,13.02
2023-01-28 15:03:00+00:00,12.2587
2023-01-02 13:00:00+00:00,8.2263
2023-04-02 07:30:00+00:00,13.32
2023-04-16 21:57:00+00:00,9.9062
2023-03-25 11:46:00+00:00,12.5038
2023-03-24 10:11:00+00:00,14.34
2023-01-31 06:38:00+00:00,4.4375
2023-06-11 05:14:00+00:00,10.9262
2023-04-01 06:55:00+00:00,10.5
2023-06-20 02:58:00+00:00,11.1625
2023-01-09 20:52:00+00:00,10.185
2023-01-03 14:51:00+00:00,13.94
2023-03-10 08:09:00+00:00,8.11
2023-04-06 11:22:00+00:00,11.9938
2023-06-15 21:32:00+00:00,8.8
2023-06-14 08:40:00+00:00,1.38
2023-03-15 01:19:00+00:00,8.6412
2023-01-18 05:36:00+00:00,13.04
2023-02-13 07:31:00+00:00,5.0287
2023-01-17 04:53:00+00:00,5.295
2023-06-16 10:15:00+00:00,13.62
2023-02-28 10:25:00+00:00,11.3225
2023-01-28 03:29:00+00:00,10.4337
2023-01-17 16:36:00+00:00,12.22
2023-01-09 20:09:00+00:00,9.385
2023-06-20 14:07:00+00:00,12.9
2023-01-07 18:26:00+00:00,6.82
2023-04-20 13:24:00+00:00,0.6362
2023-05-04 15:00:00+00:00,3.2287
2023-05-24 23:29:00+00:00,7.96
2023-05-23 22:03:00+00:00,11.6775
2023-04-17 10:58:00+00:00,5.1825
2023-04-20 13:41:00+00:00,13.28
2023-06-25 19:07:00+00:00,0.9437
2023-03-26 00:20:00+00:00,7.23
2023-01-09 20:09:00+00:00,6.06
2023-05-11 10:10:00+00:00,6.4625
2023-01-22 21:11:00+00:00,4.2263
2023-04-01 06:12:00+00:00,6.5
2023-04-15 20:23:00+00:00,1.805
2023-05-14 01:36:00+00:00,12.5412
2023-05-16 03:19:00+00:00,9.0
2023-06-13 19:40:00+00:00,3.2037
2023-04-27 08:08:00+00:00,6.02
2023-01-05 04:17:00+00:00,12.38
2023-06-19 13:32:00+00:00,1.2363
2023-02-04 22:22:00+00:00,4.0675
2023-05-22 21:37:00+00:00,11.52
2023-04-17 22:49:00+00:00,2.0075
2023-06-09 03:39:00+00:00,3.2738
2023-05-17 16:02:00+00:00,14.62
2023-06-21 15:15:00+00:00,10.8887
2023-03-15 01:53:00+00:00,7.2412
2023-03-20 18:11:00+00:00,9.46
2023-02-02 20:30:00+00:00,10.615
2023-06-19 13:49:00+00:00,9.9362
2023-01-20 19:28:00+00:00,11.08
2023-05-01 00:51:00+00:00,7.1
2023-03-01 11:08:00+00:00,5.7737
2023-05-09 08:44:00+00:00,8.46
2023-06-13 07:23:00+00:00,0.9287
2023-01-16 03:02:00+00:00,6.4437
2023-05-27 14:03:00+00:00,15.22
2023-01-24 11:29:00+00:00,7.9538
2023-05-24 11:20:00+00:00,6.2538
2023-05-30 05:47:00+00:00,8.48
2023-04-23 16:41:00+00:00,6.04
2023-01-18 17:28:00+00:00,1.8213
2023-05-19 18:45:00+00:00,8.66
2023-01-20 19:11:00+00:00,2.7237
2023-06-29 23:42:00+00:00,8.8987
2023-04-06 11:56:00+00:00,11.0
2023-04-08 13:13:00+00:00,7.5462
2023-01-02 13:34:00+00:00,4.7763
2023-02-21 15:58:00+00:00,6.12
2023-03-21 19:02:00+00:00,9.08
2023-03-03 01:25:00+00:00,3.9512
2023-04-06 23:30:00+00:00,8.2
2023-02-01 07:21:00+00:00,5.3388
2023-04-21 14:32:00+00:00,11.6375
2023-05-16 15:53:00+00:00,6.2
2023-03-25 23:54:00+00:00,9.1288
2023-06-19 13:15:00+00:00,11.5363
2023-06-06 12:22:00+00:00,14.62
2023-06-20 14:24:00+00:00,5.8875
2023-04-18 23:23:00+00:00,5.2088
2023-01-02 13:51:00+00:00,7.12
2023-06-24 06:07:00+00:00,1.0175
2023-04-24 05:16:00+00:00,7.6662
2023-04-10 03:05:00+00:00,11.08
2023-01-25 00:12:00+00:00,9.63
2023-01-04 03:43:00+00:00,5.9538
2023-05-31 18:55:00+00:00,12.5
2023-06-08 02:31:00+00:00,4.7225
2023-06-29 11:25:00+00:00,6.7737
2023-04-21 02:24:00+00:00,6.9
2023-03-09 07:18:00+00:00,10.7587
2023-06-07 13:22:00+00:00,8.9962
2023-02-11 17:05:00+00:00,10.72
2023-02-05 23:47:00+00:00,6.2687
2023-06-17 23:23:00+00:00,5.0587
2023-06-09 15:48:00+00:00,12.68
2023-04-18 23:32:00+00:00,11.3087
2023-03-18 04:36:00+00:00,0.995
2023-02-13 19:23:00+00:00,13.16
2023-04-06 11:13:00+00:00,6.4437
2023-05-26 13:03:00+00:00,5.4062
2023-02-12 18:31:00+00:00,6.34
2023-01-27 14:12:00+00:00,8.4575
2023-02-28 10:08:00+00:00,0.6225
2023-04-25 06:33:00+00:00,10.98
2023-03-06 04:52:00+00:00,6.755
2023-04-30 23:42:00+00:00,0.7488
2023-01-26 01:46:00+00:00,9.2
2023-03-12 10:18:00+00:00,7.7125
2023-01-07 18:35:00+00:00,7.9825
2023-02-09 15:22:00+00:00,8.68
2023-03-15 01:44:00+00:00,3.9912
2023-03-16 14:19:00+00:00,8.9175
2023-03-21 19:28:00+00:00,7.48
2023-01-30 05:12:00+00:00,9.8362
2023-06-11 05:57:00+00:00,3.0263
2023-02-02 20:38:00+00:00,12.94
2023-02-07 01:22:00+00:00,11.5213
2023-06-15 21:15:00+00:00,6.8563
2023-03-28 02:38:00+00:00,13.62
2023-04-09 02:05:00+00:00,9.5725
2023-04-26 19:50:00+00:00,5.3937
2023-04-08 01:56:00+00:00,11.84
2023-01-18 05:53:00+00:00,11.5962
2023-05-15 02:36:00+00:00,6.0425
2023-05-27 14:29:00+00:00,11.62
2023-01-07 06:00:00+00:00,10.5075
2023-04-28 09:42:00+00:00,12.7713
2023-01-09 20:18:00+00:00,6.46
2023-03-18 16:19:00+00:00,8.92
2023-06-21 15:15:00+00:00,3.8388
2023-03-03 13:43:00+00:00,12.32
2023-04-25 06:59:00+00:00,0.9675
2023-02-24 06:59:00+00:00,8.7675
2023-05-24 23:29:00+00:00,9.96
2023-04-27 08:42:00+00:00,4.82
2023-05-18 05:45:00+00:00,3.3462
2023-04-22 03:41:00+00:00,15.32
2023-03-18 04:19:00+00:00,5.845
2023-03-07 17:35:00+00:00,11.4812
2023-03-20 06:28:00+00:00,11.86
2023-06-03 09:47:00+00:00,12.2912
2023-05-24 23:03:00+00:00,1.9287
2023-05-22 21:11:00+00:00,12.32
2023-05-07 18:00:00+00:00,7.5825
2023-06-27 09:33:00+00:00,10.2212
2023-05-22 09:11:00+00:00,13.12
2023-05-20 19:28:00+00:00,12.3737
2023-04-14 19:14:00+00:00,5.4538
2023-01-29 16:21:00+00:00,11.66
2023-03-27 01:29:00+00:00,2.6812
2023-02-16 10:32:00+00:00,9.8325
2023-03-13 23:53:00+00:00,13.32
2023-04-16 21:49:00+00:00,2.2062
2023-04-22 15:33:00+00:00,12.4388
2023-03-18 16:53:00+00:00,7.42
2023-03-30 16:55:00+00:00,10.16
2023-06-02 20:30:00+00:00,8.115
2023-01-30 05:04:00+00:00,10.08
2023-03-20 06:19:00+00:00,1.6475
2023-02-02 20:56:00+00:00,6.765
2023-03-05 03:00:00+00:00,14.76
2023-03-21 19:02:00+00:00,2.9238
2023-03-01 23:59:00+00:00,7.7988
2023-06-08 14:22:00+00:00,15.46
2023-03-07 05:09:00+00:00,3.3563
2023-01-23 22:46:00+00:00,3.2275
2023-04-07 12:05:00+00:00,7.82
2023-03-21 07:19:00+00:00,7.3987
2023-02-28 10:25:00+00:00,10.66
2023-03-12 10:10:00+00:00,12.5
2023-03-26 12:20:00+00:00,4.055
2023-01-23 10:28:00+00:00,4.3025
2023-02-02 20:21:00+00:00,5.74
2023-05-20 07:19:00+00:00,10.3987
2023-05-10 09:18:00+00:00,2.7113
2023-03-18 04:53:00+00:00,8.22
2023-04-26 19:16:00+00:00,4.9437
2023-05-08 07:26:00+00:00,2.0088
2023-01-25 12:29:00+00:00,7.18
2023-05-26 13:03:00+00:00,6.6063
2023-05-04 03:09:00+00:00,4.1037
2023-05-20 19:28:00+00:00,11.88
2023-04-17 10:58:00+00:00,0.8825
2023-06-03 21:13:00+00:00,9.8163
2023-06-04 22:04:00+00:00,6.98
2023-04-14 19:57:00+00:00,5.9037
2023-01-09 20:26:00+00:00,0.785
2023-04-10 15:31:00+00:00,11.88
2023-05-29 16:55:00+00:00,9.26
2023-01-16 15:10:00+00:00,10.4688
2023-02-04 22:04:00+00:00,8.58
2023-05-03 02:17:00+00:00,9.0025
2023-03-09 07:09:00+00:00,10.0587
2023-06-24 06:16:00+00:00,14.18
2023-02-11 17:14:00+00:00,0.6013
2023-03-12 22:18:00+00:00,5.6375
2023-06-14 20:06:00+00:00,15.18
2023-01-17 16:36:00+00:00,5.22
2023-03-01 11:25:00+00:00,3.8237
2023-05-03 02:08:00+00:00,13.14
2023-04-05 22:22:00+00:00,2.2175
2023-05-19 18:02:00+00:00,12.0725
2023-06-08 02:48:00+00:00,11.86
2023-06-08 14:56:00+00:00,1.7475
2023-03-07 17:35:00+00:00,2.7812
2023-03-08 18:35:00+00:00,9.62
2023-02-06 00:30:00+00:00,1.92
2023-05-24 11:37:00+00:00,10.7538
2023-05-09 08:52:00+00:00,8.86
2023-02-04 22:22:00+00:00,4.6175
2023-03-16 02:19:00+00:00,9.9925
2023-04-23 16:16:00+00:00,11.34
2023-03-22 20:20:00+00:00,0.575
2023-01-11 10:18:00+00:00,4.4625
2023-02-11 17:05:00+00:00,14.72
2023-06-26 08:59:00+00:00,6.57
2023-04-08 01:31:00+00:00,1.4213
2023-03-06 04:52:00+00:00,10.38
2023-01-21 08:54:00+00:00,10.3
2023-02-11 05:05:00+00:00,4.9262
2023-01-13 00:36:00+00:00,11.74
2023-04-18 23:23:00+00:00,8.9588
2023-02-08 14:14:00+00:00,7.3975
2023-01-18 17:53:00+00:00,13.44
2023-03-23 21:03:00+00:00,9.3763
2023-06-07 01:48:00+00:00,7.7713
2023-03-11 09:52:00+00:00,10.48
2023-01-02 01:25:00+00:00,3.3512
2023-06-15 21:23:00+00:00,6.6063
2023-03-28 02:38:00+00:00,10.02
2023-01-20 19:11:00+00:00,5.3238
2023-02-17 11:58:00+00:00,1.9338
2023-01-08 19:18:00+00:00,15.24
2023-06-19 13:32:00+00:00,1.4863
2023-01-23 10:03:00+00:00,2.2525
2023-06-29 23:59:00+00:00,12.68
2023-03-06 04:43:00+00:00,7.405
2023-06-02 08:47:00+00:00,8.24
2023-01-19 18:54:00+00:00,7.46
2023-01-28 15:03:00+00:00,10.3588
2023-03-17 03:45:00+00:00,2.4438
2023-06-06 00:48:00+00:00,13.82
2023-02-28 10:34:00+00:00,3.5725
2023-06-27 21:25:00+00:00,12.9462
2023-05-14 13:10:00+00:00,10.56
2023-04-02 07:04:00+00:00,9.2888
2023-04-06 23:39:00+00:00,4.1688
2023-02-06 12:05:00+00:00,7.42
2023-03-28 14:20:00+00:00,0.7575
2023-02-22 04:16:00+00:00,7.265
2023-02-07 13:39:00+00:00,9.44
2023-04-08 01:05:00+00:00,6.3213
2023-01-14 01:27:00+00:00,5.9912
2023-04-03 08:30:00+00:00,14.94
2023-04-04 09:21:00+00:00,1.1412
2023-03-15 13:44:00+00:00,3.3662
2023-04-16 09:23:00+00:00,13.2
2023-02-24 06:59:00+00:00,1.9175
2023-03-07 05:26:00+00:00,1.3562
2023-01-21 20:28:00+00:00,7.9
2023-04-03 20:21:00+00:00,10.665
2023-03-03 01:00:00+00:00,2.1013
2023-03-22 20:37:00+00:00,9.9
2023-04-03 08:47:00+00:00,12.69
2023-05-04 15:26:00+00:00,3.4787
2023-01-13 12:36:00+00:00,6.54
2023-02-01 07:47:00+00:00,8.2888
2023-01-10 09:18:00+00:00,10.0113
2023-06-27 21:42:00+00:00,8.64
2023-03-26 00:54:00+00:00,6.03
2023-02-15 21:40:00+00:00,3.9062
2023-04-24 05:33:00+00:00,12.56
2023-01-23 22:03:00+00:00,12.4275
2023-01-10 21:01:00+00:00,6.4863
2023-02-25 19:16:00+00:00,13.4
2023-02-11 05:05:00+00:00,10.6263
2023-02-20 14:32:00+00:00,10.8375
2023-01-14 01:44:00+00:00,14.96
2023-05-05 04:34:00+00:00,11.355
2023-02-15 21:23:00+00:00,1.7563
2023-04-02 07:55:00+00:00,6.92
2023-05-25 00:46:00+00:00,5.18
2023-05-09 20:26:00+00:00,5.035
2023-05-09 08:44:00+00:00,14.86
2023-06-06 00:30:00+00:00,10.57
2023-02-14 08:32:00+00:00,8.53
2023-04-29 10:34:00+00:00,5.86
2023-02-22 04:41:00+00:00,5.065
2023-04-14 07:06:00+00:00,4.4787
2023-04-30 11:25:00+00:00,13.88
2023-03-02 00:00:00+00:00,12.4
2023-05-19 06:45:00+00:00,6.2475
2023-05-03 14:26:00+00:00,10.34
2023-02-22 04:24:00+00:00,1.115
2023-02-25 07:42:00+00:00,5.2188
2023-03-17 03:53:00+00:00,8.6
2023-03-12 10:18:00+00:00,7.4625
2023-06-10 04:40:00+00:00,6.575
2023-05-23 22:28:00+00:00,5.54
2023-01-02 13:34:00+00:00,8.1762
2023-02-28 22:16:00+00:00,12.6975
2023-02-10 04:14:00+00:00,9.9
2023-01-22 21:37:00+00:00,8.3762
2023-04-07 00:39:00+00:00,12.32
2023-02-01 07:04:00+00:00,7.32
2023-04-16 21:57:00+00:00,9.1562
2023-04-27 20:59:00+00:00,3.495
2023-04-17 10:58:00+00:00,10.02
2023-05-07 18:52:00+00:00,5.4325
2023-01-24 11:29:00+00:00,7.7538
2023-01-28 03:12:00+00:00,6.44
2023-05-15 14:53:00+00:00,4.9675
2023-05-26 13:20:00+00:00,12.8562
2023-05-28 15:12:00+00:00,11.64
2023-01-04 03:34:00+00:00,9.3038
2023-02-22 04:16:00+00:00,1.215
2023-05-12 11:27:00+00:00,6.52
2023-03-08 18:18:00+00:00,8.0325
2023-06-28 22:25:00+00:00,13.06
2023-01-09 08:52:00+00:00,14.86
2023-04-14 07:57:00+00:00,12.8287
2023-05-23 10:11:00+00:00,10.0525
2023-03-24 22:20:00+00:00,11.94
2023-06-12 06:40:00+00:00,1.9275
2023-06-04 10:30:00+00:00,8.0425
2023-05-12 11:53:00+00:00,9.72
2023-01-13 12:27:00+00:00,10.165
2023-05-08 07:01:00+00:00,2.3087
2023-02-28 10:08:00+00:00,12.66
2023-03-27 13:03:00+00:00,1.1062
2023-01-08 19:43:00+00:00,10.3338
2023-06-22 04:33:00+00:00,12.54
2023-03-14 00:27:00+00:00,1.24
2023-03-12 10:18:00+00:00,5.1125
2023-04-16 21:15:00+00:00,10.0
2023-01-11 22:18:00+00:00,2.3875
2023-02-28 22:25:00+00:00,10.3975
2023-02-23 17:50:00+00:00,7.76
2023-01-07 18:26:00+00:00,12.9325
2023-04-23 04:24:00+00:00,2.415
2023-04-24 17:33:00+00:00,11.36
2023-04-01 06:47:00+00:00,10.5875
2023-02-28 22:51:00+00:00,11.7975
2023-03-06 16:26:00+00:00,5.98
2023-02-12 06:31:00+00:00,2.5775
2023-05-12 23:27:00+00:00,6.4387
2023-02-16 22:15:00+00:00,14.42
2023-06-18 00:41:00+00:00,10.21
2023-05-03 02:00:00+00:00,5.0025
2023-03-14 12:27:00+00:00,7.74
2023-06-18 00:15:00+00:00,2.81
2023-05-23 22:11:00+00:00,1.9775
2023-02-02 20:13:00+00:00,11.74
2023-02-09 15:39:00+00:00,5.0488
2023-01-29 16:55:00+00:00,6.51
2023-03-08 06:35:00+00:00,10.82
2023-05-08 19:43:00+00:00,9.2837
2023-05-02 01:34:00+00:00,11.3012
2023-04-16 09:40:00+00:00,14.4
2023-01-08 07:43:00+00:00,9.2088
2023-03-08 18:09:00+00:00,10.4825
2023-04-28 09:42:00+00:00,12.64
2023-02-17 23:49:00+00:00,12.8588
2023-04-24 05:59:00+00:00,8.0663
2023-06-27 09:42:00+00:00,15.04
2023-05-10 09:01:00+00:00,9.2112
2023-06-15 09:40:00+00:00,12.9812
2023-03-10 08:01:00+00:00,6.06
2023-03-13 23:27:00+00:00,10.12
2023-06-12 18:40:00+00:00,12.3525
2023-02-17 11:32:00+00:00,14.84
2023-05-07 18:26:00+00:00,8.6325
2023-04-27 20:59:00+00:00,4.845
2023-05-26 13:12:00+00:00,8.8
2023-01-08 07:26:00+00:00,6.1087
2023-06-24 06:59:00+00:00,8.2175
2023-01-13 00:01:00+00:00,13.74
2023-05-14 13:44:00+00:00,6.9662
2023-05-26 01:37:00+00:00,10.3313
2023-04-19 00:06:00+00:00,5.66
2023-05-03 14:51:00+00:00,1.1275
2023-05-19 18:36:00+00:00,4.5225
2023-06-23 05:33:00+00:00,14.16
2023-06-27 21:51:00+00:00,1.7962
2023-03-16 02:36:00+00:00,4.6425
2023-05-10 09:44:00+00:00,12.08
2023-05-12 23:53:00+00:00,10.0388
2023-03-20 06:54:00+00:00,5.1975
2023-04-01 06:04:00+00:00,11.7
2023-06-15 09:32:00+00:00,1.5813
2023-04-01 18:47:00+00:00,3.8625
2023-04-23 16:50:00+00:00,8.14
2023-01-06 05:09:00+00:00,2.6562
2023-06-29 23:25:00+00:00,11.3488
2023-02-10 04:05:00+00:00,11.5
2023-02-10 16:22:00+00:00,4.7
2023-06-07 13:22:00+00:00,1.3962
2023-04-30 11:59:00+00:00,13.08
2023-05-17 16:28:00+00:00,6.67
2023-01-06 05:26:00+00:00,11.9062
2023-02-24 06:24:00+00:00,11.78
2023-05-20 19:02:00+00:00,4.1237
2023-05-07 18:26:00+00:00,12.2325
2023-03-07 17:00:00+00:00,6.4
2023-06-14 08:57:00+00:00,2.73
2023-02-08 02:14:00+00:00,0.8225
2023-02-27 09:25:00+00:00,10.64
2023-03-04 14:17:00+00:00,5.3275
2023-06-09 15:57:00+00:00,2.8988
2023-01-08 07:09:00+00:00,8.44
2023-01-31 18:21:00+00:00,7.6125
2023-03-29 15:12:00+00:00,4.1587
2023-04-12 17:57:00+00:00,6.72
2023-04-26 19:42:00+00:00,5.1437
2023-03-08 06:26:00+00:00,1.0075
2023-01-30 05:12:00+00:00,10.08
2023-03-03 01:17:00+00:00,12.8513
2023-04-10 15:05:00+00:00,12.7988
2023-02-02 20:04:00+00:00,6.14
2023-06-04 22:22:00+00:00,3.3675
2023-03-26 00:12:00+00:00,9.18
2023-05-14 01:01:00+00:00,8.16
2023-05-30 05:47:00+00:00,3.4863
2023-03-19 05:53:00+00:00,1.6963
2023-04-10 15:39:00+00:00,11.48
2023-06-17 23:58:00+00:00,10.5587
2023-06-18 12:15:00+00:00,7.085
2023-03-26 00:46:00+00:00,9.98
2023-01-30 05:38:00+00:00,10.2363
2023-06-22 16:58:00+00:00,12.19
2023-06-18 12:06:00+00:00,14.06
2023-02-21 15:24:00+00:00,8.0388
2023-04-09 14:39:00+00:00,12.9475
2023-06-01 07:38:00+00:00,8.52
2023-03-04 02:51:00+00:00,2.2025
2023-03-29 03:46:00+00:00,10.2837
2023-01-18 17:11:00+00:00,14.24
2023-02-14 20:57:00+00:00,4.805
2023-05-29 04:38:00+00:00,11.585
2023-04-18 23:58:00+00:00,12.84
2023-02-01 07:21:00+00:00,2.0888
2023-06-29 11:25:00+00:00,11.5738
2023-02-12 06:06:00+00:00,7.14
2023-03-15 13:53:00+00:00,8.0663
2023-02-28 10:25:00+00:00,1.7225
2023-02-02 08:13:00+00:00,8.14
2023-05-11 10:52:00+00:00,0.5625
2023-06-01 19:47:00+00:00,11.6137
2023-06-04 10:39:00+00:00,8.18
2023-04-04 21:39:00+00:00,5.3662
2023-04-22 03:41:00+00:00,8.1638
2023-03-10 20:01:00+00:00,7.26
2023-02-26 20:50:00+00:00,8.095
2023-04-23 04:16:00+00:00,6.915
2023-02-11 17:57:00+00:00,11.92
2023-03-02 12:51:00+00:00,6.225
2023-06-22 16:24:00+00:00,4.29
2023-02-17 23:06:00+00:00,12.44
2023-02-15 21:23:00+00:00,11.7063
2023-06-12 18:23:00+00:00,0.5025
2023-06-01 19:13:00+00:00,12.52
2023-04-04 21:39:00+00:00,8.8663
2023-04-22 03:58:00+00:00,4.0638
2023-05-09 08:26:00+00:00,12.86
2023-05-18 05:53:00+00:00,7.5963
2023-01-14 01:19:00+00:00,6.2412
2023-04-30 23:08:00+00:00,15.08
2023-01-06 05:09:00+00:00,10.5563
2023-05-16 15:02:00+00:00,13.4
2023-01-29 04:29:00+00:00,13.66
2023-05-29 16:04:00+00:00,7.01
2023-06-23 05:24:00+00:00,7.1662
2023-03-11 21:35:00+00:00,10.48
2023-05-15 14:02:00+00:00,0.8175
2023-03-06 16:17:00+00:00,1.18
2023-02-02 08:30:00+00:00,12.14
2023-06-07 01:48:00+00:00,10.0213
2023-02-19 13:49:00+00:00,3.3363
2023-05-07 06:09:00+00:00,5.62
2023-03-04 02:00:00+00:00,5.2525
2023-01-04 03:09:00+00:00,9.3038
2023-01-17 16:19:00+00:00,13.42
2023-04-16 21:57:00+00:00,2.9062
2023-01-02 01:43:00+00:00,8.8012
2023-05-06 17:17:00+00:00,6.4
2023-02-18 00:58:00+00:00,9.61
2023-02-02 08:21:00+00:00,1.69
2023-02-28 22:42:00+00:00,9.06
2023-04-26 19:33:00+00:00,10.1937
2023-01-15 14:44:00+00:00,11.3675
2023-03-03 01:08:00+00:00,14.72
2023-03-15 01:36:00+00:00,0.6412
2023-04-12 17:31:00+00:00,1.1513
2023-02-21 15:33:00+00:00,9.32
2023-02-11 05:14:00+00:00,7.1262
2023-05-11 10:52:00+00:00,12.3125
2023-05-02 13:25:00+00:00,13.12
2023-03-05 03:51:00+00:00,6.1037
2023-03-13 23:10:00+00:00,5.5388
2023-06-04 22:30:00+00:00,11.78
2023-01-27 02:20:00+00:00,9.7825
2023-05-27 14:03:00+00:00,9.1575
2023-06-23 05:50:00+00:00,10.56
2023-05-30 05:12:00+00:00,9.6363
2023-03-11 09:52:00+00:00,1.8613
2023-01-19 18:02:00+00:00,8.66
2023-01-29 16:46:00+00:00,12.06
2023-03-25 23:11:00+00:00,9.7287
2023-02-23 17:41:00+00:00,14.16
2023-03-02 12:34:00+00:00,3.625
2023-02-21 15:58:00+00:00,3.8388
2023-02-01 07:13:00+00:00,5.72
2023-01-16 15:36:00+00:00,3.6187
2023-06-16 22:49:00+00:00,5.4075
2023-06-05 23:30:00+00:00,13.8
2023-02-14 08:32:00+00:00,3.88
2023-01-02 01:25:00+00:00,3.6513
2023-02-16 22:40:00+00:00,13.62
2023-04-23 16:24:00+00:00,13.34
2023-02-02 20:04:00+00:00,4.865
2023-03-15 01:53:00+00:00,12.16
2023-04-19 12:49:00+00:00,2.385
2023-03-06 16:43:00+00:00,11.38
2023-01-09 20:26:00+00:00,10.86
2023-06-05 23:22:00+00:00,9.3688
2023-03-19 05:45:00+00:00,7.1463
2023-05-05 16:26:00+00:00,5.98
2023-04-16 21:23:00+00:00,7.5062
2023-03-03 13:34:00+00:00,2.5263
2023-05-08 19:26:00+00:00,8.84
2023-02-20 02:41:00+00:00,8.4625
2023-05-02 01:17:00+00:00,11.4512
2023-04-08 01:39:00+00:00,9.84
2023-01-23 10:37:00+00:00,4.5525
2023-04-06 11:05:00+00:00,3.2437
2023-05-24 23:46:00+00:00,8.36
2023-03-13 11:10:00+00:00,8.6137
2023-05-29 04:04:00+00:00,4.135
2023-03-06 16:52:00+00:00,12.78
2023-03-10 20:52:00+00:00,2.985
2023-01-22 09:03:00+00:00,10.0512
2023-04-17 10:40:00+00:00,6.42
2023-05-09 08:44:00+00:00,3.96
2023-05-27 14:46:00+00:00,4.5575
2023-02-10 16:31:00+00:00,5.9
2023-04-02 19:38:00+00:00,3.6138
2023-06-22 16:33:00+00:00,8.89
2023-02-19 01:49:00+00:00,11.28
2023-01-02 13:00:00+00:00,2.1262
2023-01-13 00:27:00+00:00,7.49
2023-04-04 21:39:00+00:00,10.56
2023-05-01 12:51:00+00:00,2.475
2023-02-20 02:50:00+00:00,10.0625
2023-04-11 04:48:00+00:00,8.7
2023-03-11 21:44:00+00:00,11.3863
2023-05-27 14:12:00+00:00,4.1575
2023-04-20 13:15:00+00:00,11.68
2023-01-27 02:12:00+00:00,2.9825
2023-01-20 19:19:00+00:00,5.6238
2023-04-17 10:58:00+00:00,9.22
2023-06-23 05:24:00+00:00,2.4162
2023-02-18 12:06:00+00:00,7.335
2023-06-27 21:25:00+00:00,12.24
2023-01-03 02:26:00+00:00,5.2525
2023-03-06 16:26:00+00:00,6.63
2023-03-07 17:26:00+00:00,11.6
2023-02-04 22:04:00+00:00,11.4175
2023-05-31 18:38:00+00:00,9.8625
2023-05-27 02:55:00+00:00,14.02
2023-01-13 12:36:00+00:00,12.665
2023-06-08 02:56:00+00:00,6.9725
2023-05-08 07:43:00+00:00,11.24
2023-04-18 23:15:00+00:00,4.1088
2023-06-24 06:07:00+00:00,6.6675
2023-04-18 23:41:00+00:00,8.84
2023-03-14 00:27:00+00:00,7.59
2023-02-05 23:47:00+00:00,5.9688
2023-01-29 04:04:00+00:00,8.86
2023-05-27 02:46:00+00:00,10.4325
2023-06-05 23:56:00+00:00,10.1687
2023-05-10 21:52:00+00:00,12.08
2023-03-12 10:35:00+00:00,4.2125
2023-05-14 01:01:00+00:00,1.6413
2023-05-09 08:52:00+00:00,13.66
2023-03-14 00:18:00+00:00,9.99
2023-06-21 03:41:00+00:00,7.1638
2023-02-21 03:50:00+00:00,8.12
2023-06-07 13:39:00+00:00,2.6463
2023-04-05 22:13:00+00:00,8.8175
2023-02-01 19:47:00+00:00,9.72
2023-01-21 20:45:00+00:00,9.075
2023-05-02 13:51:00+00:00,6.1262
2023-05-16 15:27:00+00:00,14.2
2023-03-27 01:55:00+00:00,0.5312
2023-04-10 15:14:00+00:00,4.3487
2023-02-20 02:58:00+00:00,5.7
2023-01-16 03:10:00+00:00,7.1437
2023-04-30 23:25:00+00:00,8.1487
2023-02-15 09:06:00+00:00,12.4
2023-03-18 04:36:00+00:00,6.745
2023-06-15 09:15:00+00:00,8.4313
2023-01-24 23:11:00+00:00,5.56
2023-02-01 07:38:00+00:00,0.9888
2023-01-09 08:35:00+00:00,10.41
2023-03-25 11:20:00+00:00,5.56
2023-04-06 23:13:00+00:00,5.4688
2023-02-12 18:48:00+00:00,3.6025
2023-02-09 15:14:00+00:00,12.68
2023-01-19 06:45:00+00:00,5.9975
2023-05-01 00:17:00+00:00,9.35
2023-02-04 22:04:00+00:00,12.18
2023-06-28 22:59:00+00:00,9.8975
2023-03-05 15:17:00+00:00,3.7788
2023-02-09 15:31:00+00:00,15.48
2023-03-29 03:55:00+00:00,8.2838
2023-03-27 13:12:00+00:00,12.6562
2023-01-11 10:52:00+00:00,12.1
2023-05-20 19:45:00+00:00,9.5738
2023-05-10 09:35:00+00:00,6.88
2023-06-12 18:14:00+00:00,11.54
2023-03-12 10:35:00+00:00,8.5125
2023-02-16 10:40:00+00:00,2.7825
2023-01-28 03:55:00+00:00,7.64
2023-04-14 19:40:00+00:00,11.9038
2023-03-16 14:27:00+00:00,11.2675
2023-05-20 19:02:00+00:00,6.68
2023-05-31 06:38:00+00:00,7.9375
2023-02-13 19:06:00+00:00,4.7538
2023-01-08 19:18:00+00:00,11.64
2023-05-27 02:38:00+00:00,8.4825
2023-04-30 23:42:00+00:00,1.5488
2023-04-29 22:42:00+00:00,11.86
2023-01-22 09:28:00+00:00,3.8512
2023-06-04 22:56:00+00:00,3.6175
2023-03-09 19:26:00+00:00,8.04
2023-01-02 13:43:00+00:00,0.5763
2023-03-31 17:55:00+00:00,5.1612
2023-05-28 15:46:00+00:00,10.04
2023-05-18 17:53:00+00:00,5.3712
2023-02-27 09:16:00+00:00,0.6713
2023-03-19 17:02:00+00:00,10.24
2023-06-15 09:06:00+00:00,2.3312
2023-04-12 05:57:00+00:00,1.4263
2023-03-11 09:09:00+00:00,9.68
2023-02-09 15:22:00+00:00,5.6487
2023-03-07 17:26:00+00:00,0.5312
2023-04-18 23:41:00+00:00,13.64
2023-05-09 08:09:00+00:00,10.06
2023-04-01 06:12:00+00:00,6.9375
2023-03-19 05:19:00+00:00,6.64
2023-04-01 18:04:00+00:00,4.1125
2023-02-26 08:25:00+00:00,11.87
2023-05-31 18:04:00+00:00,14.1
2023-04-26 19:50:00+00:00,1.6438
2023-06-26 20:16:00+00:00,6.045
2023-03-05 15:00:00+00:00,11.96
2023-05-06 17:26:00+00:00,6.8312
2023-04-05 10:30:00+00:00,1.4425
2023-03-06 04:52:00+00:00,8.38
2023-02-13 07:49:00+00:00,9.7287
2023-04-17 10:49:00+00:00,3.7825
2023-02-25 19:25:00+00:00,10.6
2023-01-10 09:52:00+00:00,3.2612
2023-06-20 02:50:00+00:00,12.5625
2023-04-08 13:31:00+00:00,7.04
2023-04-03 20:38:00+00:00,11.215
2023-04-02 07:47:00+00:00,6.9387
2023-01-07 06:52:00+00:00,12.02
2023-02-24 18:16:00+00:00,10.98
2023-03-04 14:51:00+00:00,8.0775
2023-04-11 04:57:00+00:00,13.9
2023-01-04 03:00:00+00:00,7.8037
2023-02-27 09:42:00+00:00,1.2212
2023-02-24 06:50:00+00:00,10.18
2023-04-25 18:50:00+00:00,2.7425
2023-02-01 07:47:00+00:00,3.8887
2023-03-22 08:11:00+00:00,11.5
2023-02-04 22:22:00+00:00,8.2675
2023-04-27 20:25:00+00:00,7.645
2023-04-27 08:16:00+00:00,15.42
2023-04-10 03:48:00+00:00,4.7737
2023-05-09 08:44:00+00:00,12.01
2023-04-08 01:31:00+00:00,8.24
2023-02-27 21:25:00+00:00,3.4962
2023-04-20 13:24:00+00:00,12.0363
2023-03-01 11:59:00+00:00,10.68
2023-04-01 06:47:00+00:00,9.4375
2023-06-14 20:57:00+00:00,0.805
2023-03-02 12:00:00+00:00,13.9
2023-02-13 19:23:00+00:00,1.5537
2023-05-10 09:18:00+00:00,9.3112
2023-04-28 09:42:00+00:00,5.84
2023-02-20 02:41:00+00:00,5.2125
2023-01-31 06:21:00+00:00,9.7375
2023-05-17 04:19:00+00:00,12.62
2023-02-28 10:51:00+00:00,4.4225
2023-03-11 09:27:00+00:00,12.7613
2023-05-06 05:43:00+00:00,6.4
2023-06-01 07:04:00+00:00,5.6387
2023-02-15 21:32:00+00:00,8.6562
2023-04-29 10:42:00+00:00,9.06
2023-04-10 03:31:00+00:00,2.0737
2023-04-07 00:13:00+00:00,7.82
2023-04-11 04:48:00+00:00,15.1
2023-04-23 04:33:00+00:00,10.715
2023-02-15 21:57:00+00:00,8.4563
2023-05-15 14:53:00+00:00,6.98
2023-02-12 06:23:00+00:00,8.9775
2023-04-07 12:22:00+00:00,12.445
2023-01-27 02:12:00+00:00,14.42
2023-04-03 08:38:00+00:00,0.59
2023-05-17 04:19:00+00:00,10.095
2023-04-21 02:24:00+00:00,8.1
2023-02-13 19:57:00+00:00,1.2538
2023-03-25 23:29:00+00:00,9.2788
2023-02-11 17:57:00+00:00,7.52
2023-05-07 18:52:00+00:00,10.5825
2023-03-02 12:08:00+00:00,6.425
2023-03-05 03:17:00+00:00,14.36
2023-03-22 08:02:00+00:00,10.7
2023-02-22 16:07:00+00:00,2.64
2023-02-26 08:50:00+00:00,12.62
2023-06-22 04:41:00+00:00,2.465
2023-06-09 03:14:00+00:00,4.7737
2023-02-05 11:39:00+00:00,9.0
2023-03-25 23:46:00+00:00,11.2788
2023-04-02 19:55:00+00:00,9.8138
2023-03-01 11:17:00+00:00,12.68
2023-06-21 15:33:00+00:00,3.2887
2023-03-08 06:00:00+00:00,0.5575
2023-03-20 06:28:00+00:00,8.26
2023-03-14 12:36:00+00:00,9.315
2023-05-21 20:02:00+00:00,2.775
2023-01-09 08:44:00+00:00,12.06
2023-05-11 22:10:00+00:00,4.4875
2023-01-09 20:44:00+00:00,7.785
2023-06-02 20:56:00+00:00,7.74
2023-04-09 14:31:00+00:00,7.3975
2023-06-01 07:55:00+00:00,6.0888
2023-06-03 21:39:00+00:00,8.16
2023-03-23 21:03:00+00:00,3.9263
2023-05-31 06:55:00+00:00,10.8875
2023-01-22 09:45:00+00:00,8.72
2023-06-20 14:24:00+00:00,10.6875
2023-05-05 16:34:00+00:00,5.03
2023-03-15 13:10:00+00:00,12.96
2023-05-15 02:36:00+00:00,2.7425
2023-01-01 12:42:00+00:00,1.275
2023-04-15 20:06:00+00:00,10.78
2023-02-19 13:07:00+00:00,9.9863
2023-03-07 05:00:00+00:00,7.5563
2023-01-04 15:09:00+00:00,11.96
2023-04-18 23:49:00+00:00,12.8087
2023-03-23 09:28:00+00:00,6.9512
2023-01-28 03:46:00+00:00,11.24
2023-01-16 03:27:00+00:00,1.8438
2023-06-08 14:14:00+00:00,1.9975
2023-02-10 16:48:00+00:00,8.3
2023-04-22 03:41:00+00:00,4.5637
2023-04-11 16:40:00+00:00,9.75
2023-05-20 19:37:00+00:00,13.88
2023-04-27 20:08:00+00:00,4.495
2023-02-23 05:33:00+00:00,10.1163
2023-03-02 12:00:00+00:00,13.1
2023-01-13 12:18:00+00:00,0.515
2023-02-24 06:33:00+00:00,6.5175
2023-05-23 10:20:00+00:00,9.94
2023-03-15 01:01:00+00:00,7.9912
2023-04-01 06:12:00+00:00,5.7
2023-06-01 19:21:00+00:00,14.52
2023-06-13 07:57:00+00:00,3.4287
2023-06-12 06:23:00+00:00,12.8275
2023-06-14 08:49:00+00:00,10.38
2023-05-26 01:46:00+00:00,6.1813
2023-06-03 09:21:00+00:00,11.2413
2023-02-04 10:56:00+00:00,6.58
2023-02-02 20:47:00+00:00,2.815
2023-02-03 09:13:00+00:00,9.9913
2023-06-27 09:59:00+00:00,14.24
2023-06-06 12:39:00+00:00,3.195
2023-03-24 10:20:00+00:00,2.3025
2023-04-28 21:08:00+00:00,9.04
2023-04-09 02:39:00+00:00,11.0725
2023-05-26 01:29:00+00:00,10.3812
2023-04-01 18:12:00+00:00,11.3
2023-05-02 13:08:00+00:00,4.3763
2023-04-24 05:33:00+00:00,12.4162
2023-02-07 01:31:00+00:00,10.24
2023-02-18 12:24:00+00:00,3.685
2023-02-20 02:32:00+00:00,6.5625
2023-03-05 03:51:00+00:00,7.96
2023-01-24 23:37:00+00:00,10.1288
2023-04-29 10:25:00+00:00,3.4725
2023-01-29 04:29:00+00:00,11.66
2023-02-09 03:48:00+00:00,5.3738
2023-03-29 15:12:00+00:00,11.2088
2023-05-22 09:20:00+00:00,5.92
2023-06-22 04:58:00+00:00,12.065
2023-06-16 22:58:00+00:00,8.6575
2023-05-10 09:27:00+00:00,8.08
2023-03-26 00:20:00+00:00,11.18
2023-06-24 18:42:00+00:00,2.9425
2023-03-18 04:10:00+00:00,12.62
2023-03-02 00:34:00+00:00,8.6
2023-01-24 23:20:00+00:00,10.0288
2023-03-11 09:52:00+00:00,14.08
2023-05-10 09:18:00+00:00,4.6113
2023-03-13 11:53:00+00:00,5.6638
2023-03-14 00:53:00+00:00,12.14
2023-03-27 01:12:00+00:00,2.2313
2023-01-15 02:36:00+00:00,10.3925
2023-04-15 20:14:00+00:00,10.38
2023-05-12 23:10:00+00:00,2.6387
2023-06-02 08:56:00+00:00,12.59
2023-04-23 04:58:00+00:00,6.54
2023-06-01 19:30:00+00:00,6.0637
2023-03-28 02:38:00+00:00,7.6825
2023-04-22 03:07:00+00:00,8.52
2023-04-26 07:33:00+00:00,5.8
2023-05-01 00:25:00+00:00,8.95
2023-03-28 02:20:00+00:00,6.02
2023-04-11 04:05:00+00:00,7.475
2023-06-27 21:08:00+00:00,11.0962
2023-04-05 10:56:00+00:00,5.78
2023-06-09 03:31:00+00:00,1.9238
2023-04-15 08:32:00+00:00,4.08
2023-03-21 19:11:00+00:00,13.08
2023-04-16 21:32:00+00:00,2.8563
2023-02-22 04:07:00+00:00,12.315
2023-03-09 19:26:00+00:00,6.04
2023-04-12 17:23:00+00:00,4.7512
2023-04-29 22:08:00+00:00,7.1475
2023-02-15 21:32:00+00:00,9.2
2023-03-30 04:38:00+00:00,8.585
2023-03-04 14:43:00+00:00,8.5775
2023-03-29 03:21:00+00:00,9.24
2023-02-25 19:42:00+00:00,7.1937
2023-06-11 05:40:00+00:00,8.9262
2023-04-17 10:32:00+00:00,11.22
2023-01-05 04:52:00+00:00,6.955
2023-04-22 03:07:00+00:00,8.1137
2023-06-12 06:14:00+00:00,12.34
2023-05-09 08:35:00+00:00,0.81
2023-03-27 01:46:00+00:00,5.4813
2023-05-14 13:01:00+00:00,14.56
2023-05-01 00:42:00+00:00,8.55
2023-04-17 22:49:00+00:00,6.3575
2023-06-22 16:33:00+00:00,12.54
2023-04-15 20:57:00+00:00,4.605
2023-04-14 07:23:00+00:00,11.3287
2023-01-27 14:20:00+00:00,10.82
2023-04-29 10:16:00+00:00,1.9725
2023-06-01 19:30:00+00:00,9.4637
2023-04-20 13:32:00+00:00,10.08
2023-01-08 19:09:00+00:00,9.3837
2023-02-07 01:56:00+00:00,5.8712
2023-06-29 23:25:00+00:00,15.48
2023-06-08 14:31:00+00:00,2.6475
2023-02-20 14:07:00+00:00,12.0875
2023-02-13 07:31:00+00:00,8.36
2023-06-09 03:05:00+00:00,6.1238
2023-03-11 21:44:00+00:00,5.3863
2023-04-09 14:22:00+00:00,10.66
2023-04-27 08:50:00+00:00,1.27
2023-02-12 06:57:00+00:00,2.1275
2023-02-23 05:24:00+00:00,13.76
2023-04-30 11:51:00+00:00,9.8737
2023-05-02 01:51:00+00:00,6.2512
2023-02-09 03:05:00+00:00,6.28
2023-01-10 21:09:00+00:00,5.2862
2023-03-09 19:01:00+00:00,7.6338
2023-01-27 14:55:00+00:00,8.42
2023-01-01 12:42:00+00:00,4.125
2023-04-26 07:50:00+00:00,8.4187
2023-05-09 08:35:00+00:00,8.46
2023-02-03 09:56:00+00:00,12.9913
2023-01-30 17:21:00+00:00,0.9612
2023-02-18 12:15:00+00:00,7.66
2023-03-07 05:26:00+00:00,12.6562
2023-02-11 17:14:00+00:00,8.6013
2023-01-12 23:27:00+00:00,13.72
2023-06-21 15:07:00+00:00,11.4887
2023-03-03 01:43:00+00:00,11.5512
2023-01-09 20:52:00+00:00,9.66
2023-02-19 13:41:00+00:00,3.1362
2023-05-27 14:12:00+00:00,11.3075
2023-03-04 14:00:00+00:00,9.54
2023-05-19 18:36:00+00:00,8.0725
2023-06-02 08:47:00+00:00,1.29
2023-04-25 06:59:00+00:00,14.58
2023-01-17 04:19:00+00:00,5.445
2023-01-29 16:04:00+00:00,9.91
2023-04-18 11:32:00+00:00,12.44
2023-06-28 10:25:00+00:00,1.2725
2023-01-11 22:18:00+00:00,11.2875
2023-03-04 14:34:00+00:00,10.34
2023-02-20 14:24:00+00:00,2.5375
2023-06-06 12:05:00+00:00,3.845
2023-04-14 07:14:00+00:00,11.56
2023-04-19 12:32:00+00:00,6.935
2023-02-14 08:06:00+00:00,6.48
2023-03-21 19:19:00+00:00,6.28
2023-03-09 07:18:00+00:00,5.9088
2023-05-04 03:26:00+00:00,11.6538
2023-01-16 03:36:00+00:00,13.8
2023-01-30 05:38:00+00:00,3.3363
2023-05-07 18:26:00+00:00,10.8325
2023-03-09 19:18:00+00:00,15.24
2023-05-10 21:09:00+00:00,2.1863
2023-01-21 20:28:00+00:00,9.825
2023-02-08 14:22:00+00:00,6.66
2023-04-05 10:13:00+00:00,8.1425
2023-05-14 13:44:00+00:00,12.8163
2023-04-18 23:49:00+00:00,7.24
2023-05-02 13:08:00+00:00,7.0762
2023-03-19 05:53:00+00:00,11.2963
2023-01-06 17:43:00+00:00,7.2
2023-03-12 10:10:00+00:00,0.5625
2023-04-13 06:48:00+00:00,15.14
2023-02-24 06:33:00+00:00,9.78
2023-01-13 12:01:00+00:00,12.115
2023-04-18 23:15:00+00:00,12.8588
2023-05-02 01:43:00+00:00,9.12
2023-02-05 11:39:00+00:00,3.4438
2023-04-13 18:31:00+00:00,5.7525
2023-03-12 22:52:00+00:00,12.1
2023-05-22 21:54:00+00:00,9.0262
2023-01-15 14:27:00+00:00,11.4175
2023-06-21 03:24:00+00:00,12.52
2023-02-10 04:48:00+00:00,11.675
2023-01-06 05:00:00+00:00,11.4563
2023-03-29 03:55:00+00:00,7.64
2023-01-01 00:00:00+00:00,8.95
2023-05-26 01:46:00+00:00,2.2313
2023-05-23 10:03:00+00:00,7.94
2023-04-07 12:56:00+00:00,12.145
2023-04-02 19:47:00+00:00,2.5137
2023-01-26 13:46:00+00:00,11.2
2023-06-12 06:06:00+00:00,10.0275
2023-06-12 06:57:00+00:00,5.4775
2023-04-08 01:31:00+00:00,15.44
2023-04-27 20:59:00+00:00,4.745
2023-01-27 02:03:00+00:00,4.4325
2023-04-20 13:15:00+00:00,6.88
2023-06-07 01:05:00+00:00,12.4213
2023-01-02 01:34:00+00:00,10.6013
2023-05-17 16:53:00+00:00,9.02
2023-01-25 12:03:00+00:00,11.655
2023-06-13 07:06:00+00:00,4.4287
2023-05-15 02:27:00+00:00,7.78
2023-01-10 21:09:00+00:00,10.5862
2023-05-29 04:46:00+00:00,9.685
2023-02-07 13:22:00+00:00,9.44
2023-06-25 07:16:00+00:00,1.6687
2023-04-18 23:15:00+00:00,1.5088
2023-04-22 03:15:00+00:00,10.52
2023-01-30 05:12:00+00:00,6.2363
2023-04-01 18:47:00+00:00,1.7125
2023-06-12 18:14:00+00:00,14.34
2023-02-13 07:06:00+00:00,0.6787
2023-06-28 10:25:00+00:00,10.7225
2023-02-26 08:42:00+00:00,9.42
2023-03-09 19:52:00+00:00,5.1837
2023-04-13 06:31:00+00:00,5.3775
2023-01-03 14:34:00+00:00,10.74
2023-01-13 00:36:00+00:00,8.09
2023-06-03 09:21:00+00:00,4.0913
2023-01-06 05:26:00+00:00,13.2
2023-02-27 09:42:00+00:00,10.24
2023-03-04 14:34:00+00:00,2.3775
2023-03-07 05:26:00+00:00,10.0
2023-03-03 13:43:00+00:00,11.3763
2023-04-23 04:58:00+00:00,6.865
2023-06-08 02:14:00+00:00,8.66
2023-04-29 22:08:00+00:00,6.4475
2023-04-11 04:05:00+00:00,12.875
2023-03-12 10:10:00+00:00,7.3
2023-01-07 18:00:00+00:00,7.0325
2023-03-07 05:17:00+00:00,5.3563
2023-04-24 05:33:00+00:00,11.36
2023-02-06 00:30:00+00:00,5.42
2023-01-15 14:44:00+00:00,11.5675
2023-06-02 08:13:00+00:00,11.34
2023-04-23 04:41:00+00:00,11.915
2023-06-15 21:32:00+00:00,12.9563
2023-02-06 00:56:00+00:00,8.62
2023-01-23 22:54:00+00:00,12.8275
2023-04-14 07:06:00+00:00,5.6288
2023-06-19 01:24:00+00:00,6.48
2023-05-20 19:11:00+00:00,4.7737
2023-01-15 14:19:00+00:00,2.2675
2023-06-19 13:15:00+00:00,8.08
2023-05-30 17:04:00+00:00,2.4612
2023-01-12 23:53:00+00:00,0.7388
2023-04-30 11:34:00+00:00,11.08
2023-06-23 05:59:00+00:00,7.8163
2023-04-15 20:23:00+00:00,10.605
2023-01-20 07:28:00+00:00,15.08
2023-05-26 01:20:00+00:00,3.7812
2023-01-22 21:45:00+00:00,4.8262
2023-01-08 07:18:00+00:00,14.84
2023-05-30 05:29:00+00:00,10.4362
2023-03-24 22:20:00+00:00,0.7275
2023-01-05 04:09:00+00:00,8.78
2023-03-11 09:09:00+00:00,8.9113
2023-04-15 08:14:00+00:00,4.93
2023-02-10 04:05:00+00:00,9.9
2023-06-09 03:22:00+00:00,12.5237
2023-03-09 19:09:00+00:00,1.4337
2023-02-24 06:24:00+00:00,7.38
2023-06-18 00:32:00+00:00,6.41
2023-02-26 08:25:00+00:00,4.62
2023-06-04 22:56:00+00:00,12.98
2023-05-23 10:03:00+00:00,10.3025
2023-04-05 22:04:00+00:00,5.8175
2023-03-14 12:53:00+00:00,6.14
2023-03-26 12:12:00+00:00,3.455
2023-04-05 10:47:00+00:00,0.6925
2023-04-12 17:23:00+00:00,12.32
2023-02-05 11:22:00+00:00,9.8938
2023-01-28 15:29:00+00:00,2.7088
2023-06-19 01:07:00+00:00,10.48
2023-06-13 19:40:00+00:00,10.4537
2023-01-21 08:11:00+00:00,5.1
2023-06-26 20:59:00+00:00,12.62
2023-05-04 15:00:00+00:00,8.5288
2023-05-08 07:26:00+00:00,2.5088
2023-01-10 21:52:00+00:00,5.68
2023-03-31 17:12:00+00:00,8.4612
2023-01-14 13:36:00+00:00,2.8662
2023-06-11 17:48:00+00:00,14.72
2023-02-21 15:33:00+00:00,8.2387
2023-03-05 03:43:00+00:00,2.0038
2023-02-18 00:41:00+00:00,8.46
2023-04-21 02:07:00+00:00,9.7625
2023-03-18 16:36:00+00:00,9.67
2023-02-08 02:48:00+00:00,5.86
2023-04-15 08:57:00+00:00,8.53
2023-05-03 14:17:00+00:00,10.9275
2023-06-11 05:14:00+00:00,8.72
2023-05-19 18:36:00+00:00,1.2725
2023-04-08 01:48:00+00:00,5.3213
2023-05-03 14:00:00+00:00,12.74
2023-04-14 19:57:00+00:00,3.1538
2023-01-03 14:34:00+00:00,12.8775
2023-03-16 02:36:00+00:00,8.58
2023-05-09 08:44:00+00:00,11.21
2023-04-06 11:47:00+00:00,10.2438
2023-02-11 05:40:00+00:00,14.32
2023-01-30 17:21:00+00:00,11.0113
2023-02-08 14:31:00+00:00,8.6475
2023-04-06 23:13:00+00:00,13.4
2023-01-18 05:45:00+00:00,7.9962
2023-05-08 07:52:00+00:00,10.1088
2023-03-02 12:25:00+00:00,9.9
2023-05-07 18:43:00+00:00,5.0825
2023-05-20 19:37:00+00:00,11.3238
2023-01-08 07:52:00+00:00,11.64
2023-04-30 23:59:00+00:00,4.5987
2023-05-05 16:43:00+00:00,3.08
2023-02-14 08:06:00+00:00,10.78
2023-05-10 21:27:00+00:00,10.1862
2023-06-16 22:58:00+00:00,5.1075
2023-06-14 08:06:00+00:00,9.18
2023-01-12 23:27:00+00:00,9.6888
2023-05-11 10:44:00+00:00,5.1625
2023-04-07 00:05:00+00:00,8.22
2023-06-26 08:08:00+00:00,8.92
2023-01-28 03:38:00+00:00,11.24
2023-02-08 14:56:00+00:00,9.46
2023-01-28 15:29:00+00:00,9.8087
2023-02-19 01:41:00+00:00,1.5613
2023-05-03 14:00:00+00:00,9.54
2023-03-22 20:37:00+00:00,11.525
2023-06-21 15:41:00+00:00,7.3388
2023-04-25 18:50:00+00:00,10.98
2023-05-25 12:12:00+00:00,6.905
2023-03-17 03:36:00+00:00,6.4938
2023-05-01 12:25:00+00:00,5.9
2023-02-02 08:56:00+00:00,2.09
2023-02-12 18:23:00+00:00,6.2525
2023-05-24 11:03:00+00:00,9.56
2023-02-20 02:15:00+00:00,7.3125
2023-04-24 05:59:00+00:00,6.1662
2023-05-05 16:43:00+00:00,8.78
2023-02-27 21:08:00+00:00,6.7462
2023-03-25 11:46:00+00:00,6.5038
2023-03-24 10:37:00+00:00,13.14
2023-05-15 14:10:00+00:00,8.9675
2023-01-18 17:45:00+00:00,6.1212
2023-04-18 11:15:00+00:00,7.64
2023-02-07 01:22:00+00:00,3.7713
2023-06-24 06:07:00+00:00,6.0675
2023-05-16 03:19:00+00:00,10.2
2023-05-26 13:03:00+00:00,0.8562
2023-06-21 15:50:00+00:00,4.5888
2023-01-30 17:04:00+00:00,8.88
2023-06-07 13:56:00+00:00,10.4962
2023-02-27 21:33:00+00:00,2.2962
2023-06-25 19:16:00+00:00,13.4
2023-03-17 03:02:00+00:00,8.7438
2023-03-10 20:26:00+00:00,6.985
2023-05-07 18:09:00+00:00,10.02
2023-03-28 14:03:00+00:00,8.1075
2023-05-25 12:12:00+00:00,11.355
2023-05-21 20:54:00+00:00,10.7
2023-01-31 06:04:00+00:00,4.1375
2023-04-20 01:58:00+00:00,7.3613
2023-03-30 16:04:00+00:00,10.06
2023-05-17 16:28:00+00:00,3.92
2023-02-11 05:14:00+00:00,8.1262
2023-06-01 07:13:00+00:00,9.32
2023-05-28 03:12:00+00:00,7.8838
2023-02-17 23:32:00+00:00,4.5088
2023-02-22 16:33:00+00:00,10.94
2023-01-06 17:52:00+00:00,7.5312
2023-05-11 10:35:00+00:00,3.1125
2023-01-18 17:19:00+00:00,10.64
2023-06-17 11:23:00+00:00,15.24
2023-05-23 22:03:00+00:00,2.8275
2023-01-01 00:00:00+00:00,8.3
2023-05-14 13:53:00+00:00,3.3662
2023-04-20 01:58:00+00:00,10.3613
2023-05-23 10:20:00+00:00,7.14
2023-04-24 17:16:00+00:00,8.3412
2023-02-08 02:14:00+00:00,0.8725
2023-05-26 01:20:00+00:00,14.8
2023-06-11 05:40:00+00:00,7.3762
2023-02-28 22:34:00+00:00,8.9975
2023-01-25 12:03:00+00:00,11.18
2023-05-03 02:17:00+00:00,0.9025
2023-06-07 01:56:00+00:00,2.5713
2023-03-23 09:54:00+00:00,7.52
2023-03-31 17:29:00+00:00,5.2613
2023-03-09 07:26:00+00:00,2.2588
2023-05-02 13:34:00+00:00,13.92
2023-02-03 09:30:00+00:00,11.2912
2023-01-28 03:38:00+00:00,3.1338
2023-02-24 06:24:00+00:00,14.98
2023-05-15 02:19:00+00:00,7.4425
2023-03-08 06:18:00+00:00,3.5075
2023-05-11 22:01:00+00:00,12.5
2023-05-28 03:55:00+00:00,1.4838
2023-02-12 18:48:00+00:00,3.9025
2023-02-03 09:56:00+00:00,10.96
2023-03-28 02:38:00+00:00,5.1325
2023-06-05 11:05:00+00:00,6.4437
2023-04-30 11:34:00+00:00,9.08
2023-01-01 12:17:00+00:00,10.725
2023-02-04 10:56:00+00:00,11.3425
2023-01-03 14:08:00+00:00,13.94
2023-05-03 14:26:00+00:00,5.6275
2023-02-12 06:23:00+00:00,2.7275
2023-01-04 15:51:00+00:00,6.76
2023-04-23 16:41:00+00:00,12.49
2023-03-24 22:03:00+00:00,5.6775
2023-01-31 06:47:00+00:00,9.7
2023-05-24 23:46:00+00:00,6.6787
2023-05-31 18:30:00+00:00,1.3125
2023-05-06 05:09:00+00:00,14.4
2023-03-30 04:21:00+00:00,6.135
2023-06-01 19:13:00+00:00,10.7637
2023-05-07 06:43:00+00:00,6.82
2023-06-27 09:16:00+00:00,10.0213
2023-02-09 15:31:00+00:00,4.3487
2023-05-05 04:34:00+00:00,14.78
2023-06-05 11:05:00+00:00,5.5938
2023-06-03 21:13:00+00:00,10.6662
2023-04-05 22:13:00+00:00,6.18
2023-03-11 21:44:00+00:00,9.3362
2023-06-22 04:58:00+00:00,4.665
2023-02-12 06:23:00+00:00,9.14
2023-04-14 07:40:00+00:00,7.0788
2023-02-04 22:22:00+00:00,9.3675
2023-06-01 19:55:00+00:00,11.72
2023-03-12 22:18:00+00:00,11.3875
2023-05-03 14:43:00+00:00,8.8775
2023-02-20 02:07:00+00:00,9.3
2023-02-21 15:33:00+00:00,11.1888
2023-02-10 04:22:00+00:00,5.875
2023-05-18 17:11:00+00:00,11.44
2023-05-17 04:36:00+00:00,6.445
2023-05-23 22:28:00+00:00,0.9775
2023-02-04 10:56:00+00:00,13.78
2023-04-03 20:38:00+00:00,5.465
2023-04-07 00:48:00+00:00,11.42
2023-03-05 03:09:00+00:00,9.16
2023-02-24 18:59:00+00:00,5.7425
2023-02-24 18:16:00+00:00,5.1425
2023-03-07 05:00:00+00:00,12.0
2023-05-10 09:09:00+00:00,11.6113
2023-03-19 17:53:00+00:00,8.0712
2023-01-03 02:00:00+00:00,11.54
2023-01-16 03:36:00+00:00,11.4938
2023-05-28 15:03:00+00:00,4.4087
2023-04-11 04:40:00+00:00,14.7
2023-03-02 00:34:00+00:00,1.65
2023-06-05 11:05:00+00:00,11.9437
2023-04-20 13:49:00+00:00,12.88
2023-01-14 01:01:00+00:00,4.6913
2023-03-05 15:17:00+00:00,6.7287
2023-04-03 08:21:00+00:00,10.94
2023-05-31 06:38:00+00:00,1.5375
2023-06-06 00:30:00+00:00,8.22
2023-02-26 08:25:00+00:00,11.02
2023-03-01 23:51:00+00:00,5.9488
2023-05-19 06:19:00+00:00,7.9975
2023-03-20 06:19:00+00:00,7.06
2023-05-31 06:47:00+00:00,4.4375
2023-03-04 14:17:00+00:00,1.4275
2023-04-05 22:56:00+00:00,10.18
2023-04-06 23:30:00+00:00,7.7687
2023-05-19 18:28:00+00:00,7.8725
2023-06-24 18:16:00+00:00,9.38
2023-02-01 07:30:00+00:00,6.3388
2023-03-20 06:36:00+00:00,1.3975
2023-04-02 07:21:00+00:00,6.52
2023-04-20 01:15:00+00:00,11.9113
2023-04-19 00:24:00+00:00,5.66
2023-05-22 21:20:00+00:00,6.72
2023-05-17 04:45:00+00:00,0.995
2023-02-07 13:31:00+00:00,1.6963
2023-05-01 00:25:00+00:00,7.9
2023-04-04 21:56:00+00:00,3.7163
2023-06-07 01:48:00+00:00,7.2213
2023-02-09 03:39:00+00:00,8.68
2023-03-13 11:18:00+00:00,10.2637
2023-01-13 12:27:00+00:00,4.215
2023-03-18 16:19:00+00:00,12.62
2023-03-24 10:37:00+00:00,0.7025
2023-05-02 01:08:00+00:00,9.6512
2023-03-31 17:55:00+00:00,6.88
2023-01-02 13:51:00+00:00,8.2763
2023-06-02 08:04:00+00:00,5.24
2023-05-05 16:17:00+00:00,15.18
2023-01-29 04:12:00+00:00,3.635
2023-06-12 06:31:00+00:00,4.9775
2023-06-23 05:59:00+00:00,14.56
2023-02-28 22:42:00+00:00,10.8975
2023-06-20 02:41:00+00:00,7.2625
2023-06-13 07:14:00+00:00,9.56
2023-01-07 06:18:00+00:00,0.5075
2023-01-27 14:46:00+00:00,7.9575
2023-02-26 08:33:00+00:00,13.82
2023-03-15 13:36:00+00:00,7.9162
2023-04-10 15:48:00+00:00,3.8988
2023-01-01 00:34:00+00:00,5.9
2023-03-31 05:47:00+00:00,3.1862
2023-04-04 09:04:00+00:00,9.5412
2023-06-05 23:47:00+00:00,10.6
2023-04-28 09:16:00+00:00,9.4213
2023-05-20 19:37:00+00:00,11.2737
2023-06-29 11:08:00+00:00,7.48
2023-05-03 14:17:00+00:00,2.3275
2023-06-14 20:57:00+00:00,9.905
2023-01-22 09:28:00+00:00,7.52
2023-01-23 22:54:00+00:00,8.6775
2023-06-01 07:30:00+00:00,10.3387
2023-06-09 03:05:00+00:00,5.88
2023-06-14 08:49:00+00:00,10.88
2023-05-28 03:12:00+00:00,10.5337
2023-06-18 12:58:00+00:00,10.06
2023-05-17 16:53:00+00:00,2.37
2023-02-15 21:49:00+00:00,12.7063
2023-01-20 07:45:00+00:00,12.28
2023-06-27 21:16:00+00:00,7.5462
2023-04-06 23:22:00+00:00,12.2188
2023-04-28 21:25:00+00:00,13.44
2023-03-10 20:09:00+00:00,10.86
2023-01-26 13:20:00+00:00,3.5063
2023-03-28 14:46:00+00:00,8.02
2023-06-16 22:58:00+00:00,3.2075
2023-03-09 19:43:00+00:00,12.4337
2023-02-16 22:06:00+00:00,5.62
2023-04-26 19:07:00+00:00,7.3438
2023-05-26 01:20:00+00:00,12.7812
2023-06-06 12:48:00+00:00,14.22
2023-04-05 22:56:00+00:00,12.8175
2023-04-11 04:57:00+00:00,12.475
2023-01-07 06:18:00+00:00,6.02
2023-04-27 20:16:00+00:00,0.545
2023-01-17 16:28:00+00:00,11.57
2023-01-17 16:19:00+00:00,11.02
2023-02-25 07:59:00+00:00,3.2687
2023-04-06 23:13:00+00:00,5.8187
2023-03-10 20:44:00+00:00,11.66
2023-05-24 23:46:00+00:00,9.9288
2023-04-01 18:38:00+00:00,9.6125
2023-02-08 14:22:00+00:00,11.46
2023-04-28 21:08:00+00:00,7.2962
2023-02-16 10:58:00+00:00,11.2325
2023-03-09 07:52:00+00:00,14.84
2023-01-20 19:28:00+00:00,5.7737
2023-06-05 23:39:00+00:00,1.1187
2023-05-17 04:02:00+00:00,9.42
2023-04-08 01:31:00+00:00,10.7713
2023-06-20 14:07:00+00:00,11.3875
2023-05-10 09:44:00+00:00,7.68
2023-06-02 08:13:00+00:00,12.54
2023-02-03 21:21:00+00:00,1.8662
2023-02-07 13:22:00+00:00,7.04
2023-06-17 11:49:00+00:00,11.3338
2023-03-05 15:17:00+00:00,3.7287
2023-04-07 12:22:00+00:00,9.82
2023-06-24 18:50:00+00:00,6.8925
2023-03-29 03:21:00+00:00,7.3338
2023-02-11 05:48:00+00:00,14.32
2023-01-27 02:38:00+00:00,8.1325
2023-06-03 21:21:00+00:00,6.2663
2023-06-06 12:56:00+00:00,5.82
2023-05-24 11:37:00+00:00,9.3537
2023-06-07 01:39:00+00:00,1.0713
2023-03-04 14:34:00+00:00,10.74
2023-01-20 19:02:00+00:00,2.6738
2023-03-27 13:12:00+00:00,7.0563
2023-03-30 16:21:00+00:00,13.66
2023-04-19 12:49:00+00:00,12.735
2023-06-28 22:51:00+00:00,12.2475
2023-02-06 12:13:00+00:00,8.22
2023-01-29 04:29:00+00:00,1.935
2023-05-17 16:02:00+00:00,5.77
2023-03-22 20:11:00+00:00,7.9
2023-04-02 07:04:00+00:00,5.0888
2023-02-19 01:49:00+00:00,7.2613
2023-05-31 06:30:00+00:00,8.9
2023-05-12 23:53:00+00:00,7.8388
2023-02-19 01:15:00+00:00,12.9113
2023-06-20 02:41:00+00:00,6.1
2023-02-04 10:39:00+00:00,11.6425
2023-06-26 20:08:00+00:00,2.345
2023-06-29 11:08:00+00:00,6.28
2023-06-07 01:31:00+00:00,1.9712
2023-06-05 11:39:00+00:00,2.7938
2023-01-30 05:04:00+00:00,9.68
2023-05-10 09:35:00+00:00,9.9113
2023-04-06 23:30:00+00:00,8.6687
2023-06-05 11:13:00+00:00,14.2
2023-05-20 07:45:00+00:00,10.3987
2023-01-19 18:02:00+00:00,3.9725
2023-05-15 14:10:00+00:00,11.38
2023-03-29 03:55:00+00:00,9.3338
2023-01-19 18:45:00+00:00,1.5725
2023-06-19 01:32:00+00:00,12.48
2023-05-02 01:25:00+00:00,5.7512
2023-05-12 11:18:00+00:00,12.1137
2023-02-20 14:50:00+00:00,14.1
2023-04-03 08:21:00+00:00,11.14
2023-04-10 15:39:00+00:00,10.6988
2023-05-22 09:11:00+00:00,12.72
2023-01-18 17:36:00+00:00,5.1712
2023-03-13 23:53:00+00:00,7.1387
2023-06-29 23:08:00+00:00,12.68
2023-06-28 10:34:00+00:00,9.0725
2023-04-11 04:14:00+00:00,8.325
2023-02-26 20:59:00+00:00,9.42
2023-01-15 02:19:00+00:00,10.5925
2023-05-02 01:25:00+00:00,12.0512
2023-03-21 07:45:00+00:00,9.08
2023-05-27 14:29:00+00:00,2.7575
2023-02-11 17:31:00+00:00,0.8013
2023-02-04 22:39:00+00:00,13.78
2023-03-29 03:03:00+00:00,12.6837
2023-04-09 02:48:00+00:00,10.5225
2023-03-22 20:20:00+00:00,10.3
2023-06-24 06:59:00+00:00,7.9675
2023-02-26 20:59:00+00:00,10.295
2023-02-10 16:14:00+00:00,14.7
2023-06-05 11:56:00+00:00,8.4437
2023-04-24 05:50:00+00:00,10.16
2023-05-10 21:35:00+00:00,8.08
2023-03-16 02:10:00+00:00,1.0425
2023-04-20 01:58:00+00:00,3.0612
2023-05-17 04:53:00+00:00,13.82
2023-06-11 05:14:00+00:00,10.4262
2023-01-23 22:28:00+00:00,3.5275
2023-03-07 17:26:00+00:00,9.6
2023-06-07 01:31:00+00:00,10.9213
2023-03-20 06:11:00+00:00,11.1475
2023-03-27 13:12:00+00:00,6.4
2023-03-08 06:43:00+00:00,9.6075
2023-04-18 11:15:00+00:00,12.1337
2023-01-11 22:52:00+00:00,5.7
2023-05-06 17:26:00+00:00,6.5812
2023-02-09 15:39:00+00:00,9.5488
2023-02-12 06:57:00+00:00,7.14
2023-02-18 00:41:00+00:00,0.66
2023-04-08 01:13:00+00:00,5.6212
2023-02-28 10:42:00+00:00,13.46
2023-03-08 18:26:00+00:00,6.4325
2023-03-19 17:53:00+00:00,12.5213
2023-03-10 20:52:00+00:00,7.66
2023-04-28 09:08:00+00:00,1.5713
2023-06-18 00:15:00+00:00,12.66
2023-03-18 16:02:00+00:00,13.42
2023-03-05 03:34:00+00:00,7.1037
2023-04-09 02:05:00+00:00,0.5725
2023-06-20 14:24:00+00:00,14.5
2023-06-09 03:48:00+00:00,5.3238
2023-06-16 22:32:00+00:00,5.0575
2023-02-14 20:40:00+00:00,8.38
2023-03-03 13:00:00+00:00,10.2263
2023-02-19 01:32:00+00:00,5.2613
2023-06-11 05:05:00+00:00,9.12
2023-04-10 15:31:00+00:00,12.2988
2023-06-03 09:47:00+00:00,9.1913
2023-05-06 05:35:00+00:00,6.8
2023-04-26 19:07:00+00:00,10.4437
2023-04-21 02:07:00+00:00,5.1125
2023-06-14 08:32:00+00:00,15.18
2023-01-21 08:37:00+00:00,9.7
2023-04-10 15:14:00+00:00,5.6988
2023-03-18 16:36:00+00:00,6.22
2023-06-04 10:47:00+00:00,8.0425
2023-03-20 18:45:00+00:00,3.5225
2023-06-24 06:16:00+00:00,14.98
2023-05-04 15:34:00+00:00,10.6288
2023-02-18 12:24:00+00:00,0.885
2023-01-24 11:46:00+00:00,7.96
2023-03-08 18:52:00+00:00,9.62
2023-01-26 01:55:00+00:00,4.8312
2023-03-25 23:03:00+00:00,13.56
2023-04-07 00:22:00+00:00,4.82
2023-05-09 08:09:00+00:00,12.81
2023-05-17 16:53:00+00:00,13.02
2023-02-13 19:14:00+00:00,0.7037
2023-04-26 07:25:00+00:00,1.4688
2023-04-29 10:25:00+00:00,12.66
2023-04-21 14:41:00+00:00,7.6875
2023-04-04 09:47:00+00:00,11.1412
2023-01-06 05:26:00+00:00,5.6
2023-06-26 08:33:00+00:00,6.42
2023-04-25 06:33:00+00:00,6.4675
2023-03-13 23:44:00+00:00,12.52
2023-04-15 08:40:00+00:00,7.33
2023-01-12 11:01:00+00:00,7.3637
2023-05-23 22:03:00+00:00,13.14
2023-06-05 11:22:00+00:00,6.1437
2023-01-27 02:29:00+00:00,5.2325
2023-05-06 17:00:00+00:00,8.0
2023-03-18 16:10:00+00:00,1.02
2023-05-22 09:03:00+00:00,9.1512
2023-02-04 22:13:00+00:00,14.98
2023-01-13 12:10:00+00:00,11.565
2023-01-27 02:12:00+00:00,9.8825
2023-03-08 06:35:00+00:00,13.22
2023-02-14 08:40:00+00:00,5.53
2023-06-26 08:33:00+00:00,12.42
2023-05-20 07:54:00+00:00,14.68
2023-03-19 05:02:00+00:00,11.7963
2023-03-15 13:10:00+00:00,1.2662
2023-06-11 05:05:00+00:00,15.12
2023-02-16 10:06:00+00:00,8.7325
2023-04-11 16:22:00+00:00,7.6
2023-05-12 23:35:00+00:00,14.92
2023-03-08 18:00:00+00:00,8.6825
2023-03-09 07:52:00+00:00,10.3588
2023-06-21 03:33:00+00:00,6.92
2023-01-11 22:18:00+00:00,0.6375
2023-06-19 01:07:00+00:00,8.1612
2023-04-03 20:38:00+00:00,14.14
2023-05-01 12:34:00+00:00,6.875
2023-03-20 06:54:00+00:00,8.2475
2023-05-13 00:44:00+00:00,5.74
2023-05-12 11:18:00+00:00,7.4638
2023-01-05 04:26:00+00:00,9.355
2023-03-09 19:52:00+00:00,9.24
2023-05-31 06:47:00+00:00,6.2875
2023-01-22 21:45:00+00:00,7.1262
2023-04-03 20:21:00+00:00,7.74
2023-05-03 14:34:00+00:00,11.6275
2023-06-28 22:34:00+00:00,3.1975
2023-02-16 10:49:00+00:00,12.82
2023-05-15 14:10:00+00:00,12.4675
2023-02-22 16:58:00+00:00,3.64
2023-05-22 21:45:00+00:00,7.12
2023-05-07 06:26:00+00:00,12.0075
2023-03-16 02:53:00+00:00,11.7425
2023-02-16 10:15:00+00:00,6.02
2023-06-24 18:50:00+00:00,9.7925
2023-03-02 12:17:00+00:00,7.325
2023-03-05 15:34:00+00:00,9.56
2023-02-22 16:41:00+00:00,4.74
2023-01-01 00:00:00+00:00,2.05
2023-03-01 11:51:00+00:00,14.68
2023-06-17 23:32:00+00:00,7.6588
2023-04-04 09:21:00+00:00,8.8413
2023-02-03 09:13:00+00:00,14.56
2023-02-01 07:04:00+00:00,12.9887
2023-04-02 07:55:00+00:00,1.8887
2023-02-09 03:57:00+00:00,12.68
2023-05-30 05:29:00+00:00,10.7863
2023-03-22 08:37:00+00:00,4.15
2023-03-22 08:20:00+00:00,11.9
2023-06-20 02:15:00+00:00,10.4125
2023-05-07 06:26:00+00:00,7.3575
2023-04-15 20:14:00+00:00,9.98
2023-03-26 00:29:00+00:00,12.43
2023-01-19 18:19:00+00:00,3.1725
2023-02-27 09:51:00+00:00,10.64
2023-01-02 13:00:00+00:00,6.4763
2023-03-28 14:55:00+00:00,5.5575
2023-01-02 13:43:00+00:00,11.12
2023-05-19 06:45:00+00:00,2.7475
2023-01-18 17:45:00+00:00,4.4712
2023-01-10 09:44:00+00:00,12.08
2023-06-29 23:42:00+00:00,8.8987
2023-01-18 05:45:00+00:00,10.0962
2023-05-07 06:26:00+00:00,6.82
2023-04-23 16:07:00+00:00,9.24
2023-03-04 02:34:00+00:00,10.2525
2023-05-06 05:00:00+00:00,12.4
2023-01-28 03:38:00+00:00,3.2837
2023-03-14 12:36:00+00:00,9.115
2023-04-25 06:33:00+00:00,11.78
2023-05-02 01:51:00+00:00,7.9512
2023-04-09 14:39:00+00:00,10.3475
2023-04-14 07:49:00+00:00,12.36
2023-02-23 17:50:00+00:00,5.6413
2023-06-21 15:33:00+00:00,8.12
2023-02-12 06:40:00+00:00,7.94
2023-05-04 03:00:00+00:00,1.5537
2023-05-18 05:02:00+00:00,9.2462
2023-01-30 17:29:00+00:00,6.08
2023-02-04 10:04:00+00:00,3.0425
2023-01-20 19:45:00+00:00,9.6237
2023-04-09 02:14:00+00:00,11.06
2023-01-08 19:09:00+00:00,10.6837
2023-06-14 08:49:00+00:00,12.68
2023-03-26 00:54:00+00:00,8.78
2023-04-15 08:49:00+00:00,3.13
2023-03-20 18:02:00+00:00,1.8225
2023-02-23 17:16:00+00:00,10.56
2023-04-09 14:48:00+00:00,5.4475
2023-04-11 04:05:00+00:00,8.375
2023-05-18 17:53:00+00:00,14.64
2023-02-02 20:13:00+00:00,11.015
2023-05-14 13:27:00+00:00,8.1163
2023-05-27 14:38:00+00:00,7.22
2023-02-19 13:58:00+00:00,3.3862
2023-01-09 08:44:00+00:00,1.46
2023-05-30 17:47:00+00:00,12.48
2023-05-13 12:36:00+00:00,10.865
2023-02-23 17:59:00+00:00,2.3913
2023-04-25 18:59:00+00:00,8.58
2023-02-27 09:25:00+00:00,5.5213
2023-03-28 14:55:00+00:00,7.4575
2023-02-06 12:13:00+00:00,15.02
2023-05-03 14:17:00+00:00,10.6775
2023-06-29 23:34:00+00:00,6.8987
2023-03-29 15:29:00+00:00,10.44
2023-03-20 06:19:00+00:00,11.6975
2023-02-21 15:50:00+00:00,3.8887
2023-05-28 15:29:00+00:00,6.04
2023-03-02 12:34:00+00:00,0.725
2023-01-13 12:44:00+00:00,0.815
2023-04-18 11:15:00+00:00,14.44
2023-04-07 12:13:00+00:00,10.695
2023-02-11 17:48:00+00:00,11.5013
2023-06-02 08:38:00+00:00,7.74
2023-01-15 02:02:00+00:00,6.4425
2023-06-20 14:32:00+00:00,0.7375
2023-06-18 12:58:00+00:00,10.06
2023-06-01 07:38:00+00:00,6.1887
2023-04-20 01:58:00+00:00,1.6612
2023-02-12 18:57:00+00:00,15.14
2023-01-17 16:36:00+00:00,7.82
2023-05-15 14:27:00+00:00,12.5175
2023-04-06 23:05:00+00:00,7.4
2023-06-29 23:34:00+00:00,15.48
2023-03-27 01:20:00+00:00,3.3312
2023-03-22 08:37:00+00:00,12.3
2023-04-02 19:47:00+00:00,4.9138
2023-01-04 03:00:00+00:00,7.1537
2023-01-13 00:18:00+00:00,9.74
2023-06-24 06:42:00+00:00,4.7175
2023-05-16 03:36:00+00:00,2.9937
2023-01-27 14:38:00+00:00,10.02
2023-02-22 16:07:00+00:00,8.94
2023-01-25 00:37:00+00:00,3.23
2023-02-10 16:57:00+00:00,10.7
2023-05-03 02:51:00+00:00,7.0525
2023-05-09 20:01:00+00:00,6.685
2023-03-10 20:44:00+00:00,10.06
2023-02-23 05:16:00+00:00,0.9663
2023-06-24 18:59:00+00:00,11.4925
2023-05-10 09:01:00+00:00,14.48
2023-06-01 07:13:00+00:00,7.1387
2023-03-08 06:43:00+00:00,12.7575
2023-06-11 05:40:00+00:00,5.52
2023-03-04 02:34:00+00:00,4.1525
2023-03-11 21:44:00+00:00,0.5363
2023-01-27 02:03:00+00:00,8.02
2023-06-05 11:13:00+00:00,5.3438
2023-06-08 14:05:00+00:00,0.8475
2023-05-27 14:55:00+00:00,6.42
2023-02-22 16:41:00+00:00,10.84
2023-05-17 04:53:00+00:00,9.645
2023-04-13 18:06:00+00:00,11.54
2023-03-01 11:42:00+00:00,12.1237
2023-04-07 00:56:00+00:00,8.27
2023-05-18 17:36:00+00:00,10.24
2023-04-23 16:50:00+00:00,10.49
2023-02-08 14:31:00+00:00,11.5975
2023-04-20 13:24:00+00:00,11.28
2023-03-03 01:17:00+00:00,6.8012
2023-02-02 20:30:00+00:00,3.165
2023-01-27 02:03:00+00:00,14.42
2023-06-02 20:47:00+00:00,12.265
2023-04-01 06:55:00+00:00,3.8875
2023-01-17 16:28:00+00:00,9.42
2023-05-06 17:35:00+00:00,2.1812
2023-01-03 14:43:00+00:00,10.0775
2023-05-30 05:47:00+00:00,13.68
2023-06-25 19:07:00+00:00,1.0437
2023-04-28 21:25:00+00:00,9.6463
2023-03-27 01:37:00+00:00,9.2
2023-06-09 03:14:00+00:00,1.2738
2023-01-02 01:00:00+00:00,12.9012
2023-02-24 06:59:00+00:00,14.18
2023-04-29 22:08:00+00:00,12.1475
2023-01-09 08:09:00+00:00,7.16
2023-06-14 20:14:00+00:00,7.18
2023-05-21 08:45:00+00:00,3.5
2023-01-28 03:29:00+00:00,5.0838
2023-03-16 02:44:00+00:00,15.38
2023-05-14 01:19:00+00:00,0.8912
2023-03-04 02:08:00+00:00,1.7025
2023-02-16 10:49:00+00:00,6.82
2023-05-13 00:01:00+00:00,3.14
2023-03-14 00:44:00+00:00,2.79
2023-01-27 14:38:00+00:00,6.02
2023-03-18 04:02:00+00:00,12.145
2023-04-23 16:50:00+00:00,8.79
2023-05-03 02:17:00+00:00,6.74
2023-02-10 04:14:00+00:00,8.375
2023-02-05 23:47:00+00:00,10.1188
2023-05-22 09:37:00+00:00,13.92
2023-01-31 18:55:00+00:00,9.3125
2023-03-20 18:28:00+00:00,4.1725
2023-04-21 02:58:00+00:00,10.9
2023-05-07 18:52:00+00:00,10.9825
2023-04-10 15:31:00+00:00,6.0488
2023-04-27 08:08:00+00:00,7.02
2023-02-10 16:57:00+00:00,7.15
2023-02-03 09:30:00+00:00,8.1913
2023-04-14 19:31:00+00:00,10.76
2023-01-20 07:28:00+00:00,8.5488
2023-05-22 21:45:00+00:00,1.2262
2023-04-19 00:49:00+00:00,12.46
2023-05-14 13:36:00+00:00,5.9162
2023-01-30 05:29:00+00:00,1.8362
2023-03-22 08:02:00+00:00,7.1
2023-04-24 17:07:00+00:00,5.4912
2023-04-02 19:21:00+00:00,7.0137
2023-03-19 17:19:00+00:00,7.04
2023-01-03 14:17:00+00:00,3.6275
2023-06-04 22:56:00+00:00,1.9675
2023-06-08 02:48:00+00:00,6.26
2023-05-24 23:20:00+00:00,11.9288
2023-06-17 23:23:00+00:00,1.7588
2023-06-04 22:13:00+00:00,12.58
2023-05-03 02:51:00+00:00,9.5025
2023-03-28 02:12:00+00:00,1.2325
2023-02-26 20:33:00+00:00,13.02
2023-06-19 13:15:00+00:00,2.6862
2023-04-01 06:47:00+00:00,2.0875
2023-02-07 01:22:00+00:00,9.04
2023-06-01 07:21:00+00:00,12.3387
2023-04-28 09:42:00+00:00,7.84
2023-04-30 23:25:00+00:00,8.28
2023-03-24 22:03:00+00:00,6.4775
2023-05-02 01:25:00+00:00,5.6513
2023-03-23 21:11:00+00:00,8.72
2023-01-30 05:12:00+00:00,7.5362
2023-02-14 20:57:00+00:00,1.105
2023-02-14 08:57:00+00:00,7.58
2023-05-24 11:54:00+00:00,4.0038
2023-05-15 02:10:00+00:00,8.2925
2023-04-20 01:58:00+00:00,14.48
2023-05-07 06:18:00+00:00,3.4575
2023-05-16 15:53:00+00:00,12.4688
2023-05-26 01:37:00+00:00,10.8
2023-04-18 11:06:00+00:00,6.2337
2023-04-15 20:57:00+00:00,12.955
2023-03-01 23:17:00+00:00,11.48
2023-03-16 02:44:00+00:00,0.7925
2023-03-01 23:08:00+00:00,10.3987
2023-02-18 12:58:00+00:00,6.86
2023-05-07 06:00:00+00:00,12.9075
2023-01-30 05:55:00+00:00,6.6863
2023-02-18 00:58:00+00:00,12.06
2023-05-03 14:34:00+00:00,9.0775
2023-05-06 17:52:00+00:00,1.0813
2023-04-09 14:48:00+00:00,6.26
2023-03-07 05:00:00+00:00,1.7563
2023-01-10 21:27:00+00:00,1.0362
2023-01-01 00:51:00+00:00,6.7
2023-05-15 02:02:00+00:00,7.8925
2023-05-04 03:00:00+00:00,3.1538
2023-05-15 14:19:00+00:00,8.18
2023-02-09 15:05:00+00:00,8.7988
2023-01-11 10:01:00+00:00,0.6125
2023-01-08 19:18:00+00:00,6.84
2023-02-23 17:33:00+00:00,12.6913
2023-05-27 02:12:00+00:00,8.2825
2023-06-02 20:21:00+00:00,7.34
2023-03-05 15:00:00+00:00,1.8288
2023-02-25 19:42:00+00:00,3.8438
2023-05-13 12:27:00+00:00,8.54
2023-04-26 19:16:00+00:00,1.6938
2023-05-03 14:17:00+00:00,5.1275
2023-05-08 07:43:00+00:00,8.84
2023-04-11 04:22:00+00:00,1.675
2023-03-15 13:19:00+00:00,8.6662
2023-05-25 12:03:00+00:00,11.58
2023-06-27 21:08:00+00:00,10.5962
2023-04-03 20:38:00+00:00,1.915
2023-03-25 23:20:00+00:00,10.36
2023-04-30 23:59:00+00:00,11.88
2023-02-02 08:13:00+00:00,12.59
2023-05-05 16:17:00+00:00,11.98
2023-02-08 14:31:00+00:00,11.0975
2023-06-11 05:48:00+00:00,11.0262
2023-03-11 09:35:00+00:00,6.48
2023-05-23 22:46:00+00:00,7.6775
2023-06-28 10:59:00+00:00,4.0725
2023-04-29 22:42:00+00:00,7.46
2023-06-22 16:58:00+00:00,3.99
2023-06-01 07:21:00+00:00,2.8388
2023-03-21 07:11:00+00:00,8.68
2023-04-26 19:25:00+00:00,2.2437
2023-06-20 02:50:00+00:00,10.1625
2023-03-06 04:17:00+00:00,6.78
2023-03-26 00:37:00+00:00,7.18
2023-01-10 21:09:00+00:00,0.5363
2023-02-10 16:31:00+00:00,12.7
2023-03-28 02:20:00+00:00,6.8325
2023-03-30 04:29:00+00:00,5.635
2023-05-17 16:45:00+00:00,15.02
2023-03-09 07:43:00+00:00,3.5587
2023-01-20 07:37:00+00:00,2.9987
2023-03-12 22:18:00+00:00,12.9
2023-03-24 10:37:00+00:00,9.6525
2023-01-04 03:17:00+00:00,8.1037
2023-03-05 15:34:00+00:00,9.96
2023-01-13 12:01:00+00:00,3.365
2023-04-13 18:57:00+00:00,6.7025
2023-01-07 06:35:00+00:00,5.62
2023-03-16 02:44:00+00:00,7.6925
2023-05-02 13:17:00+00:00,2.8763
2023-02-08 02:39:00+00:00,12.66
2023-02-02 08:13:00+00:00,12.84
2023-02-16 10:23:00+00:00,1.6825
2023-01-12 11:44:00+00:00,5.72
2023-03-18 16:45:00+00:00,5.02
2023-05-06 05:52:00+00:00,4.9062
2023-02-23 17:41:00+00:00,14.56
2023-02-18 12:15:00+00:00,9.835
2023-06-26 08:42:00+00:00,12.22
2023-04-25 18:50:00+00:00,8.18
2023-05-31 18:21:00+00:00,5.0625
2023-05-04 15:43:00+00:00,11.3287
2023-04-17 22:40:00+00:00,12.42
2023-03-14 00:53:00+00:00,8.14
2023-02-17 11:23:00+00:00,6.8338
2023-03-20 18:36:00+00:00,14.26
2023-02-25 07:42:00+00:00,4.8688
2023-03-17 03:27:00+00:00,2.2938
2023-06-03 21:39:00+00:00,9.76
2023-06-25 07:59:00+00:00,1.0188
2023-05-17 16:45:00+00:00,11.42
2023-06-11 17:48:00+00:00,5.52
2023-03-28 14:29:00+00:00,12.8575
2023-03-15 01:44:00+00:00,8.5412
2023-04-19 00:49:00+00:00,10.06
2023-04-15 08:06:00+00:00,4.28
2023-03-19 17:36:00+00:00,8.6713
2023-03-22 08:45:00+00:00,5.9
2023-06-23 17:24:00+00:00,10.1412
2023-06-12 18:14:00+00:00,11.9025
2023-04-13 06:06:00+00:00,13.94
2023-01-02 01:43:00+00:00,0.7013
2023-02-06 12:05:00+00:00,2.245
2023-02-03 21:39:00+00:00,13.36
2023-02-18 12:06:00+00:00,6.985
2023-05-10 09:27:00+00:00,12.3613
2023-01-08 07:43:00+00:00,15.24
2023-01-03 02:34:00+00:00,6.3025
2023-04-02 07:47:00+00:00,9.0388
2023-04-29 10:59:00+00:00,8.26
2023-02-17 11:15:00+00:00,9.1837
2023-03-30 16:12:00+00:00,8.16
2023-02-11 17:23:00+00:00,9.52
2023-05-11 10:10:00+00:00,0.9125
2023-01-03 02:43:00+00:00,8.1525
2023-06-15 09:57:00+00:00,10.4
2023-06-10 16:57:00+00:00,8.0
2023-06-20 14:32:00+00:00,1.4375
2023-01-25 00:12:00+00:00,7.98
2023-02-09 15:14:00+00:00,8.9987
2023-06-08 02:56:00+00:00,4.5225
2023-02-28 10:16:00+00:00,8.26
2023-01-25 12:29:00+00:00,12.255
2023-02-17 11:32:00+00:00,1.8838
2023-04-14 07:14:00+00:00,12.36
2023-01-07 06:52:00+00:00,4.3575
2023-03-09 19:01:00+00:00,7.0338
2023-02-27 21:25:00+00:00,14.64
2023-06-07 13:56:00+00:00,1.8962
2023-02-24 06:59:00+00:00,10.3675
2023-02-02 08:13:00+00:00,7.34
2023-02-14 08:40:00+00:00,1.13
2023-01-28 03:55:00+00:00,2.9337
2023-03-07 17:43:00+00:00,11.6
2023-02-12 18:06:00+00:00,6.3525
2023-01-24 23:46:00+00:00,3.7287
2023-04-15 20:40:00+00:00,10.78
2023-04-09 02:39:00+00:00,2.5225
2023-04-04 09:13:00+00:00,13.76
2023-02-24 06:33:00+00:00,7.78
2023-06-24 18:42:00+00:00,7.3925
2023-03-24 10:20:00+00:00,9.6525
2023-01-08 07:18:00+00:00,10.04
2023-03-15 01:01:00+00:00,7.3913
2023-05-05 16:34:00+00:00,5.38
2023-05-29 16:55:00+00:00,12.46
2023-05-01 00:51:00+00:00,3.1
2023-03-05 15:00:00+00:00,4.4287
2023-04-27 20:42:00+00:00,13.82
2023-02-26 08:25:00+00:00,9.27
2023-06-07 13:05:00+00:00,2.8963
2023-05-15 14:27:00+00:00,8.58
2023-04-22 03:07:00+00:00,12.3138
2023-03-07 05:00:00+00:00,10.2562
2023-06-07 01:56:00+00:00,15.44
2023-06-05 11:13:00+00:00,5.6937
2023-06-14 20:57:00+00:00,9.655
2023-05-20 19:19:00+00:00,13.88
2023-03-27 01:55:00+00:00,5.3812
2023-05-10 09:52:00+00:00,9.2112
2023-03-12 10:52:00+00:00,14.1
2023-05-30 05:55:00+00:00,1.0863
2023-05-02 01:00:00+00:00,11.0512
2023-03-07 17:52:00+00:00,14.8
2023-01-24 11:54:00+00:00,5.0537
2023-03-18 04:19:00+00:00,5.445
2023-05-30 05:21:00+00:00,11.28
2023-06-26 20:50:00+00:00,11.845
2023-02-05 23:30:00+00:00,2.1187
2023-04-13 18:57:00+00:00,11.54
2023-02-28 10:25:00+00:00,5.7225
2023-06-06 00:05:00+00:00,0.92
2023-03-09 19:26:00+00:00,8.04
2023-03-25 23:20:00+00:00,0.9788
2023-06-07 01:48:00+00:00,9.6212
2023-04-12 17:31:00+00:00,10.72
2023-01-06 05:52:00+00:00,9.3562
2023-03-08 06:52:00+00:00,9.6075
2023-02-24 06:50:00+00:00,13.38
2023-02-05 23:56:00+00:00,8.7688
2023-02-20 14:58:00+00:00,1.0375
2023-05-26 13:37:00+00:00,8.0
2023-05-04 03:00:00+00:00,12.0538
2023-03-29 03:38:00+00:00,0.9338
2023-05-15 02:19:00+00:00,12.98
2023-05-29 16:21:00+00:00,5.56
2023-03-27 13:46:00+00:00,6.4062
2023-03-14 00:44:00+00:00,14.54
2023-01-21 08:02:00+00:00,6.7
2023-02-11 05:14:00+00:00,8.3262
2023-03-16 14:53:00+00:00,6.98
2023-04-16 21:49:00+00:00,10.7562
2023-05-29 16:12:00+00:00,10.41
2023-05-02 13:51:00+00:00,7.12
2023-02-14 08:57:00+00:00,5.88
2023-04-20 01:32:00+00:00,4.8113
2023-03-22 08:37:00+00:00,11.9
2023-01-13 12:27:00+00:00,8.465
2023-04-19 00:15:00+00:00,5.61
2023-04-17 22:15:00+00:00,10.02
2023-04-27 20:42:00+00:00,9.145
2023-03-07 17:17:00+00:00,9.4812
2023-01-30 17:55:00+00:00,10.88
2023-02-18 12:15:00+00:00,8.085
2023-06-17 11:15:00+00:00,9.2338
2023-02-11 05:48:00+00:00,13.12
2023-05-02 01:25:00+00:00,7.9013
2023-04-06 11:22:00+00:00,3.4937
2023-05-29 04:55:00+00:00,10.86
2023-05-01 00:00:00+00:00,10.95
2023-06-02 20:47:00+00:00,10.215
2023-06-24 06:42:00+00:00,12.58
2023-06-04 22:56:00+00:00,3.2175
2023-02-27 21:33:00+00:00,4.0962
2023-01-07 18:00:00+00:00,6.02
2023-06-10 04:22:00+00:00,3.075
2023-03-21 07:37:00+00:00,5.8487
2023-03-07 05:00:00+00:00,11.2
2023-01-22 21:45:00+00:00,3.3262
2023-04-05 22:30:00+00:00,5.5675
2023-06-01 07:30:00+00:00,9.32
2023-05-22 21:37:00+00:00,8.7762
2023-04-17 10:06:00+00:00,11.4325
2023-05-09 08:52:00+00:00,14.86
2023-04-16 09:15:00+00:00,5.2812
2023-03-24 22:54:00+00:00,5.7775
2023-01-15 14:10:00+00:00,7.78
2023-03-03 01:00:00+00:00,1.0012
2023-03-11 21:35:00+00:00,6.4363
2023-05-05 04:34:00+00:00,11.98
2023-06-14 20:32:00+00:00,11.155
2023-01-31 06:30:00+00:00,2.9375
2023-01-30 17:47:00+00:00,6.48
2023-02-06 12:39:00+00:00,5.145
2023-04-06 23:47:00+00:00,2.4688
2023-02-26 08:50:00+00:00,7.82
2023-06-18 00:06:00+00:00,12.31
2023-05-21 20:37:00+00:00,7.825
2023-02-24 06:07:00+00:00,13.38
2023-04-27 08:08:00+00:00,9.62
2023-06-02 08:21:00+00:00,1.24
2023-03-10 20:01:00+00:00,7.26
2023-03-12 22:01:00+00:00,10.4375
2023-03-22 08:45:00+00:00,12.75
2023-04-02 07:30:00+00:00,8.52
2023-03-16 02:19:00+00:00,7.8925
2023-01-23 10:37:00+00:00,6.0525
2023-03-28 14:46:00+00:00,14.42
2023-04-15 08:14:00+00:00,4.63
2023-06-21 15:50:00+00:00,9.0388
2023-02-27 21:25:00+00:00,11.84
2023-02-22 16:16:00+00:00,1.04
2023-05-19 06:02:00+00:00,5.4475
2023-06-29 11:08:00+00:00,5.88
2023-03-15 01:27:00+00:00,2.0913
2023-02-28 22:59:00+00:00,5.7975
2023-05-04 03:51:00+00:00,10.36
2023-04-15 20:49:00+00:00,11.855
2023-02-24 18:33:00+00:00,11.2425
2023-04-21 14:58:00+00:00,10.5
2023-05-18 17:11:00+00:00,5.1212
2023-06-09 15:05:00+00:00,0.5487
2023-02-08 02:39:00+00:00,10.66
2023-01-16 15:36:00+00:00,6.0687
2023-05-31 06:21:00+00:00,4.5875
2023-06-02 08:38:00+00:00,15.34
2023-03-22 20:20:00+00:00,7.175
2023-05-25 12:03:00+00:00,4.205
2023-06-22 04:50:00+00:00,12.94
2023-01-04 03:43:00+00:00,12.4038
2023-04-04 21:30:00+00:00,9.5162
2023-01-25 12:54:00+00:00,12.38
2023-01-09 20:01:00+00:00,5.285
2023-02-03 21:30:00+00:00,9.8663
2023-06-16 10:32:00+00:00,12.82
2023-02-11 05:23:00+00:00,7.9262
2023-02-26 08:42:00+00:00,2.22
2023-02-04 10:47:00+00:00,7.78
2023-04-26 07:59:00+00:00,12.3688
2023-06-06 12:30:00+00:00,10.295
2023-06-01 19:55:00+00:00,14.92
2023-04-07 00:48:00+00:00,3.82
2023-06-27 09:16:00+00:00,10.2713
2023-03-09 07:09:00+00:00,10.44
2023-04-22 15:41:00+00:00,5.1387
2023-02-15 21:23:00+00:00,7.1562
2023-03-25 23:46:00+00:00,13.56
2023-05-27 14:38:00+00:00,5.1575
2023-06-14 08:06:00+00:00,13.18
2023-02-08 14:31:00+00:00,11.46
2023-01-01 00:00:00+00:00,5.55
2023-04-18 23:23:00+00:00,7.5587
2023-06-22 04:41:00+00:00,6.54
2023-01-14 13:10:00+00:00,2.6162
2023-04-18 23:23:00+00:00,6.9088
2023-05-27 02:29:00+00:00,6.02
2023-03-07 05:26:00+00:00,6.8563
2023-03-24 10:37:00+00:00,10.2525
2023-04-16 21:49:00+00:00,14.0
2023-01-19 06:36:00+00:00,0.8975
2023-04-12 17:14:00+00:00,8.4013
2023-06-15 09:15:00+00:00,10.8
2023-05-30 17:38:00+00:00,4.0113
2023-03-07 05:00:00+00:00,0.9062
2023-02-18 00:24:00+00:00,12.46
2023-01-25 00:12:00+00:00,6.63
2023-06-10 04:40:00+00:00,12.125
2023-06-14 20:49:00+00:00,10.78
2023-01-15 02:27:00+00:00,12.7925
2023-05-10 09:01:00+00:00,1.4613
2023-03-11 09:44:00+00:00,10.48
2023-02-09 03:39:00+00:00,9.8737
2023-06-25 19:59:00+00:00,3.4937
2023-05-08 19:01:00+00:00,13.64
2023-05-13 12:10:00+00:00,2.515
2023-02-04 22:56:00+00:00,3.4175
2023-01-09 08:01:00+00:00,6.06
2023-01-29 04:04:00+00:00,4.135
2023-05-18 17:36:00+00:00,7.0213
2023-01-28 03:55:00+00:00,8.44
2023-04-19 00:06:00+00:00,6.91
2023-01-13 00:27:00+00:00,4.29
2023-02-26 08:16:00+00:00,11.82
2023-01-28 15:55:00+00:00,4.3087
2023-01-16 03:19:00+00:00,5.4437
2023-01-22 21:37:00+00:00,5.92
2023-05-27 02:38:00+00:00,11.0325
2023-03-23 09:20:00+00:00,6.4013
2023-01-06 05:26:00+00:00,7.6
2023-03-01 23:34:00+00:00,1.5488
2023-06-15 21:49:00+00:00,3.7563
2023-04-10 03:57:00+00:00,14.28
2023-06-13 07:31:00+00:00,11.7788
2023-01-30 05:55:00+00:00,0.7863
2023-03-10 08:26:00+00:00,12.86
2023-04-28 21:25:00+00:00,12.8462
2023-04-13 18:31:00+00:00,6.1025
2023-03-08 18:35:00+00:00,9.22
2023-05-28 03:38:00+00:00,6.84
2023-04-23 16:24:00+00:00,12.14
2023-06-04 22:47:00+00:00,13.78
2023-06-13 07:23:00+00:00,2.2788
2023-01-28 03:03:00+00:00,12.6837
2023-05-25 00:54:00+00:00,8.78
2023-03-09 07:26:00+00:00,11.2587
2023-04-08 01:39:00+00:00,11.6212
2023-04-15 08:23:00+00:00,12.78
2023-02-09 03:57:00+00:00,2.0237
2023-01-29 04:21:00+00:00,2.685
2023-01-28 15:21:00+00:00,11.64
2023-03-25 11:37:00+00:00,5.3037
2023-04-04 21:39:00+00:00,0.8662
2023-03-25 23:20:00+00:00,7.16
2023-04-16 09:23:00+00:00,12.7312
2023-05-11 10:10:00+00:00,6.4625
2023-06-11 05:23:00+00:00,12.32
2023-04-04 21:56:00+00:00,6.4662
2023-05-31 06:47:00+00:00,12.6375
2023-04-07 00:22:00+00:00,5.82
2023-04-28 09:51:00+00:00,7.0713
2023-02-18 12:24:00+00:00,2.885
2023-01-16 03:36:00+00:00,10.6
2023-05-27 14:55:00+00:00,0.6575
2023-03-22 20:45:00+00:00,3.625
2023-01-03 14:17:00+00:00,15.14
2023-02-23 17:59:00+00:00,9.1913
2023-06-10 16:14:00+00:00,9.35
2023-06-18 12:58:00+00:00,14.86
2023-04-06 23:39:00+00:00,3.4188
2023-01-02 01:25:00+00:00,2.9013
2023-01-13 12:27:00+00:00,9.34
2023-05-16 03:02:00+00:00,4.0938
2023-05-18 05:53:00+00:00,4.8463
2023-05-29 16:04:00+00:00,9.66
2023-02-19 01:49:00+00:00,4.3613
2023-06-12 06:40:00+00:00,3.4775
2023-05-26 13:20:00+00:00,8.8
2023-01-01 00:34:00+00:00,12.95
2023-05-16 03:36:00+00:00,7.4437
2023-01-13 12:27:00+00:00,13.74
2023-06-27 21:08:00+00:00,9.1962
2023-03-27 13:37:00+00:00,1.2563
2023-06-24 18:16:00+00:00,8.58
2023-02-14 20:32:00+00:00,1.405
2023-01-12 23:10:00+00:00,10.4388
2023-05-14 13:19:00+00:00,10.16
2023-06-26 08:16:00+00:00,8.32
2023-02-18 00:58:00+00:00,11.76
2023-04-11 04:48:00+00:00,5.9
2023-05-19 18:19:00+00:00,6.0725
2023-05-30 17:29:00+00:00,8.0113
2023-06-13 07:57:00+00:00,7.56
2023-01-19 06:54:00+00:00,3.8975
2023-06-15 09:23:00+00:00,10.8812
2023-06-29 23:42:00+00:00,7.48
2023-01-18 05:28:00+00:00,3.2963
2023-02-28 10:51:00+00:00,6.6225
2023-05-21 20:45:00+00:00,13.1
2023-05-24 11:29:00+00:00,0.9038
2023-01-31 06:04:00+00:00,1.7375
2023-04-15 20:06:00+00:00,9.18
2023-02-25 07:50:00+00:00,4.1188
2023-03-07 17:26:00+00:00,7.8312
2023-02-01 07:04:00+00:00,6.52
2023-04-15 08:06:00+00:00,3.13
2023-04-17 22:15:00+00:00,10.3075
2023-05-24 11:54:00+00:00,5.56
2023-05-07 06:00:00+00:00,2.1075
2023-02-19 01:15:00+00:00,3.0112
2023-03-31 17:38:00+00:00,12.48
2023-04-18 11:15:00+00:00,7.9837
2023-02-12 18:40:00+00:00,1.5025
2023-01-06 05:35:00+00:00,12.4
2023-02-25 19:16:00+00:00,3.5438
2023-03-16 02:44:00+00:00,1.6925
2023-03-19 05:53:00+00:00,11.44
2023-02-25 07:33:00+00:00,7.7188
2023-03-09 07:26:00+00:00,8.9087
2023-01-17 04:28:00+00:00,12.22
2023-01-08 19:01:00+00:00,11.5838
2023-06-21 15:58:00+00:00,9.6888
2023-06-14 20:40:00+00:00,6.38
2023-04-23 04:41:00+00:00,10.415
2023-03-05 15:43:00+00:00,6.0287
2023-03-13 11:44:00+00:00,13.32
2023-06-24 06:24:00+00:00,10.9675
2023-02-03 09:39:00+00:00,1.3912
2023-03-31 05:47:00+00:00,10.08
2023-01-01 00:25:00+00:00,6.8
2023-03-23 21:45:00+00:00,11.8763
2023-03-05 15:09:00+00:00,7.16
2023-04-15 20:57:00+00:00,0.855
2023-06-18 12:06:00+00:00,2.185
2023-04-13 06:06:00+00:00,10.34
2023-04-23 16:58:00+00:00,1.64
2023-01-30 05:55:00+00:00,11.2363
2023-02-14 08:40:00+00:00,5.58
2023-01-20 07:19:00+00:00,3.9487
2023-02-18 00:49:00+00:00,13.66
2023-06-26 08:25:00+00:00,7.02
2023-06-16 10:06:00+00:00,6.6325
2023-04-27 08:16:00+00:00,5.67
2023-02-04 22:30:00+00:00,6.98
2023-06-26 20:25:00+00:00,3.795
2023-01-29 16:55:00+00:00,10.46
2023-03-30 04:46:00+00:00,12.06
2023-06-20 14:07:00+00:00,6.6375
2023-04-23 16:16:00+00:00,7.99
2023-02-06 12:30:00+00:00,10.22
2023-05-01 00:25:00+00:00,1.3
2023-03-31 17:12:00+00:00,1.5112
2023-02-08 02:05:00+00:00,7.86
2023-01-04 03:51:00+00:00,5.9037
2023-05-13 12:01:00+00:00,10.415
2023-05-16 15:02:00+00:00,13.0
2023-06-22 04:33:00+00:00,2.965
2023-02-23 17:07:00+00:00,7.5912
2023-05-13 12:18:00+00:00,14.14
2023-02-23 05:33:00+00:00,11.2662
2023-01-07 06:18:00+00:00,10.4575
2023-01-05 16:26:00+00:00,8.38
2023-02-05 23:56:00+00:00,9.3688
2023-03-22 08:28:00+00:00,1.05
2023-02-08 14:05:00+00:00,10.26
2023-05-31 18:21:00+00:00,3.5625
2023-02-10 04:48:00+00:00,10.775
2023-06-01 19:13:00+00:00,14.92
2023-05-10 21:01:00+00:00,4.0862
2023-02-06 12:30:00+00:00,5.845
2023-06-13 07:06:00+00:00,9.96
2023-03-05 03:26:00+00:00,2.4038
2023-04-23 04:33:00+00:00,3.065
2023-06-07 13:31:00+00:00,13.44
2023-05-04 15:51:00+00:00,1.9788
2023-04-22 15:33:00+00:00,1.6887
2023-06-02 08:47:00+00:00,6.94
2023-01-05 04:34:00+00:00,9.805
2023-05-17 04:10:00+00:00,8.495
2023-05-26 01:12:00+00:00,15.2
2023-06-04 22:13:00+00:00,5.9175
2023-01-22 21:37:00+00:00,2.3262
2023-06-12 18:23:00+00:00,8.34
2023-02-12 18:14:00+00:00,9.0025
2023-05-21 08:37:00+00:00,1.15
2023-02-24 06:33:00+00:00,10.18
2023-04-13 18:31:00+00:00,4.8525
2023-01-06 05:09:00+00:00,5.5563
2023-06-13 07:57:00+00:00,11.16
2023-01-31 06:21:00+00:00,9.3
2023-05-08 07:18:00+00:00,1.7588
2023-06-25 19:33:00+00:00,9.8
2023-01-24 11:29:00+00:00,7.0537
2023-01-30 17:12:00+00:00,2.3113
2023-05-23 22:54:00+00:00,12.34
2023-02-19 13:24:00+00:00,6.6363
2023-06-09 15:22:00+00:00,6.2988
2023-06-06 00:56:00+00:00,15.02
2023-03-28 02:20:00+00:00,7.3325
2023-01-01 00:42:00+00:00,5.7
2023-04-18 23:32:00+00:00,6.04
2023-04-09 14:31:00+00:00,11.8475
2023-01-07 18:26:00+00:00,10.0825
2023-03-28 02:03:00+00:00,6.82
2023-04-28 21:16:00+00:00,1.5462
2023-03-12 10:52:00+00:00,10.3125
2023-06-06 00:13:00+00:00,7.02
2023-02-17 11:06:00+00:00,1.0837
2023-01-20 07:19:00+00:00,8.3987
2023-01-26 01:12:00+00:00,5.6
2023-01-26 13:03:00+00:00,3.6063
2023-03-20 18:11:00+00:00,9.4725
2023-04-28 09:08:00+00:00,10.24
2023-03-23 21:28:00+00:00,1.2763
2023-04-02 19:47:00+00:00,0.7137
2023-01-04 15:17:00+00:00,9.16
2023-03-02 12:25:00+00:00,3.375
2023-03-23 09:11:00+00:00,11.5013
2023-02-19 01:58:00+00:00,11.68
2023-04-16 09:15:00+00:00,1.0312
2023-03-11 21:09:00+00:00,8.6363
2023-06-26 08:08:00+00:00,7.42
2023-04-04 09:39:00+00:00,12.7413
2023-04-07 12:13:00+00:00,4.495
2023-06-08 14:22:00+00:00,6.66
2023-04-22 15:24:00+00:00,10.2888
2023-01-13 12:01:00+00:00,4.765
2023-04-22 15:15:00+00:00,13.32
2023-01-30 17:04:00+00:00,5.9612
2023-02-16 22:23:00+00:00,3.4075
2023-02-24 18:42:00+00:00,8.98
2023-05-30 05:21:00+00:00,3.4863
2023-02-13 07:06:00+00:00,8.1788
2023-01-05 16:34:00+00:00,6.78
2023-04-17 10:32:00+00:00,2.5825
2023-03-09 07:26:00+00:00,2.6088
2023-02-12 06:57:00+00:00,8.34
2023-02-08 14:14:00+00:00,6.2475
2023-03-13 11:44:00+00:00,4.6638
2023-05-13 12:36:00+00:00,10.54
2023-06-03 09:47:00+00:00,10.0412
2023-05-24 23:11:00+00:00,12.3287
2023-03-18 04:19:00+00:00,6.22
2023-05-15 02:44:00+00:00,10.4925
2023-03-09 19:52:00+00:00,11.0838
2023-05-16 03:45:00+00:00,6.6
2023-03-10 08:01:00+00:00,7.56
2023-06-17 11:58:00+00:00,3.4337
2023-05-04 15:51:00+00:00,11.56
2023-02-26 08:25:00+00:00,6.12
2023-01-06 17:09:00+00:00,8.6813
2023-03-24 10:28:00+00:00,5.54
2023-02-14 08:32:00+00:00,11.63
2023-04-20 01:32:00+00:00,3.2113
2023-03-10 20:18:00+00:00,12.86
2023-01-17 04:28:00+00:00,1.195
2023-06-22 16:16:00+00:00,10.99
2023-02-23 17:41:00+00:00,12.96
2023-02-08 14:31:00+00:00,1.6475
2023-01-23 22:28:00+00:00,5.3775
2023-06-02 20:04:00+00:00,12.54
2023-06-24 06:59:00+00:00,12.6175
2023-06-16 22:15:00+00:00,9.8075
2023-03-10 20:01:00+00:00,6.06
2023-03-03 13:17:00+00:00,5.0263
2023-06-03 21:47:00+00:00,11.2662
2023-02-25 07:59:00+00:00,14.6
2023-01-27 02:29:00+00:00,3.8825
2023-06-25 07:50:00+00:00,10.9688
2023-05-17 04:53:00+00:00,10.22
2023-03-06 04:34:00+00:00,1.655
2023-01-08 19:18:00+00:00,10.1337
2023-01-29 16:29:00+00:00,10.86
2023-05-11 10:18:00+00:00,10.0125
2023-02-09 15:05:00+00:00,11.7988
2023-05-14 01:53:00+00:00,12.16
2023-05-21 20:45:00+00:00,9.425
2023-06-06 12:13:00+00:00,2.495
2023-06-09 03:48:00+00:00,13.48
2023-01-07 06:43:00+00:00,6.6575
2023-03-03 01:25:00+00:00,8.2012
2023-05-31 18:12:00+00:00,12.1
2023-03-22 20:37:00+00:00,5.375
2023-05-29 16:21:00+00:00,9.91
2023-05-04 03:09:00+00:00,10.36
2023-01-21 20:28:00+00:00,8.825
2023-04-23 04:33:00+00:00,4.715
2023-05-19 06:11:00+00:00,9.46
2023-02-07 13:56:00+00:00,5.0462
2023-06-05 11:47:00+00:00,8.6
2023-01-27 02:55:00+00:00,11.62
2023-04-26 19:33:00+00:00,3.4937
2023-06-29 23:42:00+00:00,10.0488
2023-05-05 04:34:00+00:00,7.98
2023-05-27 14:38:00+00:00,4.3075
2023-06-20 14:50:00+00:00,8.4875
2023-05-06 05:09:00+00:00,8.4
2023-04-14 07:23:00+00:00,6.1288
2023-03-19 05:11:00+00:00,1.2963
2023-01-16 15:10:00+00:00,5.8
2023-03-23 21:28:00+00:00,6.2763
2023-04-03 20:13:00+00:00,10.515
2023-04-06 23:22:00+00:00,8.6
2023-02-02 20:13:00+00:00,6.165
2023-05-07 06:52:00+00:00,10.3075
2023-02-09 15:22:00+00:00,6.28
2023-02-13 07:49:00+00:00,8.1288
2023-02-05 11:30:00+00:00,6.9938
2023-03-09 07:26:00+00:00,12.44
2023-06-17 23:49:00+00:00,10.1587
2023-02-15 09:23:00+00:00,2.1313
2023-04-02 19:21:00+00:00,8.52
2023-03-13 11:18:00+00:00,7.5637
2023-05-25 12:54:00+00:00,3.055
2023-02-13 07:23:00+00:00,12.76
2023-03-17 15:53:00+00:00,4.9688
2023-06-02 08:56:00+00:00,4.99
2023-03-21 07:02:00+00:00,12.68
2023-05-02 01:25:00+00:00,4.2513
2023-05-28 03:21:00+00:00,1.8838
2023-02-26 20:33:00+00:00,15.02
2023-04-21 14:32:00+00:00,11.5875
2023-02-20 14:50:00+00:00,11.3875
2023-06-04 22:13:00+00:00,6.18
2023-03-06 16:09:00+00:00,10.68
2023-01-07 18:00:00+00:00,7.2825
2023-03-15 13:53:00+00:00,13.76
2023-01-25 00:54:00+00:00,12.48
2023-05-26 01:29:00+00:00,4.6813
2023-06-24 18:33:00+00:00,9.38
2023-05-14 01:27:00+00:00,6.0412
2023-06-14 08:32:00+00:00,3.93
2023-05-24 11:20:00+00:00,8.76
2023-04-10 03:39:00+00:00,10.9238
2023-04-18 23:49:00+00:00,1.1088
2023-04-08 13:05:00+00:00,14.64
2023-02-05 11:05:00+00:00,4.6437
2023-01-21 20:20:00+00:00,6.675
2023-04-05 22:04:00+00:00,9.78
2023-06-22 04:41:00+00:00,13.34
2023-04-22 15:58:00+00:00,9.1888
2023-04-27 20:42:00+00:00,11.82
2023-02-24 06:50:00+00:00,7.7675
2023-01-27 02:03:00+00:00,12.6825
2023-06-27 21:51:00+00:00,13.04
2023-01-18 05:19:00+00:00,8.2462
2023-04-04 09:13:00+00:00,8.9913
2023-02-14 08:40:00+00:00,7.98
2023-04-02 19:38:00+00:00,7.2637
2023-06-22 16:33:00+00:00,4.74
2023-04-18 11:41:00+00:00,6.44
2023-04-01 18:30:00+00:00,6.5625
2023-06-19 13:07:00+00:00,0.6362
2023-05-29 16:46:00+00:00,12.86
2023-06-18 00:24:00+00:00,9.06
2023-06-09 15:22:00+00:00,5.6988
2023-02-06 12:30:00+00:00,8.22
2023-03-28 14:46:00+00:00,12.5575
2023-05-03 02:43:00+00:00,4.5025
2023-05-13 00:53:00+00:00,8.54
2023-02-14 08:06:00+00:00,3.43
2023-04-05 22:22:00+00:00,6.0675
2023-01-22 09:54:00+00:00,9.92
2023-06-27 21:16:00+00:00,2.4463
2023-01-21 08:28:00+00:00,6.45
2023-01-31 06:21:00+00:00,9.7
2023-05-08 07:52:00+00:00,0.9587
2023-06-02 08:38:00+00:00,1.74
2023-05-23 10:46:00+00:00,6.74
2023-04-25 06:16:00+00:00,5.3175
2023-04-23 04:41:00+00:00,2.465
2023-01-17 04:53:00+00:00,10.22
2023-06-14 20:23:00+00:00,3.405
2023-04-29 10:16:00+00:00,2.2225
2023-05-24 11:03:00+00:00,7.56
2023-05-01 00:25:00+00:00,12.4
2023-03-11 09:27:00+00:00,6.5613
2023-03-15 01:19:00+00:00,14.96
2023-05-01 12:08:00+00:00,10.675
2023-05-28 15:21:00+00:00,2.4588
2023-01-14 01:44:00+00:00,13.36
2023-05-16 03:36:00+00:00,10.5938
2023-06-03 21:56:00+00:00,3.8662
2023-05-20 07:11:00+00:00,13.48
2023-02-10 16:05:00+00:00,1.6
2023-04-22 03:50:00+00:00,4.0638
2023-03-29 03:46:00+00:00,13.64
2023-01-11 10:18:00+00:00,8.9625
2023-06-18 12:41:00+00:00,1.785
2023-05-08 07:26:00+00:00,11.24
2023-05-24 23:46:00+00:00,7.7287
2023-02-13 19:23:00+00:00,9.3537
2023-01-21 08:54:00+00:00,7.1
2023-02-22 16:07:00+00:00,10.54
2023-02-13 07:06:00+00:00,1.3788
2023-01-01 00:25:00+00:00,7.1
2023-01-18 05:45:00+00:00,10.5463
2023-05-14 13:53:00+00:00,4.3163
2023-04-05 22:22:00+00:00,11.78
2023-05-22 09:11:00+00:00,0.7512
2023-05-08 07:52:00+00:00,2.0088
2023-05-07 18:09:00+00:00,8.82
2023-01-14 13:36:00+00:00,7.7663
2023-01-21 20:20:00+00:00,9.675
2023-03-07 05:35:00+00:00,6.8
2023-04-06 11:22:00+00:00,3.5938
2023-06-14 08:57:00+00:00,7.63
2023-06-10 16:14:00+00:00,5.9
2023-06-27 21:42:00+00:00,8.4462
2023-03-23 09:37:00+00:00,7.4512
2023-06-20 02:58:00+00:00,12.1
2023-01-08 19:52:00+00:00,8.1337
2023-01-06 05:35:00+00:00,4.6562
2023-06-19 13:41:00+00:00,12.88
2023-06-08 14:22:00+00:00,7.3475
2023-04-10 15:57:00+00:00,7.2988
2023-05-14 13:19:00+00:00,14.16
2023-03-10 08:52:00+00:00,3.76
2023-05-24 23:11:00+00:00,8.3287
2023-01-19 18:54:00+00:00,5.86
2023-06-28 10:34:00+00:00,4.0725
2023-06-04 10:13:00+00:00,12.9925
2023-03-18 16:53:00+00:00,10.22
2023-06-21 15:15:00+00:00,10.4388
2023-02-26 08:33:00+00:00,2.97
2023-01-18 05:11:00+00:00,14.24
2023-05-04 15:26:00+00:00,9.9288
2023-02-05 23:39:00+00:00,8.5687
2023-02-23 17:59:00+00:00,7.76
2023-03-23 09:54:00+00:00,10.0512
2023-04-15 20:40:00+00:00,10.105
2023-04-27 08:50:00+00:00,14.62
2023-06-26 08:16:00+00:00,2.17
2023-01-08 07:43:00+00:00,11.6088
2023-06-28 22:51:00+00:00,15.06
2023-05-16 03:27:00+00:00,12.9938
2023-06-03 09:47:00+00:00,8.8413
2023-04-09 14:05:00+00:00,15.46
2023-03-25 11:46:00+00:00,7.2038
2023-03-30 16:38:00+00:00,13.66
2023-03-17 15:45:00+00:00,13.0
2023-06-21 15:07:00+00:00,1.6887
2023-03-28 02:55:00+00:00,10.5825
2023-06-09 03:39:00+00:00,8.28
2023-06-27 21:25:00+00:00,9.7963
2023-06-27 09:42:00+00:00,2.7713
2023-02-11 17:40:00+00:00,11.12
2023-06-10 04:22:00+00:00,10.875
2023-04-17 22:06:00+00:00,5.0575
2023-06-07 01:48:00+00:00,7.44
2023-03-11 21:44:00+00:00,7.6863
2023-03-27 01:12:00+00:00,0.5312
2023-01-02 01:00:00+00:00,9.52
2023-01-30 17:12:00+00:00,5.3613
2023-02-08 14:14:00+00:00,5.2475
2023-04-08 01:48:00+00:00,7.84
2023-03-29 15:38:00+00:00,9.8087
2023-01-23 10:03:00+00:00,12.1525
2023-06-10 04:48:00+00:00,11.9
2023-03-08 18:35:00+00:00,6.5325
2023-02-26 08:42:00+00:00,9.32
2023-05-28 03:46:00+00:00,6.04
2023-03-28 02:20:00+00:00,5.4825
2023-03-21 07:11:00+00:00,10.4488
2023-05-18 05:28:00+00:00,15.04
2023-05-04 03:17:00+00:00,0.6038
2023-05-29 04:38:00+00:00,5.435
2023-01-01 00:08:00+00:00,15.1
2023-03-30 04:29:00+00:00,8.185
2023-06-14 08:49:00+00:00,5.53
2023-01-15 14:27:00+00:00,10.18
2023-04-13 06:40:00+00:00,4.1775
2023-06-08 02:22:00+00:00,8.5725
2023-05-02 01:25:00+00:00,11.52
2023-04-05 10:39:00+00:00,11.1925
2023-01-13 12:10:00+00:00,4.665
2023-03-11 09:44:00+00:00,10.48
2023-01-22 09:54:00+00:00,10.0013
2023-04-08 01:56:00+00:00,1.8713
2023-04-16 21:40:00+00:00,8.0
2023-05-16 15:53:00+00:00,3.3687
2023-02-19 13:07:00+00:00,5.7363
2023-04-30 11:17:00+00:00,14.68
2023-04-17 22:15:00+00:00,5.7575
2023-05-25 00:46:00+00:00,5.83
2023-02-03 09:04:00+00:00,14.16
2023-02-06 12:22:00+00:00,2.445
2023-03-22 08:37:00+00:00,2.6
2023-04-21 14:50:00+00:00,9.3
2023-04-14 07:23:00+00:00,12.36
2023-05-03 02:17:00+00:00,12.7025
2023-01-26 13:55:00+00:00,14.0
2023-03-19 17:36:00+00:00,12.0712
2023-05-13 00:18:00+00:00,11.94
2023-04-08 13:48:00+00:00,8.64
2023-05-04 15:09:00+00:00,5.1787
2023-05-26 01:37:00+00:00,1.7312
2023-05-21 20:11:00+00:00,6.7
2023-03-10 20:44:00+00:00,12.585
2023-01-30 17:29:00+00:00,2.5612
2023-05-16 15:02:00+00:00,8.6
2023-02-26 20:42:00+00:00,12.445
2023-06-26 08:50:00+00:00,10.07
2023-02-09 03:31:00+00:00,13.08
2023-06-26 20:50:00+00:00,9.045
2023-01-17 04:45:00+00:00,5.895
2023-01-25 12:20:00+00:00,7.18
2023-05-25 12:20:00+00:00,9.255
2023-06-07 13:31:00+00:00,8.6962
2023-03-02 00:51:00+00:00,13.9
2023-05-25 00:03:00+00:00,9.53
2023-03-10 08:18:00+00:00,4.41
2023-02-20 14:15:00+00:00,10.1
2023-02-28 22:34:00+00:00,8.1475
2023-03-26 00:46:00+00:00,2.53
2023-05-06 05:35:00+00:00,8.0
2023-03-19 17:11:00+00:00,8.0712
2023-06-23 05:33:00+00:00,1.7663
2023-02-27 09:59:00+00:00,7.04
2023-05-10 21:35:00+00:00,5.9363
2023-06-02 20:38:00+00:00,9.815
2023-02-04 22:39:00+00:00,10.58
2023-06-12 18:06:00+00:00,1.9025
2023-03-09 19:35:00+00:00,10.9838
2023-04-13 06:06:00+00:00,8.74
2023-03-15 13:01:00+00:00,3.0663
2023-03-23 09:03:00+00:00,9.7513
2023-01-20 07:19:00+00:00,11.08
2023-02-25 19:42:00+00:00,5.3937
2023-04-16 21:49:00+00:00,8.7063
2023-03-09 07:01:00+00:00,8.44
2023-02-22 04:41:00+00:00,6.965
2023-02-21 15:07:00+00:00,8.8887
2023-05-04 15:43:00+00:00,15.16
2023-05-17 16:53:00+00:00,7.57
2023-04-08 13:48:00+00:00,1.3462
2023-04-21 14:07:00+00:00,7.7
2023-06-21 15:15:00+00:00,12.7888
2023-06-14 08:57:00+00:00,12.33
2023-04-30 23:17:00+00:00,13.88
2023-05-01 00:00:00+00:00,12.55
2023-06-22 04:33:00+00:00,11.765
2023-01-17 04:10:00+00:00,11.82
2023-04-12 05:57:00+00:00,12.6762
2023-03-07 17:43:00+00:00,2.8813
2023-03-29 03:03:00+00:00,8.04
2023-06-24 06:42:00+00:00,1.6175
2023-03-28 14:12:00+00:00,3.3575
2023-04-25 18:07:00+00:00,7.38
2023-04-07 12:48:00+00:00,5.945
2023-01-20 07:11:00+00:00,9.5488
2023-01-30 17:12:00+00:00,10.08
2023-01-28 15:38:00+00:00,12.2587
2023-01-01 00:08:00+00:00,7.4
2023-01-19 18:28:00+00:00,6.26
2023-03-22 20:28:00+00:00,9.825
2023-04-19 00:58:00+00:00,7.86
2023-04-30 23:25:00+00:00,8.28
2023-05-02 01:43:00+00:00,11.0512
2023-04-05 10:30:00+00:00,5.8425
2023-05-12 23:18:00+00:00,8.12
2023-06-27 21:33:00+00:00,4.7462
2023-02-07 01:05:00+00:00,8.0213
2023-06-06 00:48:00+00:00,9.82
2023-02-01 07:04:00+00:00,10.7387
2023-02-09 03:39:00+00:00,8.4238
2023-04-01 06:12:00+00:00,14.1
2023-04-18 11:41:00+00:00,11.4337
2023-04-05 22:39:00+00:00,9.5675
2023-01-05 04:09:00+00:00,6.38
2023-05-22 21:03:00+00:00,0.6262
2023-06-02 20:30:00+00:00,8.165
2023-02-18 00:41:00+00:00,10.46
2023-06-29 23:42:00+00:00,5.2988
2023-01-18 05:53:00+00:00,4.4463
2023-02-14 08:40:00+00:00,11.98
2023-03-01 11:42:00+00:00,6.3738
2023-03-21 07:37:00+00:00,6.7988
2023-04-14 07:23:00+00:00,5.96
2023-03-30 04:46:00+00:00,5.835
2023-03-31 05:47:00+00:00,7.5862
2023-04-19 12:32:00+00:00,6.06
2023-01-03 14:43:00+00:00,2.8775
2023-03-13 11:01:00+00:00,12.8637
2023-05-14 01:27:00+00:00,10.16
2023-03-06 16:26:00+00:00,2.98
2023-05-11 10:01:00+00:00,1.0125
2023-05-23 10:03:00+00:00,5.54
2023-05-16 15:53:00+00:00,2.7188
2023-01-26 01:55:00+00:00,9.2
2023-05-26 13:37:00+00:00,11.2
2023-01-27 02:46:00+00:00,12.3325
2023-05-02 01:17:00+00:00,4.8012
2023-01-30 17:38:00+00:00,7.28
2023-02-08 02:31:00+00:00,10.6725
2023-02-05 11:22:00+00:00,10.8438
2023-04-23 16:33:00+00:00,12.54
2023-06-01 07:13:00+00:00,11.5887
2023-04-20 13:41:00+00:00,7.7363
2023-06-18 12:15:00+00:00,9.26
2023-05-13 00:36:00+00:00,7.94
2023-06-11 17:23:00+00:00,9.5013
2023-05-15 14:02:00+00:00,15.38
2023-01-11 10:18:00+00:00,8.9125
2023-06-17 11:41:00+00:00,6.9837
2023-01-06 17:17:00+00:00,10.0
2023-06-23 05:50:00+00:00,6.8662
2023-05-28 15:03:00+00:00,2.0587
2023-06-16 22:15:00+00:00,12.82
2023-02-07 01:39:00+00:00,1.5212
2023-02-26 20:25:00+00:00,7.145
2023-05-24 23:37:00+00:00,7.16
2023-02-11 17:40:00+00:00,9.2513
2023-03-02 00:00:00+00:00,12.1
2023-04-26 07:50:00+00:00,5.8
2023-04-20 01:32:00+00:00,2.1113
2023-03-12 10:01:00+00:00,3.5625
2023-05-28 03:55:00+00:00,10.84
2023-01-16 03:45:00+00:00,9.0938
2023-03-15 01:10:00+00:00,2.5412
2023-03-02 00:08:00+00:00,10.3
2023-04-12 17:23:00+00:00,4.9013
2023-01-04 03:34:00+00:00,6.0038
2023-06-10 04:40:00+00:00,14.7
2023-06-18 00:58:00+00:00,0.91
2023-04-10 15:57:00+00:00,3.3487
2023-05-09 08:52:00+00:00,5.66
2023-02-20 14:41:00+00:00,6.3875
2023-02-03 21:39:00+00:00,1.0162
2023-06-28 10:16:00+00:00,11.06
2023-06-14 20:57:00+00:00,5.855
2023-06-29 11:42:00+00:00,6.0738
2023-04-05 22:39:00+00:00,8.58
2023-01-25 00:46:00+00:00,6.23
2023-04-20 13:07:00+00:00,11.8863
2023-02-27 09:33:00+00:00,7.44
2023-05-25 12:12:00+00:00,6.105
2023-06-21 15:50:00+00:00,3.5387
2023-06-26 08:25:00+00:00,15.02
2023-05-05 16:09:00+00:00,11.18
2023-04-01 06:21:00+00:00,3.0375
2023-04-10 15:22:00+00:00,8.28
2023-05-29 04:21:00+00:00,10.385
2023-04-24 05:50:00+00:00,6.0163
2023-06-29 11:34:00+00:00,8.28
2023-04-09 14:56:00+00:00,1.9975
2023-05-01 00:34:00+00:00,12.15
2023-02-15 09:23:00+00:00,10.0
2023-01-16 03:36:00+00:00,2.0438
2023-05-11 22:44:00+00:00,8.0375
2023-01-20 07:28:00+00:00,7.48
2023-01-16 15:10:00+00:00,7.9188
2023-05-19 06:02:00+00:00,11.9475
2023-06-10 04:40:00+00:00,6.3
2023-02-27 21:51:00+00:00,9.7462
2023-01-21 20:54:00+00:00,5.875
2023-01-06 05:09:00+00:00,14.8
2023-06-16 22:40:00+00:00,3.7575
2023-05-16 03:27:00+00:00,3.4937
2023-01-04 15:00:00+00:00,13.96
2023-06-13 07:40:00+00:00,2.9787
2023-03-31 17:29:00+00:00,5.6612
2023-06-29 11:25:00+00:00,7.48
2023-04-16 09:57:00+00:00,6.7313
2023-05-09 08:01:00+00:00,1.96
2023-05-09 20:09:00+00:00,7.66
2023-05-23 22:03:00+00:00,10.0775
2023-03-24 22:20:00+00:00,1.8275
2023-04-19 00:58:00+00:00,10.06
2023-01-15 14:53:00+00:00,2.7175
2023-02-23 17:33:00+00:00,5.2412
2023-06-23 17:41:00+00:00,9.36
2023-01-26 01:12:00+00:00,7.9813
2023-04-10 03:31:00+00:00,4.2737
2023-04-03 08:04:00+00:00,15.34
2023-04-26 07:25:00+00:00,3.7687
2023-05-13 12:27:00+00:00,6.665
2023-01-19 06:28:00+00:00,15.46
2023-05-04 03:26:00+00:00,3.9537
2023-01-25 12:03:00+00:00,0.655
2023-04-23 04:16:00+00:00,15.34
2023-04-09 02:31:00+00:00,12.6725
2023-03-26 00:12:00+00:00,8.08
2023-06-27 09:59:00+00:00,9.44
2023-03-19 17:11:00+00:00,7.4713
2023-03-06 04:34:00+00:00,3.655
2023-03-08 06:00:00+00:00,12.42
2023-06-05 11:05:00+00:00,9.3438
2023-04-30 11:51:00+00:00,1.6238
2023-06-23 05:50:00+00:00,8.16
2023-04-12 17:14:00+00:00,2.2512
2023-05-02 01:08:00+00:00,2.7012
2023-02-14 20:14:00+00:00,11.98
2023-01-28 03:21:00+00:00,3.1338
2023-01-22 21:20:00+00:00,5.0762
2023-03-29 15:55:00+00:00,12.44
2023-01-29 04:46:00+00:00,9.435
2023-02-11 05:14:00+00:00,12.4262
2023-03-31 17:55:00+00:00,5.68
2023-04-22 15:07:00+00:00,5.4387
2023-02-24 06:59:00+00:00,3.8675
2023-06-03 21:21:00+00:00,10.96
2023-05-17 16:19:00+00:00,12.37
2023-01-18 17:45:00+00:00,7.8213
2023-02-19 13:07:00+00:00,9.68
2023-05-21 20:45:00+00:00,2.975
2023-06-26 08:50:00+00:00,4.27
2023-01-15 14:53:00+00:00,9.78
2023-02-15 21:32:00+00:00,4.1562
2023-02-01 07:21:00+00:00,0.7888
2023-05-27 02:03:00+00:00,10.82
2023-04-02 19:47:00+00:00,12.0638
2023-05-23 22:11:00+00:00,9.1775
2023-01-23 22:37:00+00:00,14.74
2023-03-24 10:20:00+00:00,2.6525
2023-06-28 22:08:00+00:00,12.4975
2023-01-03 02:00:00+00:00,11.54
2023-02-17 11:58:00+00:00,6.1837
2023-01-19 18:19:00+00:00,6.9225
2023-04-17 10:49:00+00:00,8.42
2023-01-12 11:53:00+00:00,1.3137
2023-06-17 23:32:00+00:00,3.0587
2023-02-17 11:41:00+00:00,5.64
2023-02-13 19:49:00+00:00,12.7037
2023-01-18 05:11:00+00:00,11.7963
2023-02-06 00:22:00+00:00,5.82
2023-05-05 16:34:00+00:00,0.53
2023-03-12 22:01:00+00:00,1.1375
2023-01-03 14:34:00+00:00,5.94
2023-06-24 18:42:00+00:00,8.1925
2023-01-03 02:08:00+00:00,9.5025
2023-06-15 09:23:00+00:00,11.6
2023-06-07 01:22:00+00:00,8.6212
2023-03-24 10:20:00+00:00,0.8025
2023-05-15 02:10:00+00:00,9.78
2023-04-13 06:48:00+00:00,5.4775
2023-04-27 08:16:00+00:00,4.72
2023-05-02 01:08:00+00:00,14.72
2023-03-28 02:20:00+00:00,3.5325
2023-05-15 14:02:00+00:00,13.38
2023-06-27 09:33:00+00:00,13.44
2023-03-29 15:12:00+00:00,4.5587
2023-01-09 08:44:00+00:00,8.71
2023-02-24 06:07:00+00:00,6.98
2023-05-18 05:53:00+00:00,12.9462
2023-06-16 22:40:00+00:00,6.3075
2023-03-01 11:25:00+00:00,9.08
2023-04-29 10:34:00+00:00,1.0725
2023-01-08 07:09:00+00:00,9.8588
2023-03-17 15:10:00+00:00,7.8
2023-02-06 12:05:00+00:00,3.945
2023-03-17 15:10:00+00:00,10.3688
2023-05-24 11:54:00+00:00,9.56
2023-01-26 13:55:00+00:00,12.8063
2023-03-30 04:04:00+00:00,12.135
2023-03-24 10:46:00+00:00,7.54
2023-06-14 08:40:00+00:00,5.13
2023-03-01 11:25:00+00:00,11.7238
2023-05-25 00:20:00+00:00,7.58
2023-04-14 07:23:00+00:00,7.9287
2023-06-10 16:22:00+00:00,4.05
2023-01-12 23:35:00+00:00,14.12
2023-03-12 10:44:00+00:00,1.6625
2023-02-17 23:49:00+00:00,11.1587
2023-02-17 11:58:00+00:00,10.44
2023-05-19 18:54:00+00:00,9.6225
2023-04-10 15:39:00+00:00,8.2488
2023-02-09 15:48:00+00:00,10.68
2023-05-09 20:52:00+00:00,6.385
2023-05-08 19:26:00+00:00,0.7338
2023-03-17 15:53:00+00:00,12.2
2023-02-08 14:14:00+00:00,1.5975
2023-01-30 05:47:00+00:00,10.5363
2023-02-25 19:25:00+00:00,11.8
2023-04-24 05:16:00+00:00,7.3662
2023-04-05 22:22:00+00:00,5.5675
2023-03-07 17:52:00+00:00,12.8
2023-04-03 08:47:00+00:00,5.14
2023-02-28 22:16:00+00:00,12.0975
2023-04-22 15:07:00+00:00,11.32
2023-03-29 03:38:00+00:00,9.1837
2023-01-22 09:54:00+00:00,7.3012
2023-05-25 00:37:00+00:00,7.98
2023-05-26 13:20:00+00:00,8.4062
2023-03-01 11:25:00+00:00,11.4238
2023-03-04 02:08:00+00:00,6.74
2023-04-28 21:33:00+00:00,2.6963
2023-04-05 22:04:00+00:00,11.3175
2023-06-14 08:57:00+00:00,9.18
2023-05-23 22:46:00+00:00,8.74
2023-04-28 21:08:00+00:00,3.1963
2023-01-17 04:45:00+00:00,6.22
2023-02-06 12:39:00+00:00,12.445
2023-06-27 09:16:00+00:00,1.5713
2023-05-19 18:11:00+00:00,12.66
2023-04-24 17:33:00+00:00,4.7412
2023-04-21 02:15:00+00:00,9.1125
2023-03-28 14:29:00+00:00,8.82
2023-01-20 07:11:00+00:00,1.9487
2023-04-29 22:25:00+00:00,11.9975
2023-02-20 14:58:00+00:00,10.1
2023-03-26 00:54:00+00:00,8.68
2023-04-14 07:40:00+00:00,4.7287
2023-06-15 09:49:00+00:00,6.8
2023-03-30 16:46:00+00:00,0.71
2023-02-14 08:14:00+00:00,1.63
2023-05-13 00:01:00+00:00,14.14
2023-04-09 14:22:00+00:00,1.9475
2023-03-18 16:19:00+00:00,12.52
2023-04-22 15:07:00+00:00,13.72
2023-06-04 22:30:00+00:00,4.1175
2023-01-01 00:42:00+00:00,6.85
2023-05-08 07:26:00+00:00,13.64
2023-06-24 06:59:00+00:00,8.4175
2023-06-01 07:38:00+00:00,7.5388
2023-06-21 15:24:00+00:00,8.52
2023-03-17 03:36:00+00:00,10.0938
2023-04-25 18:24:00+00:00,5.2925
2023-02-22 04:50:00+00:00,6.14
2023-04-29 10:59:00+00:00,5.9725
2023-03-01 11:59:00+00:00,2.5737
2023-02-28 22:25:00+00:00,14.26
2023-06-28 22:34:00+00:00,9.5975
2023-03-05 03:09:00+00:00,2.6037
2023-02-25 19:50:00+00:00,12.6
2023-04-10 03:22:00+00:00,10.2238
2023-05-18 05:02:00+00:00,2.1463
2023-05-27 02:20:00+00:00,13.62
2023-05-06 17:43:00+00:00,4.8812
2023-03-29 03:46:00+00:00,11.1837
2023-01-26 01:37:00+00:00,12.8
2023-05-14 13:10:00+00:00,12.3663
2023-06-18 12:24:00+00:00,11.885
2023-05-23 10:03:00+00:00,11.54
2023-06-14 08:40:00+00:00,10.23
2023-04-08 01:31:00+00:00,8.6713
2023-03-15 13:10:00+00:00,14.16
2023-03-17 03:36:00+00:00,7.0938
2023-05-21 08:54:00+00:00,12.65
2023-04-19 12:32:00+00:00,6.46
2023-02-09 03:14:00+00:00,6.4238
2023-02-21 03:24:00+00:00,9.6638
2023-03-22 08:20:00+00:00,15.1
2023-04-02 19:04:00+00:00,8.1638
2023-04-15 20:40:00+00:00,8.855
2023-03-03 01:17:00+00:00,9.92
2023-05-14 01:19:00+00:00,12.4913
2023-03-15 13:19:00+00:00,3.3163
2023-02-05 23:22:00+00:00,5.8
2023-02-10 04:14:00+00:00,7.375
2023-03-27 13:20:00+00:00,7.9062
2023-05-08 07:35:00+00:00,10.84
2023-06-09 15:05:00+00:00,8.8987
2023-04-21 02:58:00+00:00,8.6625
2023-04-10 03:39:00+00:00,6.68
2023-01-07 18:26:00+00:00,9.4825
2023-02-25 07:25:00+00:00,5.8187
2023-02-07 13:22:00+00:00,14.64
2023-01-02 13:43:00+00:00,5.9262
2023-01-14 01:01:00+00:00,4.9413
2023-02-26 08:50:00+00:00,12.62
2023-03-05 03:17:00+00:00,11.1037
2023-05-17 16:53:00+00:00,9.82
2023-04-24 17:33:00+00:00,10.16
2023-04-09 02:14:00+00:00,11.8225
2023-05-24 23:03:00+00:00,4.7787
2023-06-12 06:57:00+00:00,6.74
2023-03-01 11:08:00+00:00,12.2238
2023-03-01 11:34:00+00:00,9.3737
2023-06-11 05:23:00+00:00,7.92
2023-03-29 15:21:00+00:00,5.3087
2023-02-10 16:48:00+00:00,7.25
2023-05-18 17:36:00+00:00,12.64
2023-05-18 17:02:00+00:00,0.5212
2023-04-03 20:56:00+00:00,6.715
2023-01-10 09:35:00+00:00,14.88
2023-02-14 20:49:00+00:00,2.255
2023-06-16 10:40:00+00:00,3.4825
2023-03-29 15:29:00+00:00,8.04
2023-06-28 22:34:00+00:00,11.1475
2023-06-04 10:39:00+00:00,11.1925
2023-01-22 21:37:00+00:00,13.92
2023-02-25 19:25:00+00:00,7.1437
2023-01-26 01:46:00+00:00,7.7313
2023-06-26 20:16:00+00:00,6.22
2023-01-22 21:03:00+00:00,3.7763
2023-03-12 22:44:00+00:00,6.1375
2023-03-25 23:11:00+00:00,11.16
2023-03-09 07:18:00+00:00,9.7088
2023-06-22 04:50:00+00:00,13.34
2023-05-15 02:53:00+00:00,14.58
2023-01-02 13:08:00+00:00,2.8763
2023-04-27 08:08:00+00:00,2.82
2023-06-14 08:57:00+00:00,9.58
2023-02-17 11:15:00+00:00,11.3837
2023-05-18 17:28:00+00:00,5.3712
2023-05-06 17:26:00+00:00,8.4
2023-01-21 08:54:00+00:00,8.45
2023-01-12 11:18:00+00:00,5.9138
2023-05-20 19:37:00+00:00,9.08
2023-01-26 13:20:00+00:00,6.2562
2023-03-18 16:19:00+00:00,7.17
2023-02-07 13:31:00+00:00,13.04
2023-03-25 11:03:00+00:00,2.1037
2023-04-22 15:07:00+00:00,12.3887
2023-06-28 22:34:00+00:00,11.46
2023-02-24 06:42:00+00:00,2.9175
2023-06-21 15:15:00+00:00,6.9387
2023-05-06 17:26:00+00:00,14.4
2023-01-11 22:18:00+00:00,6.2375
2023-01-08 19:35:00+00:00,9.0337
2023-01-27 14:03:00+00:00,13.22
2023-05-24 11:54:00+00:00,10.5038
2023-03-23 09:54:00+00:00,0.5012
2023-01-03 14:17:00+00:00,5.54
2023-04-24 05:24:00+00:00,11.3163
2023-06-12 06:06:00+00:00,12.8275
2023-05-02 13:43:00+00:00,8.72
2023-04-07 12:05:00+00:00,6.295
2023-05-29 16:46:00+00:00,8.16
2023-01-22 09:45:00+00:00,5.92
2023-01-07 06:18:00+00:00,9.2075
2023-03-25 23:54:00+00:00,7.4287
2023-01-01 00:08:00+00:00,6.3
2023-03-25 23:11:00+00:00,8.3788
2023-03-04 14:00:00+00:00,4.2275
2023-04-13 06:57:00+00:00,10.74
2023-05-10 21:01:00+00:00,7.7363
2023-01-28 03:46:00+00:00,8.0338
2023-04-02 19:13:00+00:00,7.72
2023-04-30 11:51:00+00:00,11.6237
2023-04-12 17:05:00+00:00,7.4512
2023-01-04 03:51:00+00:00,9.56
2023-05-12 23:18:00+00:00,10.3887
2023-05-19 06:54:00+00:00,3.4975
2023-05-15 14:02:00+00:00,8.58
2023-06-28 10:08:00+00:00,0.7225
2023-06-26 08:16:00+00:00,12.37
2023-02-06 12:05:00+00:00,7.82
2023-04-28 21:08:00+00:00,9.04
2023-01-22 09:03:00+00:00,0.5012
2023-01-15 14:36:00+00:00,9.38
2023-01-30 05:12:00+00:00,12.3863
2023-02-10 16:57:00+00:00,10.15
2023-06-26 08:25:00+00:00,6.62
2023-01-23 10:54:00+00:00,6.2525
2023-01-26 13:46:00+00:00,9.0062
2023-01-16 15:53:00+00:00,9.8
2023-03-31 17:29:00+00:00,5.1612
2023-03-29 15:21:00+00:00,9.1088
2023-04-29 22:16:00+00:00,8.66
2023-03-01 11:25:00+00:00,2.7738
2023-02-25 19:59:00+00:00,2.1938
2023-05-15 02:10:00+00:00,7.78
2023-05-10 21:44:00+00:00,7.3362
2023-05-12 23:18:00+00:00,5.0888
2023-05-16 03:36:00+00:00,8.6
2023-03-05 15:43:00+00:00,11.0288
2023-02-07 13:56:00+00:00,11.9962
2023-01-12 11:01:00+00:00,15.32
2023-06-07 01:22:00+00:00,8.3712
2023-03-16 14:44:00+00:00,11.7675
2023-02-23 17:33:00+00:00,12.96
2023-02-06 12:13:00+00:00,7.095
2023-06-27 09:59:00+00:00,7.7213
2023-02-26 08:33:00+00:00,14.22
2023-05-12 11:53:00+00:00,8.9637
2023-05-29 04:29:00+00:00,11.035
2023-02-15 09:57:00+00:00,7.6
2023-04-11 16:57:00+00:00,1.8
2023-06-07 01:31:00+00:00,9.5213
2023-05-31 06:04:00+00:00,10.1
2023-01-31 18:04:00+00:00,3.4625
2023-05-24 11:03:00+00:00,1.8538
2023-04-21 14:24:00+00:00,10.5
2023-04-05 10:13:00+00:00,5.5925
2023-02-18 12:41:00+00:00,1.385
2023-04-17 22:15:00+00:00,14.02
2023-01-16 03:02:00+00:00,10.6438
2023-01-13 00:27:00+00:00,5.34
2023-01-31 18:30:00+00:00,10.9
2023-03-04 14:43:00+00:00,2.9775
2023-06-18 12:49:00+00:00,8.935
2023-03-07 05:35:00+00:00,7.6
2023-04-01 18:04:00+00:00,11.9125
2023-03-31 05:12:00+00:00,7.7363
2023-01-19 18:54:00+00:00,6.66
2023-03-29 15:55:00+00:00,1.2087
2023-01-25 12:20:00+00:00,7.455
2023-05-28 03:46:00+00:00,6.04
2023-01-22 09:03:00+00:00,10.0013
2023-01-02 01:34:00+00:00,4.6013
2023-03-16 02:10:00+00:00,9.78
2023-02-18 00:15:00+00:00,2.36
2023-04-29 22:25:00+00:00,10.2975
2023-01-02 01:34:00+00:00,9.12
2023-04-03 20:56:00+00:00,5.565
2023-04-24 05:33:00+00:00,2.2663
2023-02-12 18:40:00+00:00,6.74
2023-06-16 22:23:00+00:00,8.8575
2023-04-17 10:32:00+00:00,3.8325
2023-03-11 21:44:00+00:00,10.48
2023-04-08 01:39:00+00:00,0.6212
2023-06-05 23:56:00+00:00,2.6187
2023-02-28 10:42:00+00:00,15.06
2023-01-27 02:38:00+00:00,7.2325
2023-06-02 08:13:00+00:00,11.79
2023-06-25 07:07:00+00:00,12.6
2023-05-08 07:09:00+00:00,11.8588
2023-05-15 14:53:00+00:00,4.5175
2023-05-22 09:37:00+00:00,10.32
2023-06-23 05:07:00+00:00,11.3663
2023-03-08 06:52:00+00:00,11.3575
2023-06-16 22:40:00+00:00,12.02
2023-05-20 07:37:00+00:00,10.8987
2023-04-01 18:47:00+00:00,12.4625
2023-06-06 12:39:00+00:00,11.82
2023-02-21 15:41:00+00:00,10.6387
2023-04-23 04:58:00+00:00,2.365
2023-04-14 07:23:00+00:00,15.16
2023-02-28 10:16:00+00:00,10.1225
2023-04-28 21:33:00+00:00,12.0463
2023-01-26 13:55:00+00:00,14.8
2023-05-27 14:03:00+00:00,1.2075
2023-04-05 22:13:00+00:00,2.7175
2023-02-23 17:24:00+00:00,14.56
2023-04-16 09:15:00+00:00,6.3312
2023-03-07 05:00:00+00:00,1.6562
2023-06-04 22:04:00+00:00,14.98
2023-02-16 10:15:00+00:00,8.5325
2023-01-28 15:29:00+00:00,10.7587
2023-04-21 02:15:00+00:00,10.1
2023-03-11 21:01:00+00:00,1.0863
2023-03-10 08:52:00+00:00,3.21
2023-01-23 22:54:00+00:00,13.54
2023-01-04 15:51:00+00:00,12.9288
2023-01-13 12:10:00+00:00,11.565
2023-04-06 11:05:00+00:00,7.4
2023-05-16 03:53:00+00:00,9.2937
2023-01-27 14:38:00+00:00,5.62
2023-05-07 18:52:00+00:00,8.82
2023-04-03 20:56:00+00:00,11.915
2023-02-15 21:40:00+00:00,5.6063
2023-01-03 02:26:00+00:00,11.14
2023-02-02 08:21:00+00:00,2.19
2023-05-28 15:21:00+00:00,6.3087
2023-04-26 07:25:00+00:00,12.6
2023-06-09 03:14:00+00:00,10.4738
2023-06-06 00:30:00+00:00,1.07
2023-06-03 21:30:00+00:00,10.56
2023-02-14 08:57:00+00:00,12.83
2023-03-22 08:45:00+00:00,8.35
2023-04-20 13:32:00+00:00,6.48
2023-01-15 14:02:00+00:00,8.2675
2023-06-15 09:15:00+00:00,6.3312
2023-06-11 17:57:00+00:00,9.52
2023-02-25 07:25:00+00:00,12.0188
2023-05-11 22:35:00+00:00,10.2875
2023-01-13 12:27:00+00:00,10.14
2023-02-06 00:05:00+00:00,6.22
2023-05-05 16:43:00+00:00,5.43
2023-06-27 09:33:00+00:00,12.24
2023-04-01 18:38:00+00:00,8.8625
2023-02-20 02:24:00+00:00,0.5125
2023-05-20 19:28:00+00:00,10.28
2023-03-04 14:43:00+00:00,2.1775
2023-01-01 00:25:00+00:00,9.1
2023-06-26 20:42:00+00:00,12.22
2023-03-12 10:52:00+00:00,10.2125
2023-06-20 02:32:00+00:00,5.7625
2023-03-27 01:12:00+00:00,7.6
2023-01-03 02:00:00+00:00,1.2525
2023-05-20 19:02:00+00:00,12.2238
2023-02-13 07:14:00+00:00,11.56
2023-05-14 13:19:00+00:00,6.4162
2023-02-08 02:48:00+00:00,6.9225
2023-05-19 18:45:00+00:00,11.06
2023-05-07 18:18:00+00:00,1.3325
2023-01-18 05:28:00+00:00,10.0962
2023-03-06 16:26:00+00:00,9.18
2023-06-25 19:16:00+00:00,4.8438
2023-04-29 10:59:00+00:00,5.2225
2023-03-13 11:27:00+00:00,7.72
2023-02-28 10:59:00+00:00,10.8225
2023-03-01 23:08:00+00:00,8.9987
2023-02-02 20:13:00+00:00,6.14
2023-04-15 08:32:00+00:00,6.73
2023-02-14 20:57:00+00:00,10.255
2023-05-05 04:52:00+00:00,14.78
2023-06-15 21:23:00+00:00,6.4
2023-05-30 05:04:00+00:00,8.3863
2023-06-17 23:58:00+00:00,12.84
2023-04-12 05:57:00+00:00,11.7762
2023-01-21 20:02:00+00:00,7.225
2023-02-06 00:30:00+00:00,13.82
2023-06-21 15:41:00+00:00,7.7387
2023-01-15 02:19:00+00:00,6.3425
2023-05-25 00:29:00+00:00,5.98
2023-06-09 15:39:00+00:00,2.6987
2023-01-27 14:29:00+00:00,8.0075
2023-06-18 00:24:00+00:00,10.86
2023-02-08 02:39:00+00:00,1.1725
2023-01-28 03:29:00+00:00,2.8338
2023-03-19 17:02:00+00:00,6.24
2023-05-16 15:27:00+00:00,8.7688
2023-06-17 11:32:00+00:00,11.6337
2023-01-22 09:20:00+00:00,11.52
2023-03-12 22:27:00+00:00,11.4375
2023-04-13 06:14:00+00:00,7.4775
2023-05-19 18:28:00+00:00,11.46
2023-02-21 15:33:00+00:00,1.7888
2023-02-06 12:13:00+00:00,1.995
2023-01-11 22:18:00+00:00,7.3
2023-06-13 07:57:00+00:00,1.8787
2023-06-24 06:33:00+00:00,11.5175
2023-03-10 08:01:00+00:00,6.46
2023-02-17 23:32:00+00:00,7.7588
2023-04-09 02:48:00+00:00,9.9225
2023-02-28 10:51:00+00:00,8.26
2023-02-07 01:05:00+00:00,7.7213
2023-01-12 11:44:00+00:00,6.8137
2023-05-18 05:02:00+00:00,6.24
2023-02-11 17:14:00+00:00,2.5513
2023-01-27 02:29:00+00:00,8.6825
2023-03-05 03:34:00+00:00,13.96
2023-05-21 08:20:00+00:00,10.45
2023-06-05 11:39:00+00:00,11.6937
2023-03-05 03:26:00+00:00,14.36
2023-02-28 10:51:00+00:00,4.2725
2023-03-29 03:46:00+00:00,2.8338
2023-03-01 23:08:00+00:00,10.28
2023-03-23 21:37:00+00:00,2.0263
2023-06-25 07:25:00+00:00,11.5188
2023-02-10 16:31:00+00:00,14.3
2023-06-29 11:34:00+00:00,8.1738
2023-04-27 08:50:00+00:00,9.02
2023-02-25 07:42:00+00:00,14.2
2023-02-02 08:13:00+00:00,7.79
2023-04-22 15:58:00+00:00,11.3387
2023-04-24 05:24:00+00:00,5.76
2023-01-19 18:28:00+00:00,2.3725
2023-03-20 18:02:00+00:00,8.1225
2023-05-17 16:53:00+00:00,15.02
2023-06-19 01:24:00+00:00,1.8113
2023-01-22 09:37:00+00:00,8.6512
2023-05-25 00:54:00+00:00,13.98
2023-05-30 17:47:00+00:00,12.5113
2023-05-05 16:52:00+00:00,3.73
2023-03-14 00:01:00+00:00,9.74
2023-03-14 00:10:00+00:00,2.14
2023-05-08 07:18:00+00:00,7.3587
2023-02-19 13:41:00+00:00,15.28
2023-03-07 05:17:00+00:00,11.5062
2023-02-01 07:13:00+00:00,3.9388
2023-05-14 01:36:00+00:00,13.36
2023-03-18 16:28:00+00:00,7.27
2023-02-12 18:31:00+00:00,1.9525
2023-04-30 23:42:00+00:00,7.48
2023-01-10 21:09:00+00:00,11.1862
2023-03-29 15:46:00+00:00,2.0587
2023-01-05 16:52:00+00:00,15.18
2023-04-06 23:47:00+00:00,1.8188
2023-05-19 06:19:00+00:00,10.3475
2023-05-24 23:54:00+00:00,15.16
2023-05-03 14:43:00+00:00,4.4275
2023-02-27 09:51:00+00:00,10.7713
2023-02-08 14:31:00+00:00,8.66
2023-01-29 04:12:00+00:00,9.035
2023-05-31 06:30:00+00:00,9.0375
2023-04-09 02:56:00+00:00,12.26
2023-05-11 22:01:00+00:00,1.4375
2023-04-13 18:48:00+00:00,3.6525
2023-03-11 21:44:00+00:00,12.08
2023-03-22 20:02:00+00:00,0.975
2023-05-29 16:46:00+00:00,1.31
2023-06-05 23:22:00+00:00,9.0
2023-02-15 09:15:00+00:00,5.7812
2023-03-24 22:46:00+00:00,4.4275
2023-01-26 13:20:00+00:00,14.4
2023-04-04 21:47:00+00:00,11.6163
2023-01-30 05:38:00+00:00,2.8363
2023-04-04 21:21:00+00:00,5.76
2023-05-18 05:36:00+00:00,7.4463
2023-01-29 04:55:00+00:00,2.935
2023-06-05 23:22:00+00:00,13.8
2023-04-06 11:05:00+00:00,9.9938
2023-06-26 20:50:00+00:00,3.145
2023-02-26 08:16:00+00:00,5.82
2023-03-23 09:45:00+00:00,4.0013
2023-02-02 20:04:00+00:00,15.34
2023-02-21 15:33:00+00:00,14.52
2023-01-27 14:29:00+00:00,1.5575
2023-01-03 14:08:00+00:00,2.6275
2023-04-25 18:50:00+00:00,10.98
2023-03-03 13:08:00+00:00,4.1762
2023-04-30 11:34:00+00:00,9.0738
2023-03-13 23:53:00+00:00,12.52
2023-01-21 20:02:00+00:00,8.575
2023-04-01 18:55:00+00:00,3.8625
2023-05-05 04:34:00+00:00,11.58
2023-04-25 06:16:00+00:00,0.7675
2023-01-04 15:17:00+00:00,11.9288
2023-06-26 20:16:00+00:00,12.22
2023-02-07 13:13:00+00:00,0.9963
2023-03-21 19:28:00+00:00,6.2737
2023-04-20 01:58:00+00:00,5.68
2023-04-25 18:24:00+00:00,3.3925
2023-06-01 07:55:00+00:00,2.2388
2023-02-04 22:13:00+00:00,13.38
2023-04-28 09:33:00+00:00,5.5713
2023-06-28 10:16:00+00:00,3.8725
2023-01-20 19:54:00+00:00,12.68
2023-04-05 22:04:00+00:00,4.8175
2023-02-03 09:47:00+00:00,0.7913
2023-06-21 03:33:00+00:00,13.32
2023-01-13 00:36:00+00:00,9.99
2023-05-04 03:09:00+00:00,8.8537
2023-04-04 09:47:00+00:00,7.36
2023-01-05 04:52:00+00:00,8.255
2023-04-25 18:24:00+00:00,8.8425
2023-05-20 07:37:00+00:00,10.68
2023-04-24 17:16:00+00:00,5.8412
2023-01-01 00:08:00+00:00,4.95
2023-05-15 02:53:00+00:00,10.58
2023-01-13 00:01:00+00:00,6.84
2023-05-11 22:01:00+00:00,1.7375
2023-01-23 22:11:00+00:00,12.74
2023-05-12 23:10:00+00:00,4.0388
2023-05-15 14:27:00+00:00,9.0675
2023-02-02 08:47:00+00:00,10.14
2023-03-28 14:46:00+00:00,1.2075
2023-06-28 22:42:00+00:00,12.3475
2023-06-21 15:07:00+00:00,6.52
2023-03-30 04:04:00+00:00,1.485
2023-06-13 19:31:00+00:00,8.6037
2023-04-10 15:05:00+00:00,7.48
2023-04-24 05:41:00+00:00,4.5163
2023-02-12 06:14:00+00:00,7.3275
2023-04-22 15:07:00+00:00,13.32
2023-06-27 09:16:00+00:00,8.64
2023-03-19 17:45:00+00:00,5.6712
2023-02-26 08:59:00+00:00,14.62
2023-03-28 02:12:00+00:00,12.9825
2023-05-29 04:12:00+00:00,6.935
2023-05-28 15:12:00+00:00,11.24
2023-04-06 11:22:00+00:00,9.2937
2023-06-19 13:07:00+00:00,11.4863
2023-06-24 18:33:00+00:00,11.78
2023-03-02 00:00:00+00:00,9.1
2023-02-08 14:14:00+00:00,6.9975
2023-01-08 07:35:00+00:00,9.64
2023-03-05 15:51:00+00:00,4.5788
2023-06-23 05:07:00+00:00,3.4162
2023-05-21 20:20:00+00:00,6.7
2023-03-17 15:19:00+00:00,0.8688
2023-03-13 11:01:00+00:00,8.6137
2023-06-25 19:25:00+00:00,8.6
2023-06-19 13:58:00+00:00,5.9863
2023-02-12 06:57:00+00:00,7.4275
2023-01-15 14:19:00+00:00,8.18
2023-06-18 00:41:00+00:00,10.86
2023-01-29 04:29:00+00:00,3.235
2023-05-17 16:19:00+00:00,11.42
2023-03-03 01:43:00+00:00,1.5012
2023-05-12 11:35:00+00:00,4.0638
2023-05-02 01:08:00+00:00,11.92
2023-04-16 09:23:00+00:00,12.6813
2023-05-26 01:20:00+00:00,4.1813
2023-01-05 16:17:00+00:00,5.58
2023-03-09 07:09:00+00:00,12.4588
2023-05-18 17:53:00+00:00,2.5713
2023-05-18 17:45:00+00:00,5.84
2023-05-17 16:10:00+00:00,5.07
2023-03-26 12:20:00+00:00,11.005
2023-02-06 12:56:00+00:00,8.22
2023-01-21 20:54:00+00:00,10.025
2023-01-10 09:01:00+00:00,5.2112
2023-06-17 23:58:00+00:00,10.04
2023-05-24 23:11:00+00:00,3.0288
2023-03-19 05:28:00+00:00,6.1963
2023-05-25 12:20:00+00:00,8.78
2023-05-22 21:03:00+00:00,12.9763
2023-02-03 21:30:00+00:00,7.6662
2023-04-19 00:06:00+00:00,10.06
2023-05-13 00:36:00+00:00,7.84
2023-05-20 07:19:00+00:00,2.7988
2023-03-02 12:25:00+00:00,13.5
2023-06-05 23:22:00+00:00,12.0188
2023-04-14 07:57:00+00:00,11.6788
2023-05-10 09:27:00+00:00,8.88
2023-05-05 04:00:00+00:00,3.405
2023-05-14 13:19:00+00:00,3.0162
2023-06-15 09:40:00+00:00,12.4
2023-01-30 05:38:00+00:00,2.1362
2023-01-19 06:28:00+00:00,11.6975
2023-04-13 18:31:00+00:00,10.34
2023-04-05 10:22:00+00:00,3.9925
2023-04-23 16:07:00+00:00,5.29
2023-06-13 19:23:00+00:00,13.16
2023-01-02 01:17:00+00:00,11.1013
2023-05-26 13:55:00+00:00,8.2063
2023-01-13 12:27:00+00:00,14.14
2023-01-20 19:54:00+00:00,1.1238
2023-02-12 06:40:00+00:00,7.9275
2023-04-04 21:13:00+00:00,11.76
2023-03-31 17:55:00+00:00,3.6612
2023-04-30 23:51:00+00:00,3.6488
2023-06-03 09:47:00+00:00,11.36
2023-03-17 15:45:00+00:00,7.3688
2023-01-22 21:11:00+00:00,11.6263
2023-05-14 13:01:00+00:00,10.16
2023-04-04 09:30:00+00:00,7.2912
2023-04-19 12:15:00+00:00,7.685
2023-06-20 02:58:00+00:00,12.9
2023-04-15 08:32:00+00:00,10.78
2023-04-17 10:40:00+00:00,8.5825
2023-05-24 11:46:00+00:00,7.16
2023-01-21 08:11:00+00:00,12.7
2023-03-14 00:44:00+00:00,10.64
2023-05-19 06:11:00+00:00,7.46
2023-05-17 16:28:00+00:00,9.62
2023-03-17 15:27:00+00:00,8.8187
2023-03-20 18:45:00+00:00,7.06
2023-02-28 22:08:00+00:00,7.0475
2023-05-23 10:03:00+00:00,7.1525
2023-03-16 02:36:00+00:00,13.38
2023-05-30 05:21:00+00:00,7.6863
2023-02-15 09:15:00+00:00,2.2313
2023-06-24 18:42:00+00:00,8.18
2023-06-20 02:07:00+00:00,2.8625
2023-01-03 02:17:00+00:00,12.4525
2023-01-30 17:04:00+00:00,7.68
2023-05-04 03:00:00+00:00,11.3038
2023-04-30 23:25:00+00:00,6.3987
2023-06-12 18:06:00+00:00,6.34
2023-04-08 01:31:00+00:00,9.4712
2023-01-11 10:44:00+00:00,8.0625
2023-02-13 07:31:00+00:00,9.16
2023-04-16 21:32:00+00:00,3.0063
2023-06-13 19:49:00+00:00,9.96
2023-03-17 15:27:00+00:00,11.4
2023-01-01 00:00:00+00:00,7.0
2023-04-26 07:33:00+00:00,4.3187
2023-01-18 17:36:00+00:00,15.44
2023-05-16 03:02:00+00:00,9.8438
2023-06-12 18:23:00+00:00,12.8525
2023-03-07 17:26:00+00:00,11.2
2023-05-22 09:54:00+00:00,6.4013
2023-02-17 11:06:00+00:00,5.2337
2023-06-10 04:57:00+00:00,6.7
2023-06-08 02:31:00+00:00,11.6225
2023-01-24 11:03:00+00:00,10.8537
2023-01-29 16:29:00+00:00,10.46
2023-06-18 12:15:00+00:00,4.835
2023-03-04 14:43:00+00:00,10.9275
2023-04-05 22:30:00+00:00,9.78
2023-06-03 21:47:00+00:00,10.0663
2023-04-10 15:05:00+00:00,8.9987
2023-05-05 04:52:00+00:00,15.18
2023-04-11 16:31:00+00:00,7.95
2023-02-22 04:33:00+00:00,4.915
2023-02-11 17:23:00+00:00,7.92
2023-04-28 21:59:00+00:00,1.8462
2023-04-04 09:13:00+00:00,12.4913
2023-01-27 14:20:00+00:00,15.22
2023-05-24 23:20:00+00:00,11.0288
2023-03-11 09:35:00+00:00,11.4612
2023-01-24 23:03:00+00:00,14.36
2023-03-09 07:18:00+00:00,1.3087
2023-04-06 11:13:00+00:00,11.9437
2023-05-08 07:01:00+00:00,15.24
2023-05-23 22:37:00+00:00,5.3775
2023-06-26 20:33:00+00:00,1.295
2023-04-19 00:24:00+00:00,8.86
2023-05-01 12:51:00+00:00,10.375
2023-02-02 20:47:00+00:00,10.915
2023-06-23 17:16:00+00:00,6.96
2023-01-15 02:44:00+00:00,12.8425
2023-04-22 03:50:00+00:00,11.0638
2023-05-29 16:04:00+00:00,10.46
2023-03-04 02:51:00+00:00,0.7525
2023-04-20 13:15:00+00:00,1.0362
2023-01-05 16:43:00+00:00,5.58
2023-02-02 08:56:00+00:00,5.74
2023-03-13 11:27:00+00:00,2.9638
2023-03-04 02:43:00+00:00,7.94
2023-05-10 21:27:00+00:00,3.6862
2023-01-06 17:35:00+00:00,1.9312
2023-06-01 07:38:00+00:00,7.32
2023-05-24 23:54:00+00:00,5.96
2023-04-07 00:56:00+00:00,7.87
2023-02-27 09:42:00+00:00,5.84
2023-05-07 06:35:00+00:00,6.8575
2023-03-28 14:03:00+00:00,4.3075
2023-06-04 22:04:00+00:00,8.58
2023-04-24 17:50:00+00:00,12.6913
2023-06-22 04:07:00+00:00,9.565
2023-02-01 07:55:00+00:00,9.32
2023-05-28 15:21:00+00:00,7.4588
2023-05-01 00:00:00+00:00,12.55
2023-03-10 20:52:00+00:00,15.26
2023-03-05 03:17:00+00:00,11.2037
2023-04-12 05:05:00+00:00,4.3262
2023-01-26 13:46:00+00:00,6.4
2023-05-22 09:37:00+00:00,6.3513
2023-05-10 09:01:00+00:00,1.9612
2023-01-12 11:18:00+00:00,10.12
2023-04-07 00:39:00+00:00,3.02
2023-01-20 07:54:00+00:00,11.2487
2023-05-20 07:45:00+00:00,6.68
2023-01-30 17:55:00+00:00,3.6612
2023-03-12 10:10:00+00:00,1.4125
2023-06-13 19:57:00+00:00,10.36
2023-05-10 09:18:00+00:00,9.1613
2023-05-18 17:28:00+00:00,10.3712
2023-02-16 22:58:00+00:00,11.62
2023-01-07 06:09:00+00:00,10.6575
2023-03-12 10:35:00+00:00,1.6625
2023-02-11 05:05:00+00:00,15.12
2023-03-21 07:28:00+00:00,8.3487
2023-04-11 16:14:00+00:00,5.3
2023-01-06 17:35:00+00:00,7.6
2023-05-04 03:17:00+00:00,5.4538
2023-03-11 21:52:00+00:00,7.1863
2023-05-06 17:52:00+00:00,5.6
2023-04-28 09:08:00+00:00,11.5712
2023-01-03 02:43:00+00:00,7.7525
2023-06-04 10:30:00+00:00,7.78
2023-02-06 12:13:00+00:00,11.295
2023-04-11 16:22:00+00:00,8.1
2023-05-07 18:00:00+00:00,10.42
2023-05-10 09:27:00+00:00,6.3613
2023-06-08 02:31:00+00:00,4.5725
2023-01-27 14:38:00+00:00,12.42
2023-06-18 12:32:00+00:00,1.485
2023-06-21 15:07:00+00:00,0.5887
2023-02-12 18:31:00+00:00,8.74
2023-01-15 14:36:00+00:00,8.8175
2023-01-09 20:35:00+00:00,6.485
2023-06-02 20:30:00+00:00,14.54
2023-03-18 04:28:00+00:00,5.745
2023-04-26 19:59:00+00:00,2.9438
2023-03-23 21:03:00+00:00,14.32
2023-04-09 14:48:00+00:00,8.9975
2023-05-27 02:12:00+00:00,10.2825
2023-01-12 23:10:00+00:00,9.32
2023-02-03 21:30:00+00:00,6.6162
2023-01-18 17:36:00+00:00,9.0712
2023-05-21 20:28:00+00:00,11.1
2023-02-15 21:06:00+00:00,4.3563
2023-06-07 01:05:00+00:00,2.8712
2023-01-10 09:44:00+00:00,5.68
2023-06-07 13:56:00+00:00,11.4962
2023-01-20 19:02:00+00:00,7.9737
2023-02-07 01:39:00+00:00,7.04
2023-04-10 15:05:00+00:00,7.5488
2023-04-21 14:32:00+00:00,4.4375
2023-04-01 18:38:00+00:00,8.1
2023-03-13 23:35:00+00:00,1.8388
2023-02-14 20:14:00+00:00,1.455
2023-02-04 10:56:00+00:00,8.58
2023-02-25 19:50:00+00:00,1.7937
2023-01-14 01:44:00+00:00,8.5412
2023-02-08 02:48:00+00:00,13.86
2023-03-22 20:20:00+00:00,10.325
2023-01-05 16:43:00+00:00,1.73
2023-02-14 08:06:00+00:00,6.38
2023-06-15 21:40:00+00:00,8.0062
2023-05-11 22:27:00+00:00,4.9375
2023-03-14 12:44:00+00:00,12.54
2023-04-25 06:50:00+00:00,12.8675
2023-05-07 06:18:00+00:00,3.3075
2023-04-14 19:14:00+00:00,10.36
2023-05-03 02:17:00+00:00,3.5525
2023-06-15 21:06:00+00:00,8.4062
2023-03-07 05:43:00+00:00,10.8
2023-06-11 17:48:00+00:00,1.2512
2023-01-12 23:18:00+00:00,2.8388
2023-03-03 13:43:00+00:00,9.12
2023-03-14 00:01:00+00:00,11.84
2023-05-18 17:11:00+00:00,9.2713
2023-02-24 18:42:00+00:00,12.98
2023-02-12 06:31:00+00:00,10.8275
2023-06-03 21:30:00+00:00,9.4663
2023-06-05 11:30:00+00:00,8.2
2023-01-01 12:17:00+00:00,1.575
2023-03-23 21:20:00+00:00,5.4763
2023-03-08 06:26:00+00:00,5.62
2023-02-23 17:16:00+00:00,1.2412
2023-01-08 19:01:00+00:00,6.44
2023-03-15 13:01:00+00:00,6.96
2023-06-21 03:58:00+00:00,12.7137
2023-04-15 20:49:00+00:00,7.055
2023-03-23 21:20:00+00:00,11.92
2023-04-21 02:32:00+00:00,2.1625
2023-04-19 12:58:00+00:00,7.835
2023-05-10 21:09:00+00:00,14.48
2023-05-09 08:09:00+00:00,7.81
2023-02-16 22:32:00+00:00,5.1575
2023-01-24 23:20:00+00:00,6.76
2023-04-23 04:41:00+00:00,8.065
2023-03-17 03:10:00+00:00,4.2438
2023-01-25 00:46:00+00:00,11.98
2023-06-20 02:24:00+00:00,8.7625
2023-05-25 00:54:00+00:00,4.23
2023-01-26 13:03:00+00:00,10.0
2023-03-04 14:00:00+00:00,1.0775
2023-02-11 17:40:00+00:00,8.9512
2023-03-17 15:02:00+00:00,13.0
2023-04-17 22:32:00+00:00,6.6075
2023-04-21 14:07:00+00:00,3.0375
2023-04-24 05:50:00+00:00,12.96
2023-05-11 22:52:00+00:00,6.2375
2023-04-22 15:50:00+00:00,4.1387
2023-02-03 09:39:00+00:00,6.16
2023-04-14 07:14:00+00:00,2.2788
2023-01-22 21:54:00+00:00,10.4763
2023-03-20 18:11:00+00:00,13.06
2023-03-30 04:29:00+00:00,8.385
2023-03-22 20:20:00+00:00,6.525
2023-04-20 01:15:00+00:00,6.88
2023-05-17 16:10:00+00:00,12.62
2023-03-24 22:46:00+00:00,12.1275
2023-01-13 12:18:00+00:00,14.54
2023-03-22 08:28:00+00:00,2.75
2023-06-27 21:42:00+00:00,3.0463
2023-03-19 17:28:00+00:00,15.04
2023-01-24 11:20:00+00:00,0.5537
2023-06-05 11:05:00+00:00,11.9938
2023-02-25 19:16:00+00:00,8.2
2023-02-23 05:59:00+00:00,12.9663
2023-02-15 21:57:00+00:00,1.8562
2023-05-20 07:02:00+00:00,15.48
2023-01-24 11:11:00+00:00,9.2538
2023-01-14 01:53:00+00:00,11.5913
2023-03-14 12:27:00+00:00,6.14
2023-06-05 11:47:00+00:00,2.1437
2023-02-08 14:22:00+00:00,3.6975
2023-04-15 20:14:00+00:00,14.78
2023-01-24 23:03:00+00:00,8.36
2023-01-27 02:46:00+00:00,2.0325
2023-01-19 18:28:00+00:00,11.86
2023-04-05 10:22:00+00:00,1.2925
2023-03-25 11:46:00+00:00,1.4537
2023-02-13 07:40:00+00:00,8.36
2023-02-01 19:13:00+00:00,0.6138
2023-02-08 02:14:00+00:00,8.5725
2023-01-22 21:45:00+00:00,6.72
2023-01-05 04:52:00+00:00,11.605
2023-06-22 04:07:00+00:00,10.665
2023-04-20 01:49:00+00:00,14.08
2023-04-16 09:15:00+00:00,12.1813
2023-01-15 14:27:00+00:00,2.5675
2023-05-06 05:00:00+00:00,14.0
2023-04-08 01:56:00+00:00,6.3712
2023-03-14 12:44:00+00:00,1.615
2023-02-20 02:58:00+00:00,8.9
2023-01-05 16:17:00+00:00,11.98
2023-04-28 21:42:00+00:00,7.0963
2023-06-02 08:47:00+00:00,5.74
2023-04-21 02:50:00+00:00,12.8625
2023-02-08 14:48:00+00:00,5.6975
2023-03-07 17:00:00+00:00,10.4
2023-04-01 18:55:00+00:00,9.0625
2023-01-25 12:54:00+00:00,10.005
2023-01-24 11:37:00+00:00,13.16
2023-04-23 04:33:00+00:00,2.165
2023-06-25 19:42:00+00:00,2.8438
2023-04-29 22:34:00+00:00,8.66
2023-02-20 14:07:00+00:00,9.6875
2023-01-28 03:03:00+00:00,3.6338
2023-02-03 09:13:00+00:00,11.36
2023-05-20 07:11:00+00:00,5.4488
2023-03-10 08:01:00+00:00,2.11
2023-06-20 14:15:00+00:00,12.5
2023-04-15 20:49:00+00:00,2.805
2023-03-28 14:46:00+00:00,2.0575
2023-01-06 05:26:00+00:00,8.4
2023-02-24 06:42:00+00:00,5.1175
2023-02-09 15:39:00+00:00,11.8987
2023-01-05 04:09:00+00:00,12.38
2023-05-22 09:11:00+00:00,1.9512
2023-06-03 21:47:00+00:00,10.1662
2023-04-26 19:07:00+00:00,8.2
2023-01-13 12:36:00+00:00,3.915
2023-03-25 11:29:00+00:00,5.4037
2023-05-29 04:38:00+00:00,14.46
2023-03-01 23:17:00+00:00,3.5987
2023-02-04 22:13:00+00:00,5.9675
2023-01-13 12:27:00+00:00,6.54
2023-01-07 06:18:00+00:00,8.4575
2023-06-09 15:48:00+00:00,9.1487
2023-01-12 23:35:00+00:00,15.32
2023-06-06 12:56:00+00:00,11.345
2023-06-09 03:31:00+00:00,1.3738
2023-01-30 17:29:00+00:00,11.28
2023-02-28 10:42:00+00:00,0.8725
2023-05-19 06:11:00+00:00,0.5975
2023-05-06 17:52:00+00:00,14.4
2023-02-19 13:15:00+00:00,9.3863
2023-06-12 06:57:00+00:00,9.4275
2023-03-01 11:59:00+00:00,11.08
2023-05-24 23:46:00+00:00,1.6287
2023-03-29 03:03:00+00:00,4.2837
2023-05-13 12:01:00+00:00,9.74
2023-03-27 01:20:00+00:00,1.2312
2023-02-15 21:15:00+00:00,1.5562
2023-06-28 22:34:00+00:00,10.26
2023-05-30 05:12:00+00:00,9.2863
2023-01-28 15:12:00+00:00,6.1588
2023-04-10 03:05:00+00:00,9.08
2023-05-12 23:44:00+00:00,5.0388
2023-02-08 02:39:00+00:00,1.1725
2023-05-24 11:29:00+00:00,11.56
2023-01-08 07:09:00+00:00,8.9588
2023-06-06 00:05:00+00:00,3.37
2023-03-08 18:09:00+00:00,10.82
2023-02-15 21:49:00+00:00,4.4562
2023-01-04 03:09:00+00:00,11.5038
2023-06-10 16:31:00+00:00,6.3
2023-04-30 11:08:00+00:00,5.7237
2023-04-23 16:33:00+00:00,9.94
2023-06-18 12:41:00+00:00,6.46
2023-01-08 07:26:00+00:00,4.8087
2023-04-12 05:48:00+00:00,8.9763
2023-04-30 11:25:00+00:00,14.28
2023-03-16 02:53:00+00:00,11.3925
2023-02-21 03:33:00+00:00,4.6638
2023-05-28 03:46:00+00:00,10.84
2023-05-20 19:45:00+00:00,10.3238
2023-03-09 19:26:00+00:00,9.9337
2023-05-23 22:54:00+00:00,8.74
2023-02-14 20:23:00+00:00,2.555
2023-03-05 03:17:00+00:00,0.8037
2023-04-10 03:57:00+00:00,9.48
2023-06-14 20:40:00+00:00,3.055
2023-04-29 22:08:00+00:00,7.3975
2023-02-13 07:49:00+00:00,5.96
2023-05-10 21:35:00+00:00,6.3863
2023-04-23 16:41:00+00:00,14.54
2023-01-03 02:17:00+00:00,12.34
2023-01-01 12:25:00+00:00,3.925
2023-03-15 13:01:00+00:00,4.4663
2023-01-17 04:19:00+00:00,12.62
2023-01-25 00:29:00+00:00,4.78
2023-05-13 12:18:00+00:00,0.665
2023-02-24 06:42:00+00:00,7.38
2023-03-01 11:51:00+00:00,5.9238
2023-03-07 05:52:00+00:00,4.1562
2023-06-02 20:21:00+00:00,11.34
2023-06-24 18:16:00+00:00,3.6925
2023-05-11 22:18:00+00:00,4.4875
2023-04-23 04:50:00+00:00,15.34
2023-03-31 17:04:00+00:00,10.3613
2023-03-02 00:42:00+00:00,5.25
2023-06-05 23:56:00+00:00,6.6
2023-05-01 00:51:00+00:00,5.55
2023-06-06 00:39:00+00:00,2.37
2023-02-12 06:57:00+00:00,7.54
2023-01-05 04:17:00+00:00,9.305
2023-02-26 08:25:00+00:00,4.62
2023-01-14 01:36:00+00:00,8.16
2023-03-12 22:35:00+00:00,7.9875
2023-02-13 07:06:00+00:00,1.8787
2023-03-06 04:43:00+00:00,11.18
2023-06-02 08:21:00+00:00,11.84
2023-04-04 21:13:00+00:00,12.5663
2023-04-03 20:38:00+00:00,12.14
2023-06-11 17:23:00+00:00,7.9013
2023-03-22 08:54:00+00:00,9.8
2023-05-28 03:46:00+00:00,8.84
2023-06-25 19:07:00+00:00,12.4938
2023-05-31 18:12:00+00:00,7.5125
2023-03-16 14:19:00+00:00,9.78
2023-05-22 21:28:00+00:00,10.2762
2023-06-14 20:40:00+00:00,11.705
2023-04-18 11:32:00+00:00,5.64
2023-05-30 05:38:00+00:00,11.3362
2023-05-25 12:54:00+00:00,11.705
2023-06-08 14:22:00+00:00,5.86
2023-02-11 05:05:00+00:00,3.9263
2023-04-29 10:42:00+00:00,1.5725
2023-04-24 05:59:00+00:00,10.16
2023-02-18 12:41:00+00:00,5.585
2023-02-02 08:04:00+00:00,10.74
2023-03-22 20:11:00+00:00,6.7
2023-03-12 22:35:00+00:00,9.9375
2023-05-03 02:34:00+00:00,7.7525
2023-01-10 09:09:00+00:00,6.48
2023-05-22 09:20:00+00:00,9.12
2023-02-04 22:39:00+00:00,12.6175
2023-05-10 09:35:00+00:00,7.28
2023-01-08 19:09:00+00:00,7.9837
2023-04-29 10:34:00+00:00,2.9225
2023-06-23 05:33:00+00:00,8.16
2023-05-12 11:44:00+00:00,5.3637
2023-02-20 14:24:00+00:00,8.9375
2023-03-06 04:00:00+00:00,14.38
2023-03-02 00:25:00+00:00,5.6
2023-02-15 09:49:00+00:00,1.2812
2023-01-29 16:29:00+00:00,8.06
2023-01-06 17:43:00+00:00,7.8312
2023-01-03 14:00:00+00:00,12.5775
2023-06-13 07:57:00+00:00,9.56
2023-02-25 19:25:00+00:00,12.4437
2023-05-29 04:12:00+00:00,7.335
2023-03-24 10:20:00+00:00,14.74
2023-01-27 14:38:00+00:00,8.2075
2023-01-25 00:03:00+00:00,12.98
2023-04-19 12:06:00+00:00,6.86
2023-04-15 08:57:00+00:00,4.48
2023-05-03 02:17:00+00:00,11.4025
2023-02-12 18:14:00+00:00,11.94
2023-01-08 19:09:00+00:00,3.7338
2023-06-25 19:59:00+00:00,7.4437
2023-03-28 02:03:00+00:00,9.62
2023-02-15 09:32:00+00:00,4.9313
2023-05-22 09:45:00+00:00,0.8013
2023-03-26 00:46:00+00:00,11.98
2023-04-01 18:30:00+00:00,7.1625
2023-02-04 22:30:00+00:00,8.1675
2023-04-16 21:57:00+00:00,5.6
2023-06-09 15:39:00+00:00,0.7988
2023-04-21 14:41:00+00:00,8.3875
2023-06-11 17:57:00+00:00,6.32
2023-05-07 06:52:00+00:00,8.9075
2023-06-22 16:41:00+00:00,7.64
2023-02-07 13:48:00+00:00,13.44
2023-06-03 21:39:00+00:00,9.6163
2023-01-31 06:47:00+00:00,11.1375
2023-05-19 18:45:00+00:00,11.86
2023-04-10 15:39:00+00:00,7.2988
2023-03-26 12:54:00+00:00,11.005
2023-06-14 20:32:00+00:00,8.38
2023-01-19 06:11:00+00:00,1.1475
2023-04-29 10:16:00+00:00,3.6225
2023-03-10 08:01:00+00:00,13.26
2023-02-02 08:30:00+00:00,2.69
2023-01-19 06:19:00+00:00,6.3475
2023-01-22 21:28:00+00:00,9.52
2023-02-11 17:40:00+00:00,5.8513
2023-04-12 05:57:00+00:00,5.3762
2023-03-02 00:51:00+00:00,11.9
2023-06-11 05:48:00+00:00,8.6263
2023-01-24 11:03:00+00:00,10.7037
2023-01-20 07:54:00+00:00,15.08
2023-06-25 19:59:00+00:00,9.4437
2023-02-07 13:56:00+00:00,4.9463
2023-02-12 18:06:00+00:00,12.74
2023-06-16 10:40:00+00:00,7.8825
2023-05-24 23:46:00+00:00,1.2288
2023-04-19 12:15:00+00:00,9.26
2023-06-12 18:48:00+00:00,11.8525
2023-03-30 04:46:00+00:00,7.135
2023-02-05 11:39:00+00:00,10.2
2023-02-10 16:22:00+00:00,12.6
2023-06-12 06:23:00+00:00,10.6775
2023-01-05 04:00:00+00:00,8.78
2023-02-19 13:41:00+00:00,7.2363
2023-01-05 04:34:00+00:00,11.755
2023-01-03 14:00:00+00:00,8.74
2023-01-09 20:26:00+00:00,4.735
2023-03-25 11:11:00+00:00,10.8038
2023-04-28 09:42:00+00:00,10.64
2023-04-06 11:56:00+00:00,3.9438
2023-02-24 18:50:00+00:00,9.4425
2023-04-17 10:49:00+00:00,14.02
2023-03-06 04:34:00+00:00,0.755
2023-04-28 21:59:00+00:00,2.9962
2023-06-06 12:13:00+00:00,13.82
2023-03-06 16:26:00+00:00,3.78
2023-06-10 16:14:00+00:00,8.2
2023-01-21 08:20:00+00:00,7.9
2023-06-05 23:13:00+00:00,4.3688
2023-05-05 04:17:00+00:00,1.155
2023-04-28 09:51:00+00:00,12.64
2023-05-21 20:20:00+00:00,6.525
2023-02-24 06:16:00+00:00,11.8175
2023-01-16 03:19:00+00:00,11.4
2023-04-01 06:47:00+00:00,4.8375
2023-03-07 17:43:00+00:00,6.7313
2023-04-15 20:40:00+00:00,14.78
2023-01-15 02:36:00+00:00,6.1425
2023-01-06 17:52:00+00:00,12.8313
2023-05-25 00:37:00+00:00,14.38
2023-04-07 00:05:00+00:00,1.27
2023-05-07 18:35:00+00:00,7.3325
2023-03-09 07:52:00+00:00,12.84
2023-05-05 16:09:00+00:00,7.18
2023-03-20 06:36:00+00:00,8.26
2023-06-01 07:04:00+00:00,7.32
2023-05-03 14:08:00+00:00,2.5275
2023-01-16 15:02:00+00:00,7.7687
2023-02-14 08:23:00+00:00,7.58
2023-02-13 19:31:00+00:00,5.2538
2023-06-26 08:25:00+00:00,5.87
2023-05-20 07:54:00+00:00,8.28
2023-05-03 02:26:00+00:00,4.3525
2023-06-21 03:33:00+00:00,0.8638
2023-01-06 17:43:00+00:00,8.0
2023-04-10 15:22:00+00:00,2.5987
2023-02-02 08:21:00+00:00,11.74
2023-01-06 05:17:00+00:00,11.2
2023-02-10 16:40:00+00:00,7.45
2023-02-27 21:33:00+00:00,12.2963
2023-06-09 03:14:00+00:00,6.28
2023-03-14 00:01:00+00:00,7.84
2023-05-30 17:55:00+00:00,2.4612
2023-01-29 04:38:00+00:00,14.46
2023-03-24 22:37:00+00:00,8.6275
2023-04-02 19:04:00+00:00,8.3637
2023-03-08 18:26:00+00:00,13.62
2023-04-22 03:33:00+00:00,12.3637
2023-06-20 14:15:00+00:00,11.5875
2023-03-02 00:08:00+00:00,15.1
2023-01-07 18:35:00+00:00,9.3325
2023-01-21 20:37:00+00:00,1.425
2023-05-14 13:27:00+00:00,8.96
2023-02-17 11:41:00+00:00,3.0838
2023-04-04 09:56:00+00:00,10.4913
2023-06-18 12:15:00+00:00,9.66
2023-05-10 09:44:00+00:00,1.3113
2023-01-13 12:01:00+00:00,9.365
2023-05-18 05:11:00+00:00,7.44
2023-04-26 19:50:00+00:00,6.4938
2023-04-18 11:23:00+00:00,3.5337
2023-05-21 20:02:00+00:00,6.3
2023-05-18 17:45:00+00:00,5.8213
2023-03-22 20:20:00+00:00,4.725
2023-01-28 15:03:00+00:00,13.24
2023-03-06 16:43:00+00:00,10.38
2023-03-19 05:02:00+00:00,9.3963
2023-01-23 22:28:00+00:00,13.54
2023-01-23 10:37:00+00:00,12.5525
2023-04-26 07:16:00+00:00,6.1188
2023-02-16 10:23:00+00:00,13.22
2023-04-25 06:50:00+00:00,0.7175
2023-05-10 09:01:00+00:00,9.8112
2023-03-26 00:20:00+00:00,11.98
2023-03-22 20:11:00+00:00,12.7
2023-02-24 18:33:00+00:00,10.1425
2023-01-11 22:35:00+00:00,10.9
2023-01-25 12:46:00+00:00,12.955
2023-04-01 06:55:00+00:00,1.7375
2023-01-16 03:02:00+00:00,7.0
2023-01-15 02:27:00+00:00,7.0425
2023-04-19 00:41:00+00:00,8.21
2023-02-20 14:50:00+00:00,13.7
2023-04-10 15:14:00+00:00,3.3988
2023-04-27 08:33:00+00:00,1.72
2023-01-13 12:44:00+00:00,11.34
2023-06-29 11:42:00+00:00,0.6238
2023-05-01 00:25:00+00:00,1.55
2023-01-15 02:36:00+00:00,15.38
2023-03-04 14:17:00+00:00,5.4775
2023-01-10 09:35:00+00:00,11.9612
2023-04-25 06:16:00+00:00,6.98
2023-05-03 14:51:00+00:00,12.3775
2023-03-10 20:35:00+00:00,3.285
2023-04-24 05:33:00+00:00,10.56
2023-05-10 09:27:00+00:00,5.6612
2023-03-01 11:08:00+00:00,9.4738
2023-02-11 05:40:00+00:00,11.92
2023-04-05 10:39:00+00:00,8.5925
2023-05-09 20:18:00+00:00,7.985
2023-01-26 01:46:00+00:00,7.6
2023-03-29 03:12:00+00:00,0.5837
2023-04-17 10:06:00+00:00,12.6825
2023-06-03 09:30:00+00:00,6.56
2023-05-16 15:02:00+00:00,11.7188
2023-05-04 15:00:00+00:00,10.3788
2023-03-17 03:19:00+00:00,14.2
2023-05-31 18:21:00+00:00,3.1625
2023-05-16 15:53:00+00:00,9.5188
2023-05-18 17:19:00+00:00,10.24
2023-03-28 14:38:00+00:00,3.1075
2023-04-13 18:57:00+00:00,4.3025
2023-01-03 14:34:00+00:00,9.14
2023-01-12 11:10:00+00:00,1.3638
2023-05-22 21:45:00+00:00,5.2763
2023-06-06 00:56:00+00:00,11.02
2023-06-05 23:13:00+00:00,7.4688
2023-01-22 21:20:00+00:00,4.3262
2023-02-07 01:39:00+00:00,11.44
2023-03-22 20:54:00+00:00,3.125
2023-03-13 23:44:00+00:00,10.2888
2023-06-20 02:15:00+00:00,8.5
2023-03-17 15:36:00+00:00,10.8187
2023-06-03 21:47:00+00:00,5.1662
2023-02-25 19:42:00+00:00,6.2
2023-01-25 00:37:00+00:00,4.88
2023-05-04 03:00:00+00:00,9.5538
2023-04-08 13:31:00+00:00,10.64
2023-01-03 02:51:00+00:00,5.2025
2023-04-16 09:49:00+00:00,4.4313
2023-05-19 18:54:00+00:00,11.86
2023-04-24 17:41:00+00:00,8.5412
2023-06-01 19:13:00+00:00,1.3137
2023-01-30 17:55:00+00:00,6.48
2023-05-18 05:28:00+00:00,1.7962
2023-05-01 12:25:00+00:00,4.325
2023-04-05 10:47:00+00:00,7.78
2023-02-28 22:42:00+00:00,10.6475
2023-01-03 02:26:00+00:00,8.1025
2023-01-03 02:26:00+00:00,13.54
2023-01-06 05:09:00+00:00,9.1562
2023-05-17 16:36:00+00:00,3.37
2023-03-14 12:01:00+00:00,13.74
2023-05-09 08:52:00+00:00,9.26
2023-01-21 20:20:00+00:00,9.525
2023-01-26 13:03:00+00:00,10.8
2023-01-21 08:45:00+00:00,5.65
2023-01-18 17:36:00+00:00,10.6713
2023-04-26 07:59:00+00:00,9.8
2023-01-08 19:09:00+00:00,7.6837
2023-04-26 19:42:00+00:00,1.7437
2023-03-15 13:44:00+00:00,8.16
2023-02-03 09:39:00+00:00,2.4413
2023-05-11 22:27:00+00:00,10.9875
2023-01-18 17:28:00+00:00,7.84
2023-06-12 06:23:00+00:00,1.1775
2023-03-10 20:26:00+00:00,8.285
2023-05-13 12:44:00+00:00,15.34
2023-01-09 20:44:00+00:00,0.885
2023-02-01 19:38:00+00:00,3.8638
2023-04-19 12:15:00+00:00,11.66
2023-02-28 22:59:00+00:00,8.9975
2023-06-03 21:47:00+00:00,8.0162
2023-05-02 01:08:00+00:00,6.32
2023-04-23 04:33:00+00:00,4.465
2023-05-08 07:01:00+00:00,3.9087
2023-01-17 16:19:00+00:00,15.42
2023-05-28 03:38:00+00:00,8.3837
2023-06-29 11:59:00+00:00,4.7237
2023-03-13 11:35:00+00:00,13.72
2023-03-17 03:53:00+00:00,2.6437
2023-06-25 07:07:00+00:00,11.4688
2023-04-19 00:15:00+00:00,9.26
2023-01-25 00:46:00+00:00,5.33
2023-04-06 11:39:00+00:00,14.2
2023-01-20 07:28:00+00:00,7.48
2023-05-24 11:20:00+00:00,1.3037
2023-01-19 06:11:00+00:00,10.1975
2023-04-24 05:50:00+00:00,9.36
2023-05-21 08:20:00+00:00,10.2
2023-03-09 07:43:00+00:00,3.4087
2023-06-29 23:59:00+00:00,13.08
2023-06-23 05:41:00+00:00,11.7662
2023-04-02 19:30:00+00:00,5.3637
2023-01-09 08:35:00+00:00,7.26
2023-05-29 04:29:00+00:00,11.335
2023-03-12 22:01:00+00:00,2.9375
2023-06-07 13:31:00+00:00,11.84
2023-03-31 05:12:00+00:00,5.2862
2023-04-04 21:13:00+00:00,6.6162
2023-01-25 12:20:00+00:00,10.38
2023-05-28 03:55:00+00:00,12.9337
2023-03-05 15:00:00+00:00,8.5787
2023-04-22 15:24:00+00:00,6.92
2023-03-10 08:44:00+00:00,2.91
2023-03-11 09:09:00+00:00,7.2613
2023-05-17 16:19:00+00:00,13.82
2023-06-06 12:22:00+00:00,0.945
2023-02-02 08:56:00+00:00,8.14
2023-03-15 13:10:00+00:00,8.16
2023-05-15 14:53:00+00:00,6.3175
2023-03-30 16:38:00+00:00,5.21
2023-03-15 13:27:00+00:00,11.36
2023-04-28 21:25:00+00:00,5.4962
2023-04-27 08:59:00+00:00,3.82
2023-05-03 02:51:00+00:00,12.34
2023-04-04 09:04:00+00:00,11.9413
2023-03-24 22:03:00+00:00,12.5275
2023-03-05 15:17:00+00:00,11.16
2023-06-25 19:07:00+00:00,5.8438
2023-06-14 20:32:00+00:00,9.255
2023-01-10 21:52:00+00:00,13.28
2023-04-03 08:21:00+00:00,6.59
2023-02-06 00:13:00+00:00,10.32
2023-04-25 18:07:00+00:00,6.18
2023-05-14 13:01:00+00:00,1.6162
2023-05-05 16:34:00+00:00,9.03
2023-04-03 08:38:00+00:00,9.74
2023-03-23 21:11:00+00:00,8.8262
2023-02-20 14:24:00+00:00,4.5375
2023-04-06 23:56:00+00:00,14.2
2023-06-13 07:49:00+00:00,12.6288
2023-02-08 14:05:00+00:00,6.1975
2023-05-08 07:35:00+00:00,12.04
2023-03-29 15:12:00+00:00,10.84
2023-06-28 22:34:00+00:00,7.7475
2023-01-10 09:52:00+00:00,14.08
2023-01-04 15:00:00+00:00,7.4787
2023-04-11 04:31:00+00:00,2.275
2023-04-26 19:59:00+00:00,15.4
2023-04-25 06:07:00+00:00,9.5675
2023-05-19 18:11:00+00:00,5.8225
2023-02-25 19:25:00+00:00,8.2
2023-03-08 06:09:00+00:00,1.9575
2023-03-20 06:28:00+00:00,7.6975
2023-04-09 14:48:00+00:00,11.86
2023-05-15 02:27:00+00:00,4.2425
2023-06-19 01:41:00+00:00,2.5112
2023-05-10 09:52:00+00:00,12.88
2023-04-30 23:59:00+00:00,2.2988
2023-01-09 08:52:00+00:00,11.81
2023-04-16 09:40:00+00:00,6.4
2023-03-29 15:03:00+00:00,12.8087
2023-06-29 23:42:00+00:00,8.0488
2023-06-28 10:08:00+00:00,11.86
2023-04-30 11:08:00+00:00,10.9738
2023-04-13 06:48:00+00:00,8.0275
2023-01-07 18:35:00+00:00,11.22
2023-05-16 15:02:00+00:00,7.2687
2023-05-10 09:35:00+00:00,8.1113
2023-03-13 23:44:00+00:00,14.52
2023-03-02 12:17:00+00:00,10.725
2023-01-02 13:51:00+00:00,4.5762
2023-04-23 16:58:00+00:00,11.34
2023-05-05 16:43:00+00:00,4.23
2023-04-20 13:41:00+00:00,2.2862
2023-05-27 02:38:00+00:00,5.62
2023-03-19 17:36:00+00:00,12.1212
2023-02-17 11:06:00+00:00,1.8838
2023-06-29 11:42:00+00:00,9.88
2023-02-05 11:47:00+00:00,2.2938
2023-06-25 19:59:00+00:00,11.8438
2023-06-22 04:24:00+00:00,12.54
2023-02-26 08:59:00+00:00,12.87
2023-06-20 02:07:00+00:00,2.0625
2023-04-01 06:47:00+00:00,13.3
2023-05-03 02:43:00+00:00,1.6025
2023-04-09 02:14:00+00:00,4.5725
2023-04-02 07:30:00+00:00,13.72
2023-06-20 02:41:00+00:00,9.6625
2023-01-29 16:29:00+00:00,12.86
2023-05-26 13:37:00+00:00,6.8
2023-01-05 04:34:00+00:00,12.655
2023-06-26 20:33:00+00:00,6.945
2023-04-14 19:06:00+00:00,7.96
2023-01-03 14:08:00+00:00,2.3775
2023-05-10 09:09:00+00:00,9.0612
2023-01-29 04:55:00+00:00,11.66
2023-06-11 05:40:00+00:00,12.4763
2023-02-27 09:08:00+00:00,7.5213
2023-06-07 13:05:00+00:00,5.84
2023-04-20 13:24:00+00:00,10.9362
2023-04-08 01:22:00+00:00,4.4712
2023-06-22 04:24:00+00:00,11.34
2023-02-08 02:56:00+00:00,7.7725
2023-06-17 23:15:00+00:00,12.9087
2023-03-04 02:51:00+00:00,12.34
2023-04-13 06:57:00+00:00,9.3275
2023-04-16 09:49:00+00:00,10.8313
2023-02-19 13:32:00+00:00,14.08
2023-06-18 12:49:00+00:00,6.635
2023-01-11 10:52:00+00:00,6.6125
2023-01-16 03:02:00+00:00,7.4
2023-03-22 08:54:00+00:00,2.95
2023-05-29 04:04:00+00:00,4.185
2023-06-10 16:22:00+00:00,14.7
2023-03-09 19:43:00+00:00,2.0337
2023-05-10 21:27:00+00:00,1.6362
2023-01-06 05:35:00+00:00,13.6
2023-02-12 18:06:00+00:00,7.5525
2023-04-20 01:49:00+00:00,10.2112
2023-06-20 14:58:00+00:00,12.5
2023-02-02 08:13:00+00:00,11.09
2023-06-22 16:41:00+00:00,8.44
2023-03-03 01:51:00+00:00,11.92
2023-06-04 22:04:00+00:00,10.4175
2023-06-06 00:22:00+00:00,2.52
2023-02-12 18:40:00+00:00,12.34
2023-06-13 07:14:00+00:00,12.1788
2023-06-18 00:49:00+00:00,3.16
2023-03-06 16:09:00+00:00,12.78
2023-03-14 12:01:00+00:00,1.165
2023-01-11 22:52:00+00:00,7.8375
2023-02-01 19:30:00+00:00,10.12
2023-05-15 02:02:00+00:00,1.2925
2023-01-29 04:38:00+00:00,10.585
2023-04-08 13:05:00+00:00,14.24
2023-01-10 21:52:00+00:00,3.4362
2023-02-11 17:05:00+00:00,2.9512
2023-02-16 10:58:00+00:00,10.02
2023-05-22 09:11:00+00:00,9.6013
2023-04-12 05:31:00+00:00,8.1762
2023-02-18 12:58:00+00:00,8.46
2023-02-01 07:04:00+00:00,7.1387
2023-05-18 05:02:00+00:00,7.04
2023-06-23 05:07:00+00:00,9.36
2023-06-02 20:04:00+00:00,5.765
2023-02-05 11:56:00+00:00,5.3438
2023-03-03 01:00:00+00:00,11.52
2023-04-03 20:38:00+00:00,2.965
2023-01-30 05:47:00+00:00,2.4863
2023-02-03 09:39:00+00:00,8.16
2023-01-04 03:51:00+00:00,7.0537
2023-04-30 11:59:00+00:00,3.9737
2023-05-15 02:02:00+00:00,11.38
2023-05-23 22:03:00+00:00,2.4275
2023-05-14 01:44:00+00:00,2.3413
2023-02-16 10:15:00+00:00,6.42
2023-06-23 05:07:00+00:00,11.7163
2023-02-15 21:15:00+00:00,3.9062
2023-05-13 12:53:00+00:00,10.94
2023-06-08 14:48:00+00:00,8.0975
2023-02-01 19:04:00+00:00,10.4138
2023-04-20 01:49:00+00:00,14.48
2023-03-09 19:18:00+00:00,10.3338
2023-03-12 22:01:00+00:00,5.4875
2023-02-10 16:48:00+00:00,11.9
2023-04-03 08:47:00+00:00,12.24
2023-06-24 18:42:00+00:00,2.8425
2023-03-12 10:52:00+00:00,6.1
2023-02-12 06:31:00+00:00,12.0775
2023-01-21 20:45:00+00:00,1.525
2023-06-08 14:56:00+00:00,11.06
2023-04-06 11:39:00+00:00,5.8438
2023-05-14 13:36:00+00:00,5.9162
2023-04-27 08:42:00+00:00,10.62
2023-04-19 12:15:00+00:00,5.135
2023-01-16 03:02:00+00:00,10.5437
2023-02-01 07:04:00+00:00,6.12
2023-06-17 11:06:00+00:00,7.5338
2023-06-19 13:49:00+00:00,7.3863
2023-06-20 14:15:00+00:00,11.3
2023-06-02 20:21:00+00:00,0.715
2023-04-20 13:32:00+00:00,12.0363
2023-02-09 03:31:00+00:00,7.48
2023-06-18 00:06:00+00:00,11.36
2023-05-05 04:43:00+00:00,4.805
2023-02-14 20:06:00+00:00,10.78
2023-04-04 09:39:00+00:00,4.7912
2023-03-30 04:46:00+00:00,9.685
2023-04-18 11:23:00+00:00,8.04
2023-03-16 14:44:00+00:00,1.0675
2023-01-11 22:52:00+00:00,11.8875
2023-04-11 16:57:00+00:00,5.5
2023-03-22 08:02:00+00:00,7.5
2023-04-30 11:17:00+00:00,6.1238
2023-06-14 20:14:00+00:00,13.58
2023-03-11 21:44:00+00:00,2.8363
2023-01-05 16:52:00+00:00,8.38
2023-02-05 23:30:00+00:00,15.0
2023-03-26 12:29:00+00:00,4.355
2023-06-28 22:16:00+00:00,5.3475
2023-01-18 05:11:00+00:00,7.04
2023-01-05 16:17:00+00:00,9.38
2023-05-11 10:27:00+00:00,0.7125
2023-03-31 05:21:00+00:00,6.88
2023-04-09 14:48:00+00:00,6.5975
2023-05-26 13:46:00+00:00,4.2562
2023-05-25 00:20:00+00:00,5.98
2023-06-12 06:57:00+00:00,8.1275
2023-06-06 12:56:00+00:00,5.895
2023-04-27 20:42:00+00:00,14.22
2023-03-26 00:03:00+00:00,9.53
2023-06-29 11:51:00+00:00,8.9738
2023-05-28 03:38:00+00:00,7.64
2023-01-22 21:28:00+00:00,8.2763
2023-06-16 22:06:00+00:00,1.4075
2023-05-01 12:08:00+00:00,6.7
2023-04-09 02:48:00+00:00,2.9725
2023-04-29 22:16:00+00:00,2.0975
2023-03-19 17:02:00+00:00,9.44
2023-02-28 10:16:00+00:00,3.0725
2023-04-24 17:33:00+00:00,4.7912
2023-05-16 15:02:00+00:00,6.6
2023-01-14 13:44:00+00:00,10.6662
2023-06-06 12:22:00+00:00,8.145
2023-06-01 19:30:00+00:00,12.92
2023-05-06 17:35:00+00:00,10.9313
2023-01-12 23:10:00+00:00,6.0888
2023-05-22 09:37:00+00:00,7.92
2023-05-03 14:34:00+00:00,5.3275
2023-05-28 15:21:00+00:00,2.1087
2023-02-02 20:21:00+00:00,9.74
2023-03-29 15:29:00+00:00,3.3588
2023-03-19 17:02:00+00:00,11.3712
2023-03-06 16:52:00+00:00,6.78
2023-02-14 08:40:00+00:00,12.28
2023-01-29 16:46:00+00:00,12.21
2023-04-06 23:05:00+00:00,7.4
2023-06-13 19:14:00+00:00,12.8537
2023-05-22 09:28:00+00:00,8.6512
2023-05-19 06:28:00+00:00,14.26
2023-04-10 15:39:00+00:00,0.8987
2023-06-13 19:31:00+00:00,1.5037
2023-06-24 18:24:00+00:00,7.38
2023-05-23 10:03:00+00:00,2.2025
2023-01-26 01:37:00+00:00,10.2812
2023-02-12 06:31:00+00:00,11.54
2023-04-06 23:30:00+00:00,4.0187
2023-02-21 03:15:00+00:00,6.4638
2023-02-10 16:14:00+00:00,14.3
2023-06-16 22:15:00+00:00,10.9575
2023-04-11 16:40:00+00:00,12.45
2023-06-03 21:30:00+00:00,6.56
2023-03-03 13:43:00+00:00,5.3762
2023-02-01 07:38:00+00:00,5.7387
2023-06-02 20:30:00+00:00,8.94
2023-05-03 02:43:00+00:00,0.7025
2023-06-25 19:07:00+00:00,11.0437
2023-02-03 21:13:00+00:00,9.76
2023-06-22 04:07:00+00:00,11.865
2023-04-02 07:30:00+00:00,10.3387
2023-01-23 10:20:00+00:00,11.54
2023-03-09 07:26:00+00:00,11.5587
2023-05-08 07:52:00+00:00,3.5088
2023-01-11 22:27:00+00:00,10.9
2023-01-30 17:04:00+00:00,4.1612
2023-06-21 15:33:00+00:00,2.6387
2023-02-28 10:42:00+00:00,13.06
2023-06-21 03:07:00+00:00,8.7637
2023-06-29 11:51:00+00:00,2.0237
2023-03-27 13:55:00+00:00,13.6
2023-02-02 08:13:00+00:00,1.39
2023-05-14 13:44:00+00:00,7.9162
2023-01-03 02:34:00+00:00,9.14
2023-02-18 12:49:00+00:00,11.685
2023-06-15 09:15:00+00:00,12.6813
2023-01-26 01:37:00+00:00,11.2
2023-02-25 07:59:00+00:00,5.4188
2023-01-04 15:09:00+00:00,10.9288
2023-02-26 20:42:00+00:00,8.62
2023-01-20 19:45:00+00:00,2.7738
2023-02-23 17:07:00+00:00,9.4413
2023-02-08 14:56:00+00:00,9.06
2023-06-26 08:42:00+00:00,3.02
2023-05-01 00:34:00+00:00,3.35
2023-02-10 16:40:00+00:00,14.7
2023-03-01 23:25:00+00:00,0.8488
2023-03-26 00:20:00+00:00,2.03
2023-06-21 15:15:00+00:00,9.72
2023-05-07 06:18:00+00:00,11.2575
2023-04-14 19:57:00+00:00,6.0537
2023-01-17 04:36:00+00:00,11.82
2023-04-07 00:56:00+00:00,12.47
2023-04-10 15:14:00+00:00,14.28
2023-01-11 10:01:00+00:00,6.1
2023-05-19 18:54:00+00:00,7.0225
2023-03-06 16:09:00+00:00,10.98
2023-06-07 01:13:00+00:00,14.64
2023-05-15 02:53:00+00:00,11.3925
2023-01-29 04:04:00+00:00,10.135
2023-01-16 03:10:00+00:00,11.4
2023-04-15 20:06:00+00:00,6.655
2023-06-03 21:04:00+00:00,6.5163
2023-05-17 16:02:00+00:00,14.62
2023-02-21 15:24:00+00:00,10.5887
2023-06-02 20:56:00+00:00,1.465
2023-05-17 04:36:00+00:00,9.42
2023-03-03 13:43:00+00:00,6.2763
2023-01-16 15:02:00+00:00,10.2188
2023-05-07 18:09:00+00:00,8.02
2023-04-22 03:24:00+00:00,10.6638
2023-03-06 04:17:00+00:00,12.055
2023-06-21 03:33:00+00:00,6.92
2023-02-05 23:47:00+00:00,2.5187
2023-04-13 06:40:00+00:00,1.2275
2023-01-22 21:54:00+00:00,10.32
2023-05-18 05:11:00+00:00,8.0463
2023-01-19 18:54:00+00:00,10.2225
2023-01-14 13:10:00+00:00,15.36
2023-06-02 08:47:00+00:00,9.04
2023-06-13 19:23:00+00:00,7.2538
2023-05-31 18:55:00+00:00,6.5
2023-04-01 18:21:00+00:00,7.4125
2023-05-19 18:45:00+00:00,12.3225
2023-06-27 21:33:00+00:00,6.24
2023-06-27 21:16:00+00:00,10.4462
2023-03-14 00:36:00+00:00,4.94
2023-02-03 21:39:00+00:00,13.36
2023-02-27 21:42:00+00:00,3.5463
2023-02-14 08:14:00+00:00,5.08
2023-01-21 08:11:00+00:00,5.5
2023-01-03 02:17:00+00:00,10.9525
2023-03-24 10:20:00+00:00,10.4525
2023-03-29 03:12:00+00:00,12.04
2023-05-08 19:52:00+00:00,11.6337
2023-05-24 23:46:00+00:00,12.7788
2023-06-25 19:07:00+00:00,12.6
2023-01-21 20:54:00+00:00,5.675
2023-01-03 14:43:00+00:00,11.0775
2023-02-15 21:23:00+00:00,10.4
2023-02-03 21:04:00+00:00,10.6163
2023-01-06 17:00:00+00:00,12.7812
2023-04-07 00:48:00+00:00,12.62
2023-02-07 13:56:00+00:00,6.24
2023-06-14 08:49:00+00:00,6.43
2023-01-05 16:00:00+00:00,7.58
2023-05-01 12:34:00+00:00,9.575
2023-05-20 07:45:00+00:00,6.0488
2023-03-08 06:35:00+00:00,7.62
2023-06-01 19:13:00+00:00,6.1638
2023-04-15 08:57:00+00:00,8.18
2023-02-06 12:30:00+00:00,10.62
2023-04-26 19:42:00+00:00,11.9437
2023-02-28 10:59:00+00:00,4.0725
2023-02-22 04:24:00+00:00,14.54
2023-06-20 02:24:00+00:00,3.4125
2023-01-06 17:09:00+00:00,11.3812
2023-03-12 10:27:00+00:00,9.3
2023-05-31 18:04:00+00:00,1.7125
2023-01-30 05:12:00+00:00,8.2862
2023-02-10 04:05:00+00:00,13.1
2023-04-17 10:06:00+00:00,12.9325
2023-04-24 05:24:00+00:00,4.7663
2023-01-20 19:02:00+00:00,6.28
2023-01-19 06:02:00+00:00,12.1975
2023-02-10 16:40:00+00:00,9.15
2023-03-11 21:35:00+00:00,8.48
2023-02-08 14:22:00+00:00,4.9975
2023-02-23 17:41:00+00:00,10.5913
2023-03-26 00:20:00+00:00,11.98
2023-03-07 17:17:00+00:00,8.8313
2023-01-04 03:34:00+00:00,3.3537
2023-05-09 08:01:00+00:00,13.26
2023-01-06 17:09:00+00:00,2.0812
2023-01-23 22:54:00+00:00,8.1275
2023-04-18 11:58:00+00:00,8.44
2023-06-01 07:21:00+00:00,6.8388
2023-05-18 17:28:00+00:00,2.5713
2023-06-04 22:30:00+00:00,11.78
2023-02-21 03:58:00+00:00,11.0638
2023-01-25 12:46:00+00:00,7.555
2023-05-04 03:43:00+00:00,6.76
2023-02-17 23:06:00+00:00,7.6588
2023-04-23 16:16:00+00:00,1.59
2023-05-28 03:46:00+00:00,9.64
2023-01-15 14:53:00+00:00,8.4175
2023-06-07 01:31:00+00:00,3.5713
2023-04-29 10:59:00+00:00,13.06
2023-03-07 17:52:00+00:00,2.1313
2023-05-20 19:02:00+00:00,11.0738
2023-01-23 22:37:00+00:00,13.54
2023-04-06 11:05:00+00:00,7.1437
2023-04-02 07:55:00+00:00,1.1387
2023-01-15 14:36:00+00:00,12.58
2023-05-04 15:43:00+00:00,8.8788
2023-01-29 04:12:00+00:00,1.435
2023-06-20 14:15:00+00:00,9.7
2023-04-22 15:15:00+00:00,3.1387
2023-04-21 02:15:00+00:00,6.8625
2023-04-04 21:21:00+00:00,8.56
2023-03-11 21:27:00+00:00,10.3362
2023-01-05 04:17:00+00:00,8.105
2023-05-30 05:12:00+00:00,14.48
2023-05-17 16:28:00+00:00,1.27
2023-01-24 23:20:00+00:00,7.9787
2023-04-17 10:58:00+00:00,6.42
2023-01-13 12:18:00+00:00,3.365
2023-03-03 01:34:00+00:00,11.0512
2023-04-17 22:06:00+00:00,13.62
2023-03-06 04:09:00+00:00,6.105
2023-05-27 02:12:00+00:00,7.7325
2023-03-24 22:20:00+00:00,13.54
2023-04-13 18:31:00+00:00,10.0525
2023-06-03 21:30:00+00:00,3.8163
2023-03-30 04:29:00+00:00,10.06
2023-05-30 05:21:00+00:00,3.2363
2023-02-15 21:57:00+00:00,11.2562
2023-03-05 03:26:00+00:00,14.36
2023-05-13 00:18:00+00:00,3.14
2023-06-28 22:16:00+00:00,0.8475
2023-02-05 11:56:00+00:00,11.8
2023-01-16 15:19:00+00:00,0.8187
2023-05-03 02:51:00+00:00,9.6025
2023-01-01 00:17:00+00:00,11.9
2023-01-06 17:35:00+00:00,8.9812
2023-06-10 04:40:00+00:00,8.175
2023-06-05 23:05:00+00:00,8.2
2023-01-26 01:55:00+00:00,6.5812
2023-04-28 09:59:00+00:00,11.9712
2023-06-04 22:22:00+00:00,10.58
2023-02-09 03:39:00+00:00,4.2237
2023-03-01 23:51:00+00:00,8.8987
2023-05-11 22:18:00+00:00,8.9
2023-05-13 00:36:00+00:00,5.34
2023-02-01 19:38:00+00:00,4.4138
2023-06-21 15:50:00+00:00,6.52
2023-02-02 20:13:00+00:00,9.465
2023-01-11 22:44:00+00:00,7.7375
2023-03-03 01:00:00+00:00,8.32
2023-05-30 05:29:00+00:00,10.8863
2023-05-09 20:52:00+00:00,6.735
2023-05-07 18:00:00+00:00,9.62
2023-05-28 15:29:00+00:00,11.2088
2023-05-24 11:29:00+00:00,6.36
2023-02-20 02:41:00+00:00,12.9
2023-04-16 21:40:00+00:00,1.3062
2023-05-15 02:27:00+00:00,4.4425
2023-05-10 09:52:00+00:00,15.28
2023-01-08 19:26:00+00:00,2.8838
2023-01-12 23:35:00+00:00,3.0387
2023-01-17 04:28:00+00:00,6.22
2023-01-05 16:17:00+00:00,11.28
2023-05-16 03:10:00+00:00,6.1437
2023-01-29 16:12:00+00:00,9.26
2023-05-11 22:44:00+00:00,7.6375
2023-02-17 23:23:00+00:00,9.0087
2023-02-08 02:56:00+00:00,14.26
2023-04-28 09:08:00+00:00,12.1212
2023-06-25 19:25:00+00:00,6.5938
2023-04-01 18:21:00+00:00,5.7
2023-06-22 04:41:00+00:00,2.815
2023-04-23 16:24:00+00:00,9.04
2023-01-29 16:55:00+00:00,8.86
2023-04-11 16:14:00+00:00,8.0
2023-04-08 13:22:00+00:00,4.3462
2023-06-24 18:16:00+00:00,7.78
2023-02-16 22:58:00+00:00,7.2575
2023-02-27 09:42:00+00:00,11.5213
2023-03-15 13:44:00+00:00,8.96
2023-03-19 17:02:00+00:00,12.2713
2023-03-22 20:45:00+00:00,4.075
2023-06-17 23:23:00+00:00,9.24
2023-02-14 08:40:00+00:00,10.18
2023-06-21 15:41:00+00:00,10.5887
2023-04-01 06:30:00+00:00,14.5
2023-01-02 13:51:00+00:00,7.6262
2023-06-17 11:32:00+00:00,2.4837
2023-01-05 16:52:00+00:00,5.58
2023-06-22 16:16:00+00:00,1.94
2023-06-04 10:39:00+00:00,2.6425
2023-01-20 07:28:00+00:00,13.08
2023-01-19 06:02:00+00:00,10.0475
2023-02-21 03:33:00+00:00,1.2138
2023-05-27 02:20:00+00:00,15.22
2023-01-13 12:18:00+00:00,4.115
2023-02-24 06:50:00+00:00,9.8675
2023-06-25 19:42:00+00:00,7.0
2023-03-14 12:36:00+00:00,3.165
2023-06-25 07:42:00+00:00,8.5687
2023-02-22 04:41:00+00:00,10.14
2023-01-01 00:08:00+00:00,3.6
2023-04-12 17:23:00+00:00,5.8012
2023-03-10 08:01:00+00:00,14.06
2023-01-30 05:04:00+00:00,10.48
2023-06-25 19:42:00+00:00,4.1437
2023-06-05 23:22:00+00:00,14.6
2023-06-11 05:23:00+00:00,1.9763
2023-05-11 10:52:00+00:00,9.0625
2023-01-08 19:18:00+00:00,11.64
2023-03-06 16:26:00+00:00,12.98
2023-04-06 11:39:00+00:00,8.5938
2023-06-05 11:30:00+00:00,7.8
2023-04-19 00:24:00+00:00,4.61
2023-05-24 23:03:00+00:00,5.8788
2023-06-28 22:08:00+00:00,15.06
2023-04-01 18:04:00+00:00,5.1125
2023-03-05 15:17:00+00:00,4.0288
2023-03-11 21:18:00+00:00,6.08
2023-04-27 20:08:00+00:00,2.845
2023-04-23 04:24:00+00:00,3.615
2023-04-08 13:05:00+00:00,10.64
2023-05-11 10:35:00+00:00,8.3125
2023-04-20 13:15:00+00:00,5.4863
2023-02-03 21:04:00+00:00,10.16
2023-06-01 19:04:00+00:00,9.7637
2023-02-09 03:05:00+00:00,2.4238
2023-05-12 23:44:00+00:00,7.32
2023-06-25 07:25:00+00:00,1.4187
2023-03-25 11:46:00+00:00,0.7037
2023-02-07 13:31:00+00:00,6.64
2023-04-07 12:05:00+00:00,0.945
2023-05-30 05:38:00+00:00,5.4863
2023-06-05 23:22:00+00:00,11.0
2023-03-25 11:03:00+00:00,12.1037
2023-02-08 14:05:00+00:00,9.5975
2023-03-03 13:17:00+00:00,15.12
2023-01-22 09:37:00+00:00,3.1012
2023-06-23 17:24:00+00:00,5.3913
2023-01-29 04:29:00+00:00,15.26
2023-03-27 01:12:00+00:00,10.4313
2023-03-15 13:36:00+00:00,4.0663
2023-01-20 07:54:00+00:00,11.08
2023-04-04 21:30:00+00:00,12.4162
2023-01-06 17:52:00+00:00,3.8312
2023-02-25 07:33:00+00:00,9.4
2023-03-05 15:34:00+00:00,4.6288
2023-01-13 00:27:00+00:00,9.34
2023-04-28 09:25:00+00:00,13.44
2023-06-14 20:06:00+00:00,4.805
2023-04-24 17:07:00+00:00,5.6913
2023-04-02 19:04:00+00:00,15.32
2023-01-07 18:52:00+00:00,11.5325
2023-01-11 22:10:00+00:00,4.9875
2023-02-16 10:40:00+00:00,12.02
2023-05-10 09:52:00+00:00,4.6113
2023-06-29 23:25:00+00:00,6.7488
2023-03-29 15:03:00+00:00,10.44
2023-06-16 22:06:00+00:00,5.4575
2023-04-17 10:32:00+00:00,2.9825
2023-05-11 22:01:00+00:00,8.1
2023-06-20 14:41:00+00:00,0.8375
2023-02-12 18:31:00+00:00,1.1025
2023-01-03 02:51:00+00:00,5.94
2023-01-31 06:38:00+00:00,5.4875
2023-04-14 19:57:00+00:00,0.7037
2023-04-10 15:48:00+00:00,11.88
2023-06-04 22:13:00+00:00,10.5675
2023-04-02 19:04:00+00:00,2.6637
2023-03-15 01:36:00+00:00,12.96
2023-03-23 09:03:00+00:00,5.2512
2023-06-03 09:30:00+00:00,4.8412
2023-03-06 04:26:00+00:00,11.18
2023-04-08 13:22:00+00:00,7.7462
2023-04-25 06:33:00+00:00,1.8675
2023-05-29 04:04:00+00:00,14.46
2023-01-30 17:21:00+00:00,1.1113
2023-06-07 13:05:00+00:00,10.5962
2023-02-25 19:25:00+00:00,8.6
2023-03-20 06:54:00+00:00,9.3975
2023-05-09 20:26:00+00:00,5.285
2023-02-14 20:14:00+00:00,5.58
2023-01-16 15:53:00+00:00,11.6687
2023-06-24 18:33:00+00:00,5.8425
2023-04-02 07:04:00+00:00,7.72
2023-02-21 03:50:00+00:00,10.7637
2023-03-12 22:44:00+00:00,1.3375
2023-01-04 03:09:00+00:00,9.16
2023-02-15 21:49:00+00:00,7.1063
2023-04-08 01:22:00+00:00,10.3212
2023-04-08 13:22:00+00:00,12.64
2023-01-04 03:26:00+00:00,12.4537
2023-01-10 21:35:00+00:00,8.1363
2023-01-16 15:10:00+00:00,13.4
2023-03-29 15:38:00+00:00,4.9088
2023-05-15 02:36:00+00:00,4.5425
2023-06-27 09:16:00+00:00,12.64
2023-06-22 16:58:00+00:00,11.39
2023-03-17 15:53:00+00:00,12.7688
2023-02-21 15:33:00+00:00,12.52
2023-03-31 05:38:00+00:00,3.5362
2023-06-23 05:07:00+00:00,7.2162
2023-01-24 23:37:00+00:00,10.76
2023-05-16 15:27:00+00:00,6.4688
2023-04-01 18:47:00+00:00,10.5
2023-04-13 06:14:00+00:00,14.74
2023-05-29 04:38:00+00:00,9.385
2023-04-20 01:49:00+00:00,0.9612
2023-05-12 11:35:00+00:00,13.32
2023-04-22 03:58:00+00:00,11.7137
2023-06-13 07:14:00+00:00,3.4287
2023-04-06 23:30:00+00:00,12.2
2023-04-04 21:47:00+00:00,6.8163
2023-02-17 11:23:00+00:00,3.9337
2023-05-11 10:44:00+00:00,6.9
2023-04-03 08:38:00+00:00,3.94
2023-02-27 21:42:00+00:00,12.8963
2023-06-28 22:08:00+00:00,6.66
2023-06-17 23:23:00+00:00,2.2088
2023-01-31 06:12:00+00:00,7.9875
2023-05-02 13:43:00+00:00,7.92
2023-03-20 06:28:00+00:00,2.1975
2023-03-06 04:34:00+00:00,3.405
2023-05-22 21:45:00+00:00,9.52
2023-05-05 16:17:00+00:00,2.48
2023-01-18 17:19:00+00:00,12.7212
2023-04-11 16:48:00+00:00,5.5
2023-02-03 09:30:00+00:00,9.6412
2023-04-09 14:22:00+00:00,4.6975
2023-02-13 19:40:00+00:00,7.96
2023-01-14 01:10:00+00:00,1.1412
2023-03-26 12:20:00+00:00,7.005
2023-01-03 02:26:00+00:00,6.74
2023-01-28 03:21:00+00:00,12.4838
2023-03-02 00:42:00+00:00,10.2
2023-06-19 01:41:00+00:00,9.68
2023-04-02 07:55:00+00:00,5.0888
2023-05-11 22:35:00+00:00,5.9875
2023-03-26 12:54:00+00:00,5.58
2023-02-12 06:31:00+00:00,7.6275
2023-04-12 05:14:00+00:00,9.9262
2023-05-12 11:53:00+00:00,9.32
2023-04-26 07:16:00+00:00,10.4187
2023-06-24 06:33:00+00:00,9.0675
2023-04-09 14:31:00+00:00,8.66
2023-02-20 14:32:00+00:00,3.3375
2023-06-08 02:14:00+00:00,4.3225
2023-06-15 09:06:00+00:00,14.4
2023-04-18 11:58:00+00:00,8.4337
2023-02-11 17:23:00+00:00,11.6013
2023-03-14 12:18:00+00:00,15.34
2023-06-25 07:07:00+00:00,2.3188
2023-06-28 22:51:00+00:00,5.4975
2023-03-09 07:18:00+00:00,11.64
2023-04-08 13:05:00+00:00,11.44
2023-06-28 22:16:00+00:00,11.6975
2023-02-23 05:59:00+00:00,12.56
2023-05-14 13:44:00+00:00,5.9162
2023-03-31 17:38:00+00:00,9.2112
2023-04-10 15:31:00+00:00,9.48
2023-03-29 03:55:00+00:00,5.0338
2023-03-26 00:37:00+00:00,6.23
2023-01-30 05:55:00+00:00,9.68
2023-02-16 10:06:00+00:00,9.7825
2023-04-29 10:25:00+00:00,11.6225
2023-03-18 04:45:00+00:00,10.62
2023-01-11 22:27:00+00:00,2.4375
2023-01-21 20:20:00+00:00,2.225
2023-02-23 17:50:00+00:00,12.56
2023-04-26 19:59:00+00:00,10.2438
2023-05-02 13:17:00+00:00,10.9262
2023-01-14 01:53:00+00:00,15.36
2023-06-26 20:08:00+00:00,9.095
2023-03-18 04:53:00+00:00,4.495
2023-01-01 12:42:00+00:00,6.7
2023-04-28 21:51:00+00:00,11.9462
2023-03-21 19:37:00+00:00,2.4238
2023-06-16 10:15:00+00:00,15.22
2023-06-28 10:51:00+00:00,2.1725
2023-03-15 01:10:00+00:00,11.3413
2023-03-04 14:51:00+00:00,7.14
2023-04-24 05:16:00+00:00,4.5163
2023-01-18 05:53:00+00:00,2.4962
2023-05-16 15:02:00+00:00,12.2
2023-04-27 08:42:00+00:00,9.92
2023-06-04 10:47:00+00:00,7.1425
2023-04-21 02:50:00+00:00,6.1
2023-04-04 21:47:00+00:00,9.5162
2023-05-12 23:44:00+00:00,7.7387
2023-05-01 12:17:00+00:00,11.5
2023-02-18 12:15:00+00:00,4.885
2023-03-03 13:17:00+00:00,1.4263
2023-04-01 18:55:00+00:00,9.3
2023-01-19 06:19:00+00:00,8.7475
2023-06-28 22:59:00+00:00,7.4475
2023-06-17 11:06:00+00:00,12.04
2023-03-28 02:38:00+00:00,6.9825
2023-04-24 05:16:00+00:00,9.9663
2023-01-06 17:26:00+00:00,12.0
2023-05-06 05:52:00+00:00,0.6562
2023-04-07 00:30:00+00:00,1.17
2023-04-15 08:40:00+00:00,15.18
2023-03-08 18:26:00+00:00,1.7825
2023-03-28 14:20:00+00:00,5.6575
2023-02-24 18:33:00+00:00,7.78
2023-02-04 10:47:00+00:00,2.5925
2023-02-08 02:22:00+00:00,3.5725
2023-01-08 07:01:00+00:00,7.64
2023-01-27 02:12:00+00:00,0.6825
2023-05-14 13:19:00+00:00,7.0163
2023-06-07 01:22:00+00:00,7.04
2023-02-17 11:23:00+00:00,3.9337
2023-03-22 20:54:00+00:00,7.825
2023-03-21 07:19:00+00:00,12.28
2023-01-07 06:43:00+00:00,5.4575
2023-01-28 15:38:00+00:00,0.5587
2023-02-01 19:21:00+00:00,13.32
2023-06-17 23:32:00+00:00,8.5087
2023-03-08 18:18:00+00:00,7.1825
2023-03-06 04:26:00+00:00,13.18
2023-01-04 15:09:00+00:00,8.6788
2023-02-05 23:13:00+00:00,9.9187
2023-03-17 03:36:00+00:00,8.2
2023-06-06 12:56:00+00:00,2.845
2023-03-06 16:52:00+00:00,1.88
2023-04-28 09:08:00+00:00,15.44
2023-02-18 12:58:00+00:00,4.835
2023-04-15 08:57:00+00:00,7.78
2023-04-01 18:47:00+00:00,6.1
2023-06-25 07:33:00+00:00,6.7687
2023-06-03 21:13:00+00:00,5.4662
2023-05-12 23:01:00+00:00,7.72
2023-04-07 12:56:00+00:00,2.745
2023-03-12 10:10:00+00:00,6.7125
2023-03-06 16:17:00+00:00,9.98
2023-01-22 09:28:00+00:00,1.4512
2023-02-17 11:49:00+00:00,12.2338
2023-01-18 05:28:00+00:00,7.44
2023-05-14 01:36:00+00:00,5.4413
2023-02-14 08:23:00+00:00,9.48
2023-01-21 20:02:00+00:00,10.3
2023-03-23 09:54:00+00:00,10.3513
2023-03-09 19:18:00+00:00,12.1337
2023-03-05 15:51:00+00:00,5.56
2023-01-22 09:20:00+00:00,2.7012
2023-01-13 00:27:00+00:00,4.74
2023-04-20 13:41:00+00:00,11.28
2023-03-09 19:52:00+00:00,11.3837
2023-02-19 01:41:00+00:00,3.3112
2023-02-10 04:14:00+00:00,11.1
2023-03-24 10:46:00+00:00,1.2525
2023-03-22 08:28:00+00:00,10.85
2023-03-11 09:27:00+00:00,6.48
2023-02-04 10:39:00+00:00,4.0425
2023-03-31 05:55:00+00:00,12.88
2023-01-02 13:34:00+00:00,11.12
2023-06-11 05:31:00+00:00,3.4762
2023-02-02 08:30:00+00:00,11.84
2023-01-06 17:09:00+00:00,12.0
2023-03-28 14:20:00+00:00,4.7575
2023-01-19 18:54:00+00:00,12.0225
2023-06-28 22:34:00+00:00,15.06
2023-04-03 20:38:00+00:00,1.365
2023-06-12 06:23:00+00:00,7.9775
2023-03-07 05:17:00+00:00,9.6
2023-02-22 16:16:00+00:00,6.79
2023-01-09 08:09:00+00:00,2.96
2023-05-14 13:53:00+00:00,6.56
2023-05-23 22:54:00+00:00,11.2275
2023-04-14 07:40:00+00:00,1.2288
2023-04-26 19:42:00+00:00,7.0
2023-04-20 01:32:00+00:00,3.8613
2023-03-30 04:21:00+00:00,2.635
2023-01-19 18:11:00+00:00,8.66
2023-05-31 18:47:00+00:00,4.3125
2023-03-07 05:52:00+00:00,8.8562
2023-03-16 14:02:00+00:00,6.58
2023-03-16 14:44:00+00:00,12.0175
2023-05-30 05:47:00+00:00,6.4863
2023-02-03 21:56:00+00:00,11.36
2023-02-22 16:07:00+00:00,2.99
2023-06-10 16:31:00+00:00,12.95
2023-01-21 08:11:00+00:00,10.7
2023-02-09 03:39:00+00:00,8.7737
2023-04-27 20:33:00+00:00,6.045
2023-05-10 21:18:00+00:00,6.88
2023-04-25 06:16:00+00:00,3.5175
2023-05-09 20:35:00+00:00,4.585
2023-01-23 10:03:00+00:00,10.74
2023-03-12 22:18:00+00:00,6.2375
2023-03-25 11:54:00+00:00,6.3037
2023-01-06 17:43:00+00:00,15.2
2023-02-08 02:31:00+00:00,11.7225
2023-01-03 14:43:00+00:00,10.9775
2023-05-12 11:53:00+00:00,6.12
2023-01-22 09:37:00+00:00,12.8012
2023-02-11 05:57:00+00:00,3.3262
2023-05-13 12:01:00+00:00,12.94
2023-06-09 03:31:00+00:00,11.5237
2023-04-28 21:51:00+00:00,4.8463
2023-01-26 01:55:00+00:00,15.2
2023-03-23 21:03:00+00:00,3.4263
2023-03-14 12:44:00+00:00,4.165
2023-03-10 20:44:00+00:00,8.06
2023-03-07 17:09:00+00:00,9.6
2023-04-22 15:24:00+00:00,6.9387
2023-05-22 09:28:00+00:00,14.72
2023-06-21 03:41:00+00:00,8.4138
2023-05-02 13:17:00+00:00,2.1262
2023-06-17 11:32:00+00:00,5.64
2023-04-14 07:06:00+00:00,9.8287
2023-06-14 20:14:00+00:00,9.155
2023-02-06 12:05:00+00:00,7.82
2023-02-07 13:56:00+00:00,6.3963
2023-05-18 17:19:00+00:00,1.9712
2023-03-11 21:35:00+00:00,8.88
2023-03-16 14:27:00+00:00,9.1175
2023-03-21 19:19:00+00:00,2.2737
2023-01-01 12:00:00+00:00,7.9
2023-02-05 11:05:00+00:00,5.9437
2023-02-02 08:38:00+00:00,9.59
2023-01-03 14:00:00+00:00,7.14
2023-02-17 23:32:00+00:00,1.7588
2023-02-08 14:31:00+00:00,6.7475
2023-06-08 14:56:00+00:00,15.46
2023-02-14 08:23:00+00:00,5.38
2023-03-14 12:44:00+00:00,7.865
2023-02-28 22:51:00+00:00,13.86
2023-05-10 21:27:00+00:00,8.5363
2023-05-24 11:37:00+00:00,5.6037
2023-04-09 14:14:00+00:00,13.06
2023-03-14 12:01:00+00:00,6.315
2023-02-21 03:33:00+00:00,6.6137
2023-04-28 21:33:00+00:00,11.44
2023-04-19 12:41:00+00:00,12.235
2023-06-24 18:24:00+00:00,3.4425
2023-05-14 13:01:00+00:00,6.96
2023-03-29 03:03:00+00:00,1.7837
2023-01-10 09:27:00+00:00,12.0113
2023-02-15 09:57:00+00:00,8.4
2023-02-28 22:42:00+00:00,9.6475
2023-06-19 13:15:00+00:00,3.1862
2023-02-10 16:31:00+00:00,8.7
2023-02-19 13:07:00+00:00,7.0862
2023-01-27 02:55:00+00:00,3.3325
2023-03-30 04:29:00+00:00,9.66
2023-05-10 09:52:00+00:00,6.2613
2023-03-09 19:18:00+00:00,3.0337
2023-04-02 07:04:00+00:00,10.52
2023-02-12 06:40:00+00:00,10.7775
2023-06-11 05:40:00+00:00,7.4763
2023-01-13 12:36:00+00:00,6.54
2023-01-11 22:35:00+00:00,2.9375
2023-05-12 23:01:00+00:00,5.3388
2023-06-26 20:25:00+00:00,11.82
2023-05-05 04:43:00+00:00,7.155
2023-01-08 07:18:00+00:00,4.4588
2023-05-21 08:54:00+00:00,7.9
2023-06-05 11:30:00+00:00,8.4437
2023-05-14 01:44:00+00:00,6.7912
2023-04-16 09:40:00+00:00,6.0
2023-01-11 10:18:00+00:00,9.0125
2023-04-17 10:49:00+00:00,1.3825
2023-04-16 21:32:00+00:00,15.2
2023-01-15 02:36:00+00:00,2.9925
2023-06-28 10:34:00+00:00,12.9225
2023-02-25 19:16:00+00:00,13.0
2023-06-05 23:05:00+00:00,10.1188
2023-02-06 00:22:00+00:00,10.52
2023-04-03 08:56:00+00:00,15.34
2023-04-28 09:33:00+00:00,1.7712
2023-06-15 09:23:00+00:00,3.2313
2023-01-07 06:00:00+00:00,8.82
2023-03-29 15:03:00+00:00,5.0587
2023-01-25 12:03:00+00:00,10.605
2023-02-18 12:41:00+00:00,8.46
2023-01-03 02:34:00+00:00,7.2025
2023-04-09 02:39:00+00:00,4.6725
2023-03-16 02:44:00+00:00,6.98
2023-01-20 19:19:00+00:00,4.4737
2023-06-29 11:17:00+00:00,7.2237
2023-02-13 19:23:00+00:00,13.16
2023-06-05 23:05:00+00:00,11.0687
2023-02-01 19:04:00+00:00,5.3137
2023-02-09 15:14:00+00:00,15.48
2023-01-07 18:26:00+00:00,2.8825
2023-01-07 18:35:00+00:00,2.2325
2023-06-05 23:39:00+00:00,11.8
2023-05-16 15:19:00+00:00,6.4688
2023-02-01 19:21:00+00:00,3.1637
2023-04-05 10:13:00+00:00,8.58
2023-02-26 08:25:00+00:00,8.82
2023-05-17 04:45:00+00:00,5.845
2023-06-04 10:56:00+00:00,10.98
2023-01-19 06:11:00+00:00,3.4975
2023-04-29 10:08:00+00:00,1.0725
2023-03-13 23:44:00+00:00,9.72
2023-04-25 06:33:00+00:00,1.9175
2023-05-23 10:03:00+00:00,9.1025
2023-05-25 12:29:00+00:00,9.98
2023-02-05 11:22:00+00:00,2.7437
2023-04-09 14:48:00+00:00,6.2975
2023-01-21 08:20:00+00:00,8.3
2023-02-04 10:30:00+00:00,8.1925
2023-04-03 08:04:00+00:00,13.34
2023-06-10 16:31:00+00:00,6.7
2023-04-02 07:21:00+00:00,8.5388
2023-03-09 19:35:00+00:00,9.2837
2023-05-01 12:25:00+00:00,14.7
2023-06-14 08:40:00+00:00,8.63
2023-06-16 10:58:00+00:00,2.2825
2023-05-21 20:28:00+00:00,11.9
2023-03-24 22:11:00+00:00,1.4275
2023-04-25 18:33:00+00:00,7.5425
2023-01-24 11:37:00+00:00,13.16
2023-03-19 17:19:00+00:00,0.8713
2023-04-12 17:31:00+00:00,3.9013
2023-04-14 19:14:00+00:00,10.76
2023-03-17 15:27:00+00:00,8.4187
2023-05-11 22:35:00+00:00,6.8875
2023-05-09 20:18:00+00:00,14.06
2023-02-04 10:30:00+00:00,6.5925
2023-04-18 11:41:00+00:00,8.0338
2023-01-20 07:45:00+00:00,13.48
2023-03-25 11:29:00+00:00,10.9038
2023-01-10 21:44:00+00:00,0.5363
2023-02-11 17:48:00+00:00,15.12
2023-05-02 13:00:00+00:00,6.5762
2023-04-09 14:05:00+00:00,6.1475
2023-02-26 08:25:00+00:00,7.02
2023-05-27 02:46:00+00:00,4.2325
2023-01-24 11:11:00+00:00,12.5538
2023-04-20 01:41:00+00:00,10.48
2023-02-14 08:23:00+00:00,2.03
2023-01-08 07:35:00+00:00,3.2088
2023-05-10 21:44:00+00:00,8.88
2023-01-09 20:52:00+00:00,3.935
2023-02-23 17:59:00+00:00,9.3413
2023-01-04 03:09:00+00:00,8.36
2023-04-14 07:06:00+00:00,10.7287
2023-05-08 07:26:00+00:00,8.2088
2023-02-07 13:05:00+00:00,8.64
2023-06-27 21:59:00+00:00,4.5462
2023-01-18 05:45:00+00:00,3.2462
2023-03-20 06:19:00+00:00,15.46
2023-04-05 22:56:00+00:00,8.0675
2023-03-07 05:17:00+00:00,6.4062
2023-05-07 06:35:00+00:00,12.42
2023-01-21 20:54:00+00:00,4.725
2023-02-15 09:49:00+00:00,6.1813
2023-01-17 04:45:00+00:00,10.62
2023-02-16 22:15:00+00:00,8.7075
2023-03-22 08:20:00+00:00,0.6
2023-02-22 16:16:00+00:00,14.94
2023-02-24 18:33:00+00:00,8.58
2023-04-26 07:25:00+00:00,2.2188
2023-01-22 09:11:00+00:00,5.92
2023-01-23 22:54:00+00:00,11.8775
2023-06-05 23:13:00+00:00,10.5687
2023-05-15 02:44:00+00:00,13.78
2023-05-06 17:35:00+00:00,12.6312
2023-02-03 09:30:00+00:00,9.8413
2023-02-02 20:38:00+00:00,6.14
2023-06-15 09:32:00+00:00,10.9812
2023-04-01 18:04:00+00:00,0.6125
2023-04-03 08:38:00+00:00,14.14
2023-05-23 10:03:00+00:00,12.0525
2023-05-05 04:34:00+00:00,9.155
2023-01-18 05:53:00+00:00,7.04
2023-03-11 21:27:00+00:00,7.9363
2023-02-07 13:56:00+00:00,12.6463
2023-03-03 13:43:00+00:00,8.32
2023-06-04 10:22:00+00:00,7.7925
2023-01-06 05:00:00+00:00,3.9562
2023-03-10 20:35:00+00:00,6.86
2023-02-28 22:59:00+00:00,3.5475
2023-06-05 23:30:00+00:00,8.9688
2023-06-19 01:15:00+00:00,13.28
2023-05-19 06:36:00+00:00,8.9475
2023-05-04 03:51:00+00:00,1.8037
2023-02-25 07:42:00+00:00,14.6
2023-01-17 16:02:00+00:00,8.82
2023-06-18 00:06:00+00:00,12.81
2023-02-25 07:16:00+00:00,14.2
2023-06-10 04:22:00+00:00,5.925
2023-06-13 07:14:00+00:00,3.1787
2023-01-20 07:11:00+00:00,7.88
2023-03-29 15:38:00+00:00,8.8588
2023-03-27 01:46:00+00:00,10.5813
2023-05-18 17:28:00+00:00,9.84
2023-06-22 04:07:00+00:00,1.815
2023-05-12 11:10:00+00:00,4.0137
2023-06-13 07:23:00+00:00,11.96
2023-03-14 12:53:00+00:00,3.115
2023-05-16 15:36:00+00:00,12.5687
2023-03-26 12:46:00+00:00,10.78
2023-02-01 07:04:00+00:00,3.6387
2023-05-16 03:02:00+00:00,9.1937
2023-01-22 09:11:00+00:00,7.92
2023-04-03 20:04:00+00:00,11.515
2023-05-28 03:12:00+00:00,8.0338
2023-02-02 20:56:00+00:00,6.94
2023-02-17 11:32:00+00:00,11.4337
2023-06-26 20:08:00+00:00,9.345
2023-06-11 05:57:00+00:00,12.72
2023-04-14 07:49:00+00:00,4.9287
2023-03-29 15:21:00+00:00,7.8087
2023-02-05 11:39:00+00:00,5.8
2023-01-25 12:12:00+00:00,0.505
2023-06-23 05:41:00+00:00,11.8163
2023-05-16 03:45:00+00:00,7.0
2023-01-22 09:45:00+00:00,5.5512
2023-06-18 00:32:00+00:00,9.16
2023-04-23 16:16:00+00:00,8.94
2023-04-29 10:25:00+00:00,10.8725
2023-04-05 10:30:00+00:00,7.9425
2023-04-13 06:14:00+00:00,9.94
2023-01-27 14:20:00+00:00,0.7575
2023-06-11 05:05:00+00:00,7.3762
2023-01-27 02:03:00+00:00,8.82
2023-01-27 14:03:00+00:00,11.1575
2023-03-18 04:02:00+00:00,6.795
2023-05-18 05:36:00+00:00,9.84
2023-01-31 06:30:00+00:00,8.6375
2023-04-21 14:50:00+00:00,6.5875
2023-03-24 10:37:00+00:00,9.54
2023-03-22 20:02:00+00:00,6.725
2023-05-20 19:02:00+00:00,2.7237
2023-04-23 04:07:00+00:00,11.74
2023-05-01 12:25:00+00:00,10.925
2023-01-20 19:19:00+00:00,10.3238
2023-04-10 03:31:00+00:00,11.08
2023-04-09 14:39:00+00:00,10.7475
2023-04-05 10:13:00+00:00,4.2925
2023-01-12 11:35:00+00:00,7.72
2023-03-17 15:10:00+00:00,3.4188
2023-04-16 21:15:00+00:00,9.9563
2023-03-23 09:03:00+00:00,9.12
2023-04-28 21:42:00+00:00,8.7963
2023-04-19 12:41:00+00:00,8.085
2023-03-31 17:21:00+00:00,14.08
2023-05-30 17:38:00+00:00,4.5113
2023-05-05 04:43:00+00:00,6.655
2023-01-06 17:00:00+00:00,15.2
2023-03-10 20:09:00+00:00,6.235
2023-05-31 06:30:00+00:00,4.4375
2023-01-03 14:51:00+00:00,8.34
2023-01-16 15:45:00+00:00,5.2687
2023-05-09 20:18:00+00:00,2.535
2023-01-25 12:20:00+00:00,9.98
2023-03-09 19:09:00+00:00,2.7338
2023-05-06 05:00:00+00:00,7.8563
2023-02-11 17:40:00+00:00,12.72
2023-05-02 13:34:00+00:00,0.8762
2023-06-17 11:23:00+00:00,5.64
2023-04-07 00:13:00+00:00,8.62
2023-06-18 00:32:00+00:00,4.26
2023-02-25 19:59:00+00:00,1.2437
2023-05-11 10:18:00+00:00,11.7
2023-05-18 17:02:00+00:00,4.0213
2023-01-26 01:37:00+00:00,3.5312
2023-02-18 12:49:00+00:00,15.26
2023-05-27 14:46:00+00:00,3.9075
2023-05-19 18:19:00+00:00,6.0225
2023-01-27 02:12:00+00:00,11.62
2023-05-05 16:09:00+00:00,7.88
2023-01-22 21:11:00+00:00,2.7262
2023-05-16 03:10:00+00:00,15.4
2023-01-11 22:27:00+00:00,4.7875
2023-06-28 22:42:00+00:00,6.6975
2023-05-14 01:19:00+00:00,7.36
2023-04-01 18:30:00+00:00,5.7125
2023-01-01 00:42:00+00:00,1.45
2023-06-09 03:57:00+00:00,15.08
2023-04-05 22:30:00+00:00,8.9175
2023-03-24 22:11:00+00:00,6.6775
2023-03-24 10:37:00+00:00,7.54
2023-06-29 23:59:00+00:00,11.4488
2023-01-02 01:25:00+00:00,11.6013
2023-04-21 14:24:00+00:00,9.7
2023-05-06 05:17:00+00:00,7.4562
2023-01-04 15:34:00+00:00,6.2287
2023-01-20 19:02:00+00:00,7.08
2023-05-12 11:44:00+00:00,5.6638
2023-01-17 16:28:00+00:00,10.57
2023-02-17 23:58:00+00:00,11.24
2023-03-28 14:20:00+00:00,10.7075
2023-02-08 02:22:00+00:00,4.3225
2023-03-23 09:03:00+00:00,10.32
2023-04-05 22:22:00+00:00,1.1675
2023-06-18 00:58:00+00:00,8.71
2023-06-19 01:41:00+00:00,11.68
2023-01-03 02:26:00+00:00,12.3525
2023-03-16 14:53:00+00:00,3.5675
2023-06-14 08:40:00+00:00,5.98
2023-06-06 12:05:00+00:00,7.995
2023-03-22 08:02:00+00:00,1.05
2023-05-11 10:01:00+00:00,14.1
2023-01-07 06:26:00+00:00,3.4075
2023-03-27 13:46:00+00:00,3.0063
2023-02-14 08:14:00+00:00,10.38
2023-03-14 00:44:00+00:00,8.44
2023-05-13 00:10:00+00:00,4.44
2023-01-25 12:12:00+00:00,12.38
2023-02-27 21:51:00+00:00,9.44
2023-06-01 19:13:00+00:00,7.8137
2023-04-01 18:38:00+00:00,7.7
2023-01-03 14:26:00+00:00,8.7775
2023-04-03 08:56:00+00:00,2.94
2023-01-13 00:53:00+00:00,13.74
2023-06-03 21:47:00+00:00,4.2163
2023-02-17 11:32:00+00:00,12.8338
2023-02-06 12:48:00+00:00,10.62
2023-06-03 21:47:00+00:00,7.6662
2023-01-11 22:10:00+00:00,2.0375
2023-06-15 09:49:00+00:00,7.6
2023-03-18 16:53:00+00:00,1.62
2023-02-20 02:15:00+00:00,3.9625
2023-05-20 07:11:00+00:00,13.88
2023-05-28 03:38:00+00:00,2.3338
2023-03-15 01:10:00+00:00,2.4413
2023-02-11 05:57:00+00:00,7.12
2023-04-28 21:16:00+00:00,7.0963
2023-03-21 07:28:00+00:00,1.8487
2023-02-06 12:30:00+00:00,9.02
2023-02-05 23:22:00+00:00,3.5187
2023-03-09 07:18:00+00:00,3.3087
2023-04-26 07:25:00+00:00,12.6
2023-05-11 10:10:00+00:00,5.6625
2023-01-11 10:10:00+00:00,5.8125
2023-05-18 05:45:00+00:00,5.84
2023-01-01 00:25:00+00:00,7.95
2023-06-28 10:42:00+00:00,0.5725
2023-02-23 17:50:00+00:00,7.76
2023-05-19 06:28:00+00:00,1.7475
2023-02-02 08:47:00+00:00,11.04
2023-06-13 07:23:00+00:00,11.56
2023-06-03 21:21:00+00:00,6.8662
2023-01-13 12:01:00+00:00,10.665
2023-05-05 04:52:00+00:00,9.58
2023-02-12 06:23:00+00:00,6.5775
2023-03-18 04:45:00+00:00,8.295
2023-02-27 21:08:00+00:00,5.84
2023-01-19 18:54:00+00:00,1.1725
2023-01-21 20:20:00+00:00,6.525
2023-01-23 22:54:00+00:00,10.34
2023-06-08 14:56:00+00:00,6.5475
2023-04-26 07:07:00+00:00,5.3688
2023-02-02 08:21:00+00:00,9.74
2023-01-05 16:34:00+00:00,4.43
2023-05-25 00:37:00+00:00,6.23
2023-03-06 16:34:00+00:00,12.78
2023-02-03 09:04:00+00:00,4.0913
2023-05-11 22:10:00+00:00,4.4375
2023-02-04 22:04:00+00:00,6.98
2023-03-12 10:27:00+00:00,7.8625
2023-05-11 10:10:00+00:00,7.5125
2023-03-06 04:00:00+00:00,10.38
2023-06-05 11:13:00+00:00,6.5438
2023-02-11 05:31:00+00:00,11.3262
2023-01-08 19:52:00+00:00,12.84
2023-06-13 19:23:00+00:00,5.6537
2023-04-04 09:21:00+00:00,8.4913
2023-04-16 21:23:00+00:00,10.0
2023-01-19 18:54:00+00:00,0.8725
2023-03-04 14:17:00+00:00,8.0775
2023-03-22 20:11:00+00:00,7.5
2023-01-15 02:10:00+00:00,3.7425
2023-04-29 22:51:00+00:00,6.5975
2023-02-01 07:13:00+00:00,11.32
2023-04-10 15:39:00+00:00,11.3987
2023-01-03 14:51:00+00:00,2.5275
2023-02-05 11:05:00+00:00,14.2
2023-04-27 08:16:00+00:00,8.47
2023-06-01 19:04:00+00:00,6.9138
2023-02-11 05:40:00+00:00,12.32
2023-04-04 09:56:00+00:00,10.8912
2023-06-17 23:15:00+00:00,2.2088
2023-05-27 02:38:00+00:00,11.22
2023-04-12 17:23:00+00:00,2.6513
2023-03-21 19:11:00+00:00,11.5738
2023-05-30 05:21:00+00:00,7.28
2023-05-10 09:18:00+00:00,2.9112
2023-06-06 12:30:00+00:00,2.395
2023-02-22 04:50:00+00:00,5.74
2023-05-20 07:02:00+00:00,8.8987
2023-05-31 06:55:00+00:00,1.7875
2023-04-15 20:49:00+00:00,10.38
2023-05-06 17:00:00+00:00,8.8313
2023-01-20 07:02:00+00:00,5.1487
2023-05-18 17:36:00+00:00,9.44
2023-04-21 02:58:00+00:00,6.0625
2023-05-17 04:36:00+00:00,7.445
2023-02-28 10:42:00+00:00,10.66
2023-04-19 12:32:00+00:00,5.335
2023-01-11 22:10:00+00:00,12.6375
2023-05-01 12:42:00+00:00,11.9
2023-05-19 18:54:00+00:00,5.1225
2023-06-02 08:04:00+00:00,10.99
2023-02-13 19:14:00+00:00,13.56
2023-05-06 05:17:00+00:00,4.2562
2023-04-11 04:31:00+00:00,11.975
2023-01-13 00:53:00+00:00,8.14
2023-05-10 09:27:00+00:00,8.3113
2023-05-08 07:26:00+00:00,5.64
2023-01-28 15:21:00+00:00,9.64
2023-02-15 21:06:00+00:00,3.4562
2023-02-15 09:40:00+00:00,9.8313
2023-01-13 12:44:00+00:00,15.34
2023-04-23 16:58:00+00:00,3.29
2023-06-15 21:23:00+00:00,10.7562
2023-02-22 16:58:00+00:00,6.54
2023-01-30 17:55:00+00:00,0.5112
2023-03-31 05:38:00+00:00,7.0362
2023-06-06 00:39:00+00:00,7.82
2023-01-29 04:38:00+00:00,5.735
2023-04-23 04:58:00+00:00,12.915
2023-01-23 10:03:00+00:00,10.34
2023-06-29 23:59:00+00:00,5.7488
2023-04-14 07:31:00+00:00,3.2287
2023-01-19 18:54:00+00:00,7.86
2023-01-03 14:43:00+00:00,12.2775
2023-03-23 21:45:00+00:00,8.1762
2023-04-02 07:47:00+00:00,12.12
2023-01-18 05:28:00+00:00,3.0463
2023-02-22 04:16:00+00:00,11.515
2023-01-08 19:18:00+00:00,9.64
2023-05-13 00:44:00+00:00,10.44
2023-02-18 12:41:00+00:00,12.985
2023-06-21 03:07:00+00:00,8.12
2023-05-07 18:09:00+00:00,7.3325
2023-02-08 14:14:00+00:00,2.4475
2023-03-17 15:36:00+00:00,13.4
2023-04-09 02:14:00+00:00,11.2725
2023-03-17 03:36:00+00:00,12.4437
2023-06-20 14:50:00+00:00,6.5
2023-02-23 17:41:00+00:00,9.1412
2023-06-26 20:33:00+00:00,12.995
2023-02-03 21:30:00+00:00,11.36
2023-06-18 00:58:00+00:00,6.26
2023-02-18 00:06:00+00:00,7.26
2023-02-28 10:34:00+00:00,6.26
2023-04-17 10:40:00+00:00,11.6325
2023-04-20 13:24:00+00:00,5.9363
2023-05-16 15:45:00+00:00,9.0
2023-06-14 08:14:00+00:00,8.48
2023-04-26 07:59:00+00:00,8.6188
2023-03-18 16:10:00+00:00,13.02
2023-03-30 16:04:00+00:00,7.41
2023-02-20 02:41:00+00:00,2.7125
2023-05-27 14:38:00+00:00,9.22
2023-03-15 01:44:00+00:00,6.3412
2023-02-01 19:55:00+00:00,5.6638
2023-06-12 18:40:00+00:00,9.94
2023-06-01 19:04:00+00:00,6.92
2023-05-17 16:19:00+00:00,3.27
2023-03-21 19:28:00+00:00,9.08
2023-05-15 14:36:00+00:00,10.8675
2023-04-21 14:07:00+00:00,11.3875
2023-01-15 14:53:00+00:00,9.38
2023-05-08 19:09:00+00:00,9.5838
2023-06-24 18:24:00+00:00,6.6425
2023-02-18 00:15:00+00:00,7.66
2023-03-04 14:34:00+00:00,2.0275
2023-03-05 03:09:00+00:00,10.4537
2023-06-10 04:40:00+00:00,15.1
2023-02-24 06:16:00+00:00,10.9675
2023-06-27 21:51:00+00:00,6.3463
2023-05-29 04:29:00+00:00,14.06
2023-03-21 07:37:00+00:00,4.6988
2023-01-25 00:46:00+00:00,2.53
2023-02-14 08:06:00+00:00,8.38
2023-02-03 21:56:00+00:00,11.5162
2023-05-18 17:53:00+00:00,6.7213
2023-02-05 11:39:00+00:00,9.0
2023-04-08 01:22:00+00:00,12.4213
2023-03-25 11:46:00+00:00,11.2037
2023-03-09 07:18:00+00:00,6.44
2023-06-03 21:56:00+00:00,4.7663
2023-02-22 16:33:00+00:00,8.19
2023-05-09 20:26:00+00:00,9.66
2023-05-08 19:01:00+00:00,4.4337
2023-04-16 21:06:00+00:00,0.7562
2023-03-01 11:42:00+00:00,8.28
2023-06-16 22:23:00+00:00,11.2075
2023-02-12 06:31:00+00:00,5.3775
2023-01-05 16:43:00+00:00,13.58
2023-01-01 00:51:00+00:00,12.85
2023-02-17 23:41:00+00:00,8.1588
2023-05-26 01:29:00+00:00,8.4
2023-02-08 02:56:00+00:00,6.2225
2023-02-13 19:49:00+00:00,5.4037
2023-03-24 22:11:00+00:00,13.54
2023-01-30 05:04:00+00:00,1.0863
2023-02-19 01:49:00+00:00,1.9612
2023-03-25 11:03:00+00:00,11.16
2023-05-09 20:09:00+00:00,8.285
2023-01-28 15:46:00+00:00,5.4088
2023-04-30 11:59:00+00:00,14.28
2023-05-07 18:18:00+00:00,1.9325
2023-03-26 12:37:00+00:00,11.055
2023-01-16 03:36:00+00:00,15.0
2023-01-01 12:34:00+00:00,12.125
2023-01-06 17:00:00+00:00,1.8313
2023-06-08 14:22:00+00:00,15.46
2023-04-24 17:07:00+00:00,1.5913
2023-03-10 20:26:00+00:00,9.185
2023-02-28 10:42:00+00:00,14.26
2023-06-12 18:57:00+00:00,12.3525
2023-05-27 02:29:00+00:00,7.5325
2023-03-19 17:28:00+00:00,11.04
2023-04-16 09:49:00+00:00,0.9812
2023-01-01 12:25:00+00:00,6.075
2023-01-20 19:11:00+00:00,11.08
2023-03-12 10:52:00+00:00,7.5625
2023-05-22 09:54:00+00:00,5.3513
2023-06-04 22:39:00+00:00,12.58
2023-04-03 08:21:00+00:00,11.69
2023-02-07 01:05:00+00:00,8.0712
2023-06-02 20:04:00+00:00,12.54
2023-05-09 20:09:00+00:00,6.335
2023-03-27 13:20:00+00:00,7.5563
2023-05-30 05:47:00+00:00,14.08
2023-06-16 10:15:00+00:00,5.7325
2023-06-07 01:56:00+00:00,7.0213
2023-05-24 11:20:00+00:00,8.36
2023-02-11 17:48:00+00:00,5.2512
2023-02-14 20:49:00+00:00,6.655
2023-01-18 05:36:00+00:00,7.44
2023-01-06 17:52:00+00:00,6.6813
2023-04-14 07:49:00+00:00,9.6288
2023-05-02 01:00:00+00:00,11.12
2023-03-16 14:36:00+00:00,4.0675
2023-04-30 11:42:00+00:00,10.4738
2023-03-15 01:53:00+00:00,7.76
2023-02-11 05:40:00+00:00,5.3762
2023-06-04 22:47:00+00:00,6.9175
2023-06-17 23:15:00+00:00,9.24
2023-01-01 12:08:00+00:00,9.825
2023-05-13 12:27:00+00:00,6.215
2023-05-18 05:36:00+00:00,9.04
2023-02-27 09:25:00+00:00,3.3213
2023-01-21 08:11:00+00:00,1.2
2023-02-19 01:15:00+00:00,5.68
2023-04-22 03:24:00+00:00,5.0137
2023-06-25 07:50:00+00:00,11.8688
2023-03-12 10:35:00+00:00,6.9
2023-03-03 01:08:00+00:00,10.5013
2023-06-06 12:48:00+00:00,3.895
2023-01-07 06:18:00+00:00,14.02
2023-06-01 19:13:00+00:00,10.2637
2023-06-02 08:13:00+00:00,3.79
2023-01-06 05:26:00+00:00,8.0
2023-02-11 05:48:00+00:00,4.1762
2023-04-13 18:31:00+00:00,13.54
2023-04-28 09:51:00+00:00,15.04
2023-06-22 04:33:00+00:00,8.015
2023-06-26 20:42:00+00:00,8.545
2023-01-24 11:54:00+00:00,8.36
2023-03-09 19:18:00+00:00,6.9337
2023-04-06 11:13:00+00:00,7.4938
2023-05-22 21:20:00+00:00,12.32
2023-05-29 16:12:00+00:00,10.96
2023-04-11 16:48:00+00:00,1.9
2023-02-08 02:31:00+00:00,7.06
2023-05-31 06:30:00+00:00,4.8375
2023-06-04 22:22:00+00:00,10.3175
2023-01-23 10:37:00+00:00,14.74
2023-01-30 17:47:00+00:00,1.2113
2023-04-17 22:15:00+00:00,4.4575
2023-06-01 07:04:00+00:00,9.72
2023-03-02 00:17:00+00:00,1.45
2023-04-10 15:57:00+00:00,2.2988
2023-04-10 03:31:00+00:00,10.68
2023-04-07 12:05:00+00:00,12.945
2023-03-21 07:02:00+00:00,11.2988
2023-06-28 22:08:00+00:00,9.46
2023-01-24 11:03:00+00:00,2.6037
2023-02-07 13:56:00+00:00,2.4962
2023-04-19 00:32:00+00:00,6.86
2023-03-25 11:54:00+00:00,5.0038
2023-03-19 05:19:00+00:00,8.3463
2023-05-24 11:20:00+00:00,7.56
2023-02-20 14:24:00+00:00,8.9375
2023-03-23 09:54:00+00:00,1.9013
2023-02-07 13:05:00+00:00,9.84
2023-03-16 02:10:00+00:00,11.4925
2023-03-13 11:27:00+00:00,8.7637
2023-02-11 17:40:00+00:00,14.32
2023-01-27 02:29:00+00:00,10.0325
2023-04-08 01:39:00+00:00,4.2212
2023-02-16 10:23:00+00:00,12.82
2023-06-23 17:07:00+00:00,6.3913
2023-02-08 14:05:00+00:00,9.9975
2023-01-16 15:10:00+00:00,10.6
2023-03-18 16:53:00+00:00,10.17
2023-03-17 03:45:00+00:00,8.0938
2023-06-20 14:58:00+00:00,14.1
2023-06-16 22:49:00+00:00,1.5075
2023-03-20 06:11:00+00:00,11.0475
2023-05-14 13:36:00+00:00,6.56
2023-06-23 05:59:00+00:00,3.2163
2023-04-10 03:57:00+00:00,12.6237
2023-03-02 00:17:00+00:00,12.3
2023-04-07 12:30:00+00:00,10.22
2023-04-21 14:32:00+00:00,7.0375
2023-04-18 23:49:00+00:00,10.84
2023-01-01 00:00:00+00:00,9.9
2023-05-27 02:20:00+00:00,8.7325
2023-01-22 21:45:00+00:00,11.52
2023-03-07 17:52:00+00:00,7.8812
2023-06-28 10:08:00+00:00,7.9225
2023-06-17 11:49:00+00:00,12.04
2023-02-03 21:21:00+00:00,12.8663
2023-01-29 16:21:00+00:00,10.81
2023-04-09 14:22:00+00:00,9.06
2023-01-08 07:18:00+00:00,9.1088
2023-04-22 03:15:00+00:00,10.7137
2023-02-09 15:48:00+00:00,13.48
2023-01-08 19:26:00+00:00,11.6337
2023-06-17 11:32:00+00:00,4.1338
2023-04-12 05:05:00+00:00,7.92
2023-06-02 08:13:00+00:00,6.14
2023-01-28 03:55:00+00:00,12.7837
2023-01-30 17:29:00+00:00,5.68
2023-05-25 12:37:00+00:00,6.705
2023-02-21 03:50:00+00:00,8.4138
2023-02-03 21:56:00+00:00,12.56
2023-02-15 09:32:00+00:00,7.0312
2023-01-18 05:45:00+00:00,2.8462
2023-04-30 23:25:00+00:00,11.08
2023-01-19 06:36:00+00:00,10.5475
2023-04-30 11:42:00+00:00,4.6738
2023-02-25 07:50:00+00:00,12.2
2023-03-27 13:37:00+00:00,8.9062
2023-06-24 18:16:00+00:00,0.5425
2023-05-09 20:01:00+00:00,13.26
2023-05-25 00:54:00+00:00,9.93
2023-01-21 08:37:00+00:00,4.4
2023-04-24 17:59:00+00:00,9.76
2023-03-09 19:09:00+00:00,3.5337
2023-02-19 13:49:00+00:00,12.1862
2023-05-04 03:51:00+00:00,6.76
2023-05-12 23:27:00+00:00,6.2888
2023-03-27 01:20:00+00:00,4.6813
2023-01-20 19:45:00+00:00,11.48
2023-02-27 21:16:00+00:00,1.5462
2023-06-27 09:25:00+00:00,4.5713
2023-05-20 07:45:00+00:00,10.28
2023-05-17 04:02:00+00:00,1.595
2023-05-23 10:54:00+00:00,11.6525
2023-01-08 07:26:00+00:00,7.24
2023-02-14 08:40:00+00:00,6.78
2023-03-11 09:44:00+00:00,1.4613
2023-05-29 16:38:00+00:00,7.26
2023-06-02 20:47:00+00:00,8.265
2023-03-24 10:46:00+00:00,6.0525
2023-06-25 07:50:00+00:00,11.0
2023-05-05 16:26:00+00:00,9.78
2023-06-24 18:16:00+00:00,4.9925
2023-03-04 02:43:00+00:00,12.74
2023-02-14 08:14:00+00:00,11.63
2023-04-18 11:06:00+00:00,8.1337
2023-05-19 18:28:00+00:00,6.66
2023-02-24 06:50:00+00:00,3.2175
2023-04-28 09:08:00+00:00,10.2713
2023-02-19 13:49:00+00:00,13.28
2023-04-02 19:21:00+00:00,7.0137
2023-02-03 21:13:00+00:00,0.8662
2023-06-07 13:22:00+00:00,7.44
2023-06-17 23:06:00+00:00,9.2088
2023-04-29 22:59:00+00:00,12.0975
2023-05-19 06:36:00+00:00,12.26
2023-01-01 00:51:00+00:00,10.45
2023-04-22 15:50:00+00:00,1.9387
2023-06-28 10:34:00+00:00,6.26
2023-05-05 04:34:00+00:00,0.855
2023-06-20 02:15:00+00:00,9.0625
2023-05-02 01:08:00+00:00,5.92
2023-05-09 20:52:00+00:00,2.435
2023-06-13 07:06:00+00:00,5.7287
2023-05-10 09:52:00+00:00,12.48
2023-05-15 02:36:00+00:00,7.0925
2023-04-13 18:14:00+00:00,11.0525
2023-04-24 05:07:00+00:00,15.36
2023-02-17 23:23:00+00:00,5.6087
2023-06-09 15:31:00+00:00,3.6488
2023-01-11 22:01:00+00:00,10.1
2023-05-28 03:29:00+00:00,11.8837
2023-06-14 20:14:00+00:00,8.805
2023-03-02 12:25:00+00:00,9.1
2023-06-18 00:15:00+00:00,2.11
2023-04-21 02:50:00+00:00,2.7625
2023-05-11 22:27:00+00:00,12.9
2023-05-01 00:34:00+00:00,0.95
2023-04-23 04:33:00+00:00,9.215
2023-04-07 12:05:00+00:00,12.22
2023-01-30 05:21:00+00:00,5.3863
2023-03-26 12:20:00+00:00,11.855
2023-01-13 12:01:00+00:00,6.54
2023-01-30 17:55:00+00:00,0.6613
2023-03-22 20:37:00+00:00,5.575
2023-02-22 04:07:00+00:00,14.94
2023-05-12 23:01:00+00:00,7.9387
2023-02-20 14:15:00+00:00,14.9
2023-05-05 04:17:00+00:00,9.98
2023-03-17 15:19:00+00:00,5.0687
2023-06-22 16:07:00+00:00,1.04
2023-06-10 16:14:00+00:00,8.3
2023-01-26 01:03:00+00:00,8.4313
2023-03-11 09:27:00+00:00,7.9112
2023-02-20 02:32:00+00:00,12.5
2023-06-25 19:25:00+00:00,0.8938
2023-05-23 10:11:00+00:00,10.2025
2023-06-27 21:59:00+00:00,13.84
2023-05-29 16:04:00+00:00,8.66
2023-04-27 08:42:00+00:00,6.27
2023-05-31 06:47:00+00:00,8.1
2023-05-30 17:55:00+00:00,7.1113
2023-01-02 13:17:00+00:00,3.9762
2023-03-16 02:02:00+00:00,13.38
2023-05-11 10:01:00+00:00,4.1625
2023-02-05 11:13:00+00:00,6.1437
2023-01-27 14:20:00+00:00,11.22
2023-02-18 00:15:00+00:00,1.86
2023-06-03 21:04:00+00:00,7.0163
2023-05-29 04:46:00+00:00,10.06
2023-01-19 18:02:00+00:00,1.1225
2023-02-26 20:08:00+00:00,7.295
2023-03-17 03:45:00+00:00,6.2
2023-02-19 01:07:00+00:00,4.3613
2023-04-25 06:59:00+00:00,12.0175
2023-05-04 03:09:00+00:00,12.76
2023-01-21 08:02:00+00:00,7.7
2023-02-15 09:23:00+00:00,5.9313
2023-05-23 22:28:00+00:00,9.14
2023-01-03 14:26:00+00:00,6.2775
2023-01-20 07:11:00+00:00,4.2988
2023-04-10 15:39:00+00:00,11.08
2023-03-13 23:44:00+00:00,3.7388
2023-02-05 11:22:00+00:00,8.4938
2023-01-25 00:29:00+00:00,9.18
2023-05-22 21:28:00+00:00,10.4763
2023-01-14 13:53:00+00:00,0.7662
2023-04-12 17:48:00+00:00,6.32
2023-04-20 01:15:00+00:00,5.6113
2023-05-08 19:09:00+00:00,4.8838
2023-04-04 09:39:00+00:00,11.36
2023-04-28 09:51:00+00:00,4.3213
2023-01-11 10:01:00+00:00,7.3125
2023-06-16 22:23:00+00:00,9.62
2023-06-27 09:51:00+00:00,11.0712
2023-01-16 15:45:00+00:00,12.2688
2023-02-03 21:04:00+00:00,6.56
2023-06-03 09:47:00+00:00,9.76
2023-01-12 23:18:00+00:00,5.7888
2023-05-02 13:25:00+00:00,10.72
2023-01-13 12:53:00+00:00,9.565
2023-06-28 22:25:00+00:00,7.5975
2023-03-29 15:21:00+00:00,9.64
2023-01-27 14:29:00+00:00,2.1575
2023-02-02 20:13:00+00:00,2.615
2023-01-26 01:20:00+00:00,10.4
2023-05-17 16:45:00+00:00,6.47
2023-04-05 22:04:00+00:00,5.7675
2023-04-13 06:57:00+00:00,8.34
2023-06-11 17:40:00+00:00,4.2012
2023-03-19 05:28:00+00:00,0.6963
2023-04-27 08:33:00+00:00,11.02
2023-01-04 15:09:00+00:00,2.5787
2023-02-03 21:21:00+00:00,11.0162
2023-05-27 02:29:00+00:00,8.82
2023-03-02 00:00:00+00:00,6.7
2023-02-16 10:06:00+00:00,6.2825
2023-05-27 02:03:00+00:00,6.42
2023-01-30 05:29:00+00:00,5.9363
2023-03-13 23:01:00+00:00,2.3887
2023-04-30 11:51:00+00:00,6.28
2023-01-20 19:11:00+00:00,11.9738
2023-01-02 01:00:00+00:00,8.0512
2023-06-02 20:56:00+00:00,12.54
2023-01-23 10:03:00+00:00,12.4025
2023-04-11 16:05:00+00:00,6.0
2023-03-23 09:28:00+00:00,11.12
2023-05-22 21:54:00+00:00,1.7263
2023-02-19 01:24:00+00:00,9.4113
2023-02-28 10:25:00+00:00,10.26
2023-06-05 23:39:00+00:00,10.4688
2023-06-08 02:14:00+00:00,1.9725
2023-01-20 19:45:00+00:00,7.88
2023-05-01 12:34:00+00:00,3.975
2023-04-10 15:39:00+00:00,1.7488
2023-06-21 03:33:00+00:00,13.72
2023-04-15 08:57:00+00:00,12.98
2023-02-24 06:50:00+00:00,7.0175
2023-03-28 02:38:00+00:00,9.62
2023-02-15 09:57:00+00:00,7.2812
2023-01-17 16:19:00+00:00,5.97
2023-01-27 14:12:00+00:00,6.02
2023-04-29 10:25:00+00:00,2.0225
2023-06-27 09:51:00+00:00,11.3212
2023-05-09 08:26:00+00:00,6.46
2023-01-24 23:37:00+00:00,11.4787
2023-01-25 12:20:00+00:00,8.555
2023-02-19 13:49:00+00:00,14.88
2023-04-16 21:40:00+00:00,0.6062
2023-05-27 14:03:00+00:00,10.7075
2023-03-20 18:19:00+00:00,11.06
2023-06-10 16:22:00+00:00,8.25
2023-01-20 07:19:00+00:00,10.9987
2023-02-23 17:59:00+00:00,10.56
2023-01-11 22:01:00+00:00,4.9375
2023-05-30 05:04:00+00:00,12.7363
2023-01-04 15:34:00+00:00,10.36
2023-01-22 21:28:00+00:00,3.0263
2023-02-14 20:32:00+00:00,2.605
2023-05-25 00:54:00+00:00,14.78
2023-04-28 21:08:00+00:00,5.6963
2023-06-24 06:16:00+00:00,6.8675
2023-04-02 19:55:00+00:00,8.52
2023-01-29 04:29:00+00:00,1.685
2023-03-21 19:45:00+00:00,2.3738
2023-06-26 08:50:00+00:00,13.42
2023-03-17 03:02:00+00:00,9.4437
2023-06-24 18:50:00+00:00,10.3925
2023-01-27 02:20:00+00:00,13.22
2023-04-22 15:41:00+00:00,5.9387
2023-03-14 12:36:00+00:00,12.665
2023-05-06 17:52:00+00:00,8.0
2023-04-04 21:39:00+00:00,11.9663
2023-02-21 03:58:00+00:00,2.6637
2023-02-21 03:58:00+00:00,11.32
2023-04-12 05:14:00+00:00,5.3762
2023-02-02 08:38:00+00:00,11.29
2023-03-29 15:12:00+00:00,9.24
2023-01-04 03:51:00+00:00,9.8038
2023-04-14 07:31:00+00:00,12.4288
2023-05-31 18:12:00+00:00,14.9
2023-04-18 11:15:00+00:00,6.4837
2023-02-13 07:14:00+00:00,3.0787
2023-03-10 20:01:00+00:00,5.66
2023-02-18 12:24:00+00:00,11.835
2023-01-22 21:37:00+00:00,11.9763
2023-01-14 01:01:00+00:00,9.36
2023-02-19 01:15:00+00:00,9.5113
2023-05-31 06:47:00+00:00,10.2375
2023-02-21 15:15:00+00:00,5.72
2023-04-30 23:17:00+00:00,2.2988
2023-03-23 21:45:00+00:00,1.2763
2023-03-21 07:11:00+00:00,7.48
2023-05-04 03:09:00+00:00,5.0038
2023-05-13 00:18:00+00:00,6.74
2023-01-05 16:34:00+00:00,13.98
2023-01-18 05:11:00+00:00,2.1963
2023-01-12 23:01:00+00:00,6.12
2023-05-23 22:11:00+00:00,13.94
2023-05-26 01:29:00+00:00,11.3313
2023-01-02 13:25:00+00:00,7.5263
2023-03-04 02:43:00+00:00,14.34
2023-03-04 14:43:00+00:00,7.7775
2023-02-21 03:58:00+00:00,2.6138
2023-03-02 00:08:00+00:00,10.7
2023-04-14 19:49:00+00:00,7.4538
2023-05-28 15:03:00+00:00,0.6587
2023-03-07 05:09:00+00:00,11.6
2023-03-20 06:19:00+00:00,6.3475
2023-05-01 12:17:00+00:00,3.825
2023-05-10 09:35:00+00:00,7.68
2023-03-02 12:51:00+00:00,3.525
2023-01-07 06:52:00+00:00,5.5575
2023-01-02 01:34:00+00:00,10.32
2023-02-22 16:58:00+00:00,9.84
2023-03-14 00:01:00+00:00,3.39
2023-01-05 16:26:00+00:00,12.38
2023-01-18 05:28:00+00:00,2.7462
2023-04-30 23:25:00+00:00,0.5988
2023-01-13 00:53:00+00:00,13.74
2023-01-02 01:00:00+00:00,5.8012
2023-04-20 01:07:00+00:00,7.0613
2023-01-31 18:47:00+00:00,8.1
2023-04-10 15:39:00+00:00,2.2488
2023-01-04 03:09:00+00:00,8.9038
2023-04-27 20:59:00+00:00,6.22
2023-03-13 11:44:00+00:00,12.6137
2023-02-12 06:57:00+00:00,2.5775
2023-05-22 21:20:00+00:00,8.72
2023-01-27 02:20:00+00:00,8.5825
2023-05-08 07:18:00+00:00,10.4087
2023-02-14 08:49:00+00:00,12.38
2023-01-26 13:03:00+00:00,7.7562
2023-06-22 04:33:00+00:00,0.765
2023-05-12 23:27:00+00:00,13.32
2023-02-14 08:06:00+00:00,11.23
2023-05-21 20:37:00+00:00,8.825
2023-01-25 12:54:00+00:00,6.38
2023-06-14 20:32:00+00:00,7.955
2023-02-24 18:50:00+00:00,2.9925
2023-03-28 02:38:00+00:00,6.82
2023-04-25 06:42:00+00:00,1.3675
2023-03-11 09:52:00+00:00,6.6612
2023-01-19 06:54:00+00:00,12.66
2023-01-20 07:11:00+00:00,9.6487
2023-01-21 08:37:00+00:00,2.55
2023-03-27 13:37:00+00:00,8.8
2023-02-18 12:32:00+00:00,8.06
2023-03-12 10:27:00+00:00,12.1125
2023-03-09 19:35:00+00:00,6.04
2023-02-06 12:39:00+00:00,5.495
2023-02-03 09:30:00+00:00,12.7413
2023-05-07 18:35:00+00:00,6.02
2023-04-11 04:48:00+00:00,2.525
2023-01-16 15:53:00+00:00,8.0188
2023-06-04 22:30:00+00:00,10.18
2023-03-26 12:03:00+00:00,12.805
2023-06-11 05:48:00+00:00,10.6762
2023-01-20 19:37:00+00:00,11.48
2023-03-16 02:19:00+00:00,6.4925
2023-03-03 13:43:00+00:00,2.2263
2023-04-17 10:32:00+00:00,8.42
2023-02-07 13:48:00+00:00,7.0462
2023-06-25 07:16:00+00:00,9.6687
2023-01-25 12:20:00+00:00,11.98
2023-01-30 05:29:00+00:00,9.9863
2023-06-09 03:31:00+00:00,2.6738
2023-01-31 18:30:00+00:00,8.5
2023-05-22 21:20:00+00:00,11.9262
2023-05-13 12:18:00+00:00,8.815
2023-06-04 22:04:00+00:00,15.38
2023-05-19 06:36:00+00:00,1.3975
2023-01-31 06:21:00+00:00,1.8375
2023-04-08 13:48:00+00:00,7.84
2023-01-06 05:09:00+00:00,8.8063
2023-01-18 17:53:00+00:00,6.7713
2023-04-05 10:22:00+00:00,12.18
2023-06-18 00:24:00+00:00,11.56
2023-01-02 13:25:00+00:00,12.1263
2023-01-23 22:37:00+00:00,11.54
2023-01-17 16:53:00+00:00,8.22
2023-05-18 17:53:00+00:00,12.5213
2023-01-20 19:11:00+00:00,13.48
2023-01-20 19:11:00+00:00,4.9737
2023-02-05 11:56:00+00:00,10.9938
2023-05-30 17:29:00+00:00,9.28
2023-01-20 19:19:00+00:00,10.6237
2023-06-20 02:50:00+00:00,2.5125
2023-04-21 14:58:00+00:00,6.5
2023-06-03 21:13:00+00:00,2.9663
2023-01-27 02:46:00+00:00,4.0325
2023-06-11 17:31:00+00:00,13.12
2023-01-02 01:00:00+00:00,5.2512
2023-03-15 01:44:00+00:00,1.8913
2023-04-29 10:51:00+00:00,15.46
2023-06-20 02:32:00+00:00,1.5625
2023-04-01 18:47:00+00:00,7.2125
2023-03-07 05:09:00+00:00,9.2
2023-01-01 12:34:00+00:00,4.675
2023-05-24 11:46:00+00:00,7.5038
2023-06-10 16:48:00+00:00,10.7
2023-02-13 19:49:00+00:00,3.1538
2023-01-20 19:45:00+00:00,6.9737
2023-06-21 03:58:00+00:00,14.12
2023-06-02 08:38:00+00:00,2.99
2023-05-18 05:36:00+00:00,12.1962
2023-06-26 08:59:00+00:00,10.22
2023-05-07 06:43:00+00:00,1.2075
2023-06-14 08:06:00+00:00,7.38
2023-04-06 11:30:00+00:00,7.8
2023-03-22 08:54:00+00:00,2.65
2023-03-29 03:21:00+00:00,10.1837
2023-04-22 03:33:00+00:00,13.32
2023-06-06 00:22:00+00:00,3.87
2023-04-11 04:22:00+00:00,12.475
2023-06-02 08:30:00+00:00,13.74
2023-02-11 17:14:00+00:00,10.3012
2023-01-18 17:28:00+00:00,9.9712
2023-02-16 22:23:00+00:00,9.62
2023-01-31 18:47:00+00:00,12.2625
2023-06-17 23:49:00+00:00,1.0587
2023-04-20 01:07:00+00:00,9.68
2023-05-09 08:44:00+00:00,1.76
2023-06-19 13:41:00+00:00,9.8362
2023-05-29 16:38:00+00:00,14.06
2023-04-02 19:55:00+00:00,8.8637
2023-03-03 13:17:00+00:00,7.2763
2023-04-04 21:13:00+00:00,11.76
2023-03-08 18:18:00+00:00,11.3825
2023-02-23 17:59:00+00:00,4.6913
2023-03-07 17:52:00+00:00,12.8
2023-01-12 23:10:00+00:00,2.9388
2023-05-01 00:42:00+00:00,7.6
2023-03-19 17:11:00+00:00,12.64
2023-02-20 02:32:00+00:00,6.2125
2023-01-27 14:12:00+00:00,1.1075
2023-04-30 23:25:00+00:00,6.68
2023-01-19 06:54:00+00:00,3.2475
2023-03-07 17:00:00+00:00,1.8313
2023-03-19 05:45:00+00:00,11.44
2023-02-01 07:55:00+00:00,0.9387
2023-03-24 10:03:00+00:00,3.7525
2023-03-15 13:10:00+00:00,14.56
2023-05-11 10:10:00+00:00,4.9625
2023-02-06 12:39:00+00:00,4.595
2023-04-03 08:56:00+00:00,5.74
2023-05-18 05:19:00+00:00,1.5462
2023-03-13 23:44:00+00:00,10.92
2023-02-28 22:34:00+00:00,14.26
2023-06-16 22:58:00+00:00,11.5575
2023-02-12 18:40:00+00:00,1.5525
2023-06-25 19:50:00+00:00,13.0
2023-02-07 01:22:00+00:00,1.8713
2023-06-22 16:07:00+00:00,1.84
2023-04-13 18:40:00+00:00,7.94
2023-02-18 12:24:00+00:00,12.985
2023-03-04 14:51:00+00:00,5.5275
2023-01-15 14:36:00+00:00,11.38
2023-02-02 08:04:00+00:00,8.84
2023-04-04 09:30:00+00:00,8.8912
2023-03-24 22:37:00+00:00,7.54
2023-03-27 01:55:00+00:00,12.6813
2023-03-18 04:02:00+00:00,6.545
2023-01-28 03:38:00+00:00,14.44
2023-06-16 22:06:00+00:00,12.8575
2023-03-03 01:00:00+00:00,6.4512
2023-06-24 18:33:00+00:00,14.58
2023-06-18 12:32:00+00:00,2.585
2023-01-04 03:34:00+00:00,8.1537
2023-06-03 21:39:00+00:00,13.76
2023-02-14 20:32:00+00:00,5.705
2023-04-19 00:32:00+00:00,11.11
2023-02-05 23:22:00+00:00,5.8
2023-06-12 06:48:00+00:00,11.8275
2023-01-04 03:51:00+00:00,12.6037
2023-02-27 09:51:00+00:00,12.24
2023-02-05 11:47:00+00:00,7.2938
2023-05-06 05:52:00+00:00,10.9563
2023-01-15 02:10:00+00:00,15.38
2023-06-03 09:39:00+00:00,5.3913
2023-01-02 01:25:00+00:00,12.3513
2023-06-13 07:49:00+00:00,9.56
2023-05-06 05:00:00+00:00,0.6062
2023-02-26 20:16:00+00:00,5.545
2023-03-13 11:27:00+00:00,8.92
2023-01-18 05:28:00+00:00,6.4962
2023-05-21 08:45:00+00:00,6.6
2023-04-26 07:16:00+00:00,11.0
2023-05-05 04:52:00+00:00,10.955
2023-06-15 21:32:00+00:00,11.8063
2023-04-20 13:58:00+00:00,5.68
2023-05-16 03:36:00+00:00,4.7938
2023-02-10 04:22:00+00:00,0.625
2023-06-24 18:59:00+00:00,12.98
2023-05-11 22:44:00+00:00,6.7875
2023-06-02 20:56:00+00:00,6.415
2023-04-09 14:48:00+00:00,6.66
2023-06-01 19:13:00+00:00,9.72
2023-04-16 09:32:00+00:00,12.8812
2023-02-19 13:49:00+00:00,15.28
2023-03-21 19:19:00+00:00,3.6237
2023-01-30 17:55:00+00:00,4.6612
2023-03-11 09:09:00+00:00,12.48
2023-04-13 18:23:00+00:00,8.6025
2023-06-04 10:13:00+00:00,8.7925
2023-05-27 14:38:00+00:00,12.02
2023-05-02 01:25:00+00:00,10.9012
2023-06-12 18:14:00+00:00,5.4525
2023-05-28 03:03:00+00:00,9.24
2023-05-15 14:44:00+00:00,12.0675
2023-02-13 19:23:00+00:00,11.3537
2023-04-08 13:39:00+00:00,9.44
2023-04-16 21:32:00+00:00,0.7562
2023-03-05 15:26:00+00:00,7.7287
2023-05-22 21:45:00+00:00,13.92
2023-06-22 04:58:00+00:00,10.565
2023-05-11 10:18:00+00:00,6.3125
2023-01-26 01:20:00+00:00,14.4
2023-01-04 03:43:00+00:00,6.1037
2023-06-10 16:22:00+00:00,9.15
2023-06-10 04:05:00+00:00,11.5
2023-06-14 20:57:00+00:00,12.355
2023-01-12 23:53:00+00:00,12.9887
2023-04-26 07:50:00+00:00,9.4
2023-05-19 06:19:00+00:00,2.3475
2023-04-04 21:56:00+00:00,7.4162
2023-06-06 12:39:00+00:00,8.62
2023-03-11 21:01:00+00:00,2.2363
2023-02-01 07:55:00+00:00,7.3887
2023-04-20 13:32:00+00:00,6.08
2023-04-14 19:31:00+00:00,8.2538
2023-03-28 14:46:00+00:00,2.3075
2023-01-06 17:26:00+00:00,13.6
2023-06-13 19:14:00+00:00,11.2037
2023-06-01 07:04:00+00:00,11.4388
2023-01-18 17:53:00+00:00,5.84
2023-04-18 23:32:00+00:00,6.5088
2023-03-27 01:20:00+00:00,2.1313
2023-02-08 14:05:00+00:00,8.66
2023-01-20 07:45:00+00:00,11.9987
2023-02-20 02:41:00+00:00,6.5125
2023-06-04 22:04:00+00:00,14.18
2023-02-13 19:31:00+00:00,6.6037
2023-02-28 10:51:00+00:00,5.1225
2023-06-24 06:07:00+00:00,10.18
2023-02-12 06:31:00+00:00,11.5775
2023-02-20 14:50:00+00:00,12.4875
2023-01-01 12:17:00+00:00,13.5
2023-05-07 06:18:00+00:00,5.4575
2023-05-15 14:27:00+00:00,3.3675
2023-05-24 23:29:00+00:00,15.16
2023-03-21 19:37:00+00:00,11.1237
2023-06-18 12:58:00+00:00,1.135
2023-04-08 01:31:00+00:00,10.24
2023-06-13 07:49:00+00:00,9.4787
2023-03-08 06:00:00+00:00,4.2075
2023-05-01 00:51:00+00:00,7.9
2023-03-28 14:03:00+00:00,9.1075
2023-05-02 01:25:00+00:00,3.7513
2023-01-09 08:44:00+00:00,10.46
2023-01-25 00:54:00+00:00,11.38
2023-03-03 01:17:00+00:00,4.9013
2023-01-30 17:12:00+00:00,6.08
2023-04-12 17:05:00+00:00,8.2512
2023-06-14 20:14:00+00:00,4.355
2023-05-18 17:19:00+00:00,11.44
2023-03-09 19:26:00+00:00,3.6338
2023-04-18 23:15:00+00:00,5.7088
2023-06-24 18:50:00+00:00,14.58
2023-01-26 01:55:00+00:00,2.9312
2023-01-12 11:27:00+00:00,6.0637
2023-05-19 18:45:00+00:00,13.86
2023-01-31 18:21:00+00:00,1.5125
2023-05-19 06:45:00+00:00,6.8975
2023-05-03 14:17:00+00:00,14.34
2023-03-17 15:19:00+00:00,11.2688
2023-02-22 16:41:00+00:00,4.74
2023-01-12 23:18:00+00:00,15.32
2023-03-20 18:36:00+00:00,8.5725
2023-05-21 20:54:00+00:00,4.525
2023-03-28 02:38:00+00:00,6.42
2023-02-28 10:34:00+00:00,8.2725
2023-05-11 10:27:00+00:00,7.9625
2023-01-02 13:17:00+00:00,7.52
2023-01-25 00:12:00+00:00,9.03
2023-04-23 04:07:00+00:00,2.815
2023-05-15 14:36:00+00:00,14.98
2023-06-24 18:42:00+00:00,7.3925
2023-05-23 10:37:00+00:00,8.9025
2023-06-15 21:23:00+00:00,10.0
2023-05-30 05:38:00+00:00,6.8863
2023-05-05 16:26:00+00:00,6.78
2023-04-12 17:23:00+00:00,10.32
2023-04-27 20:08:00+00:00,4.045
2023-03-18 04:10:00+00:00,2.195
2023-02-24 06:42:00+00:00,7.78
2023-06-07 13:39:00+00:00,11.5463
2023-05-29 04:46:00+00:00,5.66
2023-06-10 04:48:00+00:00,9.1
2023-06-25 07:50:00+00:00,6.6188
2023-04-02 07:04:00+00:00,7.7888
2023-05-14 01:36:00+00:00,6.16
2023-01-07 06:26:00+00:00,11.7575
2023-02-24 18:16:00+00:00,5.3925
2023-01-09 08:44:00+00:00,14.46
2023-04-08 01:05:00+00:00,5.0213
2023-05-28 15:55:00+00:00,5.9588
2023-01-01 00:17:00+00:00,12.3
2023-06-26 20:16:00+00:00,2.095
2023-05-09 20:52:00+00:00,0.885
2023-02-19 01:15:00+00:00,12.88
2023-04-08 01:31:00+00:00,1.6712
2023-05-06 17:17:00+00:00,5.5812
2023-02-13 07:14:00+00:00,8.36
2023-05-04 15:34:00+00:00,2.5787
2023-06-09 15:48:00+00:00,2.0488
2023-04-30 23:42:00+00:00,12.28
2023-05-09 08:09:00+00:00,12.76
2023-02-01 19:04:00+00:00,10.4637
2023-02-06 12:22:00+00:00,9.42
2023-04-12 17:05:00+00:00,4.3513
2023-01-13 12:18:00+00:00,3.565
2023-01-05 16:00:00+00:00,7.58
2023-06-16 10:23:00+00:00,10.0825
2023-06-14 08:06:00+00:00,4.68
2023-03-04 02:26:00+00:00,11.94
2023-01-20 19:54:00+00:00,6.4737
2023-05-12 11:01:00+00:00,5.7637
2023-03-08 06:18:00+00:00,6.82
2023-05-02 13:00:00+00:00,3.1763
2023-02-24 18:07:00+00:00,1.8925
2023-05-30 05:47:00+00:00,6.08
2023-04-17 22:06:00+00:00,4.0075
2023-05-18 05:36:00+00:00,8.0963
2023-03-18 04:45:00+00:00,13.82
2023-06-27 09:16:00+00:00,4.2212
2023-02-05 23:39:00+00:00,11.0188
2023-05-15 14:10:00+00:00,6.98
2023-06-13 19:49:00+00:00,11.5538
2023-02-11 17:48:00+00:00,7.7012
2023-06-09 03:39:00+00:00,9.08
2023-04-05 22:22:00+00:00,9.8175
2023-05-21 20:11:00+00:00,10.775
2023-03-29 15:21:00+00:00,12.84
2023-04-28 21:59:00+00:00,8.8462
2023-04-08 13:13:00+00:00,4.3963
2023-01-30 05:04:00+00:00,14.48
2023-04-12 17:14:00+00:00,7.12
2023-05-19 18:19:00+00:00,8.9725
2023-03-28 14:20:00+00:00,6.82
2023-04-25 06:24:00+00:00,11.2175
2023-01-26 01:03:00+00:00,10.6813
2023-01-24 23:20:00+00:00,7.56
2023-05-31 18:21:00+00:00,5.2125
2023-06-13 07:23:00+00:00,10.8788
2023-03-28 14:38:00+00:00,14.42
2023-05-23 10:54:00+00:00,11.2025
2023-03-01 23:25:00+00:00,3.8988
2023-01-02 01:25:00+00:00,12.32
2023-04-20 13:15:00+00:00,10.6862
2023-03-28 14:38:00+00:00,1.7075
2023-01-25 00:54:00+00:00,15.18
2023-03-21 07:37:00+00:00,7.5488
2023-01-27 14:46:00+00:00,12.5575
2023-05-05 04:00:00+00:00,11.98
2023-05-04 15:26:00+00:00,3.7287
2023-01-09 08:35:00+00:00,9.16
2023-02-17 11:49:00+00:00,8.84
2023-02-15 21:15:00+00:00,3.3062
2023-05-26 13:20:00+00:00,1.8062
2023-05-20 07:19:00+00:00,13.08
2023-01-27 02:29:00+00:00,6.9825
2023-03-19 05:11:00+00:00,10.0962
2023-03-04 02:00:00+00:00,14.34
2023-03-14 12:53:00+00:00,5.765
2023-01-23 10:11:00+00:00,6.1025
2023-04-22 15:07:00+00:00,8.12
2023-02-04 10:47:00+00:00,3.0425
2023-05-05 04:52:00+00:00,4.055
2023-01-16 03:19:00+00:00,6.6
2023-01-23 10:20:00+00:00,4.8525
2023-01-21 08:11:00+00:00,9.9
2023-06-15 21:06:00+00:00,6.8
2023-02-06 12:39:00+00:00,3.495
2023-05-13 00:10:00+00:00,1.29
2023-05-04 15:34:00+00:00,13.16
2023-04-15 08:49:00+00:00,0.83
2023-04-23 04:24:00+00:00,6.465
2023-05-31 06:55:00+00:00,11.3
2023-05-09 20:18:00+00:00,3.085
2023-05-01 00:25:00+00:00,3.15
2023-03-15 13:10:00+00:00,8.56
2023-01-06 05:09:00+00:00,2.7563
2023-06-27 09:42:00+00:00,11.1212
2023-03-28 14:46:00+00:00,6.82
2023-05-07 06:43:00+00:00,9.3075
2023-05-07 06:18:00+00:00,7.3575
2023-04-30 23:51:00+00:00,8.28
2023-06-15 21:40:00+00:00,1.8062
2023-03-17 15:53:00+00:00,10.5687
2023-04-15 20:40:00+00:00,9.18
2023-02-11 17:05:00+00:00,10.7513
2023-05-01 00:51:00+00:00,5.8
2023-06-03 21:04:00+00:00,10.96
2023-03-26 00:20:00+00:00,12.93
2023-04-08 13:13:00+00:00,6.8463
2023-01-19 18:54:00+00:00,9.46
2023-05-19 06:11:00+00:00,8.0475
2023-05-06 05:35:00+00:00,5.7562
2023-05-29 16:55:00+00:00,15.26
2023-05-13 12:36:00+00:00,9.865
2023-04-19 00:24:00+00:00,6.26
2023-05-01 00:08:00+00:00,7.5
2023-02-13 19:23:00+00:00,6.4037
2023-03-14 00:44:00+00:00,1.09
2023-03-24 10:11:00+00:00,12.34
2023-01-29 16:12:00+00:00,12.26
2023-05-02 01:00:00+00:00,8.6512
2023-01-16 15:36:00+00:00,9.0
2023-06-11 17:48:00+00:00,4.2012
2023-02-07 13:13:00+00:00,1.9463
2023-04-21 02:32:00+00:00,11.7
2023-02-27 09:08:00+00:00,3.3213
2023-02-27 21:08:00+00:00,4.7962
2023-02-26 20:08:00+00:00,10.22
2023-06-21 03:15:00+00:00,8.7137
2023-05-26 01:12:00+00:00,10.6813
2023-03-29 15:21:00+00:00,6.04
2023-05-15 02:10:00+00:00,0.6425
2023-03-25 11:54:00+00:00,10.6037
2023-03-19 17:36:00+00:00,13.84
2023-01-30 05:47:00+00:00,7.5362
2023-01-30 17:04:00+00:00,12.8112
2023-02-06 00:39:00+00:00,7.42
2023-02-08 14:39:00+00:00,4.5975
2023-01-15 14:27:00+00:00,3.5175
2023-05-17 04:10:00+00:00,14.62
2023-05-21 08:54:00+00:00,2.9
2023-02-22 16:58:00+00:00,1.74
2023-01-09 08:52:00+00:00,8.86
2023-01-16 15:27:00+00:00,2.6688
2023-04-14 19:40:00+00:00,0.5038
2023-06-20 02:15:00+00:00,9.7
2023-02-04 22:39:00+00:00,10.9675
2023-05-29 04:55:00+00:00,6.285
2023-05-01 00:17:00+00:00,5.5
2023-01-23 10:28:00+00:00,0.5025
2023-05-10 09:18:00+00:00,12.88
2023-06-14 08:06:00+00:00,7.18
2023-02-17 23:32:00+00:00,2.0088
2023-02-20 14:41:00+00:00,2.9875
2023-01-07 06:52:00+00:00,7.22
2023-06-22 04:07:00+00:00,2.065
2023-02-21 03:33:00+00:00,7.5637
2023-05-18 05:19:00+00:00,11.84
2023-03-18 16:02:00+00:00,12.22
2023-02-04 22:39:00+00:00,2.5675
2023-06-12 18:40:00+00:00,15.14
2023-05-10 21:52:00+00:00,5.1863
2023-01-30 05:12:00+00:00,12.5363
2023-06-25 07:07:00+00:00,11.4
2023-02-03 21:04:00+00:00,7.8662
2023-05-02 01:34:00+00:00,6.1013
2023-05-22 09:11:00+00:00,5.92
2023-06-21 15:07:00+00:00,1.4888
2023-01-24 23:37:00+00:00,7.3788
2023-02-23 17:59:00+00:00,6.16
2023-05-28 03:29:00+00:00,4.0337
2023-06-24 06:16:00+00:00,2.8675
2023-02-12 18:31:00+00:00,10.34
2023-06-18 00:32:00+00:00,12.31
2023-01-07 06:00:00+00:00,9.1575
2023-03-13 23:01:00+00:00,9.72
2023-01-20 07:37:00+00:00,7.8987
2023-05-12 11:44:00+00:00,3.6138
2023-04-17 22:32:00+00:00,14.02
2023-06-19 01:49:00+00:00,6.9612
2023-05-19 18:19:00+00:00,2.0225
2023-03-17 15:10:00+00:00,6.2
2023-05-08 19:18:00+00:00,0.9838
2023-03-25 11:29:00+00:00,6.7038
2023-05-19 06:02:00+00:00,12.26
2023-06-08 14:14:00+00:00,8.6475
2023-02-12 18:57:00+00:00,10.5025
2023-01-07 06:09:00+00:00,12.42
2023-06-29 11:17:00+00:00,6.0738
2023-03-19 05:36:00+00:00,7.4962
2023-03-16 14:02:00+00:00,12.98
2023-04-25 06:24:00+00:00,3.6675
2023-06-10 16:31:00+00:00,6.65
2023-02-05 23:22:00+00:00,13.4
2023-01-27 02:12:00+00:00,8.1325
2023-03-08 06:00:00+00:00,5.0075
2023-02-01 07:55:00+00:00,10.92
2023-04-07 12:22:00+00:00,9.345
2023-05-07 18:43:00+00:00,12.9325
2023-05-12 11:10:00+00:00,14.12
2023-04-06 11:22:00+00:00,6.6
2023-03-21 07:45:00+00:00,4.7988
2023-02-21 15:58:00+00:00,9.32
2023-01-08 07:35:00+00:00,5.7088
2023-01-13 00:27:00+00:00,7.09
2023-06-13 07:06:00+00:00,8.76
2023-06-13 07:23:00+00:00,1.0288
2023-05-30 17:21:00+00:00,7.0613
2023-03-03 01:17:00+00:00,7.52
2023-03-24 10:54:00+00:00,5.2525
2023-06-23 17:33:00+00:00,4.1412
2023-06-19 01:49:00+00:00,9.68
2023-06-11 05:14:00+00:00,5.6762
2023-06-11 17:40:00+00:00,11.4512
2023-02-27 21:33:00+00:00,9.44
2023-03-27 13:12:00+00:00,10.7063
2023-05-21 08:20:00+00:00,4.1
2023-03-12 10:35:00+00:00,8.5
2023-05-03 02:51:00+00:00,5.9025
2023-02-22 16:33:00+00:00,10.34
2023-01-18 05:02:00+00:00,15.44
2023-04-29 22:34:00+00:00,10.5975
2023-03-07 17:52:00+00:00,6.3812
2023-02-05 11:05:00+00:00,11.8
2023-06-09 03:05:00+00:00,1.2237
2023-05-17 16:36:00+00:00,2.52
2023-01-02 01:00:00+00:00,13.12
2023-05-24 23:54:00+00:00,2.9287
2023-02-17 23:23:00+00:00,3.8588
2023-04-24 17:50:00+00:00,12.56
2023-02-08 14:05:00+00:00,10.4975
2023-04-24 17:07:00+00:00,7.5912
2023-06-08 14:31:00+00:00,14.66
2023-06-15 09:40:00+00:00,2.6313
2023-03-01 23:42:00+00:00,10.6487
2023-02-11 17:23:00+00:00,8.32
2023-06-11 17:40:00+00:00,3.9013
2023-02-03 21:39:00+00:00,9.7662
2023-03-07 05:09:00+00:00,9.2
2023-01-19 18:36:00+00:00,3.8725
2023-02-08 14:48:00+00:00,7.5975
2023-02-09 15:31:00+00:00,10.68
2023-04-23 04:16:00+00:00,4.615
2023-06-11 05:14:00+00:00,10.0262
2023-04-23 04:33:00+00:00,14.14
2023-01-08 07:35:00+00:00,2.1087
2023-05-05 04:09:00+00:00,5.705
2023-04-06 11:47:00+00:00,9.8
2023-04-21 02:15:00+00:00,10.9625
2023-04-16 09:23:00+00:00,5.8812
2023-03-12 22:10:00+00:00,6.9
2023-01-21 20:20:00+00:00,8.925
2023-03-26 12:12:00+00:00,9.755
2023-01-23 10:46:00+00:00,12.34
2023-06-22 04:24:00+00:00,9.415
2023-05-11 10:35:00+00:00,10.7625
2023-01-25 12:12:00+00:00,10.78
2023-04-06 11:30:00+00:00,4.8937
2023-05-05 16:26:00+00:00,3.83
2023-02-09 03:14:00+00:00,11.88
2023-05-02 01:00:00+00:00,9.6512
2023-02-11 05:31:00+00:00,8.5762
2023-03-27 13:37:00+00:00,8.4
2023-01-11 10:10:00+00:00,11.1125
2023-04-06 11:30:00+00:00,3.2938
2023-01-07 06:43:00+00:00,5.62
2023-03-03 13:43:00+00:00,1.2262
2023-02-24 18:42:00+00:00,9.3425
2023-04-27 20:42:00+00:00,8.22
2023-01-08 19:35:00+00:00,12.4337
2023-04-15 08:32:00+00:00,2.53
2023-06-08 14:14:00+00:00,12.66
2023-03-23 21:37:00+00:00,4.3262
2023-05-30 17:38:00+00:00,0.5112
2023-05-26 01:03:00+00:00,10.8
2023-01-12 11:27:00+00:00,0.7637
2023-02-03 21:13:00+00:00,6.0163
2023-05-21 08:28:00+00:00,9.5
2023-06-15 21:06:00+00:00,3.5063
2023-04-21 02:41:00+00:00,5.3125
2023-02-15 09:15:00+00:00,8.8
2023-04-11 16:05:00+00:00,3.4
2023-05-27 14:38:00+00:00,6.9575
2023-03-07 17:52:00+00:00,6.4
2023-01-18 05:02:00+00:00,5.0462
2023-03-25 11:46:00+00:00,10.6037
2023-03-31 05:21:00+00:00,10.08
2023-06-06 12:39:00+00:00,7.345
2023-05-25 00:46:00+00:00,12.73
2023-04-14 19:57:00+00:00,7.56
2023-05-25 12:12:00+00:00,2.105
2023-01-16 03:53:00+00:00,4.5438
2023-05-07 06:00:00+00:00,10.82
2023-02-19 13:24:00+00:00,5.8362
2023-02-07 01:05:00+00:00,5.3712
2023-06-10 16:05:00+00:00,9.1
2023-02-12 18:23:00+00:00,4.8525
2023-05-09 08:44:00+00:00,10.21
2023-02-02 08:30:00+00:00,12.94
2023-04-15 08:57:00+00:00,12.08
2023-05-15 02:27:00+00:00,12.58
2023-05-02 13:17:00+00:00,10.72
2023-03-26 12:20:00+00:00,8.955
2023-06-07 01:39:00+00:00,2.3712
2023-06-12 06:57:00+00:00,13.14
2023-05-03 14:43:00+00:00,7.3775
2023-04-07 12:22:00+00:00,3.495
2023-04-23 16:50:00+00:00,14.94
2023-02-22 16:58:00+00:00,11.84
2023-02-28 10:25:00+00:00,1.9225
2023-01-14 13:36:00+00:00,14.16
2023-06-13 19:31:00+00:00,7.1037
2023-02-14 08:40:00+00:00,4.03
2023-03-28 02:29:00+00:00,8.42
2023-03-26 00:29:00+00:00,11.48
2023-06-05 23:30:00+00:00,2.4688
2023-01-15 02:53:00+00:00,12.98
2023-05-27 14:12:00+00:00,2.8575
2023-06-24 18:07:00+00:00,12.9425
2023-04-25 06:42:00+00:00,10.58
2023-03-07 17:17:00+00:00,10.0312
2023-02-14 08:23:00+00:00,2.78
2023-03-21 19:45:00+00:00,6.28
2023-02-24 06:33:00+00:00,3.3675
2023-03-04 02:26:00+00:00,11.9525
2023-03-08 18:00:00+00:00,13.62
2023-01-18 17:53:00+00:00,10.6713
2023-05-07 18:00:00+00:00,8.1325
2023-03-18 16:36:00+00:00,12.22
2023-02-19 13:49:00+00:00,5.5362
2023-01-27 02:46:00+00:00,3.0825
2023-03-08 06:26:00+00:00,12.82
2023-04-20 13:07:00+00:00,2.5863
2023-02-02 20:38:00+00:00,11.415
2023-05-12 23:01:00+00:00,10.52
2023-06-10 16:40:00+00:00,10.6
2023-05-03 02:51:00+00:00,4.4025
2023-05-06 05:35:00+00:00,8.0
2023-02-09 15:31:00+00:00,6.1487
2023-03-16 02:10:00+00:00,2.7925
2023-02-15 21:15:00+00:00,13.6
2023-04-03 08:21:00+00:00,12.39
2023-01-02 01:25:00+00:00,5.0512
2023-01-11 10:35:00+00:00,7.3
2023-03-05 03:51:00+00:00,3.0537
2023-05-20 19:11:00+00:00,9.7238
2023-04-15 08:49:00+00:00,6.78
2023-02-16 22:58:00+00:00,5.5575
2023-04-20 01:41:00+00:00,2.8112
2023-03-19 17:02:00+00:00,6.24
2023-01-23 10:11:00+00:00,11.94
2023-03-13 23:35:00+00:00,5.9387
2023-04-23 16:24:00+00:00,8.54
2023-06-15 09:32:00+00:00,7.5812
2023-02-06 12:39:00+00:00,6.345
2023-01-18 17:53:00+00:00,9.84
2023-05-16 03:27:00+00:00,7.0438
2023-06-14 08:57:00+00:00,12.48
2023-03-06 04:00:00+00:00,7.98
2023-05-21 20:54:00+00:00,9.375
2023-04-18 11:32:00+00:00,8.7837
2023-02-11 17:48:00+00:00,7.12
2023-03-16 14:36:00+00:00,11.5675
2023-06-14 20:23:00+00:00,10.755
2023-06-23 17:16:00+00:00,9.76
2023-04-10 03:22:00+00:00,6.4737
2023-06-01 07:04:00+00:00,4.4388
2023-02-07 01:39:00+00:00,11.04
2023-05-27 02:29:00+00:00,9.7325
2023-06-07 01:13:00+00:00,11.6713
2023-03-01 11:34:00+00:00,7.08
2023-04-05 22:30:00+00:00,4.3175
2023-05-12 11:53:00+00:00,9.4138
2023-04-09 02:14:00+00:00,8.26
2023-04-16 09:49:00+00:00,5.8812
2023-04-20 13:49:00+00:00,6.8362
2023-05-07 06:26:00+00:00,11.62
2023-04-29 10:25:00+00:00,7.5725
2023-06-07 13:56:00+00:00,10.9962
2023-05-01 12:51:00+00:00,13.1
2023-06-04 10:39:00+00:00,1.9925
2023-04-04 21:56:00+00:00,10.7662
2023-05-19 18:45:00+00:00,15.06
2023-03-16 14:19:00+00:00,7.1175
2023-05-17 16:53:00+00:00,7.22
2023-01-30 05:55:00+00:00,12.88
2023-04-25 06:07:00+00:00,5.8175
2023-03-27 01:46:00+00:00,5.9813
2023-03-04 02:17:00+00:00,8.74
2023-05-25 12:46:00+00:00,0.955
2023-02-18 00:49:00+00:00,7.86
2023-01-24 23:29:00+00:00,14.76
2023-06-21 03:24:00+00:00,5.6638
2023-03-18 04:45:00+00:00,0.645
2023-02-10 04:40:00+00:00,13.9
2023-04-05 10:13:00+00:00,3.0925
2023-03-09 07:43:00+00:00,6.7088
2023-06-25 19:59:00+00:00,7.0
2023-06-23 05:33:00+00:00,9.8163
2023-05-27 14:29:00+00:00,9.1575
2023-03-18 16:36:00+00:00,14.62
2023-04-16 21:32:00+00:00,8.2063
2023-03-09 07:09:00+00:00,3.9087
2023-02-22 16:16:00+00:00,8.94
2023-05-25 00:29:00+00:00,5.83
2023-02-28 22:16:00+00:00,1.0975
2023-01-24 11:29:00+00:00,14.76
2023-01-01 12:00:00+00:00,12.125
2023-05-30 05:55:00+00:00,5.0362
2023-04-04 09:56:00+00:00,13.76
2023-06-22 04:41:00+00:00,11.515
2023-06-25 19:16:00+00:00,4.8438
2023-03-11 09:44:00+00:00,7.68
2023-06-28 10:25:00+00:00,9.1225
2023-06-12 18:57:00+00:00,10.4525
2023-04-05 22:13:00+00:00,13.38
2023-02-14 08:14:00+00:00,9.48
2023-06-23 05:07:00+00:00,9.5162
2023-05-27 14:03:00+00:00,8.02
2023-06-17 23:58:00+00:00,8.5587
2023-05-17 04:19:00+00:00,9.845
2023-03-30 16:29:00+00:00,5.66
2023-04-20 01:15:00+00:00,4.3112
2023-04-17 10:58:00+00:00,6.7325
2023-03-23 09:20:00+00:00,6.32
2023-06-01 07:47:00+00:00,7.2888
2023-01-10 09:27:00+00:00,5.6612
2023-02-24 18:33:00+00:00,12.98
2023-04-30 11:59:00+00:00,11.3737
2023-02-14 20:57:00+00:00,11.755
2023-02-27 21:59:00+00:00,8.24
2023-02-17 11:23:00+00:00,7.5338
2023-05-18 17:19:00+00:00,6.1712
2023-06-17 11:06:00+00:00,14.44
2023-01-13 00:01:00+00:00,2.49
2023-06-23 17:07:00+00:00,3.1412
2023-03-08 18:52:00+00:00,12.02
2023-03-13 23:10:00+00:00,1.7888
2023-05-20 07:54:00+00:00,2.0488
2023-02-03 21:39:00+00:00,12.56
2023-01-06 05:43:00+00:00,9.3562
2023-03-09 19:01:00+00:00,1.6338
2023-06-16 22:15:00+00:00,6.02
2023-05-03 02:34:00+00:00,11.9525
2023-03-29 03:46:00+00:00,12.0838
2023-03-12 22:35:00+00:00,11.3
2023-02-24 06:24:00+00:00,8.3175
2023-05-19 06:36:00+00:00,11.5975
2023-03-29 03:03:00+00:00,12.44
2023-05-03 14:00:00+00:00,6.6275
2023-04-25 06:07:00+00:00,11.78
2023-03-29 15:12:00+00:00,11.64
2023-06-14 08:57:00+00:00,3.03
2023-02-25 19:59:00+00:00,7.6937
2023-01-28 15:03:00+00:00,14.44
2023-02-07 01:13:00+00:00,1.5212
2023-02-26 08:16:00+00:00,3.97
2023-06-29 11:34:00+00:00,12.28
2023-05-20 07:19:00+00:00,7.9488
2023-02-03 09:21:00+00:00,4.6913
2023-06-27 09:42:00+00:00,13.44
2023-03-26 00:12:00+00:00,3.38
2023-01-18 17:02:00+00:00,10.9712
2023-01-01 00:00:00+00:00,5.9
2023-02-24 06:50:00+00:00,8.6675
2023-04-28 09:16:00+00:00,9.2713
2023-01-28 15:55:00+00:00,12.04
2023-06-15 09:40:00+00:00,7.3812
2023-04-02 19:38:00+00:00,12.1137
2023-06-01 19:30:00+00:00,15.32
2023-05-24 23:03:00+00:00,12.5288
2023-04-30 23:42:00+00:00,7.9988
2023-01-11 22:18:00+00:00,12.5
2023-05-29 16:46:00+00:00,10.66
2023-05-27 02:03:00+00:00,2.6325
2023-01-12 11:01:00+00:00,13.72
2023-05-10 21:18:00+00:00,7.9863
2023-01-09 20:18:00+00:00,12.085
2023-01-24 11:11:00+00:00,10.76
2023-05-22 09:37:00+00:00,7.1013
2023-02-28 22:08:00+00:00,6.7975
2023-03-14 12:44:00+00:00,13.34
2023-01-01 00:17:00+00:00,8.45
2023-03-28 14:38:00+00:00,8.2075
2023-04-30 11:17:00+00:00,12.28
2023-06-20 14:50:00+00:00,4.6375
2023-06-08 14:22:00+00:00,5.9475
2023-03-02 12:34:00+00:00,8.3
2023-03-13 11:53:00+00:00,4.8637
2023-06-01 07:13:00+00:00,1.1887
2023-02-27 09:08:00+00:00,9.84
2023-05-14 13:44:00+00:00,2.1162
2023-03-02 12:25:00+00:00,3.375
2023-03-11 09:09:00+00:00,9.28
2023-06-10 04:57:00+00:00,1.025
2023-05-20 19:02:00+00:00,1.4238
2023-05-06 05:26:00+00:00,7.6
2023-01-13 00:53:00+00:00,8.24
2023-02-28 22:51:00+00:00,6.1475
2023-02-12 18:06:00+00:00,11.14
2023-01-11 10:27:00+00:00,11.7
2023-04-04 09:21:00+00:00,7.7912
2023-01-07 18:35:00+00:00,11.62
2023-05-02 13:34:00+00:00,6.6762
2023-06-10 04:40:00+00:00,10.375
2023-04-06 23:47:00+00:00,12.2
2023-02-04 10:30:00+00:00,4.6925
2023-03-09 07:01:00+00:00,6.9588
2023-05-07 18:00:00+00:00,14.82
2023-06-15 09:57:00+00:00,4.8812
2023-06-16 22:23:00+00:00,3.0075
2023-05-07 18:52:00+00:00,14.42
2023-01-16 03:19:00+00:00,3.6938
2023-03-21 07:19:00+00:00,11.1988
2023-05-27 02:12:00+00:00,8.02
2023-02-22 16:07:00+00:00,3.99
2023-03-07 17:00:00+00:00,0.7312
2023-02-12 06:23:00+00:00,5.94
2023-04-13 06:40:00+00:00,7.6275
2023-03-23 21:20:00+00:00,11.5762
2023-04-23 16:41:00+00:00,10.94
2023-02-10 04:48:00+00:00,2.825
2023-06-08 14:31:00+00:00,3.7475
2023-01-14 13:19:00+00:00,13.36
2023-06-12 06:06:00+00:00,3.7275
2023-05-08 19:09:00+00:00,3.4337
2023-05-14 13:27:00+00:00,12.56
2023-03-23 09:54:00+00:00,2.0513
2023-05-04 15:43:00+00:00,6.8788
2023-02-11 05:05:00+00:00,7.92
2023-05-01 00:51:00+00:00,2.45
2023-02-04 22:22:00+00:00,11.2175
2023-06-01 07:13:00+00:00,12.92
2023-01-15 14:10:00+00:00,2.8175
2023-06-12 06:06:00+00:00,1.0275
2023-01-22 21:20:00+00:00,11.12
2023-04-25 06:42:00+00:00,4.3675
2023-01-24 11:29:00+00:00,1.3538
2023-03-15 01:10:00+00:00,14.56
2023-05-17 16:10:00+00:00,1.27
2023-04-22 15:24:00+00:00,8.8387
2023-03-19 17:11:00+00:00,7.04
2023-02-16 10:23:00+00:00,6.0825
2023-05-31 18:38:00+00:00,1.0625
2023-04-17 10:15:00+00:00,14.02
2023-06-08 02:56:00+00:00,6.2725
2023-02-24 06:24:00+00:00,4.7175
2023-01-13 12:36:00+00:00,12.54
2023-01-12 11:01:00+00:00,2.2138
2023-05-20 19:02:00+00:00,3.0238
2023-02-14 20:49:00+00:00,13.58
2023-03-06 04:52:00+00:00,12.355
2023-03-23 21:37:00+00:00,11.5762
2023-05-19 18:36:00+00:00,15.46
2023-06-22 16:07:00+00:00,10.79
2023-03-21 19:28:00+00:00,10.4738
2023-01-26 01:46:00+00:00,7.2
2023-01-10 21:52:00+00:00,9.2863
2023-02-19 01:49:00+00:00,8.1113
2023-02-28 22:08:00+00:00,6.26
2023-05-16 03:45:00+00:00,10.0437
2023-02-07 13:13:00+00:00,2.0962
2023-06-23 05:24:00+00:00,6.56
2023-02-27 21:08:00+00:00,9.9462
2023-03-04 14:00:00+00:00,6.5275
2023-04-30 23:08:00+00:00,15.48
2023-03-01 23:34:00+00:00,8.9987
2023-04-29 22:25:00+00:00,5.3975
2023-01-06 17:17:00+00:00,10.8
2023-04-18 23:49:00+00:00,11.8087
2023-02-21 03:50:00+00:00,0.9138
2023-04-02 07:04:00+00:00,12.92
2023-02-02 08:47:00+00:00,10.49
2023-01-30 17:38:00+00:00,10.2112
2023-05-23 10:28:00+00:00,11.94
2023-04-05 22:04:00+00:00,11.6675
2023-04-29 22:16:00+00:00,9.7975
2023-05-10 21:44:00+00:00,11.28
2023-03-06 04:43:00+00:00,2.755
2023-06-17 11:41:00+00:00,5.9837
2023-02-08 02:31:00+00:00,9.46
2023-03-30 04:12:00+00:00,4.635
2023-06-10 16:57:00+00:00,5.1
2023-05-27 14:55:00+00:00,8.42
2023-04-26 19:16:00+00:00,12.4437
2023-05-31 18:04:00+00:00,11.1125
2023-01-09 08:52:00+00:00,15.26
2023-05-13 12:53:00+00:00,9.115
2023-06-27 09:16:00+00:00,1.2712
2023-05-04 15:09:00+00:00,5.96
2023-06-29 11:08:00+00:00,9.1738
2023-02-24 18:59:00+00:00,1.4425
2023-05-29 04:04:00+00:00,6.46
2023-04-20 01:32:00+00:00,8.2613
2023-01-22 21:45:00+00:00,10.8262
2023-03-11 21:18:00+00:00,8.88
2023-03-29 03:46:00+00:00,7.9837
2023-05-15 02:10:00+00:00,5.7425
2023-04-04 21:13:00+00:00,8.56
2023-06-02 08:04:00+00:00,8.29
2023-06-14 20:32:00+00:00,14.78
2023-06-03 09:47:00+00:00,10.16
2023-03-22 08:11:00+00:00,8.05
2023-04-15 20:40:00+00:00,5.855
2023-04-28 21:42:00+00:00,7.04
2023-01-12 23:01:00+00:00,6.4887
2023-06-17 11:58:00+00:00,12.5337
2023-06-24 06:59:00+00:00,6.18
2023-05-09 08:01:00+00:00,8.86
2023-03-30 04:21:00+00:00,10.935
2023-03-02 00:34:00+00:00,10.3
2023-03-30 04:29:00+00:00,6.585
2023-02-14 20:23:00+00:00,12.505
2023-02-03 09:47:00+00:00,6.96
2023-03-04 02:43:00+00:00,3.6525
2023-05-11 22:35:00+00:00,7.2375
2023-05-06 05:09:00+00:00,15.2
2023-01-07 06:00:00+00:00,10.5575
2023-03-15 01:27:00+00:00,3.4912
2023-05-22 09:03:00+00:00,8.32
2023-01-19 18:28:00+00:00,9.3225
2023-06-04 22:22:00+00:00,6.9675
2023-05-09 08:35:00+00:00,15.26
2023-01-28 15:55:00+00:00,2.5587
2023-02-08 14:56:00+00:00,10.7475
2023-01-01 00:08:00+00:00,12.7
2023-06-22 16:50:00+00:00,11.29
2023-05-08 07:43:00+00:00,5.8087
2023-01-02 13:43:00+00:00,6.32
2023-06-05 11:47:00+00:00,12.1937
2023-02-14 20:49:00+00:00,2.555
2023-01-11 10:52:00+00:00,10.9
2023-06-08 14:31:00+00:00,3.8475
2023-05-23 10:11:00+00:00,11.8025
2023-05-20 07:19:00+00:00,15.48
2023-05-25 12:29:00+00:00,10.555
2023-01-16 03:45:00+00:00,4.1437
2023-06-27 09:08:00+00:00,13.84
2023-01-22 21:45:00+00:00,8.1762
2023-02-14 20:57:00+00:00,7.455
2023-06-27 09:59:00+00:00,11.84
2023-03-23 09:54:00+00:00,2.2012
2023-01-14 13:10:00+00:00,1.0663
2023-04-07 12:22:00+00:00,7.82
2023-05-04 15:43:00+00:00,10.1288
2023-04-27 08:42:00+00:00,3.62
2023-04-02 19:55:00+00:00,13.72
2023-02-12 06:40:00+00:00,3.2275
2023-03-11 09:52:00+00:00,4.3613
2023-06-16 10:32:00+00:00,6.42
2023-05-29 04:04:00+00:00,11.26
2023-04-04 09:39:00+00:00,7.5412
2023-03-20 18:11:00+00:00,7.46
2023-06-22 04:24:00+00:00,0.665
2023-04-14 19:31:00+00:00,5.3037
2023-01-23 22:28:00+00:00,11.54
2023-05-10 09:44:00+00:00,1.5613
2023-04-26 07:16:00+00:00,1.2688
2023-05-13 00:10:00+00:00,6.54
2023-03-26 12:37:00+00:00,5.855
2023-06-05 23:47:00+00:00,7.7687
2023-03-24 22:03:00+00:00,6.34
2023-05-24 11:29:00+00:00,5.1037
2023-05-08 07:18:00+00:00,11.7587
2023-01-06 05:26:00+00:00,7.6
2023-03-16 02:19:00+00:00,10.3925
2023-05-26 01:46:00+00:00,11.9313
2023-01-08 19:43:00+00:00,12.84
2023-02-15 21:06:00+00:00,1.5562
2023-03-07 17:26:00+00:00,0.8812
2023-05-21 20:28:00+00:00,5.9
2023-04-28 09:59:00+00:00,4.7213
2023-03-12 10:52:00+00:00,4.9625
2023-01-26 01:29:00+00:00,14.4
2023-01-28 15:55:00+00:00,10.2587
2023-02-03 21:30:00+00:00,9.8163
2023-01-03 02:51:00+00:00,5.54
2023-02-11 17:57:00+00:00,4.1013
2023-02-14 08:14:00+00:00,4.53
2023-04-28 09:42:00+00:00,8.24
2023-05-06 17:00:00+00:00,0.7812
2023-06-20 02:50:00+00:00,7.9125
2023-06-19 13:07:00+00:00,6.48
2023-01-06 17:17:00+00:00,10.8812
2023-05-28 15:55:00+00:00,5.0088
2023-01-17 04:36:00+00:00,11.02
2023-01-23 10:46:00+00:00,3.1525
2023-06-23 05:41:00+00:00,3.8662
2023-05-08 19:18:00+00:00,13.24
2023-05-08 07:01:00+00:00,1.2087
2023-06-24 06:16:00+00:00,3.9175
2023-02-13 07:31:00+00:00,9.56
2023-02-10 16:14:00+00:00,11.05
2023-02-15 09:49:00+00:00,8.7312
2023-02-26 08:59:00+00:00,7.02
2023-03-11 09:18:00+00:00,4.7112
2023-03-09 19:43:00+00:00,7.6338
2023-05-21 20:37:00+00:00,13.9
2023-05-01 12:25:00+00:00,7.125
2023-02-28 10:25:00+00:00,3.1725
2023-02-06 00:39:00+00:00,8.22
2023-03-01 11:25:00+00:00,11.8737
2023-04-11 16:31:00+00:00,8.1
2023-04-19 00:58:00+00:00,8.46
2023-05-23 10:03:00+00:00,2.3525
2023-01-26 01:37:00+00:00,7.8312
2023-03-28 14:03:00+00:00,11.22
2023-05-29 04:29:00+00:00,4.635
2023-03-21 19:45:00+00:00,8.1738
2023-06-01 19:21:00+00:00,10.92
2023-03-08 18:35:00+00:00,1.4325
2023-01-30 05:47:00+00:00,9.7363
2023-03-12 22:01:00+00:00,10.1
2023-03-30 04:46:00+00:00,9.835
2023-02-03 21:39:00+00:00,4.1162
2023-02-08 14:48:00+00:00,11.06
2023-05-03 02:26:00+00:00,1.5525
2023-01-13 00:27:00+00:00,2.24
2023-06-19 13:15:00+00:00,7.28
2023-04-29 10:51:00+00:00,7.7225
2023-05-28 15:38:00+00:00,3.8588
2023-04-16 09:15:00+00:00,6.8
2023-06-22 04:50:00+00:00,9.365
2023-01-14 01:36:00+00:00,0.7412
2023-05-22 21:37:00+00:00,7.12
2023-02-15 09:57:00+00:00,12.3313
2023-02-02 20:56:00+00:00,6.615
2023-01-13 12:44:00+00:00,10.94
2023-01-09 20:35:00+00:00,10.835
2023-02-21 03:41:00+00:00,8.8138
2023-06-11 05:23:00+00:00,5.52
2023-05-09 08:35:00+00:00,8.76
2023-01-17 16:45:00+00:00,8.27
2023-06-22 16:33:00+00:00,8.54
2023-02-25 07:25:00+00:00,5.8187
2023-03-17 15:10:00+00:00,1.6687
2023-05-16 03:27:00+00:00,7.8
2023-04-19 12:49:00+00:00,3.385
2023-03-22 20:02:00+00:00,11.975
2023-01-07 18:43:00+00:00,10.82
2023-01-15 02:36:00+00:00,12.6925
2023-03-28 14:46:00+00:00,10.4575
2023-03-03 01:43:00+00:00,8.32
2023-04-27 20:16:00+00:00,4.045
2023-03-12 10:27:00+00:00,5.9125
2023-01-14 13:53:00+00:00,6.16
2023-01-16 03:53:00+00:00,6.7938
2023-06-24 06:24:00+00:00,5.8175
2023-05-27 14:38:00+00:00,6.82
2023-06-26 08:08:00+00:00,6.47
2023-04-30 11:08:00+00:00,11.08
2023-02-13 19:40:00+00:00,10.76
2023-03-22 08:28:00+00:00,10.85
2023-06-17 11:41:00+00:00,7.9837
2023-06-01 19:47:00+00:00,12.12
2023-02-22 16:41:00+00:00,10.99
2023-01-05 16:09:00+00:00,5.03
2023-05-25 12:29:00+00:00,8.38
2023-02-23 05:59:00+00:00,9.7662
2023-06-17 23:15:00+00:00,6.4088
2023-03-02 12:17:00+00:00,9.1
2023-01-21 08:02:00+00:00,9.95
2023-05-04 03:17:00+00:00,2.9038
2023-03-03 13:17:00+00:00,9.92
2023-04-27 08:59:00+00:00,12.67
2023-02-01 19:13:00+00:00,3.7637
2023-04-21 02:24:00+00:00,6.5
2023-05-12 11:35:00+00:00,6.0137
2023-02-18 00:49:00+00:00,2.71
2023-05-05 16:34:00+00:00,11.58
2023-05-12 23:27:00+00:00,8.4387
2023-04-07 12:05:00+00:00,8.545
2023-04-16 09:40:00+00:00,10.8
2023-01-06 17:26:00+00:00,3.3312
2023-04-26 19:07:00+00:00,3.9438
2023-05-07 06:52:00+00:00,11.62
2023-02-04 10:56:00+00:00,3.7925
2023-01-21 20:54:00+00:00,12.275
2023-06-14 20:06:00+00:00,9.98
2023-04-18 11:15:00+00:00,1.9837
2023-02-19 13:15:00+00:00,10.1862
2023-02-02 08:38:00+00:00,7.34
2023-02-03 09:47:00+00:00,3.1412
2023-04-03 20:38:00+00:00,7.565
2023-05-13 12:44:00+00:00,12.94
2023-02-10 04:40:00+00:00,10.525
2023-06-08 02:39:00+00:00,6.1225
2023-03-06 04:09:00+00:00,6.38
2023-03-26 12:37:00+00:00,6.305
2023-01-20 07:54:00+00:00,5.1988
2023-01-01 12:34:00+00:00,13.9
2023-04-18 23:58:00+00:00,8.7088
2023-01-31 06:04:00+00:00,12.9375
2023-04-10 15:05:00+00:00,7.08
2023-06-05 11:56:00+00:00,5.0938
2023-02-14 20:06:00+00:00,12.455
2023-04-04 21:13:00+00:00,11.36
2023-01-19 06:19:00+00:00,6.9975
2023-04-19 00:41:00+00:00,5.76
2023-06-13 19:31:00+00:00,5.96
2023-06-27 09:25:00+00:00,12.64
2023-01-18 17:45:00+00:00,10.9712
2023-03-29 03:46:00+00:00,6.84
2023-04-07 00:30:00+00:00,10.17
2023-05-30 17:21:00+00:00,8.0113
2023-01-26 13:46:00+00:00,7.6
2023-04-10 03:39:00+00:00,4.0237
2023-02-01 07:21:00+00:00,10.4388
2023-02-07 01:22:00+00:00,9.84
2023-06-06 00:56:00+00:00,3.27
2023-01-12 11:18:00+00:00,4.7637
2023-02-19 13:15:00+00:00,11.28
2023-05-01 00:17:00+00:00,3.4
2023-03-03 13:25:00+00:00,5.2763
2023-01-23 22:20:00+00:00,10.74
2023-02-06 12:39:00+00:00,4.595
2023-04-09 14:14:00+00:00,9.4975
2023-03-07 05:43:00+00:00,12.4
2023-01-27 02:38:00+00:00,12.1325
2023-04-18 23:06:00+00:00,9.0087
2023-05-03 14:08:00+00:00,13.54
2023-06-20 02:58:00+00:00,7.7125
2023-01-20 07:45:00+00:00,11.8987
2023-06-11 17:57:00+00:00,13.52
2023-01-20 19:19:00+00:00,3.8737
2023-03-30 16:12:00+00:00,11.01
2023-01-10 09:52:00+00:00,12.08
2023-03-01 11:08:00+00:00,11.0237
2023-06-27 09:08:00+00:00,11.8212
2023-03-27 01:29:00+00:00,12.4
2023-06-24 06:07:00+00:00,3.6175
2023-01-23 10:28:00+00:00,0.5525
2023-05-05 16:26:00+00:00,11.98
2023-01-18 05:53:00+00:00,3.6963
2023-02-10 04:22:00+00:00,2.625
2023-04-10 15:14:00+00:00,10.28
2023-05-12 11:01:00+00:00,5.9638
2023-05-19 18:11:00+00:00,1.1225
2023-04-13 06:14:00+00:00,8.34
2023-03-17 15:36:00+00:00,7.2687
2023-05-19 18:11:00+00:00,9.0225
2023-02-12 18:23:00+00:00,9.94
2023-04-09 14:31:00+00:00,12.9975
2023-02-09 15:14:00+00:00,5.3487
2023-04-23 16:41:00+00:00,14.54
2023-02-05 11:30:00+00:00,11.0938
2023-01-21 20:54:00+00:00,2.225
2023-03-20 06:54:00+00:00,13.86
2023-02-18 12:49:00+00:00,10.285
2023-05-20 19:37:00+00:00,0.9738
2023-04-26 07:42:00+00:00,9.8
2023-04-01 18:55:00+00:00,11.8625
2023-04-10 15:14:00+00:00,7.4488
2023-06-03 09:21:00+00:00,14.96
2023-03-30 04:12:00+00:00,10.735
2023-03-15 01:27:00+00:00,4.2912
2023-05-03 02:34:00+00:00,7.94
2023-05-09 08:26:00+00:00,11.56
2023-01-14 13:19:00+00:00,8.5162
2023-04-28 21:08:00+00:00,12.64
2023-03-06 16:52:00+00:00,8.73
2023-03-24 10:46:00+00:00,6.4025
2023-05-31 18:47:00+00:00,7.7
2023-03-04 14:00:00+00:00,3.3775
2023-03-28 02:03:00+00:00,1.2325
2023-03-15 01:44:00+00:00,10.16
2023-01-06 17:35:00+00:00,6.8812
2023-01-17 04:53:00+00:00,3.845
2023-06-01 07:04:00+00:00,10.12
2023-01-07 06:43:00+00:00,9.1575
2023-05-03 02:00:00+00:00,6.7025
2023-06-15 09:40:00+00:00,14.8
2023-01-29 04:55:00+00:00,0.835
2023-03-06 16:52:00+00:00,6.93
2023-06-26 20:42:00+00:00,5.82
2023-06-29 11:25:00+00:00,7.4737
2023-02-24 18:24:00+00:00,9.6425
2023-05-27 14:55:00+00:00,12.02
2023-01-17 16:28:00+00:00,2.72
2023-04-12 17:14:00+00:00,4.8012
2023-05-15 14:36:00+00:00,12.18
2023-05-04 03:34:00+00:00,9.7037
2023-06-17 23:15:00+00:00,9.2088
2023-04-18 23:06:00+00:00,6.04
2023-02-11 05:23:00+00:00,5.8762
2023-03-10 08:01:00+00:00,8.16
2023-03-10 20:35:00+00:00,10.06
2023-06-04 22:22:00+00:00,12.8175
2023-03-15 01:44:00+00:00,7.1413
2023-04-17 10:40:00+00:00,11.22
2023-02-06 12:56:00+00:00,11.195
2023-06-07 01:48:00+00:00,5.2213
2023-03-05 15:09:00+00:00,6.76
2023-01-30 17:38:00+00:00,7.9112
2023-02-13 07:23:00+00:00,10.2788
2023-01-28 03:03:00+00:00,7.24
2023-04-28 09:42:00+00:00,1.7712
2023-06-06 12:56:00+00:00,7.995
2023-05-12 11:18:00+00:00,11.32
2023-05-17 16:28:00+00:00,2.02
2023-03-06 16:00:00+00:00,5.98
2023-05-26 13:37:00+00:00,15.2
2023-06-24 06:59:00+00:00,9.7675
2023-01-16 15:27:00+00:00,5.3688
2023-02-25 19:25:00+00:00,10.6
2023-03-21 07:37:00+00:00,3.1987
2023-03-10 08:35:00+00:00,8.26
2023-06-17 11:06:00+00:00,6.84
2023-05-21 08:20:00+00:00,9.2
2023-06-05 23:47:00+00:00,1.7688
2023-06-12 06:57:00+00:00,10.74
2023-03-17 03:10:00+00:00,11.1438
2023-02-01 19:55:00+00:00,4.7637
2023-02-28 22:42:00+00:00,8.26
2023-05-27 14:03:00+00:00,3.4075
2023-06-19 01:07:00+00:00,10.1113
2023-05-01 00:25:00+00:00,9.5
2023-05-17 04:53:00+00:00,5.795
2023-05-25 00:12:00+00:00,10.03
2023-04-23 04:50:00+00:00,14.14
2023-05-07 18:00:00+00:00,7.9825
2023-06-26 08:33:00+00:00,3.97
2023-06-10 16:14:00+00:00,5.5
2023-06-02 08:13:00+00:00,11.39
2023-06-21 03:50:00+00:00,7.3137
2023-05-15 02:36:00+00:00,12.98
2023-05-12 11:35:00+00:00,1.0137
2023-04-11 04:40:00+00:00,8.075
2023-04-25 18:07:00+00:00,7.78
2023-05-08 19:01:00+00:00,3.0838
2023-05-17 04:28:00+00:00,0.745
2023-02-05 23:39:00+00:00,14.2
2023-04-09 02:31:00+00:00,8.1225
2023-01-01 00:00:00+00:00,6.8
2023-01-05 04:52:00+00:00,6.78
2023-02-04 10:56:00+00:00,1.7925
2023-03-01 11:51:00+00:00,8.5738
2023-03-05 03:51:00+00:00,5.56
2023-02-16 10:32:00+00:00,11.2825
2023-05-17 04:45:00+00:00,2.345
2023-02-17 23:41:00+00:00,13.24
2023-03-12 22:52:00+00:00,6.9875
2023-03-27 13:29:00+00:00,1.7563
2023-02-22 04:33:00+00:00,6.14
2023-06-15 21:23:00+00:00,2.6063
2023-04-11 04:40:00+00:00,4.675
2023-05-25 12:03:00+00:00,12.78
2023-06-06 00:30:00+00:00,11.97
2023-06-02 08:13:00+00:00,11.14
2023-02-08 02:05:00+00:00,13.06
2023-05-27 14:12:00+00:00,5.62
2023-03-30 16:38:00+00:00,8.61
2023-03-19 05:45:00+00:00,14.24
2023-01-02 13:25:00+00:00,10.5262
2023-05-08 19:52:00+00:00,5.1837
2023-03-28 02:46:00+00:00,7.62
2023-02-14 08:57:00+00:00,5.53
2023-03-17 03:10:00+00:00,9.8938
2023-03-02 00:25:00+00:00,5.5
2023-06-12 18:40:00+00:00,9.7025
2023-01-23 22:54:00+00:00,9.4775
2023-02-05 23:56:00+00:00,11.0
2023-03-25 23:37:00+00:00,5.9787
2023-05-30 05:55:00+00:00,9.2863
2023-01-26 13:03:00+00:00,10.0
2023-04-02 19:21:00+00:00,4.4138
2023-03-10 08:52:00+00:00,8.21
2023-03-23 09:20:00+00:00,13.52
2023-01-28 15:29:00+00:00,9.3588
2023-06-24 06:42:00+00:00,5.2175
2023-03-17 15:53:00+00:00,14.6
2023-04-11 16:48:00+00:00,12.6
2023-02-24 18:50:00+00:00,3.6925
2023-05-20 07:11:00+00:00,9.08
2023-06-08 14:14:00+00:00,12.7975
2023-03-04 14:00:00+00:00,0.9775
2023-03-20 18:11:00+00:00,9.06
2023-05-05 04:52:00+00:00,9.355
2023-03-09 07:18:00+00:00,4.9088
2023-03-29 03:55:00+00:00,8.84
2023-03-01 11:34:00+00:00,2.6738
2023-02-20 02:58:00+00:00,2.7125
2023-03-25 23:46:00+00:00,11.56
2023-02-13 19:57:00+00:00,6.4037
2023-05-12 11:35:00+00:00,9.7137
2023-02-28 10:42:00+00:00,11.86
2023-06-27 21:16:00+00:00,3.1463
2023-05-13 12:10:00+00:00,7.265
2023-03-12 22:27:00+00:00,7.3
2023-04-08 13:05:00+00:00,11.2462
2023-05-01 00:42:00+00:00,12.8
2023-04-25 06:16:00+00:00,13.38
2023-01-20 19:02:00+00:00,0.8237
2023-02-04 10:22:00+00:00,6.8925
2023-02-15 09:23:00+00:00,14.4
2023-05-16 15:10:00+00:00,6.2687
2023-02-15 09:49:00+00:00,12.6312
2023-01-23 22:11:00+00:00,15.14
2023-05-22 21:03:00+00:00,5.8262
2023-05-30 05:47:00+00:00,3.8862
2023-02-07 01:31:00+00:00,6.64
2023-04-29 10:08:00+00:00,9.0225
2023-03-31 17:21:00+00:00,6.3113
2023-06-04 10:22:00+00:00,7.78
2023-05-20 19:45:00+00:00,1.8237
2023-01-09 08:26:00+00:00,5.01
2023-05-27 02:20:00+00:00,11.62
2023-04-29 22:16:00+00:00,1.7975
2023-05-12 11:27:00+00:00,2.5638
2023-05-13 00:18:00+00:00,14.94
2023-01-03 14:26:00+00:00,10.5275
2023-06-10 04:57:00+00:00,10.625
2023-03-30 16:55:00+00:00,13.26
2023-05-19 18:54:00+00:00,5.5225
2023-03-31 05:38:00+00:00,3.2363
2023-01-08 07:35:00+00:00,11.64
2023-05-30 17:12:00+00:00,9.2112
2023-02-06 12:05:00+00:00,3.945
2023-01-06 17:26:00+00:00,13.6
2023-05-25 00:54:00+00:00,2.03
2023-02-21 03:50:00+00:00,12.8138
2023-02-01 19:47:00+00:00,10.92
2023-01-11 22:44:00+00:00,5.7875
2023-05-08 19:18:00+00:00,10.5838
2023-02-14 08:14:00+00:00,14.78
2023-03-17 03:19:00+00:00,7.1437
2023-03-09 07:26:00+00:00,7.0587
2023-03-07 17:17:00+00:00,10.4
2023-03-13 11:18:00+00:00,4.0137
2023-02-17 11:15:00+00:00,11.1837
2023-06-14 20:32:00+00:00,14.38
2023-05-03 14:08:00+00:00,3.6775
2023-03-07 17:43:00+00:00,8.7812
2023-05-19 18:28:00+00:00,7.06
2023-04-22 15:58:00+00:00,12.1888
2023-01-15 14:10:00+00:00,12.7175
2023-01-23 10:20:00+00:00,14.34
2023-04-13 06:31:00+00:00,1.5275
2023-02-05 23:30:00+00:00,7.1188
2023-01-24 11:20:00+00:00,7.96
2023-01-02 01:43:00+00:00,8.8513
2023-01-09 20:09:00+00:00,12.035
2023-03-20 18:02:00+00:00,11.46
2023-02-21 15:33:00+00:00,9.4887
2023-01-18 05:53:00+00:00,9.1463
2023-03-31 05:55:00+00:00,11.28
2023-04-11 04:57:00+00:00,3.025
2023-06-04 22:56:00+00:00,7.2175
2023-01-22 09:54:00+00:00,10.32
2023-04-08 01:56:00+00:00,6.8213
2023-05-28 15:29:00+00:00,9.64
2023-06-29 11:25:00+00:00,7.48
2023-03-20 06:28:00+00:00,4.4975
2023-05-24 11:11:00+00:00,2.7037
2023-02-17 11:49:00+00:00,10.44
2023-06-25 19:07:00+00:00,10.6438
2023-02-22 04:24:00+00:00,5.715
2023-01-27 14:20:00+00:00,12.82
2023-05-08 19:01:00+00:00,6.2838
2023-05-09 08:44:00+00:00,12.01
2023-06-26 08:08:00+00:00,10.62
2023-04-20 13:49:00+00:00,5.3863
2023-06-02 08:21:00+00:00,3.94
2023-04-27 20:59:00+00:00,15.02
2023-02-14 20:14:00+00:00,9.105
2023-02-23 05:16:00+00:00,9.6662
2023-04-05 22:22:00+00:00,8.98
2023-03-19 17:19:00+00:00,3.5713
2023-06-14 08:40:00+00:00,7.53
2023-05-18 17:11:00+00:00,12.24
2023-03-21 07:37:00+00:00,4.5987
2023-01-21 08:45:00+00:00,11.1
2023-04-24 05:33:00+00:00,10.96
2023-02-20 02:24:00+00:00,10.4625
2023-05-28 03:55:00+00:00,3.9337
2023-02-17 23:23:00+00:00,10.04
2023-04-27 20:50:00+00:00,5.995
2023-03-08 18:52:00+00:00,1.0325
2023-01-08 19:43:00+00:00,14.44
2023-03-14 00:36:00+00:00,5.69
2023-03-19 17:02:00+00:00,7.4212
2023-03-15 13:10:00+00:00,5.76
2023-02-01 07:38:00+00:00,8.9388
2023-03-08 06:26:00+00:00,11.8075
2023-04-04 09:21:00+00:00,11.76
2023-02-24 06:24:00+00:00,7.3675
2023-01-20 07:19:00+00:00,12.8488
2023-05-29 16:55:00+00:00,12.46
2023-05-22 09:20:00+00:00,4.0512
2023-03-10 20:18:00+00:00,8.535
2023-03-02 12:00:00+00:00,5.5
2023-01-04 03:43:00+00:00,3.6538
2023-04-17 22:32:00+00:00,8.3575
2023-03-09 07:52:00+00:00,8.44
2023-05-10 21:44:00+00:00,5.6863
2023-05-15 02:27:00+00:00,5.9925
2023-01-13 00:53:00+00:00,10.54
2023-03-20 06:19:00+00:00,11.1975
2023-01-05 04:26:00+00:00,10.605
2023-04-23 04:16:00+00:00,11.34
2023-05-09 08:01:00+00:00,5.66
2023-02-10 16:22:00+00:00,12.4
2023-02-25 19:16:00+00:00,12.2
2023-03-03 01:00:00+00:00,10.1512
2023-06-18 12:15:00+00:00,8.435
2023-06-17 11:41:00+00:00,6.44
2023-05-16 03:36:00+00:00,2.8937
2023-06-06 00:30:00+00:00,2.22
2023-01-13 00:27:00+00:00,8.54
2023-01-11 22:01:00+00:00,6.4875
2023-06-01 19:04:00+00:00,1.4638
2023-02-24 06:50:00+00:00,14.98
2023-03-31 05:47:00+00:00,5.8863
2023-01-26 13:12:00+00:00,11.1062
2023-02-15 09:57:00+00:00,9.2
2023-04-04 21:21:00+00:00,5.0663
2023-05-09 20:01:00+00:00,11.535
2023-02-27 09:16:00+00:00,8.64
2023-03-02 00:51:00+00:00,3.45
2023-04-26 07:07:00+00:00,1.5688
2023-03-13 23:44:00+00:00,13.72
2023-06-16 22:49:00+00:00,6.8575
2023-01-02 13:43:00+00:00,4.8762
2023-04-16 21:23:00+00:00,12.8
2023-02-10 04:57:00+00:00,10.025
2023-02-28 22:25:00+00:00,12.4475
2023-06-11 17:57:00+00:00,5.92
2023-04-30 11:42:00+00:00,12.7737
2023-03-14 00:27:00+00:00,4.09
2023-05-30 17:55:00+00:00,6.48
2023-06-14 08:57:00+00:00,2.38
2023-05-10 21:44:00+00:00,2.0362
2023-02-28 22:51:00+00:00,13.86
2023-02-14 08:23:00+00:00,8.78
2023-03-03 13:25:00+00:00,0.9263
2023-05-23 22:46:00+00:00,6.74
2023-04-19 00:06:00+00:00,11.61
2023-06-01 19:38:00+00:00,4.7637
2023-05-24 11:37:00+00:00,9.16
2023-05-11 22:01:00+00:00,7.8875
2023-04-07 00:30:00+00:00,2.07
2023-03-03 13:43:00+00:00,13.52
2023-04-03 08:56:00+00:00,2.64
2023-05-22 09:45:00+00:00,3.0513
2023-03-08 06:52:00+00:00,10.82
2023-03-09 19:01:00+00:00,12.1337
2023-03-03 13:00:00+00:00,0.9263
2023-06-10 04:05:00+00:00,13.5
2023-03-10 20:18:00+00:00,8.885
2023-03-26 00:54:00+00:00,2.18
2023-04-29 22:42:00+00:00,13.86
2023-05-12 23:10:00+00:00,10.6888
2023-03-11 09:52:00+00:00,7.6113
2023-03-23 21:03:00+00:00,10.32
2023-03-01 23:25:00+00:00,8.5488
2023-02-02 20:56:00+00:00,6.865
2023-05-26 01:55:00+00:00,12.0
2023-02-25 19:42:00+00:00,10.6438
2023-03-18 16:45:00+00:00,7.62
2023-02-15 09:40:00+00:00,9.2
2023-06-29 23:25:00+00:00,5.5488
2023-01-28 03:46:00+00:00,6.5338
2023-04-10 15:31:00+00:00,8.68
2023-04-24 17:41:00+00:00,12.2912
2023-04-09 14:56:00+00:00,9.9475
2023-05-11 10:27:00+00:00,8.9
2023-06-13 07:23:00+00:00,10.5787
2023-04-08 01:22:00+00:00,4.7213
2023-03-25 23:03:00+00:00,15.16
2023-02-04 10:47:00+00:00,1.3425
2023-05-27 14:20:00+00:00,6.7575
2023-03-28 02:29:00+00:00,14.02
2023-03-06 04:09:00+00:00,0.955
2023-06-04 10:04:00+00:00,8.4925
2023-06-18 12:06:00+00:00,10.86
2023-02-21 03:07:00+00:00,4.6638
2023-06-24 18:16:00+00:00,7.5925
2023-03-01 11:17:00+00:00,12.28
2023-03-03 13:25:00+00:00,2.5263
2023-06-27 21:16:00+00:00,4.4962
2023-02-21 03:15:00+00:00,15.32
2023-04-27 20:50:00+00:00,2.645
2023-04-05 10:22:00+00:00,12.1425
2023-04-19 00:41:00+00:00,14.86
2023-04-05 10:47:00+00:00,3.8425
2023-06-28 10:51:00+00:00,1.1225
2023-04-11 16:22:00+00:00,14.7
2023-05-08 19:43:00+00:00,0.9338
2023-02-09 15:39:00+00:00,12.0988
2023-05-25 00:29:00+00:00,15.18
2023-05-25 12:46:00+00:00,9.105
2023-04-15 08:57:00+00:00,3.73
2023-02-04 10:56:00+00:00,6.58
2023-04-10 03:48:00+00:00,10.6738
2023-04-25 18:50:00+00:00,6.6925
2023-02-05 11:05:00+00:00,11.8
2023-01-13 00:18:00+00:00,8.84
2023-01-17 04:02:00+00:00,4.995
2023-03-19 17:36:00+00:00,11.44
2023-01-05 04:00:00+00:00,8.855
2023-05-23 10:03:00+00:00,5.54
2023-06-15 21:40:00+00:00,7.2
2023-02-20 02:41:00+00:00,8.4125
2023-04-20 01:07:00+00:00,8.9113
2023-05-31 18:04:00+00:00,13.3
2023-01-22 09:20:00+00:00,4.5012
2023-02-21 03:58:00+00:00,5.4138
2023-01-04 15:26:00+00:00,13.16
2023-03-19 05:45:00+00:00,9.0962
2023-04-22 03:07:00+00:00,1.7637
2023-04-17 10:49:00+00:00,7.22
2023-03-02 12:00:00+00:00,7.825
2023-04-20 01:07:00+00:00,6.3113
2023-06-24 06:24:00+00:00,6.58
2023-05-21 20:20:00+00:00,8.325
2023-01-17 04:53:00+00:00,7.945
2023-06-26 20:25:00+00:00,15.02
2023-05-10 21:01:00+00:00,2.6362
2023-03-15 01:44:00+00:00,6.8913
2023-06-29 11:51:00+00:00,7.08
2023-06-19 01:49:00+00:00,4.5113
2023-06-08 14:39:00+00:00,12.1475
2023-03-16 02:36:00+00:00,15.38
2023-04-18 11:41:00+00:00,12.8338
2023-06-16 10:58:00+00:00,4.1825
2023-02-12 06:48:00+00:00,13.14
2023-02-15 09:49:00+00:00,11.5813
2023-05-10 09:27:00+00:00,8.8613
2023-06-11 17:23:00+00:00,9.92
2023-02-16 22:23:00+00:00,10.6575
2023-03-01 11:17:00+00:00,3.9238
2023-04-05 10:47:00+00:00,6.18
2023-01-23 10:46:00+00:00,7.0525
2023-02-03 09:13:00+00:00,10.0412
2023-03-25 23:29:00+00:00,5.96
2023-06-09 03:48:00+00:00,2.4737
2023-01-04 03:00:00+00:00,2.0537
2023-06-03 21:13:00+00:00,14.16
2023-04-04 21:47:00+00:00,11.6163
2023-02-12 18:57:00+00:00,8.9525
2023-03-31 05:47:00+00:00,8.48
2023-01-22 21:28:00+00:00,11.0262
2023-02-19 13:24:00+00:00,2.3862
2023-02-20 14:24:00+00:00,12.1
2023-03-24 22:54:00+00:00,6.1275
2023-05-21 20:11:00+00:00,11.175
2023-03-08 18:18:00+00:00,15.22
2023-03-17 15:10:00+00:00,12.8187
2023-03-27 13:46:00+00:00,5.8063
2023-01-06 17:52:00+00:00,7.2
2023-02-06 00:39:00+00:00,11.02
2023-04-21 14:24:00+00:00,12.7875
2023-02-17 11:15:00+00:00,11.64
2023-06-05 11:39:00+00:00,6.3937
2023-03-09 07:18:00+00:00,8.7587
2023-04-30 11:25:00+00:00,15.08
2023-06-27 21:25:00+00:00,7.6963
2023-05-03 14:00:00+00:00,9.4775
2023-05-23 10:54:00+00:00,13.14
2023-01-01 00:34:00+00:00,5.4
2023-03-29 15:46:00+00:00,6.4588
2023-05-17 16:10:00+00:00,9.82
2023-05-08 07:01:00+00:00,6.8087
2023-05-11 10:18:00+00:00,0.9125
2023-05-22 09:54:00+00:00,7.12
2023-01-21 20:28:00+00:00,8.975
2023-04-08 13:13:00+00:00,4.0962
2023-02-09 03:22:00+00:00,9.88
2023-06-08 14:05:00+00:00,7.7975
2023-05-29 04:04:00+00:00,9.635
2023-02-25 07:50:00+00:00,7.4
2023-02-19 13:32:00+00:00,9.9863
2023-03-08 18:43:00+00:00,9.0325
2023-06-03 09:30:00+00:00,6.16
2023-06-04 22:04:00+00:00,7.5675
2023-03-31 17:47:00+00:00,9.1613
2023-06-25 19:33:00+00:00,12.2
2023-05-15 02:27:00+00:00,3.7425
2023-05-08 07:52:00+00:00,6.3587
2023-03-11 09:27:00+00:00,8.08
2023-01-07 18:09:00+00:00,10.8825
2023-01-02 01:00:00+00:00,2.4013
2023-05-15 14:10:00+00:00,5.78
2023-02-10 16:57:00+00:00,6.5
2023-04-21 02:32:00+00:00,2.8625
2023-02-16 22:15:00+00:00,14.42
2023-05-18 05:45:00+00:00,3.5962
2023-04-12 05:48:00+00:00,7.6262
2023-04-15 20:49:00+00:00,7.98
2023-04-04 21:30:00+00:00,6.5163
2023-02-25 19:07:00+00:00,7.6437
2023-03-24 10:54:00+00:00,8.34
2023-03-13 11:10:00+00:00,2.5137
2023-02-08 14:39:00+00:00,8.2975
2023-04-21 02:41:00+00:00,8.9
2023-04-29 10:34:00+00:00,7.4725
2023-04-20 01:32:00+00:00,4.0113
2023-04-04 21:47:00+00:00,8.16
2023-05-26 01:29:00+00:00,11.3812
2023-02-18 00:49:00+00:00,10.76
2023-01-11 10:52:00+00:00,13.3
2023-01-24 11:37:00+00:00,2.7538
2023-06-11 05:40:00+00:00,12.6263
2023-06-10 04:40:00+00:00,6.7
2023-02-10 04:22:00+00:00,0.525
2023-05-28 15:03:00+00:00,9.3588
2023-02-02 08:47:00+00:00,10.54
2023-02-21 03:58:00+00:00,7.7138
2023-06-18 00:41:00+00:00,10.46
2023-01-17 04:53:00+00:00,14.62
2023-02-07 01:39:00+00:00,6.2713
2023-04-23 16:24:00+00:00,12.24
2023-04-14 19:49:00+00:00,10.76
2023-03-16 02:27:00+00:00,6.9925
2023-06-06 12:13:00+00:00,7.695
2023-01-28 03:21:00+00:00,12.04
2023-02-26 08:50:00+00:00,10.52
2023-02-27 09:59:00+00:00,4.2713
2023-06-12 06:40:00+00:00,9.54
2023-03-18 04:02:00+00:00,7.445
2023-05-22 21:03:00+00:00,11.9262
2023-01-04 15:26:00+00:00,9.96
2023-04-09 14:22:00+00:00,4.9475
2023-06-11 05:40:00+00:00,5.1262
2023-04-30 11:51:00+00:00,9.88
2023-01-06 17:52:00+00:00,7.3812
2023-06-09 15:57:00+00:00,11.8488
2023-03-20 18:36:00+00:00,8.66
2023-04-11 16:05:00+00:00,9.9
2023-04-17 10:06:00+00:00,7.3825
2023-04-12 05:48:00+00:00,6.72
2023-06-22 16:33:00+00:00,10.99
2023-06-12 18:57:00+00:00,6.8025
2023-04-03 20:30:00+00:00,15.34
2023-05-23 10:54:00+00:00,2.7025
2023-02-09 03:22:00+00:00,4.0237
2023-03-07 05:52:00+00:00,10.8
2023-01-11 22:27:00+00:00,5.7375
2023-06-15 21:06:00+00:00,6.2562
2023-06-02 08:30:00+00:00,12.14
2023-01-13 12:36:00+00:00,8.115
2023-04-21 14:15:00+00:00,5.0875
2023-03-17 03:27:00+00:00,12.6
2023-02-25 07:33:00+00:00,1.6687
2023-03-09 07:52:00+00:00,3.7588
2023-02-28 22:16:00+00:00,7.86
2023-02-21 15:24:00+00:00,6.2387
2023-02-15 09:57:00+00:00,0.9313
2023-04-20 13:41:00+00:00,7.68
2023-06-15 21:15:00+00:00,3.6562
2023-06-16 10:32:00+00:00,8.02
2023-03-15 01:27:00+00:00,11.76
2023-04-14 07:40:00+00:00,3.0288
2023-05-14 01:27:00+00:00,3.3413
2023-05-05 04:26:00+00:00,5.98
2023-01-16 03:10:00+00:00,1.8938
2023-03-17 15:10:00+00:00,3.8188
2023-03-14 00:53:00+00:00,8.14
2023-03-29 03:46:00+00:00,5.4837
2023-02-01 19:21:00+00:00,10.3138
2023-01-04 03:51:00+00:00,14.76
2023-04-12 17:14:00+00:00,10.3513
2023-01-24 23:11:00+00:00,4.1787
2023-02-26 20:16:00+00:00,11.42
2023-05-05 04:09:00+00:00,2.755
2023-04-25 06:50:00+00:00,2.2675
2023-01-06 05:52:00+00:00,6.8
2023-02-28 22:42:00+00:00,3.2475
2023-03-21 19:45:00+00:00,1.7237
2023-05-05 16:34:00+00:00,12.78
2023-05-04 15:34:00+00:00,3.1787
2023-06-22 16:50:00+00:00,10.44
2023-06-10 16:05:00+00:00,7.9
2023-06-20 02:15:00+00:00,3.0125
2023-05-12 23:35:00+00:00,0.8887
2023-06-22 16:41:00+00:00,5.74
2023-06-05 11:30:00+00:00,12.7937
2023-06-07 01:48:00+00:00,1.1713
2023-03-31 17:38:00+00:00,10.08
2023-06-16 22:49:00+00:00,6.6575
2023-02-12 06:48:00+00:00,11.5775
2023-05-09 20:18:00+00:00,15.26
2023-01-26 01:20:00+00:00,8.1312
2023-03-11 21:09:00+00:00,4.4362
2023-02-04 22:13:00+00:00,13.78
2023-06-24 06:59:00+00:00,0.9675
2023-01-19 18:54:00+00:00,8.4225
2023-05-26 01:29:00+00:00,10.8
2023-04-22 15:24:00+00:00,3.2388
2023-01-31 18:21:00+00:00,4.0125
2023-02-16 22:58:00+00:00,12.82
2023-03-14 00:53:00+00:00,10.14
2023-04-12 17:14:00+00:00,6.2012
2023-03-08 18:00:00+00:00,13.22
2023-01-31 06:21:00+00:00,1.6375
2023-04-20 01:32:00+00:00,8.9612
2023-04-14 07:14:00+00:00,6.36
2023-03-22 20:11:00+00:00,2.925
2023-06-03 21:13:00+00:00,12.0162
2023-03-11 09:52:00+00:00,6.08
2023-01-10 09:27:00+00:00,6.88
2023-06-07 13:22:00+00:00,11.7462
2023-03-20 06:28:00+00:00,15.06
2023-04-15 20:57:00+00:00,9.205
2023-05-08 07:43:00+00:00,11.0587
2023-03-12 22:44:00+00:00,6.1
2023-03-13 11:35:00+00:00,12.0638
2023-04-02 07:21:00+00:00,7.4387
2023-02-04 10:39:00+00:00,7.38
2023-01-27 14:38:00+00:00,3.3575
2023-02-28 10:59:00+00:00,7.4225
2023-03-12 10:01:00+00:00,10.9
2023-04-29 10:25:00+00:00,3.5725
2023-02-21 03:15:00+00:00,5.4638
2023-06-07 13:05:00+00:00,8.64
2023-05-17 16:10:00+00:00,6.87
2023-06-02 08:47:00+00:00,4.19
2023-03-01 11:59:00+00:00,14.68
2023-01-20 07:45:00+00:00,3.5987
2023-02-04 10:30:00+00:00,5.7425
2023-01-11 10:52:00+00:00,15.3
2023-05-22 21:03:00+00:00,7.8262
2023-05-20 07:37:00+00:00,6.4988
2023-02-04 22:13:00+00:00,13.78
2023-04-03 20:13:00+00:00,12.315
2023-03-08 06:26:00+00:00,11.3075
2023-04-02 19:04:00+00:00,12.12
2023-03-13 23:44:00+00:00,10.3387
2023-02-13 19:57:00+00:00,6.9037
2023-05-23 10:54:00+00:00,15.14
2023-02-26 08:25:00+00:00,0.72
2023-01-25 12:03:00+00:00,11.105
