impression_id,age_group,gender,ad_category,platform,region,click_flag,spend_usd,impression_time
657419,18-24,M,News,Tablet,Northeast,0,10.1037,2023-03-25 11:46:00+00:00
657420,25-34,M,Housing,Web,Southeast,1,9.6125,2023-04-21 02:07:00+00:00
657421,25-34,M,Housing,Web,Southeast,0,6.32,2023-04-12 17:05:00+00:00
657422,55+,F,Health,Mobile,South,0,2.5688,2023-01-16 15:19:00+00:00
657423,35-44,F,Auto,Mobile,Midwest,0,0.8075,2023-01-27 14:03:00+00:00
657424,55+,F,Health,Mobile,South,0,8.12,2023-02-21 15:07:00+00:00
657425,55+,F,Health,Tablet,South,0,12.0363,2023-03-31 05:04:00+00:00
657426,55+,F,Health,Mobile,South,1,4.185,2023-03-30 04:38:00+00:00
657427,18-24,M,Finance,Tablet,Northeast,0,14.5,2023-01-31 18:47:00+00:00
657428,45-54,F,Retail,Tablet,West,1,4.17,2023-02-06 00:30:00+00:00
657429,55+,M,Retail,Tablet,South,1,11.3763,2023-03-23 21:20:00+00:00
657430,25-34,F,Retail,Mobile,Southeast,0,11.22,2023-01-07 06:18:00+00:00
657431,45-54,M,Auto,Mobile,West,1,12.3287,2023-03-25 23:46:00+00:00
657432,25-34,M,Auto,Tablet,Southeast,0,11.3975,2023-04-29 22:25:00+00:00
657433,18-24,F,Housing,Mobile,Northeast,1,6.94,2023-04-03 08:38:00+00:00
657434,25-34,M,Health,Mobile,Southeast,0,7.85,2023-01-01 00:08:00+00:00
657435,45-54,F,Retail,Web,West,0,10.395,2023-05-17 04:19:00+00:00
657436,35-44,M,News,Mobile,Midwest,0,10.1,2023-01-11 22:52:00+00:00
657437,35-44,F,Auto,Mobile,Midwest,0,2.885,2023-01-09 20:09:00+00:00
657438,55+,M,News,Mobile,South,0,10.71,2023-05-29 16:55:00+00:00
657439,45-54,M,Housing,Web,West,0,14.08,2023-03-31 17:47:00+00:00
657440,55+,F,Housing,Mobile,South,1,5.46,2023-03-30 16:12:00+00:00
657441,25-34,M,Housing,Web,Southeast,0,3.545,2023-06-26 20:33:00+00:00
657442,35-44,F,Housing,Tablet,Midwest,0,7.02,2023-03-18 04:19:00+00:00
657443,35-44,M,News,Web,Midwest,0,1.105,2023-06-14 20:06:00+00:00
657444,45-54,F,Retail,Web,West,0,10.795,2023-02-26 20:59:00+00:00
657445,25-34,F,News,Tablet,Southeast,0,6.46,2023-05-29 04:04:00+00:00
657446,35-44,M,Finance,Mobile,Midwest,1,5.0137,2023-04-02 19:47:00+00:00
657447,45-54,M,Health,Web,West,0,4.8513,2023-01-02 01:08:00+00:00
657448,18-24,M,News,Tablet,Northeast,0,15.06,2023-02-08 14:48:00+00:00
657449,18-24,M,News,Web,Northeast,0,6.12,2023-06-06 00:22:00+00:00
657450,55+,F,Auto,Mobile,South,1,12.5838,2023-03-29 03:46:00+00:00
657451,25-34,F,Housing,Tablet,Northeast,1,13.24,2023-06-17 23:41:00+00:00
657452,35-44,M,Retail,Web,Midwest,0,7.31,2023-01-09 08:44:00+00:00
657453,55+,F,Housing,Mobile,South,0,4.0388,2023-05-12 23:44:00+00:00
657454,35-44,F,Auto,Mobile,Midwest,1,12.56,2023-05-14 01:19:00+00:00
657455,18-24,M,Retail,Mobile,Northeast,0,12.1687,2023-05-16 15:53:00+00:00
657456,35-44,M,Retail,Mobile,Midwest,0,7.1212,2023-03-19 17:28:00+00:00
657457,35-44,M,Finance,Mobile,Midwest,0,14.88,2023-01-10 21:27:00+00:00
657458,35-44,F,Housing,Mobile,Midwest,0,5.17,2023-04-27 08:42:00+00:00
657459,18-24,F,Health,Web,Northeast,0,5.82,2023-03-18 16:28:00+00:00
657460,55+,M,Retail,Tablet,South,0,8.26,2023-04-09 02:39:00+00:00
657461,55+,M,Retail,Mobile,South,0,7.395,2023-04-07 12:05:00+00:00
657462,35-44,F,Health,Tablet,Midwest,0,12.7163,2023-04-24 05:16:00+00:00
657463,35-44,F,Housing,Mobile,Midwest,0,6.2,2023-02-05 23:22:00+00:00
657464,55+,M,Retail,Mobile,South,0,12.0687,2023-06-25 07:33:00+00:00
657465,35-44,M,Retail,Tablet,Midwest,1,11.6738,2023-06-29 11:59:00+00:00
657466,45-54,F,Retail,Mobile,West,1,12.36,2023-05-24 23:54:00+00:00
657467,18-24,F,Auto,Mobile,Northeast,0,3.1637,2023-02-21 03:33:00+00:00
657468,55+,F,Auto,Mobile,South,1,12.8138,2023-06-01 19:04:00+00:00
657469,45-54,F,News,Mobile,West,0,14.9,2023-05-31 06:21:00+00:00
657470,45-54,F,Finance,Web,West,0,1.0137,2023-06-21 03:58:00+00:00
657471,55+,F,Health,Mobile,South,1,12.53,2023-01-05 16:43:00+00:00
657472,35-44,F,Health,Web,Midwest,0,8.48,2023-04-20 01:41:00+00:00
657473,45-54,M,Auto,Tablet,West,0,1.1963,2023-02-27 21:42:00+00:00
657474,55+,M,Retail,Web,South,0,4.2763,2023-04-12 05:14:00+00:00
657475,55+,M,Retail,Web,South,0,13.8,2023-04-06 11:22:00+00:00
657476,35-44,F,Auto,Tablet,Midwest,0,3.9263,2023-03-23 21:54:00+00:00
657477,55+,F,Housing,Web,South,0,1.2688,2023-05-16 15:36:00+00:00
657478,35-44,F,Housing,Web,Midwest,1,10.52,2023-05-12 11:10:00+00:00
657479,18-24,M,Finance,Mobile,Northeast,1,9.4125,2023-06-20 02:58:00+00:00
657480,25-34,F,Finance,Mobile,Southeast,0,11.9475,2023-01-19 06:45:00+00:00
657481,18-24,F,Housing,Mobile,Northeast,0,7.64,2023-05-28 03:55:00+00:00
657482,55+,F,Housing,Tablet,South,1,2.4275,2023-02-12 06:57:00+00:00
657483,18-24,M,Retail,Web,Northeast,0,5.615,2023-02-02 20:47:00+00:00
657484,55+,F,Housing,Tablet,South,1,10.26,2023-06-28 10:25:00+00:00
657485,35-44,M,Finance,Mobile,Midwest,0,5.48,2023-04-15 08:40:00+00:00
657486,55+,F,Health,Tablet,South,0,9.1538,2023-05-24 11:37:00+00:00
657487,45-54,M,Auto,Mobile,West,1,10.74,2023-05-23 22:54:00+00:00
657488,18-24,F,Health,Web,Northeast,0,7.2012,2023-01-02 01:17:00+00:00
657489,55+,F,Housing,Web,South,0,5.45,2023-01-01 00:42:00+00:00
657490,45-54,M,Health,Mobile,West,1,11.96,2023-04-14 07:06:00+00:00
657491,55+,F,Housing,Tablet,South,0,11.5325,2023-05-27 02:29:00+00:00
657492,18-24,F,Housing,Tablet,Northeast,0,2.6463,2023-04-08 13:31:00+00:00
657493,55+,F,Health,Tablet,South,0,14.22,2023-06-06 00:48:00+00:00
657494,35-44,M,News,Web,Midwest,1,9.8537,2023-02-13 19:49:00+00:00
657495,18-24,F,Auto,Web,Northeast,0,6.3662,2023-05-14 13:10:00+00:00
657496,55+,M,Finance,Mobile,South,0,5.52,2023-03-03 01:51:00+00:00
657497,18-24,M,Finance,Tablet,Northeast,1,9.9325,2023-03-28 02:38:00+00:00
657498,35-44,F,Housing,Web,Midwest,0,0.5962,2023-05-18 05:19:00+00:00
657499,35-44,M,News,Mobile,Midwest,0,14.68,2023-04-30 23:51:00+00:00
657500,25-34,F,News,Web,Southeast,0,8.0888,2023-06-01 07:30:00+00:00
657501,25-34,F,Housing,Web,Northeast,0,12.78,2023-05-25 12:46:00+00:00
657502,55+,M,News,Mobile,South,0,13.66,2023-01-29 04:21:00+00:00
657503,25-34,F,Finance,Tablet,Southeast,0,10.6725,2023-02-08 02:14:00+00:00
657504,18-24,F,Auto,Web,Northeast,0,8.2438,2023-02-05 11:05:00+00:00
657505,45-54,M,Health,Mobile,West,0,7.2,2023-02-15 21:57:00+00:00
657506,45-54,M,Health,Web,West,0,7.935,2023-03-30 04:29:00+00:00
657507,35-44,M,News,Tablet,Midwest,1,12.0512,2023-06-11 17:48:00+00:00
657508,18-24,F,Health,Tablet,Northeast,1,15.16,2023-05-04 03:43:00+00:00
657509,25-34,F,Retail,Mobile,Southeast,0,8.8413,2023-01-14 01:53:00+00:00
657510,25-34,M,Auto,Mobile,Southeast,0,2.0425,2023-01-15 02:02:00+00:00
657511,25-34,M,Health,Tablet,Southeast,0,11.4,2023-06-05 23:39:00+00:00
657512,18-24,F,Auto,Mobile,Northeast,1,2.775,2023-01-21 20:37:00+00:00
657513,18-24,F,Health,Mobile,Northeast,0,3.6938,2023-03-17 03:53:00+00:00
657514,35-44,F,Health,Tablet,Midwest,0,5.64,2023-05-28 03:38:00+00:00
657515,45-54,M,Auto,Web,West,0,5.1537,2023-01-24 11:20:00+00:00
657516,55+,F,Auto,Tablet,South,0,6.83,2023-04-15 08:57:00+00:00
657517,45-54,F,Retail,Mobile,West,0,15.32,2023-06-01 07:13:00+00:00
657518,35-44,F,Auto,Mobile,Midwest,1,6.3838,2023-03-29 03:55:00+00:00
657519,35-44,M,Retail,Mobile,Midwest,0,12.0962,2023-06-27 21:42:00+00:00
657520,35-44,F,Health,Tablet,Midwest,1,9.72,2023-04-22 15:50:00+00:00
657521,45-54,F,Finance,Mobile,West,0,6.3875,2023-04-21 14:32:00+00:00
657522,18-24,F,Auto,Tablet,Northeast,1,1.07,2023-05-17 16:19:00+00:00
657523,18-24,F,Health,Tablet,Northeast,0,10.1,2023-03-12 10:27:00+00:00
657524,35-44,F,Auto,Tablet,Midwest,1,11.335,2023-01-09 20:44:00+00:00
657525,25-34,F,News,Tablet,Southeast,0,5.7938,2023-03-17 03:19:00+00:00
657526,25-34,M,Health,Tablet,Southeast,0,10.32,2023-01-22 21:37:00+00:00
657527,45-54,M,Housing,Web,West,1,6.7213,2023-02-27 09:16:00+00:00
657528,25-34,M,Housing,Tablet,Southeast,0,5.7775,2023-03-04 14:43:00+00:00
657529,55+,F,Housing,Web,South,1,10.72,2023-03-23 09:54:00+00:00
657530,55+,M,News,Web,South,1,11.4113,2023-04-20 01:32:00+00:00
657531,25-34,M,Health,Mobile,Southeast,1,6.2225,2023-04-29 10:34:00+00:00
657532,18-24,F,Health,Mobile,Northeast,0,10.58,2023-01-15 02:36:00+00:00
657533,55+,F,Health,Web,South,0,3.9287,2023-06-13 07:06:00+00:00
657534,18-24,F,Housing,Tablet,Northeast,0,5.3362,2023-06-19 13:58:00+00:00
657535,25-34,M,Auto,Tablet,Southeast,0,8.26,2023-03-20 06:45:00+00:00
657536,45-54,F,Finance,Web,West,0,4.37,2023-02-06 00:48:00+00:00
657537,55+,F,Housing,Web,South,1,7.5312,2023-06-15 09:23:00+00:00
657538,45-54,M,Housing,Tablet,West,0,6.92,2023-02-21 15:33:00+00:00
657539,18-24,F,Health,Web,Northeast,0,8.05,2023-02-10 16:40:00+00:00
657540,18-24,M,Retail,Mobile,Northeast,0,11.935,2023-03-30 04:55:00+00:00
657541,18-24,F,Housing,Tablet,Northeast,0,9.76,2023-04-24 05:16:00+00:00
657542,18-24,F,Health,Tablet,Northeast,0,6.7562,2023-05-26 13:03:00+00:00
657543,25-34,F,Retail,Mobile,Southeast,1,3.3325,2023-04-17 10:40:00+00:00
657544,25-34,F,Finance,Mobile,Southeast,1,6.04,2023-01-28 15:21:00+00:00
657545,55+,M,News,Web,South,0,4.625,2023-03-22 20:11:00+00:00
657546,45-54,F,Retail,Mobile,West,0,12.6837,2023-05-08 19:43:00+00:00
657547,55+,M,Finance,Tablet,South,0,11.42,2023-06-06 12:48:00+00:00
657548,18-24,F,Auto,Web,Northeast,0,2.9962,2023-04-28 21:59:00+00:00
657549,25-34,F,Retail,Tablet,Southeast,0,12.7637,2023-06-01 19:30:00+00:00
657550,25-34,F,Retail,Tablet,Southeast,0,8.64,2023-04-08 13:56:00+00:00
657551,25-34,F,Housing,Web,Northeast,0,13.8,2023-05-16 15:53:00+00:00
657552,18-24,F,Auto,Web,Northeast,0,8.5938,2023-05-16 03:02:00+00:00
657553,25-34,M,Housing,Web,Southeast,1,7.6,2023-01-06 05:09:00+00:00
657554,55+,F,Auto,Web,South,1,12.7,2023-06-10 16:31:00+00:00
657555,25-34,F,News,Web,Southeast,1,5.255,2023-01-25 12:46:00+00:00
657556,25-34,F,News,Web,Southeast,0,8.28,2023-06-09 03:39:00+00:00
657557,35-44,M,Finance,Mobile,Midwest,1,7.35,2023-03-22 08:20:00+00:00
657558,35-44,M,News,Mobile,Midwest,0,7.305,2023-02-14 20:49:00+00:00
657559,35-44,M,Finance,Tablet,Midwest,1,7.64,2023-05-08 19:09:00+00:00
657560,45-54,M,Auto,Tablet,West,1,3.4087,2023-01-28 15:46:00+00:00
657561,35-44,F,Housing,Mobile,Midwest,0,4.7462,2023-03-19 05:11:00+00:00
657562,35-44,M,Finance,Tablet,Midwest,0,12.6,2023-05-16 15:19:00+00:00
657563,35-44,M,Finance,Tablet,Midwest,1,12.7975,2023-06-28 22:16:00+00:00
657564,25-34,F,Finance,Web,Southeast,1,5.2012,2023-03-03 01:34:00+00:00
657565,25-34,M,Housing,Mobile,Southeast,0,9.3,2023-01-11 10:27:00+00:00
657566,55+,F,Auto,Tablet,South,1,5.8375,2023-04-01 06:12:00+00:00
657567,35-44,F,Housing,Mobile,Midwest,1,7.79,2023-02-22 16:07:00+00:00
657568,35-44,F,Auto,Mobile,Midwest,1,15.46,2023-05-19 18:54:00+00:00
657569,35-44,M,Retail,Web,Midwest,0,5.3975,2023-03-20 06:19:00+00:00
657570,55+,F,Housing,Mobile,South,0,4.7225,2023-05-19 18:54:00+00:00
657571,25-34,M,Housing,Tablet,Southeast,1,11.24,2023-04-18 11:49:00+00:00
657572,25-34,F,News,Tablet,Southeast,0,8.0412,2023-02-23 17:24:00+00:00
657573,18-24,F,Health,Tablet,Northeast,1,3.2837,2023-01-08 19:01:00+00:00
657574,55+,M,Finance,Mobile,South,1,12.2,2023-02-25 19:42:00+00:00
657575,35-44,F,Housing,Tablet,Midwest,0,1.855,2023-03-06 04:17:00+00:00
657576,25-34,M,Health,Mobile,Southeast,0,12.795,2023-06-26 20:50:00+00:00
657577,35-44,F,Health,Tablet,Midwest,0,9.96,2023-04-14 07:06:00+00:00
657578,18-24,M,News,Mobile,Northeast,0,2.4787,2023-03-25 23:54:00+00:00
657579,45-54,M,Health,Tablet,West,0,9.695,2023-01-17 04:28:00+00:00
657580,35-44,F,Housing,Mobile,Midwest,0,7.2,2023-02-15 09:49:00+00:00
657581,55+,F,Housing,Mobile,South,1,2.3738,2023-05-20 19:02:00+00:00
657582,45-54,F,Finance,Web,West,0,10.5075,2023-01-27 14:03:00+00:00
657583,35-44,M,News,Web,Midwest,0,6.28,2023-05-20 07:54:00+00:00
657584,45-54,F,Retail,Mobile,West,1,7.7613,2023-05-30 17:21:00+00:00
657585,25-34,F,News,Tablet,Southeast,0,9.3475,2023-01-19 06:02:00+00:00
657586,35-44,F,Auto,Web,Midwest,0,8.02,2023-06-16 22:49:00+00:00
657587,25-34,M,Health,Tablet,Southeast,1,1.5975,2023-06-28 22:16:00+00:00
657588,25-34,F,Finance,Web,Southeast,0,10.805,2023-03-26 12:37:00+00:00
657589,18-24,M,News,Mobile,Northeast,0,14.32,2023-05-02 01:34:00+00:00
657590,18-24,M,Finance,Mobile,Northeast,0,5.1225,2023-04-09 02:48:00+00:00
657591,55+,F,Health,Tablet,South,0,3.9162,2023-06-23 05:24:00+00:00
657592,18-24,F,Housing,Mobile,Northeast,1,8.84,2023-05-08 19:01:00+00:00
657593,25-34,F,Finance,Tablet,Southeast,0,3.1713,2023-01-18 17:11:00+00:00
657594,35-44,M,News,Tablet,Midwest,0,8.945,2023-03-18 04:28:00+00:00
657595,25-34,M,Auto,Mobile,Southeast,1,10.12,2023-06-21 15:24:00+00:00
657596,55+,M,News,Mobile,South,1,1.5925,2023-06-24 18:16:00+00:00
657597,35-44,M,Retail,Mobile,Midwest,0,6.5738,2023-04-30 11:42:00+00:00
657598,25-34,M,Housing,Tablet,Southeast,0,9.78,2023-06-24 06:59:00+00:00
657599,35-44,M,News,Tablet,Midwest,1,8.365,2023-05-13 12:36:00+00:00
657600,35-44,F,Auto,Web,Midwest,0,11.5425,2023-02-04 10:22:00+00:00
657601,25-34,F,Housing,Web,Northeast,0,10.1,2023-02-20 14:24:00+00:00
657602,45-54,F,News,Web,West,0,0.7963,2023-06-07 13:05:00+00:00
657603,18-24,M,Finance,Mobile,Northeast,0,7.8575,2023-03-28 14:55:00+00:00
657604,25-34,M,Health,Tablet,Southeast,0,6.68,2023-03-21 19:11:00+00:00
657605,18-24,F,Auto,Web,Northeast,0,7.915,2023-04-03 20:04:00+00:00
657606,25-34,F,News,Mobile,Southeast,0,2.4125,2023-03-12 10:18:00+00:00
657607,35-44,F,Health,Web,Midwest,0,12.04,2023-05-08 19:35:00+00:00
657608,25-34,F,Retail,Mobile,Southeast,0,4.6513,2023-01-22 09:45:00+00:00
657609,35-44,F,Health,Web,Midwest,0,12.0288,2023-04-14 07:57:00+00:00
657610,18-24,M,Finance,Web,Northeast,0,12.18,2023-02-24 18:42:00+00:00
657611,55+,M,Finance,Mobile,South,0,12.2363,2023-01-30 05:55:00+00:00
657612,18-24,M,News,Mobile,Northeast,0,4.4875,2023-01-11 22:27:00+00:00
657613,55+,M,Finance,Web,South,0,6.06,2023-03-10 20:35:00+00:00
657614,45-54,M,Health,Mobile,West,0,10.3575,2023-03-08 06:43:00+00:00
657615,35-44,F,Housing,Tablet,Midwest,0,9.2675,2023-06-24 06:42:00+00:00
657616,35-44,M,Retail,Web,Midwest,0,6.08,2023-05-30 05:47:00+00:00
657617,25-34,F,News,Tablet,Southeast,0,8.8812,2023-02-15 09:40:00+00:00
657618,35-44,F,Auto,Tablet,Midwest,0,3.2012,2023-03-23 09:45:00+00:00
657619,18-24,F,Auto,Web,Northeast,1,11.0,2023-02-05 23:47:00+00:00
657620,25-34,F,Retail,Tablet,Southeast,1,5.7213,2023-02-27 09:33:00+00:00
657621,45-54,M,Housing,Tablet,West,0,9.845,2023-04-27 20:50:00+00:00
657622,25-34,F,News,Web,Southeast,0,7.94,2023-05-03 02:08:00+00:00
657623,45-54,F,Retail,Web,West,0,4.7888,2023-06-21 15:33:00+00:00
657624,25-34,M,Housing,Mobile,Southeast,0,1.94,2023-04-03 08:30:00+00:00
657625,18-24,M,Retail,Mobile,Northeast,1,10.88,2023-03-11 09:52:00+00:00
657626,35-44,M,Finance,Mobile,Midwest,0,7.735,2023-03-30 04:46:00+00:00
657627,35-44,M,Retail,Mobile,Midwest,1,8.2937,2023-03-17 03:53:00+00:00
657628,18-24,F,Health,Tablet,Northeast,0,8.56,2023-02-23 05:16:00+00:00
657629,35-44,F,Housing,Tablet,Midwest,0,4.8262,2023-01-02 13:17:00+00:00
657630,45-54,F,Finance,Mobile,West,1,2.965,2023-05-13 12:27:00+00:00
657631,45-54,F,News,Tablet,West,0,9.56,2023-01-04 03:43:00+00:00
657632,35-44,F,Housing,Tablet,Midwest,0,7.5088,2023-06-17 23:49:00+00:00
657633,25-34,F,Retail,Web,Southeast,0,0.5837,2023-03-09 19:18:00+00:00
657634,55+,M,Finance,Tablet,South,0,13.44,2023-04-28 09:33:00+00:00
657635,25-34,M,Housing,Mobile,Southeast,0,6.3312,2023-02-15 09:40:00+00:00
657636,35-44,M,Finance,Web,Midwest,1,1.9312,2023-05-06 17:52:00+00:00
657637,45-54,F,Retail,Mobile,West,1,6.8,2023-06-15 21:57:00+00:00
657638,55+,F,Housing,Tablet,South,1,10.1762,2023-04-12 05:31:00+00:00
657639,35-44,M,News,Mobile,Midwest,0,8.2338,2023-04-18 11:23:00+00:00
657640,25-34,M,Health,Web,Southeast,0,9.08,2023-06-09 03:39:00+00:00
657641,18-24,M,News,Web,Northeast,1,4.5637,2023-05-12 11:18:00+00:00
657642,25-34,F,Finance,Tablet,Southeast,1,12.755,2023-05-25 12:37:00+00:00
657643,35-44,F,Health,Mobile,Midwest,0,11.08,2023-01-20 19:28:00+00:00
657644,25-34,F,Retail,Web,Southeast,0,0.97,2023-03-18 16:02:00+00:00
657645,35-44,F,Health,Mobile,Midwest,0,8.3225,2023-04-29 10:34:00+00:00
657646,35-44,M,Retail,Mobile,Midwest,1,5.58,2023-06-14 20:14:00+00:00
657647,18-24,M,Retail,Tablet,Northeast,0,3.5425,2023-03-16 02:19:00+00:00
657648,55+,F,Auto,Mobile,South,0,6.5,2023-03-22 08:20:00+00:00
657649,55+,M,Retail,Web,South,0,10.58,2023-05-15 14:53:00+00:00
657650,55+,F,Housing,Tablet,South,1,10.7662,2023-02-03 21:04:00+00:00
657651,25-34,F,Housing,Web,Northeast,1,12.1,2023-01-31 06:38:00+00:00
657652,35-44,F,Health,Mobile,Midwest,1,12.32,2023-05-22 21:37:00+00:00
657653,35-44,M,Retail,Web,Midwest,0,6.6588,2023-04-18 23:15:00+00:00
657654,45-54,F,Finance,Web,West,0,8.8775,2023-04-13 06:06:00+00:00
657655,55+,M,News,Tablet,South,1,11.86,2023-04-09 02:48:00+00:00
657656,35-44,M,News,Web,Midwest,0,9.8438,2023-04-06 11:47:00+00:00
657657,25-34,M,Auto,Mobile,Southeast,1,3.2825,2023-05-27 02:29:00+00:00
657658,55+,F,Auto,Tablet,South,0,9.94,2023-03-24 10:37:00+00:00
657659,25-34,M,Housing,Mobile,Southeast,0,12.4975,2023-02-08 14:31:00+00:00
657660,25-34,M,Auto,Web,Southeast,0,7.5613,2023-01-10 09:35:00+00:00
657661,45-54,F,News,Web,West,0,10.22,2023-02-06 00:22:00+00:00
657662,35-44,M,Retail,Web,Midwest,0,9.7088,2023-05-28 15:46:00+00:00
657663,45-54,M,Housing,Web,West,0,1.1575,2023-03-08 06:35:00+00:00
657664,18-24,M,Finance,Tablet,Northeast,0,14.58,2023-02-24 06:16:00+00:00
657665,55+,M,Retail,Web,South,0,3.335,2023-03-10 20:18:00+00:00
657666,18-24,M,Finance,Mobile,Northeast,0,12.3537,2023-03-05 03:51:00+00:00
657667,25-34,F,News,Web,Southeast,1,6.78,2023-06-14 20:40:00+00:00
657668,35-44,M,Finance,Mobile,Midwest,0,6.995,2023-06-06 12:48:00+00:00
657669,55+,M,News,Tablet,South,0,5.9275,2023-06-12 06:57:00+00:00
657670,25-34,F,Retail,Tablet,Southeast,1,13.92,2023-01-02 01:25:00+00:00
657671,25-34,F,Finance,Tablet,Southeast,0,2.865,2023-04-23 04:50:00+00:00
657672,55+,F,Auto,Mobile,South,0,12.685,2023-04-19 12:58:00+00:00
657673,35-44,F,Housing,Mobile,Midwest,1,9.66,2023-06-18 00:24:00+00:00
657674,45-54,M,Health,Mobile,West,0,8.4988,2023-03-21 07:37:00+00:00
657675,55+,M,Finance,Mobile,South,0,3.3275,2023-02-12 06:06:00+00:00
657676,55+,M,Finance,Tablet,South,0,11.64,2023-05-08 19:43:00+00:00
657677,55+,M,Retail,Web,South,0,8.11,2023-03-30 16:46:00+00:00
657678,45-54,M,Housing,Web,West,0,4.6125,2023-02-20 02:15:00+00:00
657679,35-44,M,News,Mobile,Midwest,0,6.42,2023-05-27 14:46:00+00:00
657680,55+,M,News,Web,South,0,5.925,2023-04-11 04:48:00+00:00
657681,35-44,F,Housing,Tablet,Midwest,1,4.3325,2023-03-08 18:00:00+00:00
657682,35-44,F,Health,Web,Midwest,0,9.12,2023-01-22 09:54:00+00:00
657683,35-44,M,News,Mobile,Midwest,0,5.9988,2023-03-21 07:45:00+00:00
657684,35-44,F,Housing,Web,Midwest,0,5.4375,2023-03-12 22:10:00+00:00
657685,18-24,F,Housing,Mobile,Northeast,0,8.46,2023-02-18 00:15:00+00:00
657686,35-44,F,Auto,Tablet,Midwest,0,11.6425,2023-02-04 10:47:00+00:00
657687,35-44,F,Auto,Mobile,Midwest,0,7.2088,2023-06-17 23:15:00+00:00
657688,55+,M,Finance,Mobile,South,0,11.48,2023-03-21 07:28:00+00:00
657689,35-44,M,News,Tablet,Midwest,0,11.7225,2023-01-19 18:54:00+00:00
657690,55+,M,Finance,Tablet,South,0,5.395,2023-02-26 20:08:00+00:00
657691,45-54,F,Finance,Tablet,West,0,12.6,2023-02-05 23:30:00+00:00
657692,45-54,F,Retail,Web,West,1,9.8675,2023-06-04 22:56:00+00:00
657693,55+,F,Auto,Web,South,0,7.95,2023-01-21 08:11:00+00:00
657694,18-24,F,Auto,Web,Northeast,0,15.04,2023-04-08 01:39:00+00:00
657695,18-24,M,Finance,Web,Northeast,1,7.3037,2023-05-04 03:17:00+00:00
657696,55+,F,Health,Mobile,South,0,10.605,2023-04-15 20:14:00+00:00
657697,45-54,M,Health,Mobile,West,0,14.14,2023-04-23 04:07:00+00:00
657698,45-54,M,Auto,Mobile,West,0,4.6925,2023-02-04 10:39:00+00:00
657699,25-34,M,Auto,Tablet,Southeast,1,11.0125,2023-05-11 10:52:00+00:00
657700,45-54,F,News,Mobile,West,0,7.52,2023-01-02 13:17:00+00:00
657701,25-34,F,Housing,Web,Northeast,0,13.44,2023-04-08 13:39:00+00:00
657702,55+,M,Retail,Mobile,South,1,6.3925,2023-02-24 18:07:00+00:00
657703,35-44,M,News,Tablet,Midwest,0,11.26,2023-05-29 04:29:00+00:00
657704,45-54,M,Health,Tablet,West,0,7.84,2023-02-02 08:38:00+00:00
657705,35-44,M,Finance,Tablet,Midwest,0,4.9713,2023-05-18 17:28:00+00:00
657706,18-24,F,Housing,Mobile,Northeast,0,14.2,2023-03-17 15:36:00+00:00
657707,35-44,F,Housing,Tablet,Midwest,0,2.1712,2023-02-07 01:48:00+00:00
657708,18-24,F,Health,Mobile,Northeast,0,6.72,2023-04-07 00:22:00+00:00
657709,45-54,M,Housing,Mobile,West,1,11.9,2023-01-01 00:25:00+00:00
657710,45-54,F,News,Mobile,West,0,6.4013,2023-02-11 17:23:00+00:00
657711,18-24,M,Retail,Web,Northeast,1,5.2675,2023-04-25 06:24:00+00:00
657712,25-34,M,Housing,Web,Southeast,0,14.66,2023-03-20 18:11:00+00:00
657713,25-34,M,Housing,Web,Southeast,1,3.38,2023-06-14 08:57:00+00:00
657714,18-24,M,Finance,Tablet,Northeast,0,2.7938,2023-03-17 03:27:00+00:00
657715,35-44,F,Housing,Mobile,Midwest,1,8.9,2023-05-11 22:35:00+00:00
657716,55+,M,News,Tablet,South,1,10.9238,2023-04-30 11:59:00+00:00
657717,35-44,M,Retail,Mobile,Midwest,1,8.5575,2023-05-07 06:18:00+00:00
657718,25-34,M,Housing,Web,Southeast,0,8.92,2023-02-01 19:21:00+00:00
657719,45-54,M,Health,Web,West,1,3.9362,2023-01-10 21:44:00+00:00
657720,18-24,M,Finance,Tablet,Northeast,0,7.6775,2023-01-03 14:00:00+00:00
657721,35-44,M,News,Web,Midwest,1,13.88,2023-05-20 19:02:00+00:00
657722,18-24,M,Finance,Mobile,Northeast,1,11.4812,2023-01-26 01:20:00+00:00
657723,18-24,M,Finance,Web,Northeast,0,7.8963,2023-06-07 13:05:00+00:00
657724,18-24,F,Housing,Mobile,Northeast,1,9.34,2023-06-22 04:16:00+00:00
657725,18-24,M,Retail,Web,Northeast,1,9.3025,2023-05-23 10:46:00+00:00
657726,55+,M,News,Tablet,South,0,4.6338,2023-03-09 19:52:00+00:00
657727,25-34,F,News,Tablet,Southeast,0,10.56,2023-02-03 09:21:00+00:00
657728,35-44,M,News,Mobile,Midwest,1,6.195,2023-02-26 20:33:00+00:00
657729,35-44,F,Auto,Mobile,Midwest,1,11.7975,2023-02-28 22:59:00+00:00
657730,55+,M,News,Tablet,South,1,8.18,2023-05-15 14:44:00+00:00
657731,25-34,M,Auto,Tablet,Southeast,1,10.6425,2023-02-24 18:07:00+00:00
657732,18-24,F,Health,Web,Northeast,1,6.1363,2023-05-10 21:44:00+00:00
657733,18-24,M,Finance,Tablet,Northeast,0,5.66,2023-01-09 20:44:00+00:00
657734,55+,F,Auto,Mobile,South,0,7.92,2023-01-17 16:28:00+00:00
657735,35-44,M,News,Web,Midwest,1,1.0437,2023-04-26 19:07:00+00:00
657736,25-34,F,News,Tablet,Southeast,0,11.04,2023-02-07 13:39:00+00:00
657737,18-24,F,Health,Web,Northeast,0,4.3725,2023-03-20 18:02:00+00:00
657738,45-54,F,Retail,Mobile,West,0,1.4238,2023-01-20 19:28:00+00:00
657739,35-44,F,Housing,Web,Midwest,1,8.66,2023-06-08 14:56:00+00:00
657740,25-34,F,News,Tablet,Southeast,0,10.5875,2023-04-01 06:21:00+00:00
657741,55+,M,Retail,Mobile,South,1,9.3625,2023-04-21 02:07:00+00:00
657742,18-24,F,Health,Mobile,Northeast,0,13.5,2023-03-02 00:42:00+00:00
657743,45-54,M,Health,Mobile,West,0,10.4187,2023-06-05 23:05:00+00:00
657744,35-44,F,Health,Web,Midwest,0,9.4238,2023-05-20 19:37:00+00:00
657745,18-24,F,Health,Web,Northeast,1,13.04,2023-02-07 01:56:00+00:00
657746,18-24,F,Auto,Tablet,Northeast,1,5.8587,2023-03-09 07:01:00+00:00
657747,35-44,F,Housing,Tablet,Midwest,0,11.0437,2023-06-25 19:25:00+00:00
657748,18-24,M,Finance,Web,Northeast,1,14.74,2023-05-03 02:00:00+00:00
657749,35-44,M,News,Mobile,Midwest,0,2.235,2023-06-18 12:32:00+00:00
657750,18-24,F,Auto,Mobile,Northeast,0,8.7863,2023-06-19 13:58:00+00:00
657751,25-34,F,Housing,Mobile,Northeast,0,12.4,2023-04-16 21:57:00+00:00
657752,18-24,M,Finance,Mobile,Northeast,0,7.0163,2023-06-03 21:39:00+00:00
657753,25-34,M,Health,Tablet,Southeast,0,5.2812,2023-01-06 17:00:00+00:00
657754,35-44,F,Auto,Tablet,Midwest,0,13.52,2023-01-02 01:08:00+00:00
657755,18-24,F,Housing,Mobile,Northeast,0,4.3513,2023-04-12 17:14:00+00:00
657756,25-34,M,Health,Tablet,Southeast,0,9.835,2023-05-29 04:38:00+00:00
657757,55+,F,Health,Web,South,0,9.56,2023-03-25 23:46:00+00:00
657758,45-54,M,Auto,Web,West,1,2.9087,2023-03-29 15:21:00+00:00
657759,18-24,F,Auto,Tablet,Northeast,1,0.5463,2023-04-28 21:25:00+00:00
657760,18-24,F,Health,Web,Northeast,0,11.74,2023-02-02 08:47:00+00:00
657761,18-24,F,Auto,Web,Northeast,1,8.8625,2023-05-31 18:21:00+00:00
657762,18-24,F,Housing,Mobile,Northeast,0,8.1588,2023-02-17 23:23:00+00:00
657763,45-54,M,Housing,Mobile,West,0,10.0,2023-02-15 21:23:00+00:00
657764,55+,F,Health,Web,South,1,1.6712,2023-02-27 09:33:00+00:00
657765,25-34,M,Auto,Mobile,Southeast,0,10.6113,2023-05-10 09:09:00+00:00
657766,35-44,M,News,Tablet,Midwest,1,12.04,2023-01-08 07:09:00+00:00
657767,25-34,M,Housing,Tablet,Southeast,0,5.88,2023-01-25 00:03:00+00:00
657768,18-24,M,Retail,Mobile,Northeast,0,3.1425,2023-04-25 18:42:00+00:00
657769,35-44,F,Housing,Tablet,Midwest,1,13.04,2023-06-27 09:51:00+00:00
657770,25-34,F,Retail,Tablet,Southeast,1,12.0913,2023-06-23 17:16:00+00:00
657771,35-44,M,Retail,Mobile,Midwest,1,3.775,2023-03-22 20:20:00+00:00
657772,25-34,F,Retail,Mobile,Southeast,1,11.18,2023-06-14 20:49:00+00:00
657773,55+,M,Finance,Tablet,South,0,1.45,2023-05-21 08:45:00+00:00
657774,25-34,F,News,Tablet,Southeast,0,3.9013,2023-05-02 01:08:00+00:00
657775,18-24,M,Retail,Web,Northeast,0,9.24,2023-05-08 07:35:00+00:00
657776,45-54,F,Retail,Mobile,West,0,3.8225,2023-04-09 02:39:00+00:00
657777,55+,F,Auto,Mobile,South,0,6.6325,2023-03-28 02:46:00+00:00
657778,25-34,F,Retail,Mobile,Southeast,1,14.98,2023-05-15 02:10:00+00:00
657779,55+,F,Housing,Web,South,0,9.4563,2023-01-26 13:46:00+00:00
657780,45-54,M,Auto,Mobile,West,0,9.8775,2023-05-03 14:26:00+00:00
657781,25-34,M,Housing,Mobile,Southeast,0,11.16,2023-02-13 07:31:00+00:00
657782,25-34,F,News,Web,Southeast,0,8.07,2023-04-27 08:59:00+00:00
657783,45-54,M,Health,Tablet,West,1,9.66,2023-04-19 00:15:00+00:00
657784,45-54,M,Health,Mobile,West,0,13.78,2023-02-04 22:56:00+00:00
657785,25-34,F,News,Tablet,Southeast,0,10.2325,2023-04-17 10:49:00+00:00
657786,18-24,F,Auto,Web,Northeast,1,9.7063,2023-05-26 13:37:00+00:00
657787,18-24,F,Health,Web,Northeast,1,7.12,2023-05-02 01:51:00+00:00
657788,35-44,F,Health,Web,Midwest,0,3.3125,2023-02-20 02:32:00+00:00
657789,18-24,M,News,Mobile,Northeast,0,3.1088,2023-05-08 07:01:00+00:00
657790,18-24,M,Finance,Web,Northeast,1,12.26,2023-02-08 14:05:00+00:00
657791,35-44,F,Housing,Mobile,Midwest,0,3.1212,2023-06-07 01:56:00+00:00
657792,45-54,F,Finance,Tablet,West,0,9.5162,2023-01-14 13:19:00+00:00
657793,35-44,F,Health,Web,Midwest,0,6.36,2023-01-24 11:37:00+00:00
657794,25-34,M,Housing,Tablet,Southeast,0,3.83,2023-03-06 16:00:00+00:00
657795,25-34,M,Housing,Web,Southeast,0,9.6788,2023-06-13 07:14:00+00:00
657796,25-34,F,Retail,Mobile,Southeast,0,8.84,2023-01-08 19:26:00+00:00
657797,25-34,F,Retail,Tablet,Southeast,0,9.0687,2023-06-25 07:59:00+00:00
657798,25-34,M,Health,Tablet,Southeast,0,5.0637,2023-03-13 11:27:00+00:00
657799,18-24,M,Retail,Web,Northeast,0,11.58,2023-03-06 16:09:00+00:00
657800,18-24,F,Health,Web,Northeast,0,2.2212,2023-06-27 09:16:00+00:00
657801,25-34,F,Housing,Web,Northeast,1,6.02,2023-03-08 18:18:00+00:00
657802,55+,F,Housing,Mobile,South,1,15.28,2023-05-10 21:27:00+00:00
657803,18-24,M,Finance,Mobile,Northeast,0,8.6675,2023-02-24 06:16:00+00:00
657804,55+,M,News,Mobile,South,0,7.8487,2023-04-30 23:34:00+00:00
657805,35-44,F,Health,Web,Midwest,0,14.66,2023-06-28 10:08:00+00:00
657806,55+,F,Housing,Tablet,South,1,7.7125,2023-01-11 10:27:00+00:00
657807,45-54,M,Health,Web,West,0,12.9288,2023-01-24 23:29:00+00:00
657808,45-54,M,Housing,Tablet,West,0,11.54,2023-01-03 14:34:00+00:00
657809,25-34,F,Retail,Mobile,Southeast,0,6.0287,2023-06-13 07:57:00+00:00
657810,55+,F,Auto,Tablet,South,0,8.3125,2023-03-12 10:44:00+00:00
657811,45-54,F,Retail,Web,West,1,14.38,2023-02-14 08:32:00+00:00
657812,55+,M,News,Web,South,0,9.2037,2023-06-13 19:57:00+00:00
657813,55+,M,News,Web,South,0,7.6375,2023-06-20 14:32:00+00:00
657814,25-34,F,News,Mobile,Southeast,0,14.82,2023-01-07 06:26:00+00:00
657815,45-54,F,Retail,Tablet,West,0,8.4537,2023-05-04 03:09:00+00:00
657816,35-44,F,Auto,Tablet,Midwest,1,11.8525,2023-05-23 10:46:00+00:00
657817,55+,M,News,Tablet,South,0,14.76,2023-03-05 03:26:00+00:00
657818,18-24,F,Health,Mobile,Northeast,1,0.9313,2023-05-06 17:00:00+00:00
657819,25-34,M,Auto,Mobile,Southeast,1,9.6975,2023-04-29 22:42:00+00:00
657820,35-44,M,News,Tablet,Midwest,0,14.86,2023-05-09 08:09:00+00:00
657821,35-44,M,Finance,Web,Midwest,1,2.075,2023-05-01 12:08:00+00:00
657822,55+,F,Auto,Mobile,South,0,11.835,2023-01-29 04:29:00+00:00
657823,18-24,F,Health,Web,Northeast,0,12.86,2023-03-30 16:29:00+00:00
657824,55+,M,Retail,Tablet,South,0,1.5513,2023-05-22 09:20:00+00:00
657825,25-34,M,Auto,Tablet,Southeast,0,0.7238,2023-03-01 11:17:00+00:00
657826,25-34,F,News,Tablet,Southeast,1,12.36,2023-01-04 15:17:00+00:00
657827,55+,M,News,Web,South,0,3.85,2023-05-01 00:42:00+00:00
657828,35-44,M,News,Tablet,Midwest,0,1.4375,2023-04-21 14:32:00+00:00
657829,25-34,F,Finance,Web,Southeast,0,10.52,2023-02-01 19:30:00+00:00
657830,55+,M,News,Mobile,South,0,5.6013,2023-01-22 09:03:00+00:00
657831,18-24,F,Health,Web,Northeast,0,10.545,2023-06-26 20:42:00+00:00
657832,35-44,F,Auto,Web,Midwest,1,11.08,2023-02-09 15:22:00+00:00
657833,55+,F,Housing,Web,South,0,2.7188,2023-02-25 07:07:00+00:00
657834,25-34,M,Health,Web,Southeast,0,10.4875,2023-05-31 06:38:00+00:00
657835,25-34,M,Housing,Mobile,Southeast,0,11.76,2023-02-03 21:04:00+00:00
657836,25-34,M,Housing,Tablet,Southeast,1,11.6025,2023-04-13 18:40:00+00:00
657837,25-34,M,Auto,Mobile,Southeast,0,2.0275,2023-01-23 22:03:00+00:00
657838,55+,F,Housing,Tablet,South,0,12.54,2023-01-13 12:44:00+00:00
657839,35-44,M,Finance,Web,Midwest,0,9.4012,2023-01-22 09:54:00+00:00
657840,25-34,F,News,Web,Southeast,0,7.605,2023-03-06 04:43:00+00:00
657841,45-54,F,News,Mobile,West,0,5.64,2023-05-28 03:46:00+00:00
657842,45-54,M,Housing,Mobile,West,1,1.2125,2023-06-20 02:32:00+00:00
657843,18-24,M,Finance,Web,Northeast,0,2.78,2023-03-06 16:43:00+00:00
657844,35-44,M,News,Web,Midwest,0,11.42,2023-05-17 16:45:00+00:00
657845,55+,F,Housing,Web,South,0,12.2438,2023-02-25 19:59:00+00:00
657846,55+,F,Auto,Mobile,South,0,10.1125,2023-01-31 18:12:00+00:00
657847,55+,F,Housing,Mobile,South,1,9.16,2023-01-24 11:03:00+00:00
657848,35-44,M,Finance,Tablet,Midwest,0,2.19,2023-02-02 08:21:00+00:00
657849,55+,F,Auto,Web,South,0,5.84,2023-06-02 08:30:00+00:00
657850,18-24,M,Finance,Web,Northeast,0,13.6,2023-02-15 09:15:00+00:00
657851,25-34,F,Housing,Tablet,Northeast,1,5.82,2023-03-18 16:19:00+00:00
657852,55+,F,Auto,Mobile,South,1,6.9912,2023-06-03 09:39:00+00:00
657853,18-24,M,News,Web,Northeast,0,6.24,2023-02-27 09:51:00+00:00
657854,55+,F,Housing,Web,South,0,9.9275,2023-03-04 14:08:00+00:00
657855,35-44,F,Health,Tablet,Midwest,0,12.8663,2023-03-15 13:36:00+00:00
657856,18-24,M,Finance,Mobile,Northeast,1,14.06,2023-01-09 08:52:00+00:00
657857,18-24,M,News,Tablet,Northeast,0,2.3813,2023-03-07 17:43:00+00:00
657858,25-34,M,Auto,Mobile,Southeast,0,7.0287,2023-01-04 15:51:00+00:00
657859,25-34,M,Auto,Web,Southeast,0,8.02,2023-06-16 10:32:00+00:00
657860,35-44,M,Finance,Mobile,Midwest,0,11.6587,2023-02-17 23:23:00+00:00
657861,55+,M,News,Web,South,1,4.1825,2023-05-27 02:12:00+00:00
657862,45-54,M,Housing,Web,West,0,5.5,2023-04-11 16:22:00+00:00
657863,45-54,F,Finance,Mobile,West,0,12.61,2023-02-18 00:32:00+00:00
657864,25-34,M,Health,Mobile,Southeast,0,12.0962,2023-03-19 05:19:00+00:00
657865,35-44,F,Auto,Web,Midwest,0,6.92,2023-02-21 03:15:00+00:00
657866,35-44,F,Health,Mobile,Midwest,0,10.2363,2023-04-20 13:58:00+00:00
657867,25-34,F,Finance,Web,Southeast,1,6.2925,2023-05-15 02:44:00+00:00
657868,55+,M,Finance,Tablet,South,1,11.5,2023-02-10 04:05:00+00:00
657869,18-24,F,Health,Tablet,Northeast,0,6.1988,2023-03-21 07:11:00+00:00
657870,18-24,M,News,Web,Northeast,0,9.91,2023-02-18 00:06:00+00:00
657871,55+,M,News,Web,South,0,11.24,2023-03-09 19:43:00+00:00
657872,55+,M,Finance,Web,South,0,6.9112,2023-05-30 17:38:00+00:00
657873,55+,F,Health,Tablet,South,0,4.6625,2023-04-01 18:12:00+00:00
657874,18-24,M,Retail,Tablet,Northeast,0,7.0,2023-06-25 07:16:00+00:00
657875,55+,F,Housing,Mobile,South,0,7.4413,2023-03-15 01:44:00+00:00
657876,45-54,M,Health,Web,West,1,5.8025,2023-04-13 18:14:00+00:00
657877,55+,F,Health,Tablet,South,1,8.28,2023-03-01 23:08:00+00:00
657878,45-54,F,Finance,Web,West,1,7.5113,2023-06-19 01:41:00+00:00
657879,35-44,F,Health,Web,Midwest,1,3.59,2023-04-03 08:30:00+00:00
657880,25-34,M,Housing,Tablet,Southeast,0,10.3,2023-05-01 00:00:00+00:00
657881,18-24,M,Retail,Mobile,Northeast,0,0.6162,2023-03-15 13:44:00+00:00
657882,35-44,F,Health,Web,Midwest,0,4.1975,2023-03-20 06:02:00+00:00
657883,25-34,M,Health,Web,Southeast,0,14.52,2023-02-01 19:21:00+00:00
657884,55+,F,Auto,Mobile,South,0,2.4,2023-02-10 16:31:00+00:00
657885,35-44,F,Auto,Web,Midwest,0,10.8462,2023-04-08 13:31:00+00:00
657886,55+,M,Retail,Tablet,South,1,13.82,2023-06-06 00:13:00+00:00
657887,25-34,F,Finance,Web,Southeast,0,11.2725,2023-02-28 10:16:00+00:00
657888,45-54,F,Finance,Web,West,0,6.0875,2023-04-01 06:47:00+00:00
657889,45-54,F,Retail,Web,West,0,6.32,2023-03-23 09:28:00+00:00
657890,25-34,M,Housing,Mobile,Southeast,1,4.9125,2023-03-12 10:27:00+00:00
657891,35-44,F,Auto,Tablet,Midwest,0,10.2587,2023-06-17 23:32:00+00:00
657892,45-54,F,News,Tablet,West,0,9.06,2023-04-09 14:05:00+00:00
657893,25-34,M,Auto,Mobile,Southeast,0,10.09,2023-06-02 08:56:00+00:00
657894,25-34,F,Finance,Web,Southeast,0,1.08,2023-05-05 16:17:00+00:00
657895,18-24,M,Retail,Mobile,Northeast,0,7.96,2023-06-13 07:40:00+00:00
657896,25-34,M,Auto,Mobile,Southeast,0,2.3613,2023-03-31 17:12:00+00:00
657897,25-34,F,Finance,Mobile,Southeast,0,8.9262,2023-03-23 21:28:00+00:00
657898,25-34,F,Finance,Web,Southeast,0,13.32,2023-01-12 11:01:00+00:00
657899,45-54,M,Housing,Tablet,West,1,8.6312,2023-05-06 17:35:00+00:00
657900,25-34,M,Housing,Mobile,Southeast,0,6.5312,2023-03-27 01:55:00+00:00
657901,25-34,F,Housing,Web,Northeast,0,6.42,2023-02-16 10:06:00+00:00
657902,18-24,F,Health,Mobile,Northeast,0,7.8262,2023-06-11 05:14:00+00:00
657903,18-24,F,Health,Tablet,Northeast,0,5.7438,2023-03-17 03:19:00+00:00
657904,18-24,F,Auto,Web,Northeast,1,15.06,2023-04-09 02:31:00+00:00
657905,18-24,M,Finance,Mobile,Northeast,0,5.6813,2023-03-07 17:00:00+00:00
657906,55+,M,Retail,Web,South,0,6.0163,2023-06-23 05:59:00+00:00
657907,18-24,M,Retail,Tablet,Northeast,0,14.2,2023-06-25 07:42:00+00:00
657908,18-24,F,Housing,Web,Northeast,1,0.84,2023-02-22 16:07:00+00:00
657909,35-44,F,Housing,Web,Midwest,0,1.8613,2023-02-19 01:32:00+00:00
657910,45-54,M,Auto,Mobile,West,0,14.44,2023-05-28 15:12:00+00:00
657911,25-34,F,Finance,Tablet,Southeast,0,8.23,2023-04-15 08:32:00+00:00
657912,45-54,M,Housing,Mobile,West,0,12.3987,2023-02-09 15:05:00+00:00
657913,35-44,F,Housing,Mobile,Midwest,0,12.1,2023-03-12 22:44:00+00:00
657914,45-54,F,Retail,Web,West,0,2.9663,2023-03-15 13:10:00+00:00
657915,55+,F,Auto,Web,South,0,3.4225,2023-06-28 10:16:00+00:00
657916,55+,F,Health,Tablet,South,0,8.42,2023-05-07 18:18:00+00:00
657917,55+,F,Health,Mobile,South,0,7.1787,2023-01-04 15:09:00+00:00
657918,35-44,F,Health,Tablet,Midwest,0,8.9962,2023-02-27 21:25:00+00:00
657919,18-24,F,Auto,Web,Northeast,0,6.16,2023-01-14 13:10:00+00:00
657920,35-44,F,Health,Tablet,Midwest,0,11.3688,2023-03-17 15:27:00+00:00
657921,25-34,M,Auto,Mobile,Southeast,0,3.8125,2023-01-31 18:47:00+00:00
657922,55+,M,Finance,Web,South,0,12.94,2023-03-14 00:53:00+00:00
657923,55+,F,Housing,Web,South,0,8.6188,2023-04-06 23:30:00+00:00
657924,18-24,F,Housing,Tablet,Northeast,0,8.43,2023-03-06 16:09:00+00:00
657925,25-34,F,Finance,Web,Southeast,1,7.82,2023-06-06 12:22:00+00:00
657926,45-54,M,Housing,Web,West,1,2.1487,2023-06-29 23:17:00+00:00
657927,45-54,M,Auto,Web,West,0,6.8637,2023-03-13 11:01:00+00:00
657928,35-44,F,Auto,Tablet,Midwest,0,14.4,2023-03-27 01:46:00+00:00
657929,18-24,F,Health,Mobile,Northeast,0,4.2075,2023-02-16 22:32:00+00:00
657930,25-34,F,Finance,Mobile,Southeast,0,8.3475,2023-01-19 06:36:00+00:00
657931,35-44,M,Finance,Web,Midwest,0,14.86,2023-04-19 00:41:00+00:00
657932,25-34,M,Housing,Web,Southeast,1,5.445,2023-06-26 20:50:00+00:00
657933,25-34,M,Health,Tablet,Southeast,0,8.5775,2023-06-12 06:40:00+00:00
657934,55+,F,Health,Web,South,1,7.02,2023-03-18 04:45:00+00:00
657935,35-44,F,Housing,Web,Midwest,0,3.785,2023-05-09 20:09:00+00:00
657936,55+,F,Auto,Mobile,South,0,7.9962,2023-02-27 21:42:00+00:00
657937,25-34,M,Housing,Tablet,Southeast,0,9.32,2023-03-13 11:10:00+00:00
657938,45-54,F,Retail,Tablet,West,0,1.1775,2023-05-03 14:34:00+00:00
657939,18-24,M,Retail,Web,Northeast,0,6.4225,2023-04-29 10:16:00+00:00
657940,25-34,F,Finance,Mobile,Southeast,1,12.36,2023-03-25 11:46:00+00:00
657941,35-44,F,Housing,Tablet,Midwest,0,6.0137,2023-04-02 19:21:00+00:00
657942,25-34,M,Auto,Tablet,Southeast,0,6.1562,2023-05-26 13:46:00+00:00
657943,45-54,M,Housing,Tablet,West,0,14.26,2023-06-08 02:31:00+00:00
657944,25-34,M,Housing,Tablet,Southeast,0,11.7863,2023-01-30 05:12:00+00:00
657945,18-24,M,Finance,Tablet,Northeast,0,3.0625,2023-01-11 10:10:00+00:00
657946,45-54,F,News,Web,West,1,14.86,2023-03-30 16:46:00+00:00
657947,55+,F,Auto,Mobile,South,1,9.0225,2023-02-08 02:39:00+00:00
657948,45-54,M,Health,Tablet,West,0,1.0725,2023-02-28 10:16:00+00:00
657949,55+,M,Finance,Mobile,South,1,11.26,2023-03-30 04:21:00+00:00
657950,25-34,F,Finance,Tablet,Southeast,0,9.4688,2023-01-16 15:36:00+00:00
657951,25-34,F,Housing,Tablet,Northeast,0,10.84,2023-05-08 07:43:00+00:00
657952,18-24,F,Housing,Mobile,Northeast,1,13.38,2023-03-16 02:02:00+00:00
657953,55+,M,Finance,Tablet,South,0,12.6638,2023-04-02 19:21:00+00:00
657954,18-24,F,Health,Tablet,Northeast,0,4.5713,2023-05-18 17:02:00+00:00
657955,18-24,M,Finance,Web,Northeast,0,8.7,2023-03-02 12:34:00+00:00
657956,18-24,M,News,Web,Northeast,0,1.945,2023-02-26 20:25:00+00:00
657957,45-54,F,Finance,Web,West,0,11.31,2023-06-18 00:58:00+00:00
657958,25-34,F,Retail,Tablet,Southeast,0,8.9,2023-01-31 18:47:00+00:00
657959,18-24,M,Finance,Mobile,Northeast,1,11.87,2023-03-18 16:53:00+00:00
657960,45-54,M,Housing,Web,West,0,1.73,2023-02-14 08:32:00+00:00
657961,18-24,F,Housing,Tablet,Northeast,0,7.7,2023-01-31 06:21:00+00:00
657962,18-24,M,News,Web,Northeast,0,10.2425,2023-02-04 10:30:00+00:00
657963,55+,M,Finance,Mobile,South,1,1.0513,2023-03-23 09:20:00+00:00
657964,25-34,F,Finance,Mobile,Southeast,0,7.78,2023-03-16 14:36:00+00:00
657965,55+,F,Auto,Mobile,South,1,1.26,2023-05-29 16:29:00+00:00
657966,45-54,F,Finance,Tablet,West,0,7.88,2023-01-25 00:46:00+00:00
657967,18-24,F,Health,Tablet,Northeast,1,14.24,2023-04-08 01:39:00+00:00
657968,25-34,M,Auto,Tablet,Southeast,0,8.35,2023-05-01 00:08:00+00:00
657969,45-54,M,Housing,Tablet,West,0,12.2363,2023-01-30 05:21:00+00:00
657970,35-44,F,Health,Tablet,Midwest,0,14.22,2023-05-17 16:28:00+00:00
657971,45-54,F,News,Tablet,West,0,10.7137,2023-04-02 19:30:00+00:00
657972,35-44,M,Retail,Mobile,Midwest,1,1.4613,2023-06-19 01:49:00+00:00
657973,55+,M,Retail,Web,South,0,10.32,2023-01-02 13:00:00+00:00
657974,18-24,F,Housing,Web,Northeast,0,7.7425,2023-02-04 10:47:00+00:00
657975,25-34,F,Finance,Mobile,Southeast,0,5.76,2023-01-29 16:04:00+00:00
657976,18-24,F,Health,Tablet,Northeast,0,6.8,2023-06-15 21:40:00+00:00
657977,35-44,F,Health,Web,Midwest,0,7.5575,2023-06-16 22:06:00+00:00
657978,18-24,M,News,Mobile,Northeast,0,2.8213,2023-06-07 01:56:00+00:00
657979,35-44,M,Retail,Tablet,Midwest,1,10.54,2023-06-22 04:58:00+00:00
657980,45-54,M,Auto,Mobile,West,0,5.6937,2023-03-17 03:19:00+00:00
657981,55+,M,News,Web,South,0,3.5175,2023-02-04 22:04:00+00:00
657982,25-34,F,Retail,Tablet,Southeast,0,14.84,2023-04-18 23:49:00+00:00
657983,35-44,M,News,Mobile,Midwest,1,2.5913,2023-04-24 17:50:00+00:00
657984,55+,M,Retail,Web,South,0,3.085,2023-06-18 12:15:00+00:00
657985,35-44,F,Auto,Tablet,Midwest,0,15.4,2023-04-26 19:25:00+00:00
657986,25-34,M,Auto,Web,Southeast,0,1.0463,2023-03-19 05:19:00+00:00
657987,55+,F,Auto,Web,South,0,4.3525,2023-03-24 10:03:00+00:00
657988,18-24,M,News,Web,Northeast,1,5.62,2023-06-16 10:32:00+00:00
657989,45-54,F,Retail,Mobile,West,0,7.9975,2023-02-08 14:39:00+00:00
657990,35-44,M,Finance,Mobile,Midwest,1,11.7937,2023-02-25 19:50:00+00:00
657991,35-44,M,News,Mobile,Midwest,0,8.38,2023-04-15 08:49:00+00:00
657992,45-54,F,Retail,Mobile,West,0,10.5975,2023-02-08 14:56:00+00:00
657993,55+,F,Health,Tablet,South,1,10.17,2023-05-17 16:02:00+00:00
657994,25-34,F,News,Mobile,Southeast,0,5.9,2023-04-11 16:57:00+00:00
657995,55+,M,Retail,Mobile,South,0,8.6762,2023-03-23 21:20:00+00:00
657996,18-24,M,Retail,Mobile,Northeast,0,12.495,2023-06-06 12:48:00+00:00
657997,25-34,F,News,Tablet,Southeast,1,6.26,2023-04-09 14:14:00+00:00
657998,45-54,M,Housing,Mobile,West,1,9.6137,2023-02-21 03:15:00+00:00
657999,35-44,M,Finance,Mobile,Midwest,0,4.885,2023-05-09 20:26:00+00:00
658000,25-34,M,Housing,Mobile,Southeast,0,14.78,2023-04-15 20:49:00+00:00
658001,25-34,F,Housing,Web,Northeast,1,5.58,2023-05-25 12:37:00+00:00
658002,45-54,M,Auto,Web,West,0,11.1225,2023-02-28 10:59:00+00:00
658003,18-24,F,Auto,Tablet,Northeast,1,10.1,2023-02-20 14:50:00+00:00
658004,25-34,M,Housing,Web,Southeast,1,12.6587,2023-05-08 07:18:00+00:00
658005,35-44,M,News,Mobile,Midwest,1,10.38,2023-05-05 16:26:00+00:00
658006,18-24,F,Auto,Web,Northeast,1,7.4,2023-03-17 03:02:00+00:00
658007,35-44,F,Auto,Mobile,Midwest,0,12.9787,2023-01-04 15:17:00+00:00
658008,25-34,F,News,Web,Southeast,0,6.5462,2023-03-19 05:02:00+00:00
658009,18-24,F,Auto,Mobile,Northeast,1,10.26,2023-05-19 18:36:00+00:00
658010,55+,M,News,Mobile,South,0,12.28,2023-05-25 00:46:00+00:00
658011,35-44,M,Finance,Mobile,Midwest,1,10.95,2023-02-10 16:14:00+00:00
658012,35-44,M,News,Tablet,Midwest,1,9.94,2023-05-23 10:54:00+00:00
658013,18-24,F,Auto,Web,Northeast,0,4.97,2023-03-18 16:02:00+00:00
658014,35-44,F,Housing,Mobile,Midwest,1,8.7125,2023-01-31 18:04:00+00:00
658015,55+,M,Retail,Web,South,0,6.52,2023-06-01 19:04:00+00:00
658016,45-54,F,News,Web,West,0,10.9,2023-05-01 00:17:00+00:00
658017,45-54,F,Retail,Tablet,West,0,8.6725,2023-06-28 10:08:00+00:00
658018,25-34,F,Finance,Mobile,Southeast,1,11.64,2023-03-29 03:55:00+00:00
658019,55+,M,Retail,Mobile,South,0,7.155,2023-05-05 04:26:00+00:00
658020,35-44,M,Finance,Web,Midwest,0,1.4525,2023-05-23 10:37:00+00:00
658021,55+,F,Auto,Mobile,South,0,7.98,2023-01-25 00:46:00+00:00
658022,45-54,M,Auto,Tablet,West,0,2.2,2023-04-11 16:40:00+00:00
658023,18-24,M,News,Tablet,Northeast,0,7.7988,2023-01-20 07:11:00+00:00
658024,35-44,F,Housing,Tablet,Midwest,1,8.38,2023-01-05 04:17:00+00:00
658025,45-54,F,Retail,Tablet,West,1,5.335,2023-02-18 12:58:00+00:00
658026,45-54,F,News,Web,West,1,6.6037,2023-06-13 19:40:00+00:00
658027,55+,F,Health,Web,South,0,14.74,2023-01-23 22:11:00+00:00
658028,55+,M,News,Web,South,1,8.2213,2023-05-18 17:28:00+00:00
658029,55+,M,Retail,Tablet,South,1,3.4,2023-01-21 08:37:00+00:00
658030,35-44,M,Finance,Mobile,Midwest,1,11.84,2023-02-07 13:39:00+00:00
658031,18-24,M,Retail,Web,Northeast,0,11.1425,2023-06-24 18:42:00+00:00
658032,45-54,M,Health,Tablet,West,0,5.4575,2023-02-16 22:49:00+00:00
658033,18-24,M,Retail,Mobile,Northeast,0,12.8,2023-04-16 09:32:00+00:00
658034,55+,M,Retail,Web,South,0,9.6638,2023-02-01 19:47:00+00:00
658035,45-54,F,Retail,Tablet,West,0,1.0425,2023-05-15 02:44:00+00:00
658036,25-34,F,Finance,Web,Southeast,0,6.26,2023-01-19 06:36:00+00:00
658037,25-34,M,Housing,Mobile,Southeast,0,11.1137,2023-03-13 11:35:00+00:00
658038,18-24,M,News,Mobile,Northeast,0,5.345,2023-01-17 04:19:00+00:00
658039,18-24,M,Retail,Mobile,Northeast,0,7.68,2023-03-11 09:18:00+00:00
658040,25-34,F,Finance,Tablet,Southeast,0,1.7063,2023-01-06 05:17:00+00:00
658041,18-24,M,News,Tablet,Northeast,1,7.6863,2023-01-10 21:44:00+00:00
658042,18-24,M,Retail,Mobile,Northeast,0,6.8,2023-05-06 17:52:00+00:00
658043,45-54,M,Housing,Tablet,West,0,9.6788,2023-03-05 15:17:00+00:00
658044,25-34,M,Auto,Tablet,Southeast,0,1.9763,2023-01-02 13:25:00+00:00
658045,18-24,M,News,Tablet,Northeast,1,10.96,2023-01-14 13:01:00+00:00
658046,25-34,F,Finance,Web,Southeast,0,11.3387,2023-02-21 15:33:00+00:00
658047,25-34,F,Retail,Mobile,Southeast,0,4.1587,2023-03-29 15:38:00+00:00
658048,35-44,F,Auto,Web,Midwest,0,8.78,2023-04-15 20:14:00+00:00
658049,55+,F,Health,Tablet,South,0,1.0075,2023-06-16 22:40:00+00:00
658050,55+,F,Auto,Tablet,South,0,10.4863,2023-06-19 13:32:00+00:00
658051,25-34,F,Housing,Web,Northeast,0,9.9,2023-01-21 20:54:00+00:00
658052,18-24,F,Auto,Mobile,Northeast,0,7.1762,2023-02-11 05:48:00+00:00
658053,18-24,F,Housing,Tablet,Northeast,0,2.4,2023-01-21 08:37:00+00:00
658054,18-24,F,Housing,Mobile,Northeast,0,11.22,2023-01-07 06:09:00+00:00
658055,45-54,F,Retail,Tablet,West,0,4.7613,2023-04-20 01:32:00+00:00
658056,18-24,M,Retail,Web,Northeast,1,11.52,2023-06-26 08:25:00+00:00
658057,35-44,F,Auto,Mobile,Midwest,0,10.62,2023-02-06 12:05:00+00:00
658058,25-34,M,Health,Tablet,Southeast,1,6.74,2023-05-13 00:01:00+00:00
658059,18-24,M,Retail,Web,Northeast,1,9.2575,2023-03-08 06:52:00+00:00
658060,25-34,F,Finance,Mobile,Southeast,0,7.44,2023-03-19 05:28:00+00:00
658061,25-34,M,Auto,Tablet,Southeast,0,6.755,2023-03-06 04:00:00+00:00
658062,55+,M,News,Mobile,South,0,9.4688,2023-05-16 15:45:00+00:00
658063,55+,M,Finance,Tablet,South,0,14.06,2023-01-29 16:46:00+00:00
658064,55+,M,News,Web,South,0,7.8125,2023-03-12 10:52:00+00:00
658065,55+,M,Retail,Mobile,South,0,12.9688,2023-02-05 23:13:00+00:00
658066,25-34,F,News,Tablet,Southeast,0,11.3,2023-05-11 22:52:00+00:00
658067,25-34,M,Auto,Mobile,Southeast,0,6.72,2023-01-17 16:36:00+00:00
658068,25-34,M,Auto,Web,Southeast,0,6.825,2023-04-11 04:14:00+00:00
658069,18-24,M,Retail,Tablet,Northeast,0,13.74,2023-02-22 04:33:00+00:00
658070,25-34,F,News,Web,Southeast,0,8.7562,2023-03-27 13:12:00+00:00
658071,55+,M,Retail,Tablet,South,1,0.52,2023-02-06 00:05:00+00:00
658072,35-44,M,Retail,Mobile,Midwest,1,7.88,2023-05-20 19:19:00+00:00
658073,18-24,M,Retail,Mobile,Northeast,1,8.405,2023-01-05 04:17:00+00:00
658074,25-34,F,News,Tablet,Southeast,0,12.4588,2023-05-28 15:46:00+00:00
658075,35-44,M,Finance,Tablet,Midwest,1,5.8,2023-03-17 03:53:00+00:00
658076,55+,F,Auto,Mobile,South,1,10.94,2023-01-13 00:44:00+00:00
658077,25-34,M,Health,Web,Southeast,0,8.2838,2023-03-29 03:46:00+00:00
658078,25-34,F,Finance,Tablet,Southeast,1,7.24,2023-01-08 19:43:00+00:00
658079,18-24,F,Auto,Web,Northeast,0,7.7375,2023-04-01 06:12:00+00:00
658080,18-24,F,Auto,Tablet,Northeast,1,5.1963,2023-03-19 05:53:00+00:00
658081,18-24,M,Retail,Tablet,Northeast,1,9.38,2023-02-04 10:47:00+00:00
658082,18-24,M,Retail,Tablet,Northeast,0,10.2037,2023-04-14 19:57:00+00:00
658083,55+,F,Housing,Mobile,South,1,8.5425,2023-01-15 02:02:00+00:00
658084,25-34,M,Auto,Tablet,Southeast,0,11.64,2023-03-09 07:18:00+00:00
658085,45-54,M,Auto,Web,West,0,10.8438,2023-04-06 11:30:00+00:00
658086,25-34,F,Finance,Web,Southeast,0,6.1325,2023-05-07 18:52:00+00:00
658087,18-24,M,Finance,Tablet,Northeast,0,13.72,2023-04-02 07:55:00+00:00
658088,55+,F,Auto,Mobile,South,0,7.1262,2023-02-11 05:57:00+00:00
658089,45-54,M,Health,Tablet,West,1,12.5762,2023-01-02 13:17:00+00:00
658090,55+,F,Auto,Tablet,South,0,13.42,2023-02-06 12:13:00+00:00
658091,45-54,M,Auto,Mobile,West,0,10.5938,2023-06-05 11:47:00+00:00
658092,45-54,M,Auto,Web,West,0,9.82,2023-02-26 08:25:00+00:00
658093,35-44,M,Finance,Web,Midwest,1,12.4,2023-05-26 13:03:00+00:00
658094,25-34,M,Health,Mobile,Southeast,1,11.3225,2023-01-19 18:11:00+00:00
658095,55+,M,News,Mobile,South,0,11.8775,2023-01-03 14:51:00+00:00
658096,18-24,F,Housing,Web,Northeast,0,6.08,2023-05-10 09:52:00+00:00
658097,55+,M,Finance,Web,South,0,11.195,2023-04-07 12:56:00+00:00
658098,25-34,F,Finance,Mobile,Southeast,1,2.6987,2023-03-21 07:54:00+00:00
658099,35-44,F,Health,Tablet,Midwest,1,12.22,2023-02-26 08:42:00+00:00
658100,35-44,M,Retail,Tablet,Midwest,0,3.6175,2023-03-16 14:53:00+00:00
658101,25-34,F,Housing,Mobile,Northeast,1,12.9,2023-05-31 18:30:00+00:00
658102,18-24,M,Retail,Tablet,Northeast,0,7.06,2023-05-19 18:28:00+00:00
658103,25-34,M,Housing,Web,Southeast,0,3.2363,2023-03-11 21:35:00+00:00
658104,25-34,F,Finance,Tablet,Southeast,1,1.16,2023-05-29 16:29:00+00:00
658105,18-24,M,Finance,Web,Northeast,0,7.82,2023-01-17 16:45:00+00:00
658106,25-34,M,Health,Tablet,Southeast,0,11.05,2023-01-01 00:17:00+00:00
658107,25-34,F,Finance,Web,Southeast,0,12.3588,2023-01-08 07:43:00+00:00
658108,18-24,M,News,Tablet,Northeast,0,15.04,2023-04-08 13:31:00+00:00
658109,45-54,F,Retail,Web,West,0,2.8638,2023-04-02 19:55:00+00:00
658110,18-24,M,Retail,Tablet,Northeast,0,6.2025,2023-01-03 02:51:00+00:00
658111,25-34,M,Health,Tablet,Southeast,0,7.68,2023-05-10 09:35:00+00:00
658112,45-54,F,Retail,Web,West,0,3.1825,2023-05-27 02:46:00+00:00
658113,25-34,F,Retail,Tablet,Southeast,0,3.0825,2023-03-08 18:43:00+00:00
658114,35-44,M,Finance,Mobile,Midwest,1,12.48,2023-04-20 13:49:00+00:00
658115,45-54,F,News,Web,West,0,11.5375,2023-04-21 14:41:00+00:00
658116,18-24,F,Housing,Mobile,Northeast,1,6.1513,2023-03-03 01:08:00+00:00
658117,45-54,M,Housing,Web,West,0,10.56,2023-05-14 13:53:00+00:00
658118,55+,M,Finance,Mobile,South,0,1.495,2023-01-17 04:45:00+00:00
658119,18-24,F,Auto,Mobile,Northeast,0,7.5012,2023-02-11 17:05:00+00:00
658120,45-54,M,Auto,Web,West,0,14.68,2023-06-29 23:25:00+00:00
658121,25-34,M,Health,Tablet,Southeast,0,2.0,2023-04-11 16:48:00+00:00
658122,25-34,M,Health,Web,Southeast,0,3.3725,2023-03-20 18:11:00+00:00
658123,25-34,F,Finance,Mobile,Southeast,1,13.02,2023-02-06 12:05:00+00:00
658124,55+,F,Auto,Tablet,South,0,3.73,2023-02-14 08:57:00+00:00
658125,18-24,M,Finance,Tablet,Northeast,0,10.7912,2023-02-03 09:13:00+00:00
658126,18-24,F,Housing,Tablet,Northeast,1,8.24,2023-03-19 05:45:00+00:00
658127,35-44,F,Health,Web,Midwest,0,6.9225,2023-05-19 18:36:00+00:00
658128,45-54,F,News,Tablet,West,0,10.9975,2023-06-28 22:25:00+00:00
658129,55+,F,Health,Tablet,South,1,6.48,2023-03-11 21:35:00+00:00
658130,25-34,F,Finance,Mobile,Southeast,0,11.9962,2023-02-27 21:08:00+00:00
658131,25-34,M,Auto,Tablet,Southeast,0,6.705,2023-02-14 20:32:00+00:00
658132,18-24,M,News,Web,Northeast,1,6.8,2023-01-26 13:55:00+00:00
658133,45-54,M,Health,Tablet,West,1,6.4787,2023-04-14 07:23:00+00:00
658134,18-24,M,News,Web,Northeast,0,7.1262,2023-03-23 21:03:00+00:00
658135,25-34,M,Auto,Mobile,Southeast,0,7.62,2023-05-27 14:29:00+00:00
658136,45-54,F,Finance,Web,West,0,2.0088,2023-03-09 07:52:00+00:00
658137,25-34,F,News,Mobile,Southeast,1,7.2462,2023-02-27 21:33:00+00:00
658138,45-54,M,Health,Mobile,West,1,9.72,2023-04-02 07:38:00+00:00
658139,45-54,M,Housing,Web,West,1,6.185,2023-03-30 04:12:00+00:00
658140,35-44,M,Retail,Tablet,Midwest,1,4.5975,2023-02-28 22:25:00+00:00
658141,45-54,F,News,Mobile,West,0,8.94,2023-02-02 20:13:00+00:00
658142,55+,F,Health,Mobile,South,0,8.7788,2023-04-14 07:31:00+00:00
658143,35-44,M,News,Mobile,Midwest,1,4.9625,2023-02-20 02:50:00+00:00
658144,18-24,M,Retail,Mobile,Northeast,0,13.54,2023-02-12 18:31:00+00:00
658145,18-24,F,Auto,Tablet,Northeast,0,1.9675,2023-03-16 14:44:00+00:00
658146,55+,F,Health,Web,South,0,7.345,2023-02-06 12:48:00+00:00
658147,55+,M,Finance,Web,South,0,6.7,2023-01-21 20:45:00+00:00
658148,45-54,F,Retail,Mobile,West,0,12.1862,2023-05-10 21:27:00+00:00
658149,25-34,M,Health,Tablet,Southeast,0,11.5038,2023-03-25 11:11:00+00:00
658150,35-44,F,Housing,Mobile,Midwest,0,9.62,2023-06-16 10:40:00+00:00
658151,25-34,F,Housing,Tablet,Northeast,0,6.16,2023-02-23 05:59:00+00:00
658152,45-54,M,Auto,Tablet,West,0,6.1837,2023-01-08 19:43:00+00:00
658153,25-34,M,Health,Mobile,Southeast,0,8.4,2023-05-06 05:26:00+00:00
658154,25-34,F,News,Mobile,Southeast,0,10.6837,2023-06-17 11:23:00+00:00
658155,45-54,F,Finance,Mobile,West,0,1.98,2023-05-25 00:12:00+00:00
658156,55+,M,Retail,Mobile,South,0,11.84,2023-04-08 01:56:00+00:00
658157,35-44,M,News,Mobile,Midwest,0,2.2188,2023-02-25 07:59:00+00:00
658158,25-34,M,Health,Web,Southeast,1,9.5825,2023-02-16 10:32:00+00:00
658159,45-54,M,Housing,Tablet,West,0,6.46,2023-01-09 20:18:00+00:00
658160,45-54,F,Retail,Tablet,West,0,10.2387,2023-05-12 23:10:00+00:00
658161,35-44,M,Finance,Mobile,Midwest,0,5.7838,2023-06-17 11:06:00+00:00
658162,18-24,M,Retail,Web,Northeast,0,10.74,2023-05-03 14:17:00+00:00
658163,35-44,F,Housing,Tablet,Midwest,0,3.235,2023-04-19 12:06:00+00:00
658164,35-44,F,Auto,Tablet,Midwest,0,12.4975,2023-05-19 06:36:00+00:00
658165,25-34,F,Retail,Mobile,Southeast,0,7.04,2023-01-18 17:36:00+00:00
658166,25-34,M,Health,Tablet,Southeast,0,2.015,2023-01-13 12:27:00+00:00
658167,45-54,F,Finance,Tablet,West,1,8.3525,2023-03-04 02:08:00+00:00
658168,18-24,M,Finance,Web,Northeast,0,12.08,2023-03-31 05:38:00+00:00
658169,55+,M,Finance,Mobile,South,0,2.8237,2023-06-09 03:14:00+00:00
658170,35-44,M,Finance,Mobile,Midwest,1,4.2938,2023-04-06 11:30:00+00:00
658171,25-34,M,Housing,Mobile,Southeast,0,8.5,2023-02-20 14:24:00+00:00
658172,45-54,M,Health,Web,West,1,7.9787,2023-04-14 07:23:00+00:00
658173,35-44,F,Auto,Web,Midwest,1,5.56,2023-06-18 00:41:00+00:00
658174,25-34,M,Health,Web,Southeast,0,14.0,2023-01-26 01:46:00+00:00
658175,35-44,F,Health,Mobile,Midwest,1,7.1238,2023-04-10 03:05:00+00:00
658176,45-54,M,Auto,Web,West,1,9.9975,2023-02-28 22:25:00+00:00
658177,35-44,F,Health,Mobile,Midwest,0,7.66,2023-01-29 16:29:00+00:00
658178,18-24,M,Retail,Tablet,Northeast,0,3.7763,2023-03-03 13:00:00+00:00
658179,25-34,M,Housing,Tablet,Southeast,0,10.9875,2023-01-31 06:47:00+00:00
658180,45-54,F,Retail,Mobile,West,0,11.24,2023-06-17 11:15:00+00:00
658181,55+,M,Retail,Web,South,0,9.4925,2023-04-25 18:42:00+00:00
658182,45-54,M,Health,Mobile,West,0,4.8975,2023-06-08 14:39:00+00:00
658183,35-44,M,Retail,Mobile,Midwest,1,8.36,2023-04-14 19:40:00+00:00
658184,18-24,M,Retail,Tablet,Northeast,0,12.3712,2023-05-18 17:53:00+00:00
658185,18-24,F,Housing,Web,Northeast,1,7.05,2023-01-21 08:37:00+00:00
658186,18-24,F,Auto,Tablet,Northeast,0,8.3,2023-03-22 20:11:00+00:00
658187,18-24,F,Housing,Tablet,Northeast,0,10.1988,2023-04-30 23:17:00+00:00
658188,25-34,F,News,Tablet,Southeast,0,6.2425,2023-02-04 10:30:00+00:00
658189,25-34,M,Auto,Web,Southeast,1,12.1,2023-05-31 06:30:00+00:00
658190,18-24,M,Retail,Mobile,Northeast,1,9.1587,2023-06-17 23:32:00+00:00
658191,55+,M,News,Web,South,1,5.8575,2023-01-07 06:09:00+00:00
658192,18-24,M,Finance,Tablet,Northeast,0,15.02,2023-01-17 16:53:00+00:00
658193,25-34,F,Finance,Mobile,Southeast,0,2.6212,2023-04-08 01:05:00+00:00
658194,45-54,M,Auto,Mobile,West,0,11.7562,2023-02-15 21:49:00+00:00
658195,18-24,M,News,Mobile,Northeast,0,10.0,2023-03-07 05:17:00+00:00
658196,35-44,F,Health,Tablet,Midwest,0,7.9763,2023-05-22 21:37:00+00:00
658197,45-54,M,Housing,Mobile,West,0,6.0775,2023-03-24 22:28:00+00:00
658198,18-24,M,News,Web,Northeast,0,13.02,2023-01-17 16:36:00+00:00
658199,25-34,M,Health,Tablet,Southeast,0,1.3788,2023-04-14 07:14:00+00:00
658200,25-34,F,Finance,Mobile,Southeast,0,3.1987,2023-03-21 07:19:00+00:00
658201,25-34,F,Housing,Mobile,Northeast,0,6.16,2023-04-04 09:04:00+00:00
658202,25-34,F,Finance,Mobile,Southeast,1,11.5538,2023-05-04 03:26:00+00:00
658203,55+,F,Health,Web,South,1,5.6913,2023-02-23 17:33:00+00:00
658204,45-54,M,Health,Tablet,West,0,14.3,2023-02-10 16:57:00+00:00
658205,35-44,M,News,Web,Midwest,0,10.4225,2023-02-28 10:16:00+00:00
658206,45-54,F,News,Tablet,West,1,1.0112,2023-05-10 09:09:00+00:00
658207,55+,M,Retail,Web,South,1,14.18,2023-04-05 10:13:00+00:00
658208,18-24,F,Health,Web,Northeast,0,11.61,2023-04-19 00:49:00+00:00
658209,18-24,M,Retail,Tablet,Northeast,0,8.7238,2023-03-01 11:42:00+00:00
658210,35-44,F,Auto,Mobile,Midwest,0,7.3,2023-02-20 14:50:00+00:00
658211,25-34,M,Health,Web,Southeast,1,3.765,2023-03-14 12:36:00+00:00
658212,55+,F,Health,Mobile,South,1,4.1325,2023-04-17 10:58:00+00:00
658213,45-54,F,Retail,Web,West,0,14.74,2023-06-12 18:23:00+00:00
658214,35-44,M,Finance,Mobile,Midwest,0,12.9225,2023-04-09 02:14:00+00:00
658215,18-24,F,Housing,Web,Northeast,1,9.4087,2023-03-09 07:43:00+00:00
658216,25-34,M,Housing,Web,Southeast,1,11.74,2023-04-23 16:50:00+00:00
658217,35-44,F,Housing,Web,Midwest,0,6.0438,2023-05-16 03:53:00+00:00
658218,25-34,F,News,Web,Southeast,0,10.2438,2023-02-25 19:50:00+00:00
658219,35-44,F,Housing,Tablet,Midwest,0,15.42,2023-03-18 04:28:00+00:00
658220,25-34,F,Finance,Tablet,Southeast,1,7.7025,2023-04-13 18:31:00+00:00
658221,18-24,F,Health,Web,Northeast,0,3.9175,2023-04-05 22:30:00+00:00
658222,55+,M,News,Mobile,South,0,5.82,2023-05-17 04:10:00+00:00
658223,18-24,M,Retail,Tablet,Northeast,1,6.11,2023-05-29 16:29:00+00:00
658224,55+,M,News,Web,South,0,4.4475,2023-05-19 06:36:00+00:00
658225,35-44,M,Retail,Tablet,Midwest,0,10.92,2023-05-12 23:18:00+00:00
658226,45-54,F,News,Mobile,West,1,1.75,2023-06-10 16:31:00+00:00
658227,25-34,M,Health,Tablet,Southeast,0,1.5437,2023-01-16 03:02:00+00:00
658228,55+,M,Finance,Mobile,South,1,9.38,2023-06-04 10:13:00+00:00
658229,35-44,F,Housing,Tablet,Midwest,1,12.07,2023-02-26 08:42:00+00:00
658230,25-34,F,Finance,Web,Southeast,0,7.4225,2023-02-08 02:22:00+00:00
658231,35-44,F,Housing,Web,Midwest,0,7.06,2023-06-28 10:51:00+00:00
658232,25-34,F,News,Mobile,Southeast,1,2.6775,2023-01-23 22:54:00+00:00
658233,45-54,F,News,Web,West,0,2.5337,2023-01-08 19:01:00+00:00
658234,45-54,F,News,Mobile,West,0,6.36,2023-06-13 19:57:00+00:00
658235,35-44,F,Auto,Mobile,Midwest,0,1.1625,2023-05-11 10:35:00+00:00
658236,45-54,M,Auto,Mobile,West,1,4.85,2023-03-02 00:00:00+00:00
658237,35-44,F,Auto,Web,Midwest,1,13.98,2023-03-06 04:43:00+00:00
658238,25-34,F,Finance,Tablet,Southeast,0,9.3513,2023-03-23 09:03:00+00:00
658239,18-24,F,Housing,Web,Northeast,0,5.7462,2023-04-28 21:51:00+00:00
658240,18-24,M,News,Mobile,Northeast,1,13.2,2023-03-07 17:43:00+00:00
658241,45-54,M,Auto,Web,West,1,10.4838,2023-01-08 19:43:00+00:00
658242,18-24,M,News,Mobile,Northeast,0,6.0912,2023-01-14 01:44:00+00:00
658243,25-34,F,News,Web,Southeast,1,14.42,2023-04-17 10:23:00+00:00
658244,18-24,M,News,Web,Northeast,0,1.3225,2023-03-20 18:02:00+00:00
658245,35-44,M,News,Tablet,Midwest,1,9.6263,2023-04-12 05:48:00+00:00
658246,35-44,M,Retail,Web,Midwest,0,5.84,2023-01-18 17:11:00+00:00
658247,35-44,F,Auto,Tablet,Midwest,0,4.1162,2023-05-14 13:01:00+00:00
658248,25-34,F,Retail,Web,Southeast,1,3.9575,2023-05-07 06:09:00+00:00
658249,35-44,F,Housing,Mobile,Midwest,0,7.22,2023-03-08 06:35:00+00:00
658250,55+,F,Health,Mobile,South,0,12.7438,2023-02-25 19:50:00+00:00
658251,25-34,F,Housing,Tablet,Northeast,1,9.32,2023-06-21 03:33:00+00:00
658252,55+,F,Housing,Tablet,South,1,10.62,2023-02-06 00:05:00+00:00
658253,35-44,M,Finance,Web,Midwest,1,3.6763,2023-03-03 13:08:00+00:00
658254,55+,F,Housing,Mobile,South,0,3.7037,2023-03-25 11:03:00+00:00
658255,25-34,F,News,Tablet,Southeast,0,5.52,2023-05-22 09:45:00+00:00
658256,35-44,M,News,Mobile,Midwest,0,3.3687,2023-03-17 15:10:00+00:00
658257,55+,F,Health,Web,South,0,3.6787,2023-05-04 15:17:00+00:00
658258,35-44,F,Health,Mobile,Midwest,0,11.82,2023-03-18 04:19:00+00:00
658259,55+,F,Auto,Mobile,South,0,9.475,2023-01-21 20:37:00+00:00
658260,55+,F,Housing,Tablet,South,1,7.4475,2023-06-08 14:56:00+00:00
658261,55+,F,Auto,Web,South,0,10.64,2023-04-08 01:22:00+00:00
658262,35-44,F,Health,Mobile,Midwest,0,5.1212,2023-04-08 01:13:00+00:00
658263,25-34,F,Finance,Mobile,Southeast,0,4.3588,2023-06-17 23:15:00+00:00
658264,45-54,M,Housing,Web,West,0,15.16,2023-02-13 07:23:00+00:00
658265,25-34,M,Housing,Web,Southeast,0,1.0463,2023-03-19 05:28:00+00:00
658266,45-54,F,News,Tablet,West,0,7.0713,2023-04-08 01:31:00+00:00
658267,18-24,M,Retail,Mobile,Northeast,0,9.44,2023-04-08 01:31:00+00:00
658268,25-34,M,Housing,Tablet,Southeast,0,3.4725,2023-02-08 02:31:00+00:00
658269,55+,M,Retail,Web,South,0,12.9925,2023-03-16 02:19:00+00:00
658270,25-34,M,Housing,Mobile,Southeast,0,8.9,2023-01-11 10:35:00+00:00
658271,18-24,F,Health,Mobile,Northeast,0,8.9763,2023-02-11 05:05:00+00:00
658272,18-24,M,Finance,Tablet,Northeast,1,5.0062,2023-02-15 21:49:00+00:00
658273,55+,M,News,Web,South,1,5.76,2023-02-03 21:56:00+00:00
658274,25-34,M,Auto,Tablet,Southeast,0,7.4325,2023-04-17 10:58:00+00:00
658275,18-24,F,Auto,Mobile,Northeast,0,6.37,2023-03-18 16:28:00+00:00
658276,45-54,F,Retail,Mobile,West,1,13.18,2023-05-25 12:03:00+00:00
658277,18-24,M,Retail,Web,Northeast,0,9.995,2023-06-06 12:13:00+00:00
658278,45-54,F,Finance,Web,West,1,7.0325,2023-02-16 10:49:00+00:00
658279,35-44,M,News,Tablet,Midwest,1,13.64,2023-01-28 03:38:00+00:00
658280,25-34,F,Finance,Tablet,Southeast,0,12.5337,2023-03-29 03:12:00+00:00
658281,35-44,M,Finance,Tablet,Midwest,0,9.0488,2023-01-20 07:19:00+00:00
658282,18-24,M,Finance,Mobile,Northeast,0,14.4,2023-04-16 21:23:00+00:00
658283,35-44,M,News,Mobile,Midwest,1,0.61,2023-05-09 08:26:00+00:00
658284,25-34,M,Housing,Web,Southeast,0,8.0787,2023-01-04 15:00:00+00:00
658285,25-34,F,Retail,Mobile,Southeast,0,8.04,2023-02-17 11:32:00+00:00
658286,45-54,F,News,Web,West,0,12.9187,2023-02-05 23:13:00+00:00
658287,55+,M,Retail,Web,South,0,1.745,2023-05-17 04:53:00+00:00
658288,55+,M,Finance,Web,South,1,7.8,2023-05-16 15:36:00+00:00
658289,35-44,M,Finance,Mobile,Midwest,0,12.6463,2023-01-18 05:45:00+00:00
658290,25-34,F,Finance,Mobile,Southeast,1,7.8913,2023-04-24 17:33:00+00:00
658291,45-54,F,News,Web,West,0,5.74,2023-06-22 16:41:00+00:00
658292,35-44,F,Housing,Web,Midwest,1,6.3575,2023-02-16 22:15:00+00:00
658293,35-44,F,Health,Web,Midwest,0,12.5913,2023-03-15 01:27:00+00:00
658294,18-24,M,Retail,Web,Northeast,0,14.22,2023-06-06 00:13:00+00:00
658295,18-24,F,Health,Tablet,Northeast,0,2.1875,2023-02-20 14:50:00+00:00
658296,18-24,M,Retail,Mobile,Northeast,0,0.6462,2023-06-27 21:08:00+00:00
658297,35-44,F,Health,Tablet,Midwest,1,8.88,2023-01-30 17:47:00+00:00
658298,18-24,M,Finance,Web,Northeast,0,12.8063,2023-01-26 13:03:00+00:00
658299,25-34,M,Housing,Tablet,Southeast,0,1.5825,2023-05-07 18:26:00+00:00
658300,45-54,M,Health,Web,West,1,6.88,2023-05-30 05:55:00+00:00
658301,25-34,F,Housing,Mobile,Northeast,0,15.04,2023-02-07 13:31:00+00:00
658302,45-54,M,Housing,Mobile,West,0,9.2475,2023-05-19 06:36:00+00:00
658303,18-24,M,Retail,Web,Northeast,0,5.52,2023-04-12 05:31:00+00:00
658304,55+,M,News,Web,South,0,10.2475,2023-04-09 14:31:00+00:00
658305,45-54,M,Auto,Tablet,West,0,0.8113,2023-01-30 17:29:00+00:00
658306,55+,F,Housing,Mobile,South,1,5.52,2023-04-12 05:40:00+00:00
658307,25-34,M,Housing,Web,Southeast,1,12.5175,2023-02-04 22:39:00+00:00
658308,45-54,F,News,Mobile,West,1,5.8587,2023-06-17 23:15:00+00:00
658309,45-54,F,Finance,Mobile,West,0,6.1,2023-01-11 22:18:00+00:00
658310,45-54,M,Housing,Mobile,West,1,7.73,2023-05-25 00:37:00+00:00
658311,25-34,M,Housing,Tablet,Southeast,1,6.4713,2023-04-28 09:51:00+00:00
658312,18-24,M,Retail,Mobile,Northeast,0,8.5,2023-06-20 02:15:00+00:00
658313,55+,F,Health,Mobile,South,0,3.585,2023-05-09 20:44:00+00:00
658314,25-34,F,Finance,Mobile,Southeast,0,3.2925,2023-02-24 18:07:00+00:00
658315,18-24,F,Health,Web,Northeast,0,13.42,2023-04-27 20:25:00+00:00
658316,35-44,M,News,Tablet,Midwest,0,1.8162,2023-06-23 05:41:00+00:00
658317,18-24,M,Retail,Web,Northeast,1,12.5375,2023-01-31 06:38:00+00:00
658318,18-24,F,Auto,Mobile,Northeast,0,12.38,2023-02-14 20:14:00+00:00
658319,35-44,F,Health,Mobile,Midwest,0,0.5088,2023-05-08 07:26:00+00:00
658320,45-54,M,Health,Mobile,West,1,8.93,2023-01-05 16:52:00+00:00
658321,18-24,M,News,Web,Northeast,0,7.14,2023-03-24 10:46:00+00:00
658322,35-44,F,Auto,Web,Midwest,0,9.9288,2023-03-05 15:09:00+00:00
658323,45-54,F,News,Web,West,0,3.7075,2023-03-28 14:03:00+00:00
658324,25-34,M,Housing,Tablet,Southeast,0,14.46,2023-03-30 16:29:00+00:00
658325,55+,M,News,Mobile,South,0,6.4638,2023-04-02 19:13:00+00:00
658326,45-54,F,Finance,Mobile,West,1,7.2713,2023-03-19 17:36:00+00:00
658327,25-34,F,News,Tablet,Southeast,0,8.36,2023-04-14 07:49:00+00:00
658328,35-44,M,Retail,Web,Midwest,0,9.8925,2023-04-05 10:56:00+00:00
658329,25-34,F,Retail,Web,Southeast,0,12.8887,2023-01-12 23:35:00+00:00
658330,25-34,F,News,Web,Southeast,0,14.32,2023-03-23 21:37:00+00:00
658331,45-54,F,Retail,Web,West,0,12.1525,2023-05-23 10:11:00+00:00
658332,55+,M,Retail,Tablet,South,0,4.385,2023-05-09 20:35:00+00:00
658333,45-54,F,News,Web,West,0,15.08,2023-04-10 03:22:00+00:00
658334,25-34,M,Auto,Mobile,Southeast,0,8.9362,2023-04-20 13:15:00+00:00
658335,45-54,M,Housing,Mobile,West,0,8.3775,2023-01-23 22:20:00+00:00
658336,55+,M,Retail,Tablet,South,0,8.12,2023-03-13 11:35:00+00:00
658337,45-54,M,Housing,Tablet,West,0,4.035,2023-04-19 12:41:00+00:00
658338,25-34,F,Retail,Web,Southeast,0,6.5888,2023-04-02 07:38:00+00:00
658339,25-34,F,Finance,Web,Southeast,0,13.32,2023-02-21 15:33:00+00:00
658340,45-54,M,Housing,Web,West,0,0.5225,2023-05-19 18:36:00+00:00
658341,55+,F,Auto,Tablet,South,1,1.6062,2023-04-16 21:32:00+00:00
658342,55+,F,Housing,Mobile,South,0,13.46,2023-05-19 18:02:00+00:00
658343,18-24,M,News,Web,Northeast,1,10.1587,2023-05-08 07:09:00+00:00
658344,18-24,F,Health,Tablet,Northeast,0,2.8675,2023-02-24 06:50:00+00:00
658345,45-54,F,Finance,Web,West,0,12.84,2023-06-17 23:49:00+00:00
658346,55+,F,Housing,Tablet,South,0,7.72,2023-04-07 00:48:00+00:00
658347,35-44,F,Auto,Mobile,Midwest,0,11.1113,2023-05-10 09:01:00+00:00
658348,35-44,F,Auto,Mobile,Midwest,0,10.4,2023-03-27 01:12:00+00:00
658349,45-54,F,News,Mobile,West,0,3.5063,2023-03-07 05:43:00+00:00
658350,35-44,M,News,Web,Midwest,0,11.0813,2023-03-07 17:17:00+00:00
658351,25-34,F,Housing,Web,Northeast,0,10.86,2023-01-29 16:55:00+00:00
658352,35-44,F,Health,Tablet,Midwest,1,3.2012,2023-05-02 01:17:00+00:00
658353,18-24,F,Auto,Mobile,Northeast,0,7.9062,2023-01-26 13:20:00+00:00
658354,35-44,M,News,Web,Midwest,0,7.1,2023-05-21 20:54:00+00:00
658355,55+,F,Health,Mobile,South,0,7.015,2023-01-13 12:10:00+00:00
658356,18-24,M,Retail,Mobile,Northeast,0,5.8187,2023-02-25 07:25:00+00:00
658357,25-34,M,Housing,Web,Southeast,0,11.68,2023-06-19 01:32:00+00:00
658358,25-34,F,Finance,Tablet,Southeast,0,7.6338,2023-04-18 11:41:00+00:00
658359,35-44,F,Auto,Mobile,Midwest,0,4.9212,2023-04-28 09:51:00+00:00
658360,55+,F,Health,Web,South,0,11.26,2023-05-29 04:55:00+00:00
658361,55+,M,Finance,Web,South,0,9.9425,2023-02-04 10:13:00+00:00
658362,55+,M,News,Web,South,1,7.125,2023-03-02 12:00:00+00:00
658363,25-34,M,Housing,Mobile,Southeast,0,14.06,2023-05-29 16:21:00+00:00
658364,18-24,M,Retail,Web,Northeast,0,4.14,2023-02-02 08:56:00+00:00
658365,25-34,F,Retail,Mobile,Southeast,1,8.125,2023-06-10 04:14:00+00:00
658366,18-24,F,Health,Mobile,Northeast,0,9.08,2023-04-10 03:31:00+00:00
658367,35-44,M,Finance,Tablet,Midwest,0,9.3313,2023-01-06 17:17:00+00:00
658368,25-34,M,Housing,Tablet,Southeast,0,1.05,2023-06-10 16:40:00+00:00
658369,25-34,F,Finance,Mobile,Southeast,0,10.74,2023-01-23 22:20:00+00:00
658370,25-34,F,Retail,Web,Southeast,0,5.2337,2023-01-28 03:03:00+00:00
658371,55+,M,News,Web,South,0,5.9813,2023-03-27 01:37:00+00:00
658372,55+,M,Retail,Mobile,South,0,15.26,2023-05-09 08:18:00+00:00
658373,55+,F,Auto,Tablet,South,0,11.5312,2023-02-15 09:40:00+00:00
658374,25-34,M,Health,Mobile,Southeast,0,11.295,2023-01-17 04:53:00+00:00
658375,45-54,M,Health,Tablet,West,0,5.96,2023-03-05 15:51:00+00:00
658376,45-54,F,Retail,Tablet,West,0,11.88,2023-03-06 16:09:00+00:00
658377,18-24,M,News,Mobile,Northeast,0,3.475,2023-03-02 12:25:00+00:00
658378,45-54,F,Finance,Web,West,0,10.28,2023-06-09 15:14:00+00:00
658379,35-44,F,Health,Web,Midwest,0,2.13,2023-05-25 00:37:00+00:00
658380,55+,F,Housing,Tablet,South,0,2.5587,2023-05-28 15:46:00+00:00
658381,45-54,M,Housing,Web,West,0,10.1,2023-02-20 14:58:00+00:00
658382,25-34,F,Finance,Mobile,Southeast,1,8.485,2023-02-18 12:58:00+00:00
658383,25-34,F,News,Web,Southeast,0,0.8387,2023-02-01 07:13:00+00:00
658384,18-24,M,Finance,Tablet,Northeast,1,12.86,2023-05-09 20:52:00+00:00
658385,35-44,M,Finance,Mobile,Midwest,0,6.1387,2023-06-21 15:33:00+00:00
658386,55+,F,Auto,Tablet,South,0,8.0825,2023-03-08 18:26:00+00:00
658387,18-24,F,Health,Mobile,Northeast,1,8.78,2023-06-14 20:40:00+00:00
658388,35-44,M,News,Web,Midwest,0,1.585,2023-03-10 20:35:00+00:00
658389,55+,F,Auto,Mobile,South,0,8.3925,2023-04-05 10:30:00+00:00
658390,35-44,F,Housing,Tablet,Midwest,0,9.74,2023-05-13 12:10:00+00:00
658391,25-34,F,News,Tablet,Southeast,1,8.0637,2023-02-01 19:04:00+00:00
658392,18-24,M,Finance,Tablet,Northeast,0,12.5838,2023-03-09 19:52:00+00:00
658393,18-24,M,Retail,Mobile,Northeast,0,9.34,2023-06-02 20:13:00+00:00
658394,35-44,M,Retail,Tablet,Midwest,1,7.7562,2023-03-07 05:43:00+00:00
658395,55+,F,Auto,Tablet,South,0,5.84,2023-04-03 08:30:00+00:00
658396,35-44,F,Auto,Mobile,Midwest,0,10.54,2023-02-22 04:58:00+00:00
658397,18-24,F,Health,Mobile,Northeast,0,9.1925,2023-02-24 18:42:00+00:00
658398,45-54,M,Auto,Tablet,West,0,2.8013,2023-04-12 17:57:00+00:00
658399,45-54,M,Health,Tablet,West,0,13.82,2023-04-27 08:25:00+00:00
658400,18-24,M,Retail,Web,Northeast,0,2.0125,2023-03-12 10:10:00+00:00
658401,25-34,F,Housing,Tablet,Northeast,1,7.68,2023-05-10 21:01:00+00:00
658402,25-34,F,Retail,Tablet,Southeast,0,5.58,2023-04-15 08:14:00+00:00
658403,55+,F,Health,Tablet,South,0,3.2363,2023-03-31 05:55:00+00:00
658404,45-54,F,News,Web,West,0,5.8738,2023-06-29 11:34:00+00:00
658405,55+,F,Health,Web,South,1,7.16,2023-03-25 11:54:00+00:00
658406,18-24,F,Health,Tablet,Northeast,0,2.905,2023-06-14 20:57:00+00:00
658407,35-44,F,Health,Web,Midwest,0,4.735,2023-05-29 04:21:00+00:00
658408,35-44,M,News,Mobile,Midwest,1,13.58,2023-03-06 16:43:00+00:00
658409,55+,M,Retail,Web,South,0,12.24,2023-02-22 16:58:00+00:00
658410,45-54,F,News,Mobile,West,1,8.0362,2023-04-20 13:49:00+00:00
658411,55+,F,Auto,Web,South,1,13.66,2023-01-29 04:46:00+00:00
658412,45-54,F,Retail,Tablet,West,0,11.085,2023-01-09 20:01:00+00:00
658413,18-24,M,News,Tablet,Northeast,0,5.4337,2023-05-28 03:03:00+00:00
658414,18-24,F,Auto,Tablet,Northeast,1,11.82,2023-03-18 04:36:00+00:00
658415,55+,M,News,Mobile,South,0,3.71,2023-04-19 00:15:00+00:00
658416,55+,F,Housing,Mobile,South,1,12.7737,2023-06-29 11:34:00+00:00
658417,45-54,M,Health,Tablet,West,0,11.94,2023-01-03 02:26:00+00:00
658418,45-54,M,Health,Web,West,0,2.9575,2023-03-28 14:12:00+00:00
658419,25-34,M,Auto,Mobile,Southeast,0,8.5237,2023-04-10 03:39:00+00:00
658420,25-34,M,Housing,Mobile,Southeast,0,8.56,2023-05-14 13:01:00+00:00
658421,25-34,F,Retail,Web,Southeast,0,4.67,2023-04-07 00:13:00+00:00
658422,35-44,F,Housing,Tablet,Midwest,0,6.3175,2023-04-25 06:07:00+00:00
658423,18-24,F,Auto,Tablet,Northeast,0,7.36,2023-06-03 09:21:00+00:00
658424,25-34,F,Retail,Tablet,Southeast,0,2.4937,2023-02-05 11:39:00+00:00
658425,45-54,M,Housing,Web,West,1,5.0663,2023-03-15 13:36:00+00:00
658426,18-24,M,News,Tablet,Northeast,1,6.62,2023-06-06 12:05:00+00:00
658427,18-24,M,Finance,Web,Northeast,0,4.9212,2023-06-07 01:31:00+00:00
658428,55+,M,News,Tablet,South,0,2.2313,2023-05-26 01:37:00+00:00
658429,45-54,F,News,Tablet,West,0,14.44,2023-02-17 11:49:00+00:00
658430,35-44,F,Housing,Mobile,Midwest,0,11.345,2023-05-17 04:19:00+00:00
658431,18-24,M,Finance,Web,Northeast,0,10.9087,2023-04-18 23:15:00+00:00
658432,18-24,M,Finance,Tablet,Northeast,1,7.54,2023-05-23 22:11:00+00:00
658433,35-44,M,Retail,Tablet,Midwest,0,12.575,2023-05-01 12:34:00+00:00
658434,55+,M,Retail,Tablet,South,0,1.395,2023-06-06 12:39:00+00:00
658435,45-54,F,News,Tablet,West,0,12.52,2023-04-02 07:47:00+00:00
658436,45-54,M,Auto,Mobile,West,0,12.1463,2023-06-27 21:16:00+00:00
658437,18-24,F,Health,Web,Northeast,0,9.9275,2023-01-23 22:46:00+00:00
658438,18-24,F,Health,Web,Northeast,0,11.16,2023-05-24 23:29:00+00:00
658439,55+,F,Housing,Tablet,South,0,12.2775,2023-06-12 06:14:00+00:00
658440,45-54,M,Auto,Tablet,West,0,9.7837,2023-05-28 03:55:00+00:00
658441,45-54,M,Health,Tablet,West,1,12.64,2023-04-08 01:31:00+00:00
658442,55+,M,Finance,Tablet,South,0,6.1762,2023-06-11 05:14:00+00:00
658443,35-44,F,Housing,Tablet,Midwest,0,6.9713,2023-01-18 17:19:00+00:00
658444,45-54,F,News,Web,West,1,10.26,2023-04-29 22:42:00+00:00
658445,35-44,F,Auto,Web,Midwest,0,12.7912,2023-06-23 17:59:00+00:00
658446,55+,F,Housing,Tablet,South,0,0.67,2023-01-17 16:02:00+00:00
658447,35-44,F,Auto,Web,Midwest,1,14.3,2023-06-10 04:57:00+00:00
658448,55+,M,Retail,Web,South,0,12.4325,2023-06-16 10:49:00+00:00
658449,45-54,M,Housing,Web,West,1,3.3925,2023-04-05 10:39:00+00:00
658450,35-44,M,News,Tablet,Midwest,1,14.72,2023-01-02 01:51:00+00:00
658451,25-34,F,Housing,Mobile,Northeast,0,9.42,2023-03-18 04:28:00+00:00
658452,35-44,F,Health,Mobile,Midwest,0,10.045,2023-03-18 04:19:00+00:00
658453,25-34,M,Housing,Web,Southeast,1,7.08,2023-02-09 15:57:00+00:00
658454,25-34,F,Retail,Mobile,Southeast,0,0.7125,2023-01-31 18:55:00+00:00
658455,45-54,F,Finance,Web,West,1,2.385,2023-03-30 04:55:00+00:00
658456,35-44,F,Auto,Tablet,Midwest,0,9.36,2023-04-24 05:41:00+00:00
658457,25-34,F,Retail,Web,Southeast,0,1.8575,2023-01-27 14:29:00+00:00
658458,18-24,M,Finance,Mobile,Northeast,0,4.6825,2023-03-28 02:38:00+00:00
658459,35-44,M,News,Mobile,Midwest,1,10.52,2023-06-21 03:41:00+00:00
658460,35-44,F,Health,Tablet,Midwest,0,9.2487,2023-01-20 07:28:00+00:00
658461,25-34,M,Health,Web,Southeast,0,6.2412,2023-03-15 01:53:00+00:00
658462,35-44,M,Finance,Mobile,Midwest,0,13.96,2023-04-14 19:06:00+00:00
658463,55+,M,Finance,Tablet,South,1,2.6763,2023-05-22 21:28:00+00:00
658464,18-24,F,Health,Mobile,Northeast,0,7.8887,2023-03-13 23:01:00+00:00
658465,55+,M,Retail,Web,South,1,6.12,2023-04-02 19:47:00+00:00
658466,18-24,F,Health,Tablet,Northeast,0,5.17,2023-01-17 16:45:00+00:00
658467,18-24,F,Health,Mobile,Northeast,0,11.8087,2023-04-18 23:49:00+00:00
658468,25-34,F,Retail,Mobile,Southeast,1,14.28,2023-01-20 07:11:00+00:00
658469,35-44,F,Health,Web,Midwest,0,6.3362,2023-03-11 21:44:00+00:00
658470,55+,F,Housing,Tablet,South,1,2.5962,2023-02-07 13:31:00+00:00
658471,35-44,M,Retail,Web,Midwest,0,7.56,2023-06-13 19:49:00+00:00
658472,45-54,M,Housing,Mobile,West,1,4.93,2023-03-06 16:52:00+00:00
658473,35-44,F,Health,Web,Midwest,1,11.7188,2023-02-05 23:39:00+00:00
658474,25-34,M,Auto,Mobile,Southeast,1,12.9,2023-04-01 06:47:00+00:00
658475,55+,M,Retail,Web,South,0,6.5425,2023-04-25 18:59:00+00:00
658476,25-34,M,Auto,Mobile,Southeast,0,3.22,2023-05-17 16:19:00+00:00
658477,35-44,F,Auto,Tablet,Midwest,1,10.12,2023-01-12 23:18:00+00:00
658478,25-34,F,Finance,Tablet,Southeast,0,6.7025,2023-02-12 18:48:00+00:00
658479,25-34,M,Auto,Tablet,Southeast,0,6.9425,2023-01-15 02:02:00+00:00
658480,55+,M,Retail,Tablet,South,0,5.7,2023-01-11 10:10:00+00:00
658481,45-54,F,Retail,Tablet,West,0,3.61,2023-04-19 00:24:00+00:00
658482,25-34,F,Finance,Tablet,Southeast,0,8.75,2023-02-10 16:05:00+00:00
658483,25-34,M,Auto,Tablet,Southeast,0,15.28,2023-05-10 09:44:00+00:00
658484,45-54,F,Finance,Tablet,West,1,3.9013,2023-05-02 01:00:00+00:00
658485,18-24,F,Housing,Web,Northeast,0,7.53,2023-02-14 08:06:00+00:00
658486,55+,F,Health,Tablet,South,0,11.48,2023-05-20 07:28:00+00:00
658487,18-24,F,Health,Tablet,Northeast,0,2.605,2023-06-14 20:06:00+00:00
658488,25-34,F,News,Web,Southeast,0,7.39,2023-05-13 00:10:00+00:00
658489,45-54,F,Finance,Tablet,West,0,14.92,2023-02-01 19:21:00+00:00
658490,25-34,M,Auto,Tablet,Southeast,0,1.3075,2023-06-16 22:23:00+00:00
658491,35-44,M,Finance,Mobile,Midwest,0,7.9525,2023-03-04 02:26:00+00:00
658492,45-54,M,Health,Tablet,West,0,12.08,2023-01-30 17:12:00+00:00
658493,18-24,M,Retail,Mobile,Northeast,1,0.8088,2023-03-09 07:18:00+00:00
658494,35-44,F,Housing,Web,Midwest,0,10.2825,2023-04-17 10:58:00+00:00
658495,25-34,F,Retail,Mobile,Southeast,0,5.58,2023-01-05 16:00:00+00:00
658496,25-34,F,Retail,Web,Southeast,0,8.9563,2023-06-15 21:06:00+00:00
658497,18-24,M,Retail,Mobile,Northeast,1,3.4962,2023-05-18 05:02:00+00:00
658498,55+,M,Finance,Web,South,1,14.38,2023-06-14 20:06:00+00:00
658499,25-34,M,Auto,Web,Southeast,0,6.7287,2023-05-04 15:09:00+00:00
658500,25-34,M,Health,Mobile,Southeast,0,4.2012,2023-03-03 01:43:00+00:00
658501,25-34,F,Housing,Web,Northeast,0,15.48,2023-04-10 15:57:00+00:00
658502,45-54,M,Health,Mobile,West,0,4.2412,2023-03-15 01:27:00+00:00
658503,25-34,M,Auto,Mobile,Southeast,0,6.0587,2023-01-28 15:21:00+00:00
658504,45-54,F,Finance,Tablet,West,0,14.5,2023-02-20 14:15:00+00:00
658505,55+,F,Auto,Tablet,South,1,11.995,2023-04-27 20:16:00+00:00
658506,18-24,F,Auto,Web,Northeast,0,5.5713,2023-04-28 09:33:00+00:00
658507,35-44,F,Auto,Web,Midwest,0,13.14,2023-03-04 14:17:00+00:00
658508,55+,M,Retail,Web,South,1,3.3925,2023-06-24 18:16:00+00:00
658509,25-34,F,Retail,Tablet,Southeast,0,9.0213,2023-05-18 17:45:00+00:00
658510,25-34,F,News,Web,Southeast,0,10.5,2023-04-21 14:15:00+00:00
658511,25-34,F,Retail,Web,Southeast,1,7.4225,2023-06-08 02:14:00+00:00
658512,35-44,F,Health,Web,Midwest,0,7.785,2023-06-18 12:24:00+00:00
658513,55+,M,Finance,Web,South,0,12.18,2023-04-05 22:47:00+00:00
658514,45-54,F,News,Tablet,West,1,10.655,2023-04-15 20:57:00+00:00
658515,25-34,F,Retail,Tablet,Southeast,1,10.2562,2023-03-07 05:35:00+00:00
658516,55+,M,Finance,Web,South,0,7.54,2023-03-04 14:00:00+00:00
658517,45-54,F,Finance,Tablet,West,1,1.8875,2023-06-20 14:07:00+00:00
658518,35-44,F,Auto,Web,Midwest,1,12.7338,2023-06-17 11:32:00+00:00
658519,35-44,F,Housing,Tablet,Midwest,0,13.02,2023-06-26 08:50:00+00:00
658520,25-34,M,Housing,Web,Southeast,0,11.3663,2023-05-14 13:53:00+00:00
658521,55+,M,News,Tablet,South,0,2.1963,2023-05-18 05:45:00+00:00
658522,18-24,M,Retail,Mobile,Northeast,1,9.8,2023-04-26 19:59:00+00:00
658523,18-24,F,Housing,Mobile,Northeast,1,4.0,2023-01-01 00:08:00+00:00
658524,18-24,M,Retail,Web,Northeast,0,2.9337,2023-01-08 19:18:00+00:00
658525,25-34,F,Finance,Mobile,Southeast,0,9.34,2023-04-03 08:38:00+00:00
658526,45-54,M,Housing,Web,West,0,2.3137,2023-04-02 19:21:00+00:00
658527,35-44,M,Retail,Web,Midwest,0,1.775,2023-05-21 20:02:00+00:00
658528,45-54,F,Retail,Mobile,West,0,10.68,2023-04-30 23:42:00+00:00
658529,45-54,F,News,Mobile,West,1,4.4313,2023-02-15 09:15:00+00:00
658530,25-34,F,Retail,Web,Southeast,1,2.0175,2023-04-25 06:07:00+00:00
658531,45-54,M,Health,Web,West,1,13.62,2023-01-07 06:26:00+00:00
658532,35-44,M,Retail,Tablet,Midwest,1,3.2862,2023-01-30 05:38:00+00:00
658533,18-24,M,Retail,Mobile,Northeast,1,10.0875,2023-02-20 14:50:00+00:00
658534,25-34,M,Health,Web,Southeast,0,10.52,2023-03-13 23:53:00+00:00
658535,25-34,F,Finance,Mobile,Southeast,1,10.4663,2023-02-23 05:33:00+00:00
658536,35-44,M,News,Mobile,Midwest,1,5.1463,2023-06-07 13:39:00+00:00
658537,55+,M,Finance,Tablet,South,0,10.68,2023-06-29 11:42:00+00:00
658538,35-44,M,News,Tablet,Midwest,0,6.03,2023-02-14 08:32:00+00:00
658539,55+,F,Housing,Mobile,South,1,6.325,2023-01-21 20:54:00+00:00
658540,35-44,F,Housing,Mobile,Midwest,0,11.02,2023-02-06 00:39:00+00:00
658541,18-24,M,Finance,Mobile,Northeast,0,1.155,2023-02-14 20:06:00+00:00
658542,45-54,F,Retail,Web,West,0,11.0875,2023-04-21 14:41:00+00:00
658543,25-34,M,Health,Tablet,Southeast,1,14.46,2023-01-09 08:18:00+00:00
658544,55+,M,Finance,Mobile,South,1,11.9663,2023-03-15 13:19:00+00:00
658545,18-24,F,Auto,Web,Northeast,0,5.9287,2023-05-04 15:51:00+00:00
658546,55+,M,News,Mobile,South,0,5.76,2023-04-24 05:07:00+00:00
658547,25-34,M,Health,Web,Southeast,1,1.3562,2023-05-06 05:26:00+00:00
658548,55+,M,News,Mobile,South,0,10.13,2023-02-14 08:57:00+00:00
658549,18-24,M,Retail,Web,Northeast,0,11.6,2023-05-26 13:46:00+00:00
658550,35-44,F,Housing,Tablet,Midwest,0,3.165,2023-05-13 12:36:00+00:00
658551,25-34,F,Housing,Mobile,Northeast,0,14.0,2023-04-16 21:23:00+00:00
658552,55+,F,Health,Mobile,South,0,6.0,2023-01-26 01:46:00+00:00
658553,35-44,M,News,Web,Midwest,1,8.0075,2023-03-08 06:52:00+00:00
658554,25-34,F,Retail,Tablet,Southeast,0,0.7737,2023-03-01 11:34:00+00:00
658555,25-34,F,Finance,Web,Southeast,1,11.88,2023-01-20 19:28:00+00:00
658556,25-34,F,News,Tablet,Southeast,0,1.675,2023-01-01 12:42:00+00:00
658557,25-34,M,Auto,Tablet,Southeast,0,10.2487,2023-01-20 07:37:00+00:00
658558,18-24,M,News,Tablet,Northeast,1,12.96,2023-04-04 21:56:00+00:00
658559,18-24,F,Housing,Tablet,Northeast,1,9.56,2023-01-29 16:04:00+00:00
658560,45-54,M,Housing,Tablet,West,0,12.1275,2023-05-23 22:54:00+00:00
658561,25-34,M,Health,Web,Southeast,1,8.3,2023-01-01 00:17:00+00:00
658562,55+,F,Health,Web,South,0,10.985,2023-05-29 04:21:00+00:00
658563,18-24,M,News,Web,Northeast,1,1.085,2023-03-10 20:52:00+00:00
658564,25-34,M,Auto,Tablet,Southeast,0,11.62,2023-05-07 06:00:00+00:00
658565,35-44,F,Housing,Web,Midwest,0,3.6063,2023-05-06 05:09:00+00:00
658566,55+,M,News,Mobile,South,1,0.7775,2023-02-12 06:40:00+00:00
658567,45-54,M,Auto,Web,West,0,13.12,2023-03-03 01:25:00+00:00
658568,45-54,F,Finance,Web,West,0,4.795,2023-05-17 04:28:00+00:00
658569,35-44,F,Auto,Mobile,Midwest,1,1.9788,2023-03-25 23:37:00+00:00
658570,45-54,M,Auto,Mobile,West,0,12.1,2023-01-31 06:38:00+00:00
658571,55+,F,Health,Web,South,1,1.7675,2023-02-24 06:50:00+00:00
658572,35-44,M,News,Web,Midwest,0,2.3587,2023-01-28 15:21:00+00:00
658573,25-34,F,News,Tablet,Southeast,1,14.74,2023-01-23 10:03:00+00:00
658574,18-24,M,News,Web,Northeast,0,5.8262,2023-06-11 05:23:00+00:00
658575,25-34,F,News,Mobile,Southeast,1,2.8425,2023-04-05 10:56:00+00:00
658576,18-24,M,Retail,Tablet,Northeast,0,8.44,2023-03-29 03:38:00+00:00
658577,45-54,F,Finance,Tablet,West,0,10.8513,2023-06-11 17:05:00+00:00
658578,25-34,F,Retail,Mobile,Southeast,0,6.24,2023-03-14 00:01:00+00:00
658579,25-34,M,Housing,Mobile,Southeast,0,7.52,2023-03-03 01:08:00+00:00
658580,18-24,F,Health,Tablet,Northeast,0,11.7275,2023-04-13 06:48:00+00:00
658581,18-24,F,Auto,Tablet,Northeast,0,8.7562,2023-04-16 21:49:00+00:00
658582,45-54,F,Finance,Mobile,West,0,13.98,2023-01-25 00:20:00+00:00
658583,18-24,F,Housing,Tablet,Northeast,0,1.705,2023-01-25 12:54:00+00:00
658584,18-24,F,Health,Tablet,Northeast,0,7.3225,2023-05-19 18:54:00+00:00
658585,25-34,F,Finance,Mobile,Southeast,0,12.44,2023-06-17 23:32:00+00:00
658586,55+,F,Auto,Mobile,South,0,5.3662,2023-06-03 21:56:00+00:00
658587,25-34,M,Auto,Web,Southeast,0,6.2138,2023-06-01 19:30:00+00:00
658588,45-54,M,Housing,Tablet,West,0,13.9,2023-05-01 12:17:00+00:00
658589,18-24,M,Retail,Tablet,Northeast,0,11.2587,2023-03-09 07:26:00+00:00
658590,45-54,M,Health,Web,West,0,4.6887,2023-03-13 23:35:00+00:00
658591,18-24,M,Retail,Mobile,Northeast,1,8.6,2023-03-17 15:45:00+00:00
658592,55+,M,News,Web,South,0,8.36,2023-05-29 16:55:00+00:00
658593,35-44,M,News,Tablet,Midwest,0,6.085,2023-03-30 04:12:00+00:00
658594,35-44,M,Retail,Tablet,Midwest,0,10.62,2023-04-07 00:56:00+00:00
658595,25-34,F,News,Mobile,Southeast,0,7.1825,2023-01-27 02:46:00+00:00
658596,35-44,F,Auto,Web,Midwest,0,10.2662,2023-04-24 05:41:00+00:00
658597,18-24,F,Housing,Tablet,Northeast,0,13.16,2023-04-14 07:57:00+00:00
658598,55+,F,Auto,Tablet,South,0,8.8925,2023-06-04 10:04:00+00:00
658599,45-54,M,Health,Web,West,0,2.7,2023-06-10 16:40:00+00:00
658600,55+,M,Finance,Web,South,0,13.66,2023-02-18 12:06:00+00:00
658601,25-34,F,Housing,Web,Northeast,1,6.2,2023-02-05 23:47:00+00:00
658602,18-24,M,Finance,Web,Northeast,0,12.155,2023-05-25 12:54:00+00:00
658603,45-54,M,Housing,Mobile,West,0,15.46,2023-04-29 22:25:00+00:00
658604,35-44,M,Finance,Tablet,Midwest,1,5.7325,2023-03-08 18:26:00+00:00
658605,25-34,M,Housing,Tablet,Southeast,0,1.0387,2023-04-02 07:38:00+00:00
658606,55+,F,Health,Tablet,South,1,8.72,2023-01-22 21:03:00+00:00
658607,35-44,F,Health,Web,Midwest,0,0.8413,2023-01-14 01:36:00+00:00
658608,55+,F,Auto,Mobile,South,0,6.3,2023-02-10 16:31:00+00:00
658609,45-54,F,Finance,Web,West,0,15.2,2023-06-15 21:15:00+00:00
658610,35-44,F,Auto,Tablet,Midwest,0,4.0113,2023-04-20 01:15:00+00:00
658611,25-34,F,News,Tablet,Southeast,1,8.6475,2023-05-19 06:19:00+00:00
658612,25-34,F,Finance,Mobile,Southeast,1,13.86,2023-02-28 10:08:00+00:00
658613,45-54,M,Auto,Web,West,1,3.0787,2023-01-24 23:20:00+00:00
658614,25-34,M,Auto,Mobile,Southeast,0,5.825,2023-06-10 04:31:00+00:00
658615,25-34,F,Finance,Tablet,Southeast,0,15.1,2023-05-01 12:00:00+00:00
658616,25-34,F,Finance,Web,Southeast,0,7.8587,2023-06-17 23:41:00+00:00
658617,55+,M,Retail,Web,South,1,1.5688,2023-02-05 23:30:00+00:00
658618,35-44,F,Housing,Tablet,Midwest,0,10.42,2023-02-16 10:15:00+00:00
658619,18-24,F,Housing,Tablet,Northeast,0,5.7475,2023-02-28 22:51:00+00:00
658620,25-34,F,News,Web,Southeast,0,5.1212,2023-04-28 09:51:00+00:00
658621,18-24,M,Finance,Tablet,Northeast,0,14.38,2023-01-25 12:37:00+00:00
658622,55+,M,Finance,Web,South,0,10.9462,2023-04-08 13:05:00+00:00
658623,45-54,F,News,Web,West,1,8.0575,2023-03-08 06:09:00+00:00
658624,55+,M,Retail,Web,South,0,15.18,2023-03-26 00:03:00+00:00
658625,45-54,M,Housing,Mobile,West,0,2.535,2023-05-29 04:29:00+00:00
658626,18-24,F,Housing,Mobile,Northeast,0,10.9712,2023-06-07 01:56:00+00:00
658627,25-34,F,Retail,Web,Southeast,0,11.7,2023-01-11 10:27:00+00:00
658628,35-44,F,Auto,Tablet,Midwest,0,5.6125,2023-01-11 10:27:00+00:00
658629,25-34,F,News,Mobile,Southeast,0,12.0188,2023-01-16 15:10:00+00:00
658630,18-24,F,Health,Tablet,Northeast,1,7.16,2023-01-04 03:17:00+00:00
658631,18-24,M,Retail,Web,Northeast,0,4.0525,2023-04-13 18:23:00+00:00
658632,55+,M,Retail,Tablet,South,0,5.4013,2023-01-02 01:51:00+00:00
658633,25-34,F,Finance,Tablet,Southeast,1,7.84,2023-01-18 05:28:00+00:00
658634,18-24,F,Health,Mobile,Northeast,0,5.9938,2023-05-16 03:36:00+00:00
658635,25-34,F,News,Tablet,Southeast,0,2.5063,2023-05-26 13:55:00+00:00
658636,45-54,F,News,Tablet,West,0,7.84,2023-02-07 13:48:00+00:00
658637,25-34,M,Housing,Mobile,Southeast,1,6.535,2023-03-30 04:46:00+00:00
658638,45-54,M,Auto,Mobile,West,0,6.08,2023-03-06 16:00:00+00:00
658639,25-34,M,Auto,Mobile,Southeast,0,7.62,2023-01-27 14:46:00+00:00
658640,45-54,F,Retail,Tablet,West,0,2.02,2023-06-26 08:50:00+00:00
658641,25-34,F,Retail,Tablet,Southeast,0,10.1962,2023-06-27 21:42:00+00:00
658642,35-44,M,News,Tablet,Midwest,0,15.24,2023-06-17 11:15:00+00:00
658643,55+,F,Health,Mobile,South,1,0.6525,2023-05-23 10:20:00+00:00
658644,18-24,F,Auto,Tablet,Northeast,0,4.335,2023-04-19 12:32:00+00:00
658645,35-44,F,Health,Mobile,Midwest,0,5.68,2023-03-11 09:35:00+00:00
658646,45-54,M,Health,Tablet,West,0,4.68,2023-01-25 00:12:00+00:00
658647,45-54,M,Housing,Mobile,West,0,4.2387,2023-04-02 07:04:00+00:00
658648,55+,F,Housing,Tablet,South,0,8.14,2023-02-02 20:30:00+00:00
658649,18-24,F,Health,Tablet,Northeast,0,4.1162,2023-04-24 05:41:00+00:00
658650,45-54,M,Auto,Web,West,0,0.7312,2023-03-27 01:29:00+00:00
658651,25-34,F,Housing,Web,Northeast,0,11.86,2023-04-29 10:34:00+00:00
658652,18-24,M,Finance,Mobile,Northeast,1,12.0013,2023-03-23 09:20:00+00:00
658653,55+,F,Housing,Mobile,South,1,8.9225,2023-05-19 18:11:00+00:00
658654,55+,F,Auto,Web,South,1,8.6,2023-05-16 15:36:00+00:00
658655,55+,F,Auto,Mobile,South,1,10.8462,2023-05-18 05:45:00+00:00
658656,18-24,F,Health,Mobile,Northeast,0,4.0587,2023-05-08 07:43:00+00:00
658657,35-44,F,Auto,Tablet,Midwest,1,14.34,2023-03-24 22:20:00+00:00
658658,55+,M,News,Web,South,0,12.5587,2023-04-18 23:41:00+00:00
658659,55+,M,Finance,Web,South,0,2.4463,2023-03-19 05:53:00+00:00
658660,35-44,F,Auto,Tablet,Midwest,1,12.22,2023-05-17 16:28:00+00:00
658661,45-54,F,Finance,Web,West,0,8.1375,2023-03-12 22:35:00+00:00
658662,35-44,F,Health,Web,Midwest,1,4.1487,2023-03-21 07:11:00+00:00
658663,55+,M,Retail,Web,South,0,9.22,2023-01-27 02:29:00+00:00
658664,18-24,M,Finance,Web,Northeast,0,6.8037,2023-01-24 11:03:00+00:00
658665,18-24,F,Auto,Web,Northeast,1,3.8075,2023-05-27 14:03:00+00:00
658666,25-34,M,Health,Web,Southeast,0,10.88,2023-04-20 13:07:00+00:00
658667,35-44,M,Retail,Tablet,Midwest,0,0.74,2023-04-23 16:24:00+00:00
658668,25-34,F,Finance,Mobile,Southeast,0,12.345,2023-04-27 20:16:00+00:00
658669,55+,F,Auto,Tablet,South,0,9.22,2023-03-28 02:20:00+00:00
658670,35-44,M,News,Tablet,Midwest,0,8.2937,2023-01-16 03:53:00+00:00
658671,18-24,M,Retail,Tablet,Northeast,1,2.4387,2023-06-01 07:38:00+00:00
658672,35-44,F,Housing,Web,Midwest,0,12.16,2023-05-14 13:44:00+00:00
658673,18-24,M,News,Tablet,Northeast,0,7.8637,2023-02-01 19:13:00+00:00
658674,18-24,F,Health,Tablet,Northeast,0,12.9488,2023-04-10 15:14:00+00:00
658675,18-24,M,News,Tablet,Northeast,0,10.46,2023-05-29 04:12:00+00:00
658676,18-24,F,Housing,Web,Northeast,0,11.6988,2023-04-10 15:31:00+00:00
658677,25-34,F,News,Web,Southeast,0,12.5787,2023-03-25 23:11:00+00:00
658678,18-24,F,Housing,Mobile,Northeast,0,5.58,2023-02-14 20:23:00+00:00
658679,18-24,M,News,Tablet,Northeast,0,11.2338,2023-04-18 11:49:00+00:00
658680,18-24,F,Health,Tablet,Northeast,1,3.7612,2023-01-10 09:18:00+00:00
658681,55+,M,Retail,Mobile,South,0,13.16,2023-03-25 23:29:00+00:00
658682,25-34,F,Finance,Web,Southeast,0,9.4663,2023-02-03 21:39:00+00:00
658683,45-54,F,Retail,Tablet,West,1,0.9,2023-06-10 16:40:00+00:00
658684,45-54,M,Housing,Tablet,West,0,11.58,2023-05-25 00:46:00+00:00
658685,18-24,F,Auto,Tablet,Northeast,0,10.3588,2023-01-08 07:52:00+00:00
658686,18-24,M,Finance,Web,Northeast,0,10.6013,2023-05-02 01:43:00+00:00
658687,18-24,M,Retail,Web,Northeast,1,13.42,2023-04-27 20:33:00+00:00
658688,18-24,M,Retail,Tablet,Northeast,0,1.2188,2023-01-16 15:45:00+00:00
658689,45-54,F,Retail,Mobile,West,0,5.5838,2023-05-08 19:26:00+00:00
658690,35-44,M,Finance,Tablet,Midwest,1,13.22,2023-01-27 14:12:00+00:00
658691,25-34,F,Retail,Mobile,Southeast,1,0.7388,2023-01-12 23:18:00+00:00
658692,35-44,M,Retail,Tablet,Midwest,0,11.0938,2023-02-25 19:25:00+00:00
658693,25-34,M,Housing,Mobile,Southeast,1,6.48,2023-05-30 17:55:00+00:00
658694,55+,F,Auto,Mobile,South,1,12.4375,2023-03-12 22:35:00+00:00
658695,55+,M,Finance,Web,South,0,9.9475,2023-04-09 14:22:00+00:00
658696,35-44,M,Retail,Tablet,Midwest,0,13.64,2023-01-08 19:18:00+00:00
658697,25-34,F,News,Mobile,Southeast,1,4.4663,2023-02-03 21:04:00+00:00
658698,45-54,F,Retail,Tablet,West,1,5.49,2023-02-02 08:30:00+00:00
658699,45-54,F,Retail,Tablet,West,0,7.96,2023-04-14 19:57:00+00:00
658700,18-24,F,Auto,Mobile,Northeast,0,9.5825,2023-03-08 18:26:00+00:00
658701,25-34,F,Housing,Mobile,Northeast,0,11.5,2023-04-11 16:05:00+00:00
658702,55+,F,Health,Web,South,1,9.9,2023-01-21 08:45:00+00:00
658703,45-54,F,News,Tablet,West,0,8.9138,2023-02-21 03:50:00+00:00
658704,18-24,F,Health,Mobile,Northeast,0,2.1275,2023-01-03 14:43:00+00:00
658705,35-44,F,Auto,Tablet,Midwest,0,12.14,2023-02-02 20:38:00+00:00
658706,35-44,F,Health,Mobile,Midwest,0,0.9512,2023-05-02 01:17:00+00:00
658707,45-54,F,News,Tablet,West,0,12.0125,2023-01-31 18:38:00+00:00
658708,25-34,F,News,Tablet,Southeast,0,9.7,2023-01-11 10:01:00+00:00
658709,25-34,M,Auto,Tablet,Southeast,0,4.0612,2023-05-10 09:44:00+00:00
658710,35-44,M,Retail,Tablet,Midwest,0,12.7688,2023-05-16 15:19:00+00:00
658711,35-44,F,Health,Tablet,Midwest,0,12.04,2023-06-17 11:58:00+00:00
658712,45-54,M,Housing,Tablet,West,0,8.1725,2023-05-19 18:19:00+00:00
658713,55+,F,Housing,Mobile,South,1,2.4512,2023-05-22 09:28:00+00:00
658714,25-34,F,News,Web,Southeast,0,7.5,2023-02-10 04:31:00+00:00
658715,25-34,M,Health,Tablet,Southeast,0,7.4688,2023-04-06 23:22:00+00:00
658716,55+,M,News,Mobile,South,1,2.77,2023-02-26 08:25:00+00:00
658717,35-44,M,Finance,Mobile,Midwest,0,8.58,2023-06-24 06:24:00+00:00
658718,35-44,F,Housing,Web,Midwest,0,0.8887,2023-05-12 23:53:00+00:00
658719,55+,F,Auto,Web,South,0,1.3438,2023-02-25 19:33:00+00:00
658720,55+,F,Health,Mobile,South,0,5.54,2023-06-12 06:23:00+00:00
658721,25-34,F,Finance,Mobile,Southeast,1,11.6575,2023-02-16 22:49:00+00:00
658722,35-44,M,Finance,Mobile,Midwest,0,11.775,2023-06-10 04:40:00+00:00
658723,45-54,M,Health,Web,West,1,7.88,2023-04-10 15:05:00+00:00
658724,55+,M,News,Web,South,0,6.9475,2023-06-28 22:34:00+00:00
658725,35-44,M,News,Tablet,Midwest,1,6.7838,2023-05-28 03:21:00+00:00
658726,25-34,M,Housing,Mobile,Southeast,0,14.04,2023-05-08 19:35:00+00:00
658727,35-44,F,Health,Tablet,Midwest,0,11.0188,2023-02-25 07:33:00+00:00
658728,25-34,F,News,Mobile,Southeast,0,3.095,2023-06-06 12:39:00+00:00
658729,45-54,F,Finance,Mobile,West,0,14.94,2023-04-23 16:41:00+00:00
658730,25-34,M,Auto,Web,Southeast,0,2.4625,2023-06-20 02:58:00+00:00
658731,55+,M,News,Mobile,South,0,7.77,2023-04-27 08:16:00+00:00
658732,18-24,F,Auto,Mobile,Northeast,1,14.14,2023-01-13 12:01:00+00:00
658733,55+,M,Finance,Mobile,South,0,7.0125,2023-06-20 02:07:00+00:00
658734,45-54,F,Finance,Tablet,West,0,11.6662,2023-06-03 21:47:00+00:00
658735,35-44,M,Finance,Web,Midwest,0,8.68,2023-06-09 03:57:00+00:00
658736,18-24,M,News,Tablet,Northeast,0,9.595,2023-06-26 20:16:00+00:00
658737,55+,M,Finance,Tablet,South,1,10.46,2023-03-10 08:44:00+00:00
658738,35-44,F,Health,Tablet,Midwest,0,14.26,2023-04-29 10:51:00+00:00
658739,45-54,F,News,Mobile,West,1,6.1688,2023-01-16 15:02:00+00:00
658740,45-54,F,Retail,Mobile,West,0,2.7538,2023-04-14 19:06:00+00:00
658741,35-44,M,Retail,Web,Midwest,0,15.48,2023-06-09 15:39:00+00:00
658742,25-34,F,News,Mobile,Southeast,0,6.2775,2023-04-13 06:48:00+00:00
658743,35-44,F,Health,Web,Midwest,0,9.135,2023-04-19 12:24:00+00:00
658744,25-34,M,Housing,Web,Southeast,1,10.68,2023-01-20 07:28:00+00:00
658745,55+,F,Auto,Tablet,South,0,9.0162,2023-06-23 05:16:00+00:00
658746,25-34,F,News,Web,Southeast,1,12.9138,2023-06-01 19:30:00+00:00
658747,35-44,F,Housing,Web,Midwest,0,6.42,2023-06-16 10:23:00+00:00
658748,25-34,F,News,Tablet,Southeast,0,11.3788,2023-06-13 07:31:00+00:00
658749,18-24,F,Auto,Tablet,Northeast,0,2.22,2023-05-17 16:19:00+00:00
658750,55+,F,Auto,Mobile,South,0,6.82,2023-03-28 14:12:00+00:00
658751,25-34,F,Housing,Web,Northeast,0,11.9,2023-02-10 04:22:00+00:00
658752,55+,F,Auto,Tablet,South,0,1.405,2023-01-25 12:37:00+00:00
658753,45-54,F,Retail,Tablet,West,1,12.66,2023-01-19 18:11:00+00:00
658754,35-44,F,Housing,Tablet,Midwest,1,1.72,2023-04-07 00:22:00+00:00
658755,25-34,F,Retail,Web,Southeast,0,8.4875,2023-01-11 22:52:00+00:00
658756,55+,M,Finance,Web,South,0,7.66,2023-04-19 00:49:00+00:00
658757,45-54,F,News,Tablet,West,1,8.5913,2023-03-15 01:10:00+00:00
658758,55+,M,Retail,Mobile,South,0,10.0125,2023-04-01 18:38:00+00:00
658759,45-54,F,Finance,Mobile,West,0,6.96,2023-06-23 17:33:00+00:00
658760,18-24,F,Housing,Mobile,Northeast,0,6.2862,2023-06-19 13:24:00+00:00
658761,45-54,M,Auto,Mobile,West,1,3.7563,2023-05-26 13:20:00+00:00
658762,18-24,M,Retail,Mobile,Northeast,0,13.24,2023-05-28 03:21:00+00:00
658763,35-44,M,Retail,Tablet,Midwest,0,12.0862,2023-03-31 05:55:00+00:00
658764,18-24,F,Health,Mobile,Northeast,0,7.6738,2023-03-01 11:42:00+00:00
658765,18-24,F,Housing,Tablet,Northeast,0,11.26,2023-05-09 08:18:00+00:00
658766,25-34,M,Health,Tablet,Southeast,0,9.865,2023-01-13 12:44:00+00:00
658767,55+,M,News,Mobile,South,0,4.82,2023-02-06 00:48:00+00:00
658768,45-54,M,Housing,Web,West,1,15.18,2023-06-14 20:06:00+00:00
658769,25-34,M,Auto,Tablet,Southeast,0,0.9225,2023-04-29 10:59:00+00:00
658770,55+,F,Auto,Web,South,0,8.775,2023-03-02 12:17:00+00:00
658771,55+,F,Health,Mobile,South,1,14.22,2023-04-27 20:25:00+00:00
658772,25-34,F,Retail,Web,Southeast,0,12.1825,2023-06-16 10:49:00+00:00
658773,35-44,M,Finance,Tablet,Midwest,0,12.64,2023-04-03 08:38:00+00:00
658774,55+,M,Retail,Tablet,South,1,8.56,2023-05-14 13:44:00+00:00
658775,35-44,F,Housing,Tablet,Midwest,0,1.1038,2023-06-13 19:23:00+00:00
658776,55+,F,Auto,Web,South,1,7.715,2023-05-13 12:44:00+00:00
658777,25-34,M,Auto,Mobile,Southeast,0,7.5,2023-04-11 04:22:00+00:00
658778,45-54,F,News,Mobile,West,1,12.5113,2023-05-30 17:12:00+00:00
658779,45-54,M,Auto,Web,West,0,4.66,2023-03-30 16:04:00+00:00
658780,45-54,F,Retail,Tablet,West,0,6.64,2023-01-18 17:11:00+00:00
658781,18-24,M,News,Tablet,Northeast,0,5.2313,2023-01-06 17:35:00+00:00
658782,25-34,F,Retail,Tablet,Southeast,0,2.7163,2023-06-23 05:41:00+00:00
658783,35-44,M,Retail,Mobile,Midwest,0,5.6,2023-06-15 21:57:00+00:00
658784,55+,M,Finance,Tablet,South,0,2.0888,2023-05-12 23:10:00+00:00
658785,25-34,M,Health,Web,Southeast,1,12.205,2023-05-05 04:52:00+00:00
658786,55+,M,Retail,Mobile,South,0,7.42,2023-06-06 12:30:00+00:00
658787,45-54,F,News,Mobile,West,1,10.5762,2023-05-02 13:43:00+00:00
658788,35-44,F,Auto,Web,Midwest,0,8.0712,2023-04-28 09:59:00+00:00
658789,45-54,M,Housing,Tablet,West,0,11.22,2023-05-27 02:55:00+00:00
658790,18-24,F,Health,Mobile,Northeast,1,7.0375,2023-02-20 14:15:00+00:00
658791,55+,M,Finance,Mobile,South,1,6.895,2023-04-27 20:59:00+00:00
658792,45-54,M,Auto,Tablet,West,0,11.28,2023-06-19 13:15:00+00:00
658793,25-34,F,News,Web,Southeast,0,9.6263,2023-04-12 05:05:00+00:00
658794,35-44,F,Health,Tablet,Midwest,0,5.2525,2023-01-23 10:37:00+00:00
658795,25-34,F,Retail,Tablet,Southeast,1,6.6,2023-03-17 15:36:00+00:00
658796,35-44,M,Finance,Web,Midwest,0,4.0987,2023-06-09 15:48:00+00:00
658797,45-54,M,Auto,Web,West,0,11.965,2023-06-22 04:41:00+00:00
658798,45-54,F,News,Tablet,West,0,12.48,2023-03-11 21:52:00+00:00
658799,45-54,M,Health,Mobile,West,0,9.0512,2023-03-03 01:34:00+00:00
658800,55+,F,Housing,Mobile,South,0,1.5263,2023-02-11 05:48:00+00:00
658801,25-34,F,Housing,Tablet,Northeast,0,14.64,2023-06-07 01:39:00+00:00
658802,45-54,F,Finance,Web,West,0,12.4062,2023-05-26 13:29:00+00:00
658803,18-24,F,Auto,Mobile,Northeast,0,8.8675,2023-06-24 06:50:00+00:00
658804,45-54,M,Auto,Tablet,West,1,8.04,2023-02-17 11:32:00+00:00
658805,45-54,F,Retail,Tablet,West,1,5.9675,2023-02-04 22:22:00+00:00
658806,35-44,F,Housing,Tablet,Midwest,1,5.6463,2023-05-18 05:36:00+00:00
658807,55+,M,Finance,Tablet,South,0,7.86,2023-04-29 22:34:00+00:00
658808,35-44,F,Health,Web,Midwest,0,3.77,2023-02-06 00:22:00+00:00
658809,35-44,F,Auto,Mobile,Midwest,0,8.5412,2023-02-23 17:24:00+00:00
658810,25-34,F,Finance,Mobile,Southeast,0,11.8,2023-06-05 11:13:00+00:00
658811,18-24,M,Retail,Mobile,Northeast,0,3.6825,2023-01-07 18:35:00+00:00
658812,45-54,M,Health,Mobile,West,0,5.9025,2023-06-12 18:57:00+00:00
658813,18-24,M,Retail,Tablet,Northeast,0,12.04,2023-05-28 15:55:00+00:00
658814,18-24,F,Housing,Web,Northeast,0,4.775,2023-06-10 04:14:00+00:00
658815,55+,F,Health,Web,South,0,1.99,2023-06-22 16:50:00+00:00
658816,18-24,M,News,Tablet,Northeast,0,7.54,2023-03-24 22:54:00+00:00
658817,18-24,M,News,Mobile,Northeast,0,12.5425,2023-06-04 10:30:00+00:00
658818,45-54,M,Auto,Mobile,West,0,5.02,2023-05-17 16:45:00+00:00
658819,25-34,M,Housing,Tablet,Southeast,0,9.96,2023-01-24 23:37:00+00:00
658820,55+,M,Retail,Mobile,South,0,6.845,2023-06-26 20:25:00+00:00
658821,55+,M,Finance,Mobile,South,0,10.4462,2023-03-19 05:45:00+00:00
658822,45-54,F,Retail,Tablet,West,0,8.56,2023-04-24 17:24:00+00:00
658823,45-54,F,Finance,Web,West,1,4.48,2023-02-14 08:57:00+00:00
658824,45-54,M,Auto,Web,West,1,12.905,2023-03-06 04:43:00+00:00
658825,35-44,F,Auto,Tablet,Midwest,0,13.1,2023-05-21 08:02:00+00:00
658826,18-24,F,Auto,Web,Northeast,0,8.2662,2023-03-15 13:19:00+00:00
658827,55+,M,Finance,Web,South,0,2.8062,2023-04-16 21:06:00+00:00
658828,35-44,M,Retail,Tablet,Midwest,0,13.9,2023-06-10 04:40:00+00:00
658829,55+,F,Housing,Mobile,South,0,9.4362,2023-01-10 21:27:00+00:00
658830,25-34,M,Auto,Mobile,Southeast,0,3.8537,2023-05-04 03:34:00+00:00
658831,55+,M,Finance,Web,South,1,10.88,2023-05-10 21:01:00+00:00
658832,25-34,M,Health,Tablet,Southeast,0,6.5362,2023-06-19 13:41:00+00:00
658833,25-34,F,Retail,Tablet,Southeast,0,9.7737,2023-02-09 03:39:00+00:00
658834,55+,F,Auto,Web,South,0,13.52,2023-05-02 01:08:00+00:00
658835,35-44,F,Health,Mobile,Midwest,0,11.3663,2023-04-24 05:07:00+00:00
658836,18-24,F,Auto,Web,Northeast,0,9.1225,2023-05-19 18:19:00+00:00
658837,18-24,M,Retail,Mobile,Northeast,0,13.22,2023-01-27 02:55:00+00:00
658838,18-24,M,News,Tablet,Northeast,0,3.6263,2023-02-11 05:05:00+00:00
658839,35-44,M,Finance,Tablet,Midwest,1,5.02,2023-05-17 16:45:00+00:00
658840,45-54,M,Housing,Tablet,West,0,11.66,2023-04-19 12:24:00+00:00
658841,35-44,M,Finance,Mobile,Midwest,1,2.965,2023-04-23 04:58:00+00:00
658842,45-54,M,Housing,Mobile,West,1,7.2588,2023-06-17 23:32:00+00:00
658843,25-34,M,Auto,Tablet,Southeast,0,14.1,2023-06-20 14:41:00+00:00
658844,45-54,M,Housing,Tablet,West,1,2.1887,2023-04-02 07:04:00+00:00
658845,18-24,M,Finance,Mobile,Northeast,0,3.7525,2023-01-23 10:03:00+00:00
658846,35-44,F,Health,Tablet,Midwest,1,10.24,2023-05-18 05:45:00+00:00
658847,55+,M,Retail,Web,South,0,11.84,2023-02-22 16:41:00+00:00
658848,35-44,F,Health,Tablet,Midwest,0,8.76,2023-05-09 08:35:00+00:00
658849,25-34,F,Finance,Mobile,Southeast,0,8.66,2023-03-20 18:45:00+00:00
658850,35-44,F,Housing,Tablet,Midwest,1,3.53,2023-05-25 00:37:00+00:00
658851,25-34,F,Housing,Tablet,Northeast,0,14.44,2023-01-28 03:29:00+00:00
658852,55+,M,News,Web,South,0,10.02,2023-01-27 14:03:00+00:00
658853,45-54,M,Housing,Web,West,1,2.39,2023-04-23 16:41:00+00:00
658854,18-24,F,Health,Web,Northeast,0,7.9713,2023-04-08 01:48:00+00:00
658855,18-24,F,Housing,Web,Northeast,1,12.92,2023-02-21 15:50:00+00:00
658856,45-54,F,Finance,Tablet,West,0,3.6875,2023-02-20 14:32:00+00:00
658857,25-34,M,Health,Tablet,Southeast,0,10.8138,2023-02-21 03:58:00+00:00
658858,25-34,M,Housing,Web,Southeast,0,11.9,2023-03-22 08:02:00+00:00
658859,55+,M,Finance,Tablet,South,0,8.0137,2023-04-22 03:15:00+00:00
658860,55+,F,Auto,Mobile,South,0,7.1875,2023-04-21 14:24:00+00:00
658861,35-44,F,Health,Mobile,Midwest,0,11.3,2023-05-31 06:30:00+00:00
658862,25-34,M,Health,Web,Southeast,0,0.7588,2023-05-28 15:46:00+00:00
658863,18-24,F,Auto,Mobile,Northeast,0,10.42,2023-01-17 16:10:00+00:00
658864,25-34,M,Auto,Web,Southeast,0,7.88,2023-06-09 03:22:00+00:00
658865,18-24,M,Retail,Mobile,Northeast,0,8.4013,2023-05-22 09:37:00+00:00
658866,25-34,F,News,Tablet,Southeast,0,8.55,2023-03-02 00:00:00+00:00
658867,45-54,F,News,Web,West,0,11.1,2023-02-10 04:05:00+00:00
658868,35-44,F,Housing,Mobile,Midwest,0,6.905,2023-06-14 20:23:00+00:00
658869,35-44,M,News,Web,Midwest,0,11.995,2023-02-26 20:33:00+00:00
658870,35-44,F,Auto,Mobile,Midwest,0,15.06,2023-02-08 02:39:00+00:00
658871,25-34,M,Housing,Web,Southeast,0,1.1738,2023-06-09 03:48:00+00:00
658872,25-34,F,Retail,Mobile,Southeast,1,5.8537,2023-01-04 03:09:00+00:00
658873,35-44,M,Retail,Tablet,Midwest,0,9.54,2023-01-23 10:28:00+00:00
658874,45-54,F,Finance,Web,West,0,7.6225,2023-04-09 02:22:00+00:00
658875,35-44,F,Health,Web,Midwest,1,6.1487,2023-04-30 23:42:00+00:00
658876,55+,M,News,Web,South,0,7.9,2023-04-11 04:05:00+00:00
658877,45-54,M,Health,Web,West,0,5.6562,2023-04-16 21:40:00+00:00
658878,35-44,M,Finance,Web,Midwest,1,11.7037,2023-05-04 03:43:00+00:00
658879,55+,M,News,Mobile,South,1,8.82,2023-06-16 10:40:00+00:00
658880,55+,M,News,Web,South,0,1.8025,2023-02-12 18:23:00+00:00
658881,45-54,F,Finance,Mobile,West,0,3.155,2023-01-25 12:03:00+00:00
658882,18-24,M,Finance,Web,Northeast,0,12.44,2023-04-18 23:23:00+00:00
658883,55+,M,Retail,Tablet,South,0,3.2425,2023-04-05 10:47:00+00:00
658884,35-44,F,Housing,Web,Midwest,1,7.25,2023-06-10 16:31:00+00:00
658885,45-54,F,Finance,Mobile,West,1,9.52,2023-01-22 09:54:00+00:00
658886,45-54,M,Health,Mobile,West,0,10.5638,2023-02-21 03:07:00+00:00
658887,25-34,M,Auto,Tablet,Southeast,0,0.6062,2023-06-15 21:57:00+00:00
658888,55+,M,Retail,Web,South,1,8.52,2023-06-01 07:13:00+00:00
658889,45-54,F,Retail,Tablet,West,0,5.195,2023-05-17 04:28:00+00:00
658890,45-54,M,Housing,Web,West,0,8.7562,2023-05-06 05:17:00+00:00
658891,35-44,F,Health,Tablet,Midwest,0,10.98,2023-02-24 06:42:00+00:00
658892,55+,M,Retail,Web,South,0,1.9025,2023-06-12 18:06:00+00:00
658893,55+,F,Auto,Tablet,South,0,11.6237,2023-03-01 11:42:00+00:00
658894,25-34,M,Auto,Web,Southeast,0,11.4,2023-02-25 19:33:00+00:00
658895,25-34,F,Retail,Web,Southeast,0,4.1188,2023-03-17 15:45:00+00:00
658896,25-34,F,Finance,Tablet,Southeast,0,12.8238,2023-02-09 03:05:00+00:00
658897,25-34,F,News,Web,Southeast,1,8.94,2023-04-23 16:24:00+00:00
658898,55+,F,Auto,Tablet,South,1,12.8462,2023-05-18 05:36:00+00:00
658899,18-24,M,News,Web,Northeast,0,7.6825,2023-04-17 10:32:00+00:00
658900,35-44,M,Retail,Mobile,Midwest,1,15.44,2023-04-28 21:59:00+00:00
658901,25-34,F,Housing,Mobile,Northeast,1,11.18,2023-06-14 20:32:00+00:00
658902,18-24,F,Health,Web,Northeast,0,0.8113,2023-03-31 17:38:00+00:00
658903,25-34,M,Housing,Tablet,Southeast,0,15.38,2023-06-04 10:47:00+00:00
658904,45-54,F,Retail,Web,West,1,11.015,2023-02-22 04:50:00+00:00
658905,25-34,M,Auto,Web,Southeast,0,3.4125,2023-03-12 10:18:00+00:00
658906,55+,F,Auto,Tablet,South,0,6.1,2023-01-11 10:27:00+00:00
658907,55+,F,Housing,Mobile,South,0,9.5062,2023-05-26 13:29:00+00:00
658908,55+,M,Retail,Web,South,1,9.155,2023-02-14 20:40:00+00:00
658909,45-54,F,Retail,Web,West,1,14.78,2023-03-06 04:09:00+00:00
658910,55+,F,Housing,Tablet,South,0,2.3163,2023-06-03 21:47:00+00:00
658911,25-34,F,Finance,Mobile,Southeast,0,4.6025,2023-01-23 10:46:00+00:00
658912,45-54,F,Finance,Web,West,0,8.6,2023-06-25 07:16:00+00:00
658913,35-44,M,Retail,Mobile,Midwest,0,2.61,2023-01-29 16:12:00+00:00
658914,25-34,M,Housing,Tablet,Southeast,0,8.4213,2023-06-07 01:13:00+00:00
658915,25-34,M,Housing,Tablet,Southeast,0,13.3,2023-06-20 02:32:00+00:00
658916,55+,F,Health,Tablet,South,0,8.855,2023-03-26 12:54:00+00:00
658917,25-34,M,Health,Web,Southeast,0,0.6162,2023-06-03 21:21:00+00:00
658918,55+,M,News,Mobile,South,0,12.74,2023-05-23 10:03:00+00:00
658919,55+,M,Retail,Mobile,South,0,8.0975,2023-02-28 22:42:00+00:00
658920,55+,F,Housing,Tablet,South,1,5.8688,2023-05-16 15:53:00+00:00
658921,55+,M,Finance,Tablet,South,0,14.82,2023-01-27 02:20:00+00:00
658922,45-54,F,Finance,Web,West,1,1.6925,2023-04-25 18:50:00+00:00
658923,55+,M,News,Web,South,0,1.3588,2023-05-08 07:18:00+00:00
658924,55+,M,Retail,Web,South,0,8.44,2023-02-17 23:32:00+00:00
658925,25-34,M,Housing,Tablet,Southeast,0,6.4625,2023-04-01 18:12:00+00:00
658926,18-24,F,Auto,Mobile,Northeast,0,5.815,2023-06-02 20:47:00+00:00
658927,18-24,M,Finance,Tablet,Northeast,0,11.32,2023-02-01 07:38:00+00:00
658928,55+,F,Health,Web,South,0,5.7588,2023-01-28 15:46:00+00:00
658929,35-44,F,Auto,Tablet,Midwest,1,7.3113,2023-04-20 01:24:00+00:00
658930,35-44,F,Auto,Mobile,Midwest,0,15.2,2023-05-06 05:00:00+00:00
658931,55+,F,Auto,Tablet,South,0,11.23,2023-05-05 16:17:00+00:00
658932,55+,M,Retail,Web,South,0,12.3575,2023-02-16 22:23:00+00:00
658933,25-34,M,Housing,Mobile,Southeast,0,6.66,2023-04-29 22:16:00+00:00
658934,18-24,M,News,Mobile,Northeast,0,6.6762,2023-04-12 05:31:00+00:00
658935,25-34,M,Health,Web,Southeast,1,5.3513,2023-03-03 01:08:00+00:00
658936,35-44,M,Finance,Mobile,Midwest,0,12.64,2023-02-27 09:51:00+00:00
658937,45-54,M,Housing,Tablet,West,1,1.515,2023-02-22 04:41:00+00:00
658938,18-24,F,Housing,Web,Northeast,1,9.1788,2023-04-14 07:23:00+00:00
658939,35-44,F,Housing,Mobile,Midwest,0,6.36,2023-03-25 23:03:00+00:00
658940,45-54,M,Auto,Tablet,West,0,5.735,2023-02-18 12:49:00+00:00
658941,18-24,M,News,Web,Northeast,0,4.3563,2023-01-06 05:17:00+00:00
658942,35-44,M,Finance,Mobile,Midwest,0,13.36,2023-06-23 17:41:00+00:00
658943,55+,M,Finance,Tablet,South,1,7.4387,2023-02-21 15:58:00+00:00
658944,25-34,F,Finance,Web,Southeast,0,5.1988,2023-03-21 07:02:00+00:00
658945,25-34,M,Health,Web,Southeast,0,13.84,2023-03-19 05:53:00+00:00
658946,55+,M,News,Tablet,South,0,7.9688,2023-06-25 07:25:00+00:00
658947,55+,M,Retail,Web,South,0,12.0337,2023-01-28 03:03:00+00:00
658948,45-54,F,News,Tablet,West,1,12.36,2023-06-13 19:06:00+00:00
658949,25-34,F,Finance,Tablet,Southeast,1,0.5088,2023-06-17 23:15:00+00:00
658950,55+,F,Health,Web,South,0,7.0525,2023-05-23 10:11:00+00:00
658951,25-34,F,Housing,Web,Northeast,0,9.44,2023-06-27 21:25:00+00:00
658952,25-34,M,Auto,Tablet,Southeast,0,2.76,2023-01-09 08:52:00+00:00
658953,45-54,F,Finance,Mobile,West,0,4.74,2023-04-03 08:56:00+00:00
658954,55+,F,Health,Tablet,South,0,7.22,2023-01-07 06:43:00+00:00
658955,18-24,M,Retail,Tablet,Northeast,0,8.0188,2023-03-17 15:02:00+00:00
658956,55+,F,Auto,Web,South,0,4.0438,2023-03-17 03:27:00+00:00
658957,18-24,F,Health,Mobile,Northeast,0,14.32,2023-06-11 05:40:00+00:00
658958,18-24,M,Retail,Tablet,Northeast,0,5.7775,2023-01-23 22:46:00+00:00
658959,35-44,F,Housing,Tablet,Midwest,1,7.6638,2023-02-21 03:33:00+00:00
658960,25-34,M,Auto,Web,Southeast,0,12.74,2023-01-03 02:08:00+00:00
658961,45-54,M,Auto,Web,West,1,5.0925,2023-02-24 18:42:00+00:00
658962,25-34,M,Health,Web,Southeast,0,10.9612,2023-01-30 17:29:00+00:00
658963,45-54,F,Finance,Tablet,West,0,14.16,2023-02-03 21:30:00+00:00
658964,18-24,M,Retail,Web,Northeast,0,0.7087,2023-01-08 07:26:00+00:00
658965,25-34,F,Finance,Web,Southeast,0,1.8237,2023-01-20 19:45:00+00:00
658966,35-44,M,Retail,Tablet,Midwest,1,10.34,2023-01-23 22:11:00+00:00
658967,45-54,M,Health,Mobile,West,1,6.6037,2023-03-05 03:17:00+00:00
658968,35-44,M,Retail,Web,Midwest,0,9.2012,2023-05-02 01:08:00+00:00
658969,35-44,M,Retail,Web,Midwest,0,6.2,2023-04-06 23:13:00+00:00
658970,55+,M,Retail,Web,South,1,9.9763,2023-05-22 21:45:00+00:00
658971,25-34,F,Finance,Mobile,Southeast,0,9.8887,2023-02-21 15:15:00+00:00
658972,55+,M,Finance,Web,South,0,15.38,2023-04-05 22:22:00+00:00
658973,25-34,F,Finance,Web,Southeast,0,3.99,2023-02-22 16:16:00+00:00
658974,45-54,M,Health,Mobile,West,0,4.41,2023-06-18 00:32:00+00:00
658975,25-34,M,Auto,Tablet,Southeast,0,9.0,2023-03-17 15:53:00+00:00
658976,25-34,F,Finance,Web,Southeast,0,9.5738,2023-03-21 19:19:00+00:00
658977,35-44,F,Health,Tablet,Midwest,0,8.8875,2023-05-11 22:52:00+00:00
658978,45-54,F,Retail,Tablet,West,0,13.22,2023-05-07 06:18:00+00:00
658979,18-24,F,Auto,Web,Northeast,0,5.1738,2023-03-21 19:54:00+00:00
658980,35-44,F,Auto,Tablet,Midwest,0,6.7363,2023-01-30 05:55:00+00:00
658981,45-54,F,Finance,Web,West,0,7.12,2023-01-02 13:51:00+00:00
658982,35-44,M,Retail,Mobile,Midwest,0,2.8388,2023-03-13 23:53:00+00:00
658983,45-54,M,Auto,Web,West,0,4.3987,2023-06-09 15:31:00+00:00
658984,25-34,F,Finance,Mobile,Southeast,0,15.18,2023-03-26 00:20:00+00:00
658985,35-44,F,Health,Tablet,Midwest,0,4.795,2023-03-18 04:28:00+00:00
658986,45-54,F,News,Web,West,0,11.685,2023-06-18 12:24:00+00:00
658987,55+,F,Housing,Tablet,South,1,11.14,2023-03-24 22:37:00+00:00
658988,55+,F,Housing,Tablet,South,0,2.6187,2023-06-25 07:42:00+00:00
658989,55+,F,Health,Web,South,0,5.06,2023-01-09 08:52:00+00:00
658990,55+,F,Auto,Tablet,South,1,14.08,2023-03-11 21:35:00+00:00
658991,18-24,F,Health,Tablet,Northeast,1,7.0038,2023-06-13 19:06:00+00:00
658992,25-34,F,Retail,Mobile,Southeast,0,6.345,2023-01-17 04:10:00+00:00
658993,25-34,M,Health,Tablet,Southeast,0,10.58,2023-03-16 02:19:00+00:00
658994,35-44,F,Health,Mobile,Midwest,0,4.495,2023-05-17 04:36:00+00:00
658995,55+,F,Housing,Mobile,South,0,1.3988,2023-04-10 15:31:00+00:00
658996,25-34,M,Auto,Tablet,Southeast,0,12.54,2023-02-22 16:24:00+00:00
658997,35-44,F,Housing,Tablet,Midwest,0,9.5113,2023-04-20 01:15:00+00:00
658998,35-44,M,Retail,Web,Midwest,0,9.1562,2023-05-26 13:20:00+00:00
658999,45-54,F,Retail,Web,West,1,6.56,2023-04-24 05:16:00+00:00
659000,45-54,M,Health,Tablet,West,0,8.3725,2023-04-29 10:59:00+00:00
659001,25-34,F,Housing,Tablet,Northeast,1,9.36,2023-05-14 13:44:00+00:00
659002,18-24,M,Finance,Mobile,Northeast,1,15.32,2023-05-12 11:10:00+00:00
659003,35-44,F,Housing,Mobile,Midwest,1,4.8587,2023-01-08 07:01:00+00:00
659004,55+,M,News,Web,South,1,1.2625,2023-03-12 10:27:00+00:00
659005,25-34,M,Auto,Tablet,Southeast,0,14.58,2023-04-05 10:13:00+00:00
659006,25-34,M,Housing,Tablet,Southeast,0,2.2237,2023-03-21 19:54:00+00:00
659007,18-24,F,Housing,Tablet,Northeast,1,12.2188,2023-04-06 23:39:00+00:00
659008,55+,M,Retail,Tablet,South,0,15.34,2023-06-22 16:50:00+00:00
659009,35-44,F,Health,Web,Midwest,0,11.6788,2023-04-14 07:06:00+00:00
659010,35-44,F,Auto,Mobile,Midwest,0,10.0288,2023-01-04 15:17:00+00:00
659011,35-44,F,Health,Web,Midwest,0,10.36,2023-03-25 11:54:00+00:00
659012,25-34,F,Finance,Mobile,Southeast,0,8.1562,2023-01-26 13:46:00+00:00
659013,45-54,F,Finance,Mobile,West,0,11.45,2023-02-10 16:14:00+00:00
659014,55+,M,Retail,Tablet,South,0,7.74,2023-01-13 00:44:00+00:00
659015,55+,F,Housing,Mobile,South,0,8.01,2023-06-18 00:06:00+00:00
659016,45-54,F,News,Tablet,West,1,12.51,2023-02-18 00:06:00+00:00
659017,18-24,M,Retail,Mobile,Northeast,0,10.84,2023-03-29 03:29:00+00:00
659018,35-44,F,Auto,Web,Midwest,0,6.2112,2023-01-10 09:44:00+00:00
659019,45-54,F,News,Tablet,West,0,8.11,2023-01-09 08:01:00+00:00
659020,45-54,F,Retail,Tablet,West,0,12.3,2023-03-02 00:34:00+00:00
659021,18-24,M,Retail,Web,Northeast,0,1.0938,2023-06-05 11:22:00+00:00
659022,55+,M,News,Web,South,1,0.8462,2023-06-27 21:51:00+00:00
659023,35-44,M,Retail,Tablet,Midwest,1,10.98,2023-03-16 02:44:00+00:00
659024,35-44,M,Finance,Mobile,Midwest,0,3.3638,2023-05-12 11:18:00+00:00
659025,55+,M,Finance,Web,South,1,7.4088,2023-03-29 15:12:00+00:00
659026,45-54,F,Finance,Web,West,0,7.22,2023-06-16 22:15:00+00:00
659027,35-44,M,Retail,Tablet,Midwest,0,2.79,2023-04-23 16:58:00+00:00
659028,25-34,M,Housing,Tablet,Southeast,0,5.255,2023-02-14 20:32:00+00:00
659029,55+,F,Health,Mobile,South,0,9.96,2023-05-04 03:43:00+00:00
659030,18-24,F,Auto,Tablet,Northeast,0,4.3688,2023-06-25 07:25:00+00:00
659031,25-34,M,Housing,Web,Southeast,1,2.96,2023-05-09 08:01:00+00:00
659032,35-44,F,Housing,Tablet,Midwest,1,12.66,2023-04-09 02:56:00+00:00
659033,55+,M,Finance,Tablet,South,0,11.6375,2023-01-31 06:12:00+00:00
659034,35-44,M,Retail,Tablet,Midwest,0,12.415,2023-04-23 04:50:00+00:00
659035,55+,M,News,Web,South,1,15.46,2023-06-08 02:14:00+00:00
659036,18-24,M,Retail,Web,Northeast,1,4.8388,2023-02-21 15:24:00+00:00
659037,18-24,F,Auto,Web,Northeast,0,1.9863,2023-05-10 21:44:00+00:00
659038,25-34,F,Finance,Web,Southeast,0,12.14,2023-04-23 04:24:00+00:00
659039,18-24,M,Finance,Web,Northeast,0,4.5725,2023-06-28 10:34:00+00:00
659040,35-44,M,Finance,Tablet,Midwest,1,11.54,2023-01-13 00:44:00+00:00
659041,35-44,M,News,Web,Midwest,0,6.98,2023-02-24 18:50:00+00:00
659042,25-34,F,News,Tablet,Southeast,0,11.3325,2023-01-07 18:52:00+00:00
659043,45-54,F,Retail,Mobile,West,0,6.9975,2023-04-09 14:56:00+00:00
659044,18-24,F,Auto,Tablet,Northeast,0,15.38,2023-02-04 22:13:00+00:00
659045,18-24,F,Housing,Tablet,Northeast,1,4.305,2023-03-26 12:20:00+00:00
659046,25-34,F,News,Tablet,Southeast,0,7.4287,2023-03-05 15:00:00+00:00
659047,25-34,M,Housing,Web,Southeast,0,9.3,2023-05-31 18:47:00+00:00
659048,45-54,F,Retail,Web,West,1,5.85,2023-03-02 00:51:00+00:00
659049,35-44,F,Housing,Tablet,Midwest,1,4.5187,2023-04-06 23:05:00+00:00
659050,45-54,F,Retail,Web,West,1,9.4,2023-01-16 03:53:00+00:00
659051,25-34,F,Housing,Web,Northeast,0,10.28,2023-06-09 03:57:00+00:00
659052,18-24,F,Health,Mobile,Northeast,1,4.9525,2023-01-23 10:37:00+00:00
659053,25-34,M,Health,Tablet,Southeast,0,13.22,2023-01-27 02:29:00+00:00
659054,25-34,M,Auto,Web,Southeast,1,4.8937,2023-03-17 03:02:00+00:00
659055,55+,F,Auto,Tablet,South,0,6.335,2023-05-09 20:52:00+00:00
659056,35-44,F,Health,Tablet,Midwest,0,8.42,2023-01-07 06:35:00+00:00
659057,55+,F,Housing,Web,South,0,10.2312,2023-05-06 17:43:00+00:00
659058,55+,F,Auto,Mobile,South,1,1.8987,2023-04-10 15:05:00+00:00
659059,55+,F,Auto,Web,South,0,14.24,2023-05-18 05:19:00+00:00
659060,35-44,M,Finance,Mobile,Midwest,0,10.4863,2023-06-19 13:58:00+00:00
659061,45-54,F,News,Tablet,West,0,10.4675,2023-03-16 14:10:00+00:00
659062,18-24,F,Health,Tablet,Northeast,0,10.44,2023-05-08 19:18:00+00:00
659063,35-44,M,Retail,Web,Midwest,1,1.1987,2023-01-20 07:19:00+00:00
659064,35-44,M,Retail,Mobile,Midwest,0,2.9737,2023-04-10 03:05:00+00:00
659065,55+,F,Auto,Mobile,South,0,8.46,2023-02-18 12:49:00+00:00
659066,45-54,M,Housing,Tablet,West,0,10.4663,2023-06-03 21:47:00+00:00
659067,35-44,M,Retail,Mobile,Midwest,0,5.325,2023-03-22 20:37:00+00:00
659068,35-44,M,Finance,Mobile,Midwest,0,10.1,2023-04-01 18:04:00+00:00
659069,55+,F,Housing,Web,South,0,5.5425,2023-06-04 10:56:00+00:00
659070,45-54,F,Finance,Mobile,West,0,3.3788,2023-06-13 07:40:00+00:00
659071,18-24,M,News,Web,Northeast,0,11.8,2023-06-25 19:59:00+00:00
659072,55+,F,Housing,Web,South,0,12.1913,2023-06-03 09:39:00+00:00
659073,35-44,M,News,Web,Midwest,0,1.395,2023-03-18 04:10:00+00:00
659074,18-24,F,Health,Web,Northeast,1,12.86,2023-05-29 04:55:00+00:00
659075,25-34,F,News,Tablet,Southeast,0,10.1525,2023-01-23 10:20:00+00:00
659076,55+,F,Auto,Web,South,1,5.1025,2023-01-23 10:28:00+00:00
659077,18-24,F,Auto,Tablet,Northeast,0,8.9,2023-01-31 18:21:00+00:00
659078,18-24,F,Auto,Mobile,Northeast,0,6.0663,2023-06-03 21:04:00+00:00
659079,45-54,M,Health,Tablet,West,0,1.9925,2023-06-04 10:22:00+00:00
659080,18-24,M,Retail,Tablet,Northeast,0,12.88,2023-05-30 05:38:00+00:00
659081,45-54,F,Retail,Tablet,West,1,12.2525,2023-01-03 02:34:00+00:00
659082,45-54,F,Retail,Tablet,West,0,7.3738,2023-04-30 11:59:00+00:00
659083,25-34,F,News,Tablet,Southeast,0,5.56,2023-05-04 15:17:00+00:00
659084,45-54,M,Housing,Tablet,West,0,8.5262,2023-06-11 05:14:00+00:00
659085,45-54,F,Finance,Tablet,West,0,8.8362,2023-05-10 21:18:00+00:00
659086,25-34,M,Housing,Tablet,Southeast,1,8.86,2023-01-09 20:26:00+00:00
659087,35-44,F,Health,Mobile,Midwest,0,4.84,2023-03-14 00:53:00+00:00
659088,35-44,F,Health,Mobile,Midwest,1,1.8825,2023-03-28 02:55:00+00:00
659089,55+,F,Housing,Web,South,0,5.52,2023-02-11 05:48:00+00:00
659090,25-34,M,Auto,Mobile,Southeast,0,12.5125,2023-01-11 10:35:00+00:00
659091,25-34,F,Retail,Tablet,Southeast,0,6.4813,2023-03-07 17:09:00+00:00
659092,35-44,M,News,Mobile,Midwest,0,13.58,2023-05-05 04:26:00+00:00
659093,35-44,M,Finance,Web,Midwest,0,3.62,2023-04-07 00:56:00+00:00
659094,45-54,F,Retail,Web,West,0,0.6175,2023-04-25 06:33:00+00:00
659095,25-34,F,Retail,Tablet,Southeast,0,7.62,2023-01-07 18:26:00+00:00
659096,35-44,M,News,Web,Midwest,0,6.8875,2023-05-11 22:52:00+00:00
659097,25-34,M,Housing,Mobile,Southeast,0,4.31,2023-04-19 00:06:00+00:00
659098,25-34,M,Housing,Tablet,Southeast,0,7.82,2023-02-26 20:42:00+00:00
659099,35-44,M,News,Web,Midwest,1,11.9712,2023-06-07 01:48:00+00:00
659100,25-34,F,News,Mobile,Southeast,1,6.4875,2023-05-11 22:01:00+00:00
659101,25-34,F,Housing,Mobile,Northeast,0,6.26,2023-04-09 02:05:00+00:00
659102,55+,M,News,Tablet,South,0,4.1988,2023-06-09 15:57:00+00:00
659103,25-34,M,Auto,Mobile,Southeast,1,8.5113,2023-04-20 01:24:00+00:00
659104,55+,F,Housing,Mobile,South,0,8.6,2023-04-06 23:22:00+00:00
659105,35-44,M,News,Mobile,Midwest,1,0.795,2023-04-07 12:22:00+00:00
659106,25-34,M,Housing,Mobile,Southeast,1,2.155,2023-05-05 04:00:00+00:00
659107,45-54,F,Retail,Mobile,West,1,6.86,2023-05-09 20:35:00+00:00
659108,25-34,F,Finance,Web,Southeast,0,9.6363,2023-06-19 13:07:00+00:00
659109,55+,F,Auto,Web,South,0,5.6887,2023-06-01 07:21:00+00:00
659110,18-24,M,News,Mobile,Northeast,0,9.04,2023-04-08 13:56:00+00:00
659111,18-24,F,Housing,Tablet,Northeast,0,9.2125,2023-04-21 02:24:00+00:00
659112,25-34,F,News,Web,Southeast,0,9.35,2023-01-01 00:08:00+00:00
659113,55+,M,News,Web,South,0,12.38,2023-04-15 08:23:00+00:00
659114,55+,M,News,Web,South,1,9.5213,2023-06-27 09:59:00+00:00
659115,25-34,M,Health,Tablet,Southeast,1,2.42,2023-03-18 16:28:00+00:00
659116,18-24,M,News,Web,Northeast,0,5.76,2023-04-04 21:21:00+00:00
659117,25-34,M,Housing,Tablet,Southeast,1,12.7925,2023-01-15 02:44:00+00:00
659118,55+,M,News,Web,South,0,7.19,2023-02-02 08:47:00+00:00
659119,45-54,M,Auto,Web,West,0,12.98,2023-06-04 10:04:00+00:00
659120,55+,F,Housing,Web,South,0,2.37,2023-04-27 08:25:00+00:00
659121,45-54,M,Housing,Tablet,West,0,4.1925,2023-03-16 02:53:00+00:00
659122,25-34,F,News,Web,Southeast,0,12.26,2023-04-29 22:25:00+00:00
659123,45-54,F,Retail,Web,West,0,6.8675,2023-06-04 22:22:00+00:00
659124,25-34,F,News,Web,Southeast,1,6.4188,2023-02-05 23:47:00+00:00
659125,45-54,M,Housing,Tablet,West,1,9.36,2023-06-23 17:07:00+00:00
659126,55+,M,Retail,Mobile,South,0,4.5388,2023-06-01 07:30:00+00:00
659127,18-24,F,Housing,Mobile,Northeast,0,12.5125,2023-01-11 10:18:00+00:00
659128,25-34,F,Finance,Web,Southeast,0,13.06,2023-04-09 14:05:00+00:00
659129,25-34,M,Housing,Web,Southeast,0,8.0912,2023-06-23 17:24:00+00:00
659130,25-34,F,Retail,Web,Southeast,0,8.3875,2023-05-31 06:21:00+00:00
659131,35-44,M,Retail,Mobile,Midwest,0,13.4,2023-04-26 19:42:00+00:00
659132,45-54,M,Housing,Mobile,West,0,2.2563,2023-06-15 21:23:00+00:00
659133,45-54,F,News,Tablet,West,0,6.445,2023-04-27 20:25:00+00:00
659134,35-44,F,Health,Mobile,Midwest,1,10.16,2023-02-03 09:21:00+00:00
659135,55+,M,Finance,Mobile,South,1,0.93,2023-01-25 00:37:00+00:00
659136,25-34,M,Health,Mobile,Southeast,0,7.6113,2023-03-31 17:04:00+00:00
659137,18-24,F,Health,Web,Northeast,0,11.04,2023-04-08 01:39:00+00:00
659138,45-54,M,Auto,Web,West,0,2.9087,2023-06-17 23:58:00+00:00
659139,45-54,F,Retail,Web,West,0,9.285,2023-05-09 20:52:00+00:00
659140,25-34,F,News,Web,Southeast,0,15.46,2023-03-20 18:54:00+00:00
659141,25-34,F,Retail,Web,Southeast,0,3.0762,2023-03-23 21:45:00+00:00
659142,25-34,F,News,Mobile,Southeast,0,10.79,2023-02-02 08:13:00+00:00
659143,35-44,M,Retail,Tablet,Midwest,1,7.54,2023-01-03 02:26:00+00:00
659144,45-54,F,Finance,Tablet,West,0,1.6225,2023-06-08 02:22:00+00:00
659145,55+,M,Finance,Mobile,South,0,7.33,2023-02-14 08:06:00+00:00
659146,55+,M,News,Tablet,South,1,13.16,2023-05-04 15:00:00+00:00
659147,25-34,M,Auto,Web,Southeast,1,7.88,2023-03-26 00:37:00+00:00
659148,25-34,F,News,Web,Southeast,0,6.1988,2023-03-01 23:08:00+00:00
659149,35-44,M,News,Web,Midwest,1,10.18,2023-03-16 14:44:00+00:00
659150,35-44,M,Retail,Mobile,Midwest,1,11.9225,2023-04-29 10:25:00+00:00
659151,25-34,F,Housing,Tablet,Northeast,0,14.52,2023-02-01 19:30:00+00:00
659152,45-54,M,Housing,Mobile,West,0,8.12,2023-04-02 19:30:00+00:00
659153,35-44,F,Health,Web,Midwest,0,8.3987,2023-04-10 15:31:00+00:00
659154,18-24,F,Auto,Tablet,Northeast,1,10.6013,2023-02-11 17:14:00+00:00
659155,25-34,F,News,Web,Southeast,1,8.04,2023-03-29 15:03:00+00:00
659156,45-54,M,Health,Web,West,1,7.2313,2023-05-06 17:43:00+00:00
659157,55+,M,News,Web,South,0,2.59,2023-01-13 00:18:00+00:00
659158,45-54,M,Auto,Tablet,West,0,7.72,2023-03-13 23:01:00+00:00
659159,18-24,M,Retail,Mobile,Northeast,0,4.8537,2023-05-24 11:54:00+00:00
659160,18-24,M,Finance,Mobile,Northeast,0,8.2512,2023-03-23 09:20:00+00:00
659161,18-24,F,Housing,Mobile,Northeast,1,7.34,2023-04-03 08:04:00+00:00
659162,25-34,M,Health,Web,Southeast,0,1.3237,2023-02-09 03:31:00+00:00
659163,25-34,F,Finance,Tablet,Southeast,0,11.5,2023-05-01 00:17:00+00:00
659164,25-34,F,Retail,Mobile,Southeast,0,9.6,2023-01-26 01:20:00+00:00
659165,55+,M,Finance,Web,South,0,1.3788,2023-03-05 15:51:00+00:00
659166,45-54,M,Housing,Web,West,0,9.8525,2023-05-23 10:11:00+00:00
659167,55+,F,Auto,Tablet,South,0,8.26,2023-06-08 02:22:00+00:00
659168,55+,F,Auto,Web,South,0,7.4363,2023-05-30 05:04:00+00:00
659169,25-34,F,News,Web,Southeast,0,10.3575,2023-04-17 22:40:00+00:00
659170,18-24,M,Finance,Web,Northeast,0,14.32,2023-01-02 13:08:00+00:00
659171,35-44,M,News,Tablet,Midwest,0,11.9938,2023-01-16 03:53:00+00:00
659172,45-54,M,Housing,Tablet,West,0,0.6925,2023-04-05 10:04:00+00:00
659173,45-54,M,Auto,Web,West,1,9.68,2023-01-10 09:27:00+00:00
659174,45-54,F,Finance,Mobile,West,0,10.6425,2023-03-16 02:44:00+00:00
659175,25-34,F,Retail,Mobile,Southeast,1,3.9137,2023-03-13 11:44:00+00:00
659176,35-44,M,Finance,Tablet,Midwest,0,7.8,2023-02-25 07:25:00+00:00
659177,25-34,M,Housing,Mobile,Southeast,1,3.4613,2023-02-19 01:24:00+00:00
659178,18-24,M,Finance,Mobile,Northeast,1,1.375,2023-02-10 04:57:00+00:00
659179,35-44,F,Auto,Mobile,Midwest,0,9.12,2023-03-23 09:03:00+00:00
659180,18-24,F,Auto,Web,Northeast,1,9.69,2023-01-13 00:27:00+00:00
659181,35-44,F,Health,Mobile,Midwest,0,8.4675,2023-01-15 14:36:00+00:00
659182,45-54,F,News,Mobile,West,0,13.78,2023-02-04 10:56:00+00:00
659183,45-54,F,News,Tablet,West,0,3.77,2023-04-07 00:56:00+00:00
659184,45-54,M,Housing,Web,West,0,12.175,2023-03-02 12:17:00+00:00
659185,35-44,M,Retail,Tablet,Midwest,0,14.94,2023-04-23 04:07:00+00:00
659186,18-24,M,News,Mobile,Northeast,0,2.5088,2023-02-17 23:15:00+00:00
659187,45-54,F,Retail,Web,West,0,4.2687,2023-04-26 07:33:00+00:00
659188,35-44,F,Health,Web,Midwest,0,10.0,2023-05-26 01:03:00+00:00
659189,18-24,F,Auto,Web,Northeast,0,12.855,2023-04-15 20:57:00+00:00
659190,35-44,M,News,Tablet,Midwest,1,4.4825,2023-06-16 10:15:00+00:00
659191,18-24,F,Health,Mobile,Northeast,0,10.58,2023-03-16 02:27:00+00:00
659192,45-54,M,Auto,Web,West,0,3.4638,2023-05-12 11:18:00+00:00
659193,55+,M,Retail,Web,South,0,7.4575,2023-02-16 22:49:00+00:00
659194,35-44,F,Auto,Mobile,Midwest,1,14.72,2023-02-11 17:23:00+00:00
659195,35-44,M,Retail,Tablet,Midwest,0,0.575,2023-01-21 20:20:00+00:00
659196,55+,F,Housing,Mobile,South,1,1.4512,2023-03-03 01:43:00+00:00
659197,55+,M,Retail,Web,South,0,14.86,2023-04-19 00:58:00+00:00
659198,18-24,M,Retail,Mobile,Northeast,0,1.6725,2023-04-09 02:39:00+00:00
659199,35-44,F,Health,Web,Midwest,0,5.8775,2023-05-03 14:17:00+00:00
659200,45-54,M,Auto,Mobile,West,0,11.68,2023-01-30 17:38:00+00:00
659201,25-34,F,Housing,Tablet,Northeast,0,13.32,2023-02-21 03:58:00+00:00
659202,18-24,F,Housing,Tablet,Northeast,0,11.3613,2023-05-10 09:01:00+00:00
659203,55+,F,Health,Mobile,South,1,9.54,2023-05-23 22:20:00+00:00
659204,45-54,M,Health,Web,West,0,9.1587,2023-01-28 15:55:00+00:00
659205,18-24,M,News,Mobile,Northeast,1,5.9,2023-01-21 08:11:00+00:00
659206,55+,M,News,Tablet,South,0,15.0,2023-03-17 03:19:00+00:00
659207,25-34,M,Housing,Tablet,Southeast,0,7.5738,2023-06-29 11:59:00+00:00
659208,45-54,F,Finance,Mobile,West,0,7.6075,2023-03-08 06:43:00+00:00
659209,25-34,F,Retail,Tablet,Southeast,1,14.94,2023-04-23 16:58:00+00:00
659210,55+,M,Retail,Tablet,South,0,8.965,2023-06-02 20:38:00+00:00
659211,45-54,F,Retail,Mobile,West,1,5.6013,2023-03-23 09:45:00+00:00
659212,45-54,F,Finance,Web,West,0,12.4,2023-02-15 09:15:00+00:00
659213,45-54,F,Retail,Tablet,West,1,4.8412,2023-06-23 17:07:00+00:00
659214,18-24,F,Housing,Tablet,Northeast,0,4.6562,2023-06-15 21:40:00+00:00
659215,45-54,F,Retail,Web,West,1,9.92,2023-03-03 13:34:00+00:00
659216,35-44,M,News,Tablet,Midwest,0,8.3038,2023-05-24 11:46:00+00:00
659217,35-44,F,Auto,Web,Midwest,0,0.84,2023-06-02 08:04:00+00:00
659218,45-54,M,Health,Mobile,West,0,7.18,2023-05-25 12:54:00+00:00
659219,25-34,M,Housing,Web,Southeast,0,4.0213,2023-01-18 17:28:00+00:00
659220,25-34,M,Housing,Tablet,Southeast,1,7.4525,2023-04-13 18:31:00+00:00
659221,18-24,M,Finance,Web,Northeast,1,10.22,2023-04-27 08:59:00+00:00
659222,45-54,M,Auto,Web,West,0,10.92,2023-01-17 16:19:00+00:00
659223,55+,F,Auto,Web,South,0,6.6013,2023-06-11 17:05:00+00:00
659224,55+,F,Housing,Tablet,South,0,9.08,2023-02-09 15:39:00+00:00
659225,55+,M,Retail,Mobile,South,1,10.9688,2023-06-05 23:13:00+00:00
659226,55+,F,Auto,Tablet,South,0,6.775,2023-05-21 20:54:00+00:00
659227,25-34,F,News,Mobile,Southeast,0,9.9,2023-02-10 04:31:00+00:00
659228,18-24,F,Health,Mobile,Northeast,0,6.0875,2023-06-20 14:15:00+00:00
659229,55+,F,Health,Mobile,South,1,0.9313,2023-05-26 01:55:00+00:00
659230,35-44,F,Auto,Tablet,Midwest,1,6.26,2023-06-08 14:22:00+00:00
659231,25-34,M,Auto,Web,Southeast,0,12.6888,2023-05-12 23:27:00+00:00
659232,55+,M,Retail,Tablet,South,0,3.1725,2023-05-19 18:28:00+00:00
659233,45-54,F,Finance,Mobile,West,0,12.56,2023-05-14 13:19:00+00:00
659234,25-34,M,Housing,Mobile,Southeast,0,6.8338,2023-03-09 19:26:00+00:00
659235,35-44,F,Health,Web,Midwest,0,2.3075,2023-05-27 14:03:00+00:00
659236,25-34,F,News,Mobile,Southeast,0,7.3,2023-05-11 22:18:00+00:00
659237,55+,M,News,Tablet,South,0,11.24,2023-03-14 00:44:00+00:00
659238,55+,F,Health,Web,South,0,9.7575,2023-06-16 22:06:00+00:00
659239,35-44,F,Auto,Web,Midwest,0,14.86,2023-05-29 16:04:00+00:00
659240,18-24,M,Finance,Web,Northeast,0,1.7212,2023-04-08 01:56:00+00:00
659241,25-34,M,Auto,Tablet,Southeast,0,10.62,2023-02-26 08:50:00+00:00
659242,25-34,M,Auto,Mobile,Southeast,0,14.64,2023-05-18 05:53:00+00:00
659243,45-54,F,Retail,Web,West,1,7.5237,2023-01-20 19:54:00+00:00
659244,55+,F,Auto,Mobile,South,0,8.5213,2023-06-27 09:08:00+00:00
659245,18-24,M,Finance,Tablet,Northeast,0,6.44,2023-01-08 19:18:00+00:00
659246,25-34,M,Auto,Mobile,Southeast,0,2.615,2023-02-02 20:30:00+00:00
659247,25-34,M,Housing,Tablet,Southeast,0,7.8012,2023-05-22 09:37:00+00:00
659248,55+,M,Finance,Tablet,South,0,10.58,2023-01-15 14:44:00+00:00
659249,25-34,F,Finance,Web,Southeast,0,9.3788,2023-01-24 23:37:00+00:00
659250,25-34,F,Retail,Mobile,Southeast,0,2.0513,2023-06-11 17:14:00+00:00
659251,25-34,F,Housing,Web,Northeast,0,13.34,2023-02-22 04:50:00+00:00
659252,18-24,F,Housing,Web,Northeast,1,5.3187,2023-03-17 15:45:00+00:00
659253,25-34,F,News,Web,Southeast,0,9.4838,2023-05-28 03:55:00+00:00
659254,55+,F,Housing,Mobile,South,0,14.64,2023-05-18 17:36:00+00:00
659255,25-34,M,Health,Mobile,Southeast,0,0.8762,2023-02-11 05:14:00+00:00
659256,18-24,M,News,Mobile,Northeast,0,3.95,2023-05-21 08:11:00+00:00
659257,35-44,F,Health,Web,Midwest,0,11.52,2023-05-22 21:28:00+00:00
659258,35-44,M,News,Tablet,Midwest,0,5.5888,2023-06-01 07:55:00+00:00
659259,35-44,F,Auto,Tablet,Midwest,1,1.645,2023-01-17 04:45:00+00:00
659260,25-34,M,Health,Tablet,Southeast,0,12.78,2023-04-15 08:06:00+00:00
659261,18-24,M,Retail,Tablet,Northeast,0,11.5625,2023-04-21 02:32:00+00:00
659262,25-34,F,Retail,Web,Southeast,1,12.6337,2023-06-17 11:15:00+00:00
659263,55+,M,Retail,Tablet,South,0,9.66,2023-01-09 08:26:00+00:00
659264,55+,F,Auto,Web,South,0,6.03,2023-02-14 08:14:00+00:00
659265,25-34,M,Health,Tablet,Southeast,1,8.56,2023-03-30 16:38:00+00:00
659266,25-34,F,Retail,Mobile,Southeast,0,13.96,2023-03-05 15:26:00+00:00
659267,55+,M,Finance,Tablet,South,0,5.3963,2023-02-07 13:39:00+00:00
659268,25-34,F,Retail,Web,Southeast,0,5.8,2023-01-01 00:51:00+00:00
659269,55+,M,Retail,Mobile,South,0,6.86,2023-01-09 20:35:00+00:00
659270,18-24,M,News,Mobile,Northeast,0,4.215,2023-06-22 04:58:00+00:00
659271,35-44,M,Finance,Tablet,Midwest,1,3.9875,2023-05-11 22:27:00+00:00
659272,18-24,F,Health,Web,Northeast,1,14.84,2023-06-17 11:23:00+00:00
659273,18-24,F,Auto,Web,Northeast,0,8.6913,2023-06-23 17:24:00+00:00
659274,18-24,M,News,Mobile,Northeast,0,2.3137,2023-04-02 19:04:00+00:00
659275,35-44,F,Health,Web,Midwest,0,7.52,2023-03-23 09:28:00+00:00
659276,55+,F,Housing,Mobile,South,1,7.0425,2023-04-05 10:47:00+00:00
659277,18-24,F,Health,Tablet,Northeast,0,3.8775,2023-01-23 22:46:00+00:00
659278,55+,M,Retail,Web,South,0,8.26,2023-02-08 14:31:00+00:00
659279,55+,M,Finance,Web,South,0,0.855,2023-04-15 20:32:00+00:00
659280,35-44,F,Housing,Tablet,Midwest,1,7.6463,2023-02-07 13:56:00+00:00
659281,18-24,F,Health,Mobile,Northeast,1,8.08,2023-02-19 01:24:00+00:00
659282,18-24,F,Health,Mobile,Northeast,0,3.7012,2023-02-11 17:14:00+00:00
659283,45-54,M,Health,Mobile,West,0,6.1675,2023-06-04 22:56:00+00:00
659284,45-54,F,Finance,Web,West,0,13.68,2023-05-30 05:47:00+00:00
659285,35-44,F,Health,Tablet,Midwest,0,12.0312,2023-06-15 09:32:00+00:00
659286,35-44,F,Auto,Mobile,Midwest,0,8.46,2023-01-29 16:21:00+00:00
659287,35-44,F,Housing,Mobile,Midwest,0,10.18,2023-06-04 10:22:00+00:00
659288,45-54,M,Health,Tablet,West,1,11.9288,2023-06-13 07:31:00+00:00
659289,45-54,M,Housing,Mobile,West,0,12.42,2023-01-17 16:28:00+00:00
659290,25-34,M,Auto,Tablet,Southeast,0,9.58,2023-05-25 12:37:00+00:00
659291,25-34,F,Finance,Mobile,Southeast,1,6.6725,2023-04-09 02:39:00+00:00
659292,55+,M,Finance,Web,South,1,7.9912,2023-05-14 01:19:00+00:00
659293,35-44,F,Health,Tablet,Midwest,1,11.72,2023-06-21 03:24:00+00:00
659294,25-34,F,Finance,Web,Southeast,0,11.02,2023-01-17 16:19:00+00:00
659295,55+,F,Housing,Web,South,0,8.47,2023-01-17 16:53:00+00:00
659296,25-34,M,Auto,Web,Southeast,0,10.98,2023-06-24 18:16:00+00:00
659297,45-54,F,News,Web,West,1,6.2337,2023-01-28 03:55:00+00:00
659298,45-54,M,Housing,Web,West,0,5.8375,2023-05-31 06:38:00+00:00
659299,35-44,F,Health,Tablet,Midwest,1,13.52,2023-05-02 01:17:00+00:00
659300,35-44,M,Finance,Web,Midwest,1,11.4238,2023-03-01 11:25:00+00:00
659301,25-34,F,Housing,Tablet,Northeast,0,13.24,2023-05-08 07:43:00+00:00
659302,55+,M,News,Mobile,South,1,9.56,2023-03-05 15:43:00+00:00
659303,35-44,F,Health,Web,Midwest,0,12.6363,2023-03-31 05:29:00+00:00
659304,18-24,F,Housing,Tablet,Northeast,1,6.0912,2023-02-03 09:21:00+00:00
659305,45-54,M,Health,Mobile,West,0,14.62,2023-02-26 08:42:00+00:00
659306,35-44,F,Auto,Mobile,Midwest,0,10.8812,2023-05-26 01:20:00+00:00
659307,35-44,M,Retail,Web,Midwest,0,4.1225,2023-01-19 18:45:00+00:00
659308,45-54,M,Health,Mobile,West,0,14.96,2023-01-14 13:10:00+00:00
659309,18-24,M,Retail,Tablet,Northeast,0,7.3063,2023-04-16 21:06:00+00:00
659310,35-44,F,Housing,Mobile,Midwest,0,4.285,2023-01-09 20:26:00+00:00
659311,55+,F,Health,Tablet,South,0,12.36,2023-03-25 11:46:00+00:00
659312,55+,F,Health,Web,South,0,2.55,2023-06-10 16:40:00+00:00
659313,35-44,F,Auto,Tablet,Midwest,0,11.4987,2023-06-29 23:25:00+00:00
659314,25-34,F,News,Tablet,Southeast,0,8.8,2023-03-27 01:37:00+00:00
659315,25-34,F,News,Tablet,Southeast,0,1.455,2023-05-25 12:20:00+00:00
659316,18-24,F,Housing,Web,Northeast,1,10.7212,2023-06-27 09:08:00+00:00
659317,35-44,F,Auto,Mobile,Midwest,0,8.92,2023-03-13 23:35:00+00:00
659318,35-44,M,Retail,Web,Midwest,0,8.2875,2023-01-31 06:12:00+00:00
659319,25-34,F,News,Web,Southeast,0,5.1475,2023-05-19 06:28:00+00:00
659320,55+,F,Auto,Web,South,0,10.18,2023-02-24 06:24:00+00:00
659321,45-54,M,Auto,Web,West,0,2.7037,2023-04-14 19:57:00+00:00
659322,25-34,F,Retail,Web,Southeast,0,5.7237,2023-06-09 03:22:00+00:00
659323,35-44,F,Auto,Mobile,Midwest,1,10.48,2023-01-10 09:18:00+00:00
659324,18-24,M,Finance,Mobile,Northeast,1,2.0163,2023-01-14 13:19:00+00:00
659325,35-44,F,Auto,Mobile,Midwest,0,8.2475,2023-04-29 22:51:00+00:00
659326,45-54,M,Housing,Tablet,West,1,7.22,2023-03-28 02:46:00+00:00
659327,35-44,M,News,Tablet,Midwest,0,6.605,2023-05-05 04:26:00+00:00
659328,45-54,M,Health,Web,West,0,1.4788,2023-02-13 07:57:00+00:00
659329,45-54,F,Finance,Web,West,0,10.24,2023-02-27 09:16:00+00:00
659330,25-34,F,Retail,Tablet,Southeast,0,1.5063,2023-05-26 13:29:00+00:00
659331,18-24,F,Auto,Web,Northeast,1,11.6925,2023-04-05 10:04:00+00:00
659332,45-54,F,Retail,Web,West,0,5.66,2023-05-09 08:44:00+00:00
659333,45-54,M,Health,Web,West,1,4.2837,2023-01-08 19:43:00+00:00
659334,18-24,M,Finance,Mobile,Northeast,1,6.4938,2023-03-17 03:27:00+00:00
659335,45-54,M,Health,Mobile,West,1,15.24,2023-04-18 23:41:00+00:00
659336,45-54,M,Housing,Tablet,West,0,1.2025,2023-03-04 02:51:00+00:00
659337,35-44,M,Finance,Tablet,Midwest,0,12.2,2023-01-01 00:00:00+00:00
659338,55+,M,Retail,Tablet,South,0,7.16,2023-01-24 11:54:00+00:00
659339,35-44,F,Auto,Mobile,Midwest,0,11.1538,2023-05-04 03:09:00+00:00
659340,35-44,M,Finance,Web,Midwest,0,12.36,2023-04-19 00:06:00+00:00
659341,18-24,M,Finance,Mobile,Northeast,0,10.72,2023-05-02 01:08:00+00:00
659342,45-54,M,Housing,Tablet,West,1,2.4925,2023-01-15 02:44:00+00:00
659343,25-34,F,Retail,Web,Southeast,0,8.5188,2023-03-17 15:45:00+00:00
659344,18-24,M,Retail,Tablet,Northeast,0,10.38,2023-03-26 12:37:00+00:00
659345,45-54,M,Health,Web,West,0,6.9425,2023-01-15 02:53:00+00:00
659346,25-34,M,Housing,Web,Southeast,0,2.6662,2023-06-03 21:39:00+00:00
659347,25-34,F,Retail,Web,Southeast,1,9.34,2023-04-03 20:13:00+00:00
659348,18-24,M,News,Web,Northeast,0,12.4887,2023-04-02 07:55:00+00:00
659349,55+,M,Finance,Mobile,South,0,12.0213,2023-04-08 01:56:00+00:00
659350,55+,M,News,Mobile,South,0,9.24,2023-02-17 23:32:00+00:00
659351,25-34,F,Housing,Web,Northeast,0,11.5,2023-05-21 08:20:00+00:00
659352,18-24,F,Housing,Web,Northeast,0,12.1363,2023-02-19 13:07:00+00:00
659353,18-24,M,News,Mobile,Northeast,0,6.14,2023-06-02 08:04:00+00:00
659354,45-54,F,News,Mobile,West,0,5.7613,2023-01-10 09:27:00+00:00
659355,35-44,F,Housing,Tablet,Midwest,0,10.0137,2023-05-12 11:35:00+00:00
659356,18-24,F,Housing,Tablet,Northeast,0,14.72,2023-01-22 21:20:00+00:00
659357,25-34,M,Housing,Tablet,Southeast,0,10.445,2023-02-26 20:42:00+00:00
659358,25-34,M,Housing,Web,Southeast,0,0.5375,2023-05-31 06:38:00+00:00
659359,55+,F,Health,Mobile,South,0,8.76,2023-06-13 19:57:00+00:00
659360,25-34,F,Finance,Web,Southeast,0,7.1525,2023-05-03 02:00:00+00:00
659361,35-44,M,Finance,Tablet,Midwest,0,12.9437,2023-06-05 11:39:00+00:00
659362,55+,M,News,Tablet,South,0,13.7,2023-06-20 02:32:00+00:00
659363,18-24,M,Finance,Mobile,Northeast,0,12.695,2023-06-06 12:30:00+00:00
659364,35-44,F,Housing,Tablet,Midwest,0,4.2225,2023-04-09 02:05:00+00:00
659365,18-24,M,Retail,Web,Northeast,0,14.4,2023-03-27 13:20:00+00:00
659366,55+,M,Finance,Web,South,0,12.695,2023-01-17 04:19:00+00:00
659367,25-34,F,Retail,Tablet,Southeast,0,7.9775,2023-01-23 22:28:00+00:00
659368,25-34,M,Health,Web,Southeast,0,10.78,2023-01-25 00:20:00+00:00
659369,55+,M,News,Web,South,0,6.0625,2023-03-12 10:01:00+00:00
659370,55+,F,Health,Web,South,1,6.7263,2023-05-02 13:34:00+00:00
659371,18-24,F,Auto,Tablet,Northeast,1,13.84,2023-06-07 01:22:00+00:00
659372,18-24,M,Finance,Mobile,Northeast,1,8.7975,2023-03-20 06:36:00+00:00
659373,18-24,M,Retail,Web,Northeast,0,5.4737,2023-06-09 03:05:00+00:00
659374,45-54,M,Housing,Web,West,1,10.56,2023-04-24 05:07:00+00:00
659375,18-24,F,Housing,Mobile,Northeast,0,12.42,2023-01-17 16:28:00+00:00
659376,25-34,M,Health,Web,Southeast,0,1.0613,2023-04-20 01:15:00+00:00
659377,45-54,M,Health,Tablet,West,0,10.9,2023-05-11 22:01:00+00:00
659378,45-54,M,Health,Web,West,0,9.1937,2023-03-17 03:45:00+00:00
659379,55+,F,Auto,Tablet,South,0,9.5563,2023-03-27 13:55:00+00:00
659380,18-24,M,Finance,Web,Northeast,0,8.62,2023-05-17 16:19:00+00:00
659381,25-34,F,News,Tablet,Southeast,0,7.9337,2023-04-18 11:41:00+00:00
659382,35-44,M,Finance,Web,Midwest,0,2.9638,2023-01-12 11:35:00+00:00
659383,35-44,F,Health,Tablet,Midwest,0,14.66,2023-03-20 06:45:00+00:00
659384,25-34,F,News,Web,Southeast,0,7.69,2023-02-02 08:47:00+00:00
659385,25-34,M,Health,Web,Southeast,1,3.8475,2023-03-20 06:02:00+00:00
659386,55+,M,Finance,Web,South,1,14.5,2023-04-21 14:32:00+00:00
659387,45-54,M,Auto,Mobile,West,0,4.2475,2023-04-09 14:39:00+00:00
659388,35-44,F,Housing,Web,Midwest,0,12.4875,2023-03-12 22:44:00+00:00
659389,55+,F,Auto,Web,South,0,10.86,2023-04-19 12:15:00+00:00
659390,25-34,M,Health,Mobile,Southeast,1,6.5163,2023-02-23 05:33:00+00:00
659391,45-54,F,News,Tablet,West,0,10.8063,2023-05-06 05:52:00+00:00
659392,18-24,M,News,Tablet,Northeast,1,6.82,2023-03-28 02:55:00+00:00
659393,35-44,F,Health,Web,Midwest,0,9.1025,2023-03-04 02:17:00+00:00
659394,35-44,M,News,Mobile,Midwest,1,1.4487,2023-02-09 15:57:00+00:00
659395,25-34,F,Retail,Mobile,Southeast,0,9.04,2023-04-08 01:39:00+00:00
659396,55+,M,Finance,Web,South,0,11.855,2023-02-14 20:06:00+00:00
659397,45-54,F,News,Tablet,West,1,1.8388,2023-02-21 15:24:00+00:00
659398,35-44,F,Housing,Tablet,Midwest,0,13.2,2023-01-06 05:00:00+00:00
659399,55+,F,Health,Mobile,South,1,1.5662,2023-06-03 21:13:00+00:00
659400,35-44,F,Health,Tablet,Midwest,0,4.2012,2023-01-22 09:20:00+00:00
659401,25-34,F,Housing,Tablet,Northeast,0,7.4,2023-01-16 03:27:00+00:00
659402,18-24,F,Auto,Mobile,Northeast,1,11.6438,2023-03-17 03:45:00+00:00
659403,35-44,M,Retail,Mobile,Midwest,0,2.5263,2023-06-11 05:05:00+00:00
659404,35-44,F,Auto,Web,Midwest,0,11.74,2023-04-03 08:30:00+00:00
659405,35-44,M,News,Web,Midwest,1,6.7962,2023-05-18 05:28:00+00:00
659406,35-44,M,Finance,Mobile,Midwest,0,4.98,2023-02-14 08:49:00+00:00
659407,45-54,M,Health,Tablet,West,1,7.24,2023-03-29 15:03:00+00:00
659408,45-54,F,Finance,Web,West,0,6.9212,2023-06-07 01:39:00+00:00
659409,45-54,F,Retail,Mobile,West,0,6.7088,2023-01-28 15:12:00+00:00
659410,25-34,F,Finance,Tablet,Southeast,1,13.64,2023-05-08 19:35:00+00:00
659411,18-24,F,Housing,Tablet,Northeast,0,5.105,2023-03-26 12:12:00+00:00
659412,45-54,F,Finance,Tablet,West,1,12.04,2023-05-13 00:36:00+00:00
659413,55+,M,Retail,Tablet,South,0,10.7,2023-05-01 12:25:00+00:00
659414,45-54,M,Auto,Tablet,West,0,11.51,2023-03-30 16:46:00+00:00
659415,55+,F,Auto,Mobile,South,1,1.2425,2023-04-25 18:59:00+00:00
659416,35-44,M,News,Web,Midwest,0,15.2,2023-05-26 13:55:00+00:00
659417,25-34,F,Retail,Mobile,Southeast,1,11.7575,2023-06-16 22:32:00+00:00
659418,35-44,M,Finance,Mobile,Midwest,1,1.6025,2023-01-03 02:08:00+00:00
659419,18-24,M,Retail,Tablet,Northeast,1,14.9,2023-06-20 02:58:00+00:00
659420,25-34,M,Auto,Web,Southeast,0,12.8775,2023-05-23 22:46:00+00:00
659421,45-54,M,Auto,Tablet,West,0,11.1125,2023-01-11 10:52:00+00:00
659422,45-54,M,Auto,Tablet,West,0,14.48,2023-03-31 17:21:00+00:00
659423,18-24,F,Health,Web,Northeast,0,10.7312,2023-01-06 17:52:00+00:00
659424,45-54,M,Auto,Tablet,West,0,9.2212,2023-05-18 17:36:00+00:00
659425,55+,M,Finance,Web,South,1,14.14,2023-04-03 08:21:00+00:00
659426,45-54,M,Housing,Web,West,0,7.7162,2023-04-24 05:50:00+00:00
659427,35-44,M,Finance,Mobile,Midwest,0,10.7675,2023-06-04 22:13:00+00:00
659428,45-54,M,Housing,Web,West,0,13.6,2023-06-15 09:49:00+00:00
659429,25-34,M,Housing,Mobile,Southeast,0,9.2475,2023-04-09 14:14:00+00:00
659430,55+,M,Retail,Web,South,0,12.3413,2023-04-04 09:39:00+00:00
659431,35-44,M,Finance,Mobile,Midwest,0,13.5,2023-03-02 00:25:00+00:00
659432,55+,F,Auto,Web,South,0,1.95,2023-01-21 08:28:00+00:00
659433,45-54,F,Retail,Web,West,0,3.8325,2023-06-16 10:32:00+00:00
659434,55+,M,Retail,Web,South,0,6.66,2023-02-08 02:05:00+00:00
659435,45-54,F,News,Mobile,West,0,1.5688,2023-03-17 15:36:00+00:00
659436,35-44,M,News,Tablet,Midwest,0,0.6675,2023-02-24 06:42:00+00:00
659437,25-34,F,Finance,Web,Southeast,0,5.82,2023-01-17 16:10:00+00:00
659438,45-54,M,Auto,Web,West,1,10.1075,2023-04-17 22:15:00+00:00
659439,55+,F,Auto,Web,South,1,11.2263,2023-05-02 13:25:00+00:00
659440,35-44,M,Retail,Web,Midwest,0,13.44,2023-01-18 17:36:00+00:00
659441,18-24,F,Housing,Web,Northeast,1,2.3662,2023-06-03 21:21:00+00:00
659442,18-24,F,Housing,Web,Northeast,0,11.5237,2023-03-21 19:02:00+00:00
659443,55+,M,News,Tablet,South,1,10.74,2023-06-12 18:31:00+00:00
659444,18-24,M,Finance,Tablet,Northeast,0,12.3325,2023-03-08 18:09:00+00:00
659445,18-24,F,Housing,Mobile,Northeast,1,2.195,2023-02-26 20:08:00+00:00
659446,45-54,F,News,Tablet,West,0,15.22,2023-03-08 06:00:00+00:00
659447,55+,M,Finance,Tablet,South,0,9.3675,2023-06-24 06:16:00+00:00
659448,25-34,M,Health,Mobile,Southeast,0,12.9825,2023-05-07 18:09:00+00:00
659449,45-54,M,Health,Tablet,West,0,11.58,2023-06-14 20:06:00+00:00
659450,55+,F,Auto,Tablet,South,1,6.3137,2023-03-13 11:35:00+00:00
659451,25-34,F,Housing,Tablet,Northeast,0,6.04,2023-02-17 23:23:00+00:00
659452,18-24,M,Finance,Tablet,Northeast,0,5.54,2023-02-12 06:31:00+00:00
659453,18-24,M,Finance,Mobile,Northeast,1,12.0988,2023-04-30 23:08:00+00:00
659454,55+,M,Retail,Web,South,1,11.4488,2023-05-20 07:45:00+00:00
659455,45-54,M,Health,Web,West,1,5.72,2023-03-13 23:10:00+00:00
659456,55+,F,Auto,Mobile,South,0,7.1913,2023-04-24 17:50:00+00:00
659457,18-24,M,Retail,Web,Northeast,0,2.3525,2023-04-13 18:06:00+00:00
659458,25-34,M,Health,Web,Southeast,0,15.08,2023-01-20 07:11:00+00:00
659459,25-34,M,Auto,Tablet,Southeast,0,7.2088,2023-05-08 07:01:00+00:00
659460,25-34,F,Finance,Tablet,Southeast,0,11.5437,2023-06-05 11:30:00+00:00
659461,55+,F,Auto,Tablet,South,1,11.24,2023-04-18 11:32:00+00:00
659462,25-34,M,Auto,Mobile,Southeast,0,12.9262,2023-01-02 13:08:00+00:00
659463,35-44,M,News,Web,Midwest,0,1.3525,2023-02-12 18:23:00+00:00
659464,55+,M,News,Mobile,South,0,9.9,2023-06-10 16:48:00+00:00
659465,45-54,F,Finance,Web,West,1,5.725,2023-03-22 20:02:00+00:00
659466,18-24,F,Auto,Web,Northeast,0,1.5962,2023-06-07 13:22:00+00:00
659467,55+,M,Retail,Mobile,South,1,13.34,2023-04-23 04:24:00+00:00
659468,35-44,F,Health,Web,Midwest,1,12.2163,2023-01-14 13:10:00+00:00
659469,25-34,M,Health,Mobile,Southeast,0,8.3,2023-05-01 00:34:00+00:00
659470,45-54,M,Housing,Tablet,West,0,14.22,2023-02-06 12:56:00+00:00
659471,25-34,F,Retail,Mobile,Southeast,0,10.6925,2023-04-25 18:50:00+00:00
659472,18-24,M,News,Mobile,Northeast,0,0.7612,2023-05-30 17:38:00+00:00
659473,55+,F,Auto,Web,South,0,15.4,2023-05-16 15:27:00+00:00
659474,35-44,M,Retail,Mobile,Midwest,0,3.685,2023-02-18 12:06:00+00:00
659475,45-54,F,Finance,Web,West,0,4.93,2023-05-05 16:52:00+00:00
659476,18-24,M,News,Tablet,Northeast,0,7.8,2023-03-17 15:36:00+00:00
659477,55+,M,Retail,Tablet,South,0,11.0312,2023-01-26 01:37:00+00:00
659478,55+,M,Retail,Mobile,South,0,5.7387,2023-06-01 07:04:00+00:00
659479,55+,M,News,Web,South,1,11.7,2023-03-12 22:52:00+00:00
659480,45-54,M,Housing,Web,West,0,5.6175,2023-03-16 14:53:00+00:00
659481,25-34,F,Finance,Mobile,Southeast,1,7.6375,2023-03-12 22:35:00+00:00
659482,25-34,F,Finance,Web,Southeast,1,7.36,2023-03-15 01:19:00+00:00
659483,18-24,M,Finance,Tablet,Northeast,0,9.07,2023-02-06 00:30:00+00:00
659484,25-34,F,Retail,Tablet,Southeast,0,4.9463,2023-06-27 21:16:00+00:00
659485,35-44,F,Auto,Mobile,Midwest,1,10.12,2023-01-12 11:10:00+00:00
659486,25-34,F,News,Mobile,Southeast,0,6.2,2023-04-11 16:05:00+00:00
659487,18-24,F,Auto,Tablet,Northeast,0,0.5962,2023-05-18 05:02:00+00:00
659488,45-54,M,Health,Mobile,West,1,13.72,2023-04-22 15:50:00+00:00
659489,45-54,F,Finance,Web,West,0,12.8987,2023-06-09 15:14:00+00:00
659490,55+,F,Auto,Web,South,0,11.1875,2023-04-21 14:32:00+00:00
659491,25-34,F,Retail,Web,Southeast,0,9.48,2023-05-20 19:02:00+00:00
659492,18-24,M,Retail,Tablet,Northeast,0,12.59,2023-06-22 16:24:00+00:00
659493,45-54,F,News,Tablet,West,0,10.8325,2023-04-17 10:32:00+00:00
659494,45-54,M,Housing,Web,West,0,14.86,2023-04-19 00:49:00+00:00
659495,45-54,F,Finance,Web,West,0,8.765,2023-02-22 04:24:00+00:00
659496,45-54,M,Housing,Tablet,West,1,2.4263,2023-01-02 13:43:00+00:00
659497,18-24,F,Auto,Mobile,Northeast,0,8.76,2023-01-04 15:17:00+00:00
659498,35-44,M,Retail,Tablet,Midwest,0,2.0725,2023-04-09 02:56:00+00:00
659499,18-24,F,Auto,Tablet,Northeast,1,4.0687,2023-04-06 23:56:00+00:00
659500,35-44,F,Auto,Mobile,Midwest,0,5.74,2023-06-22 16:33:00+00:00
659501,25-34,F,Housing,Mobile,Northeast,0,6.12,2023-01-12 11:18:00+00:00
659502,25-34,F,Retail,Mobile,Southeast,0,8.6212,2023-05-18 17:02:00+00:00
659503,18-24,M,Finance,Tablet,Northeast,1,6.92,2023-01-12 23:53:00+00:00
659504,55+,M,Finance,Mobile,South,0,1.1987,2023-03-01 23:34:00+00:00
659505,45-54,M,Health,Mobile,West,0,1.8137,2023-02-21 03:07:00+00:00
659506,45-54,M,Health,Mobile,West,0,12.24,2023-02-07 13:22:00+00:00
659507,35-44,M,Retail,Tablet,Midwest,1,12.5125,2023-01-11 10:52:00+00:00
659508,25-34,M,Health,Mobile,Southeast,0,8.9087,2023-02-17 23:58:00+00:00
659509,35-44,F,Auto,Mobile,Midwest,0,13.2,2023-01-06 17:43:00+00:00
659510,18-24,F,Auto,Tablet,Northeast,0,2.9937,2023-06-05 11:30:00+00:00
659511,45-54,M,Auto,Tablet,West,0,9.6412,2023-03-15 01:53:00+00:00
659512,18-24,M,Finance,Web,Northeast,0,13.64,2023-03-09 19:18:00+00:00
659513,45-54,M,Housing,Mobile,West,1,2.1487,2023-06-29 23:08:00+00:00
659514,55+,M,News,Web,South,0,1.5063,2023-01-26 13:55:00+00:00
659515,55+,F,Health,Web,South,0,10.96,2023-02-03 09:21:00+00:00
659516,18-24,M,Retail,Mobile,Northeast,1,8.6438,2023-02-25 19:25:00+00:00
659517,45-54,F,Retail,Tablet,West,0,4.4413,2023-06-03 09:30:00+00:00
659518,35-44,F,Housing,Web,Midwest,0,12.6,2023-06-25 19:50:00+00:00
659519,45-54,M,Housing,Tablet,West,0,1.5875,2023-05-11 22:35:00+00:00
659520,25-34,F,Finance,Mobile,Southeast,1,2.9562,2023-05-06 05:09:00+00:00
659521,25-34,M,Housing,Web,Southeast,0,5.6,2023-02-15 21:15:00+00:00
659522,55+,F,Auto,Tablet,South,1,10.9462,2023-02-27 21:08:00+00:00
659523,35-44,F,Auto,Web,Midwest,0,10.455,2023-05-25 12:20:00+00:00
659524,35-44,F,Health,Tablet,Midwest,0,7.44,2023-06-27 09:33:00+00:00
659525,25-34,M,Auto,Web,Southeast,1,5.3125,2023-03-12 10:10:00+00:00
659526,55+,M,News,Mobile,South,0,1.4475,2023-04-09 14:39:00+00:00
659527,25-34,M,Housing,Tablet,Southeast,0,10.08,2023-05-30 05:38:00+00:00
659528,18-24,M,News,Mobile,Northeast,1,12.6837,2023-05-28 03:21:00+00:00
659529,45-54,M,Auto,Tablet,West,0,10.2937,2023-02-25 19:50:00+00:00
659530,18-24,M,Finance,Mobile,Northeast,0,14.24,2023-06-27 21:42:00+00:00
659531,25-34,F,News,Tablet,Southeast,0,9.3175,2023-04-25 06:59:00+00:00
659532,55+,F,Auto,Web,South,0,7.7938,2023-02-05 11:05:00+00:00
659533,55+,M,Finance,Mobile,South,0,10.82,2023-01-27 14:38:00+00:00
659534,25-34,M,Health,Tablet,Southeast,0,12.925,2023-03-22 20:02:00+00:00
659535,18-24,M,News,Web,Northeast,0,6.2425,2023-04-25 18:42:00+00:00
659536,45-54,M,Housing,Tablet,West,0,13.58,2023-05-25 12:37:00+00:00
659537,55+,F,Auto,Tablet,South,0,6.79,2023-02-02 08:13:00+00:00
659538,18-24,M,News,Web,Northeast,0,7.47,2023-03-18 16:36:00+00:00
659539,45-54,F,Retail,Tablet,West,0,15.0,2023-02-25 19:42:00+00:00
659540,25-34,M,Auto,Web,Southeast,0,7.4688,2023-01-16 15:10:00+00:00
659541,25-34,F,Finance,Mobile,Southeast,0,3.0063,2023-05-06 05:52:00+00:00
659542,35-44,F,Health,Mobile,Midwest,0,6.38,2023-06-14 20:23:00+00:00
659543,45-54,M,Housing,Tablet,West,0,7.6813,2023-01-06 17:09:00+00:00
659544,55+,M,Retail,Tablet,South,0,5.2562,2023-02-15 21:40:00+00:00
659545,18-24,M,News,Mobile,Northeast,0,11.7,2023-06-20 02:58:00+00:00
659546,25-34,M,Housing,Mobile,Southeast,0,2.4975,2023-04-29 22:16:00+00:00
659547,55+,F,Auto,Tablet,South,1,2.57,2023-04-27 08:59:00+00:00
659548,45-54,F,Retail,Tablet,West,1,12.0,2023-01-26 01:29:00+00:00
659549,55+,M,Retail,Tablet,South,0,0.615,2023-02-02 20:56:00+00:00
659550,55+,F,Auto,Tablet,South,1,1.9937,2023-06-25 19:25:00+00:00
659551,25-34,F,Housing,Mobile,Northeast,0,13.2,2023-03-27 01:29:00+00:00
659552,18-24,M,Finance,Tablet,Northeast,1,6.2325,2023-02-16 10:06:00+00:00
659553,18-24,M,News,Tablet,Northeast,1,1.9712,2023-06-07 01:05:00+00:00
659554,45-54,F,Finance,Mobile,West,0,11.22,2023-06-16 10:49:00+00:00
659555,35-44,M,Retail,Web,Midwest,0,0.93,2023-03-26 00:20:00+00:00
659556,45-54,M,Health,Tablet,West,0,9.3987,2023-01-20 07:28:00+00:00
659557,18-24,F,Health,Tablet,Northeast,1,11.2,2023-01-26 01:03:00+00:00
659558,55+,M,Finance,Mobile,South,1,0.7013,2023-06-11 17:48:00+00:00
659559,55+,M,News,Mobile,South,1,12.7937,2023-03-17 03:10:00+00:00
659560,18-24,M,News,Tablet,Northeast,0,13.5,2023-06-10 04:22:00+00:00
659561,55+,M,News,Web,South,1,4.0625,2023-01-11 10:18:00+00:00
659562,45-54,F,Finance,Mobile,West,0,5.8863,2023-04-20 13:15:00+00:00
659563,25-34,M,Housing,Web,Southeast,1,6.88,2023-05-10 09:09:00+00:00
659564,55+,F,Health,Mobile,South,1,0.92,2023-02-26 08:08:00+00:00
659565,35-44,M,News,Mobile,Midwest,1,5.9325,2023-05-27 02:12:00+00:00
659566,35-44,F,Health,Tablet,Midwest,0,11.32,2023-02-21 03:15:00+00:00
659567,45-54,M,Health,Tablet,West,0,10.9925,2023-05-15 02:27:00+00:00
659568,55+,F,Housing,Mobile,South,0,7.655,2023-03-26 12:12:00+00:00
659569,18-24,M,Retail,Web,Northeast,0,14.82,2023-06-16 10:40:00+00:00
659570,35-44,F,Auto,Tablet,Midwest,0,10.5062,2023-02-15 21:57:00+00:00
659571,55+,M,Finance,Web,South,0,1.0012,2023-05-22 09:37:00+00:00
659572,25-34,F,Retail,Mobile,Southeast,0,12.28,2023-01-20 07:11:00+00:00
659573,55+,M,Finance,Mobile,South,0,12.9175,2023-01-15 14:44:00+00:00
659574,35-44,F,Auto,Mobile,Midwest,0,5.9188,2023-02-25 07:59:00+00:00
659575,55+,F,Housing,Mobile,South,0,6.22,2023-01-17 04:45:00+00:00
659576,18-24,F,Health,Mobile,Northeast,0,11.7325,2023-05-07 18:09:00+00:00
659577,18-24,M,Finance,Tablet,Northeast,1,0.91,2023-04-19 00:32:00+00:00
659578,55+,M,News,Web,South,0,14.76,2023-01-24 23:37:00+00:00
659579,45-54,M,Health,Mobile,West,0,2.0825,2023-01-07 18:18:00+00:00
659580,18-24,F,Health,Web,Northeast,0,11.2287,2023-04-14 07:23:00+00:00
659581,35-44,M,Retail,Mobile,Midwest,0,12.64,2023-04-08 01:22:00+00:00
659582,45-54,M,Housing,Mobile,West,1,9.9325,2023-05-07 18:35:00+00:00
659583,45-54,F,Finance,Tablet,West,1,12.7212,2023-02-27 09:42:00+00:00
659584,55+,F,Auto,Mobile,South,1,9.38,2023-03-16 02:10:00+00:00
659585,18-24,F,Housing,Mobile,Northeast,0,7.8913,2023-03-15 01:19:00+00:00
659586,45-54,M,Housing,Web,West,0,4.2313,2023-01-26 01:29:00+00:00
659587,45-54,F,News,Web,West,1,7.88,2023-04-10 03:31:00+00:00
659588,55+,F,Housing,Web,South,0,6.4025,2023-06-12 18:23:00+00:00
659589,35-44,F,Health,Tablet,Midwest,0,8.3038,2023-05-24 11:54:00+00:00
659590,45-54,F,Finance,Web,West,0,12.92,2023-04-22 03:07:00+00:00
659591,55+,M,Retail,Tablet,South,0,6.38,2023-05-25 00:54:00+00:00
659592,45-54,M,Auto,Mobile,West,0,8.4962,2023-03-19 05:19:00+00:00
659593,45-54,F,Finance,Tablet,West,0,8.22,2023-01-17 16:28:00+00:00
659594,25-34,M,Health,Tablet,Southeast,0,4.2912,2023-02-03 09:13:00+00:00
659595,25-34,M,Health,Tablet,Southeast,0,1.0325,2023-01-07 18:52:00+00:00
659596,25-34,M,Health,Tablet,Southeast,0,7.32,2023-03-13 11:18:00+00:00
659597,35-44,F,Health,Web,Midwest,0,2.8687,2023-04-26 07:50:00+00:00
659598,55+,M,Finance,Tablet,South,0,1.5913,2023-02-03 09:21:00+00:00
659599,25-34,M,Housing,Web,Southeast,0,7.16,2023-05-04 15:34:00+00:00
659600,35-44,M,Finance,Web,Midwest,0,8.2875,2023-05-31 06:04:00+00:00
659601,25-34,F,Housing,Web,Northeast,1,11.08,2023-03-01 11:34:00+00:00
659602,18-24,F,Auto,Web,Northeast,0,11.28,2023-04-20 13:41:00+00:00
659603,35-44,F,Auto,Web,Midwest,1,6.795,2023-06-06 12:56:00+00:00
659604,25-34,F,Retail,Mobile,Southeast,0,5.7538,2023-06-13 19:49:00+00:00
659605,55+,F,Housing,Tablet,South,1,7.68,2023-02-19 01:49:00+00:00
659606,55+,M,Retail,Mobile,South,0,1.5225,2023-06-08 02:14:00+00:00
659607,35-44,F,Auto,Mobile,Midwest,0,10.5962,2023-06-07 13:31:00+00:00
659608,45-54,F,Finance,Mobile,West,0,13.14,2023-05-03 14:51:00+00:00
659609,35-44,M,Retail,Mobile,Midwest,1,0.65,2023-04-11 16:57:00+00:00
659610,55+,F,Health,Tablet,South,0,5.9212,2023-02-27 09:33:00+00:00
659611,45-54,M,Health,Web,West,1,13.4,2023-04-26 19:25:00+00:00
659612,55+,F,Health,Web,South,1,4.13,2023-02-14 08:57:00+00:00
659613,25-34,F,Finance,Mobile,Southeast,1,7.6487,2023-02-09 15:31:00+00:00
659614,45-54,M,Housing,Web,West,0,6.28,2023-06-09 03:22:00+00:00
659615,18-24,M,Finance,Web,Northeast,0,1.3438,2023-02-25 19:33:00+00:00
659616,45-54,M,Health,Tablet,West,1,6.4975,2023-03-20 06:28:00+00:00
659617,45-54,M,Auto,Tablet,West,0,14.88,2023-04-20 13:07:00+00:00
659618,45-54,F,News,Tablet,West,0,7.2112,2023-01-10 09:44:00+00:00
659619,45-54,F,Finance,Mobile,West,1,9.53,2023-05-05 16:09:00+00:00
659620,25-34,F,Retail,Web,Southeast,1,11.12,2023-02-11 05:31:00+00:00
659621,45-54,F,Finance,Mobile,West,0,5.705,2023-01-25 12:37:00+00:00
659622,55+,M,Finance,Mobile,South,0,9.595,2023-02-26 20:25:00+00:00
659623,18-24,M,Finance,Web,Northeast,0,9.04,2023-01-18 05:53:00+00:00
659624,45-54,M,Housing,Mobile,West,0,12.935,2023-01-29 04:04:00+00:00
659625,18-24,M,Finance,Mobile,Northeast,0,11.0625,2023-05-11 10:44:00+00:00
659626,45-54,M,Health,Web,West,0,10.42,2023-05-27 02:55:00+00:00
659627,18-24,M,News,Web,Northeast,0,5.4688,2023-06-25 07:25:00+00:00
659628,35-44,F,Health,Tablet,Midwest,0,3.57,2023-01-17 16:45:00+00:00
659629,55+,M,News,Web,South,0,5.82,2023-04-27 08:42:00+00:00
659630,55+,F,Housing,Mobile,South,0,9.2363,2023-02-19 13:24:00+00:00
659631,25-34,F,Retail,Tablet,Southeast,0,11.9413,2023-01-14 01:44:00+00:00
659632,35-44,F,Auto,Tablet,Midwest,1,8.88,2023-01-10 21:27:00+00:00
659633,18-24,M,Finance,Tablet,Northeast,0,8.9925,2023-06-24 18:24:00+00:00
659634,35-44,M,News,Web,Midwest,1,12.3737,2023-04-30 11:42:00+00:00
659635,45-54,M,Housing,Web,West,1,15.18,2023-06-14 08:40:00+00:00
659636,25-34,F,News,Mobile,Southeast,1,10.7125,2023-02-20 02:07:00+00:00
659637,45-54,M,Housing,Mobile,West,0,3.6025,2023-02-12 18:40:00+00:00
659638,25-34,M,Auto,Tablet,Southeast,0,8.24,2023-01-18 05:19:00+00:00
659639,45-54,F,Finance,Mobile,West,0,8.7662,2023-02-23 05:33:00+00:00
659640,18-24,F,Auto,Tablet,Northeast,0,1.5513,2023-05-22 09:20:00+00:00
659641,18-24,F,Health,Mobile,Northeast,0,6.46,2023-03-10 08:26:00+00:00
659642,35-44,F,Housing,Mobile,Midwest,0,10.54,2023-03-14 00:36:00+00:00
659643,45-54,M,Health,Tablet,West,1,0.5825,2023-05-27 02:55:00+00:00
659644,18-24,F,Auto,Mobile,Northeast,1,7.5,2023-02-10 16:48:00+00:00
659645,35-44,F,Health,Tablet,Midwest,0,12.9812,2023-05-06 17:00:00+00:00
659646,18-24,F,Housing,Tablet,Northeast,0,5.5438,2023-05-16 03:27:00+00:00
659647,35-44,F,Health,Web,Midwest,0,8.14,2023-06-02 20:30:00+00:00
659648,35-44,M,Finance,Web,Midwest,1,0.7475,2023-02-28 22:42:00+00:00
659649,25-34,F,Retail,Web,Southeast,1,7.1825,2023-05-07 18:43:00+00:00
659650,25-34,F,Retail,Tablet,Southeast,0,9.98,2023-06-14 20:14:00+00:00
659651,25-34,F,Housing,Mobile,Northeast,0,8.76,2023-01-24 11:37:00+00:00
659652,45-54,F,News,Web,West,0,5.3937,2023-06-25 19:50:00+00:00
659653,35-44,F,Housing,Mobile,Midwest,1,10.3,2023-05-01 00:17:00+00:00
659654,45-54,M,Health,Web,West,0,12.7875,2023-05-31 06:55:00+00:00
659655,45-54,M,Auto,Mobile,West,0,8.8488,2023-03-01 23:51:00+00:00
659656,55+,F,Auto,Mobile,South,0,9.7,2023-06-20 02:07:00+00:00
659657,55+,F,Health,Tablet,South,1,11.68,2023-03-26 00:37:00+00:00
659658,55+,M,Finance,Tablet,South,1,7.1,2023-05-21 08:02:00+00:00
659659,35-44,M,Retail,Tablet,Midwest,0,12.32,2023-06-11 05:31:00+00:00
659660,18-24,M,Retail,Tablet,Northeast,0,2.5913,2023-04-04 09:21:00+00:00
659661,55+,F,Housing,Mobile,South,1,7.7737,2023-06-29 11:25:00+00:00
659662,35-44,M,News,Mobile,Midwest,0,7.6,2023-05-06 17:00:00+00:00
659663,18-24,F,Housing,Mobile,Northeast,0,4.1662,2023-06-03 21:21:00+00:00
659664,55+,M,News,Mobile,South,1,0.5025,2023-04-13 18:40:00+00:00
659665,45-54,F,Finance,Tablet,West,1,10.14,2023-04-03 20:38:00+00:00
659666,25-34,F,Finance,Mobile,Southeast,1,4.7,2023-05-01 00:17:00+00:00
659667,45-54,M,Auto,Web,West,0,11.49,2023-02-22 16:58:00+00:00
659668,55+,F,Auto,Web,South,1,10.8,2023-04-16 21:06:00+00:00
659669,55+,F,Health,Web,South,1,8.7,2023-04-11 16:40:00+00:00
659670,35-44,F,Health,Web,Midwest,0,3.7225,2023-04-09 02:48:00+00:00
659671,25-34,M,Auto,Tablet,Southeast,0,11.18,2023-03-06 16:43:00+00:00
659672,55+,F,Auto,Mobile,South,0,7.9662,2023-02-03 21:21:00+00:00
659673,25-34,F,Retail,Web,Southeast,0,12.3987,2023-05-20 07:11:00+00:00
659674,35-44,F,Auto,Mobile,Midwest,0,11.22,2023-01-07 06:52:00+00:00
659675,35-44,M,Retail,Tablet,Midwest,0,0.5713,2023-02-27 09:42:00+00:00
659676,35-44,M,News,Web,Midwest,1,6.7725,2023-02-08 02:31:00+00:00
659677,45-54,M,Auto,Web,West,0,12.36,2023-01-24 23:11:00+00:00
659678,25-34,F,Retail,Mobile,Southeast,0,6.2725,2023-02-08 02:31:00+00:00
659679,25-34,M,Health,Web,Southeast,0,9.9537,2023-04-14 19:06:00+00:00
659680,25-34,M,Auto,Mobile,Southeast,0,14.96,2023-02-23 17:50:00+00:00
659681,25-34,F,News,Tablet,Southeast,0,4.1325,2023-01-07 18:18:00+00:00
659682,35-44,F,Auto,Mobile,Midwest,0,11.1512,2023-05-22 09:20:00+00:00
659683,35-44,F,Housing,Mobile,Midwest,0,10.5,2023-05-31 06:38:00+00:00
659684,25-34,M,Auto,Tablet,Southeast,0,8.4112,2023-01-10 09:18:00+00:00
659685,55+,F,Housing,Tablet,South,1,9.2112,2023-01-30 17:21:00+00:00
659686,18-24,F,Housing,Mobile,Northeast,0,14.32,2023-05-22 09:37:00+00:00
659687,18-24,M,Finance,Web,Northeast,0,2.6437,2023-06-05 11:05:00+00:00
659688,45-54,M,Health,Mobile,West,0,10.7688,2023-06-05 23:47:00+00:00
659689,25-34,M,Housing,Tablet,Southeast,0,12.76,2023-05-24 23:54:00+00:00
659690,35-44,F,Auto,Tablet,Midwest,1,6.7225,2023-03-20 18:11:00+00:00
659691,25-34,M,Auto,Web,Southeast,0,10.835,2023-01-09 20:52:00+00:00
659692,45-54,M,Auto,Web,West,0,8.44,2023-02-17 23:06:00+00:00
659693,45-54,F,Finance,Web,West,1,12.24,2023-06-02 08:21:00+00:00
659694,45-54,M,Health,Tablet,West,0,1.6587,2023-05-28 15:38:00+00:00
659695,25-34,M,Auto,Mobile,Southeast,0,9.52,2023-03-23 09:54:00+00:00
659696,45-54,F,Retail,Web,West,0,11.7587,2023-03-29 15:03:00+00:00
659697,18-24,M,Finance,Mobile,Northeast,0,12.0325,2023-03-08 18:18:00+00:00
659698,18-24,M,Retail,Mobile,Northeast,1,11.44,2023-02-27 21:33:00+00:00
659699,45-54,M,Housing,Tablet,West,1,10.56,2023-05-09 08:09:00+00:00
659700,18-24,F,Housing,Tablet,Northeast,0,5.1063,2023-05-26 13:37:00+00:00
659701,25-34,F,Housing,Tablet,Northeast,0,9.8,2023-04-06 11:30:00+00:00
659702,18-24,M,Finance,Web,Northeast,0,8.755,2023-01-05 04:00:00+00:00
659703,45-54,M,Health,Web,West,0,9.8837,2023-02-17 11:41:00+00:00
659704,45-54,M,Auto,Web,West,1,8.06,2023-02-18 12:32:00+00:00
659705,45-54,F,Retail,Tablet,West,1,11.4612,2023-03-31 17:04:00+00:00
659706,25-34,F,News,Mobile,Southeast,1,0.5062,2023-02-15 21:32:00+00:00
659707,25-34,F,News,Tablet,Southeast,0,11.44,2023-02-27 21:33:00+00:00
659708,25-34,M,Auto,Mobile,Southeast,0,5.0362,2023-01-30 05:47:00+00:00
659709,18-24,M,Retail,Web,Northeast,0,8.665,2023-06-22 04:33:00+00:00
659710,18-24,M,News,Tablet,Northeast,1,5.98,2023-01-25 00:46:00+00:00
659711,18-24,F,Health,Mobile,Northeast,0,7.6825,2023-06-16 10:49:00+00:00
659712,35-44,F,Health,Web,Midwest,0,10.4038,2023-04-14 19:57:00+00:00
659713,25-34,F,News,Mobile,Southeast,0,14.62,2023-02-06 12:48:00+00:00
659714,55+,F,Auto,Mobile,South,1,7.2588,2023-06-17 23:23:00+00:00
659715,35-44,M,News,Mobile,Midwest,1,0.6138,2023-04-02 19:30:00+00:00
659716,35-44,M,Retail,Web,Midwest,0,9.42,2023-02-06 12:13:00+00:00
659717,35-44,M,Retail,Web,Midwest,0,7.935,2023-01-29 04:46:00+00:00
659718,25-34,M,Housing,Web,Southeast,1,5.0488,2023-03-01 23:25:00+00:00
659719,25-34,M,Housing,Mobile,Southeast,0,9.4,2023-04-26 07:07:00+00:00
659720,25-34,M,Housing,Mobile,Southeast,0,8.3038,2023-06-13 19:31:00+00:00
659721,18-24,F,Housing,Mobile,Northeast,0,7.1887,2023-02-01 07:21:00+00:00
659722,18-24,M,News,Mobile,Northeast,0,10.22,2023-06-06 12:22:00+00:00
659723,25-34,M,Auto,Mobile,Southeast,0,9.575,2023-02-10 04:22:00+00:00
659724,18-24,F,Auto,Mobile,Northeast,0,3.8375,2023-06-20 14:32:00+00:00
659725,18-24,F,Housing,Web,Northeast,0,10.5,2023-02-20 14:15:00+00:00
659726,55+,M,Retail,Mobile,South,0,1.9425,2023-06-24 18:42:00+00:00
659727,25-34,M,Auto,Web,Southeast,0,6.2075,2023-01-07 06:00:00+00:00
659728,35-44,M,Finance,Tablet,Midwest,0,9.7,2023-04-01 18:12:00+00:00
659729,55+,F,Auto,Mobile,South,1,0.7438,2023-04-06 11:05:00+00:00
659730,45-54,F,News,Web,West,0,0.52,2023-06-26 08:08:00+00:00
659731,45-54,F,News,Tablet,West,1,15.06,2023-02-28 22:16:00+00:00
659732,55+,M,Finance,Tablet,South,0,10.4213,2023-01-18 17:36:00+00:00
659733,55+,F,Auto,Web,South,0,12.2513,2023-02-11 17:14:00+00:00
659734,18-24,M,Finance,Tablet,Northeast,0,12.54,2023-04-23 04:41:00+00:00
659735,18-24,M,Retail,Mobile,Northeast,1,7.86,2023-03-30 16:55:00+00:00
659736,55+,F,Auto,Web,South,0,2.2488,2023-05-20 07:37:00+00:00
659737,55+,F,Housing,Web,South,0,6.28,2023-05-20 07:28:00+00:00
659738,35-44,M,News,Tablet,Midwest,1,2.4275,2023-04-13 06:06:00+00:00
659739,35-44,M,Retail,Mobile,Midwest,1,4.2125,2023-02-20 02:15:00+00:00
659740,35-44,F,Housing,Web,Midwest,0,13.78,2023-06-04 22:56:00+00:00
659741,35-44,M,News,Web,Midwest,0,7.0762,2023-01-22 21:37:00+00:00
659742,18-24,F,Health,Web,Northeast,0,2.7338,2023-01-28 03:12:00+00:00
659743,25-34,M,Auto,Tablet,Southeast,0,8.72,2023-02-11 05:14:00+00:00
659744,35-44,F,Auto,Mobile,Midwest,1,4.0862,2023-04-20 13:07:00+00:00
659745,55+,F,Health,Tablet,South,0,7.1463,2023-03-19 05:02:00+00:00
659746,45-54,M,Auto,Tablet,West,0,11.52,2023-01-22 21:11:00+00:00
659747,35-44,F,Health,Mobile,Midwest,0,0.5437,2023-04-06 11:05:00+00:00
659748,35-44,F,Health,Tablet,Midwest,0,3.9775,2023-05-03 14:00:00+00:00
659749,35-44,M,Retail,Tablet,Midwest,1,6.98,2023-04-05 22:39:00+00:00
659750,35-44,F,Housing,Web,Midwest,1,8.4625,2023-05-11 10:01:00+00:00
659751,25-34,F,Housing,Mobile,Northeast,1,8.78,2023-04-15 20:06:00+00:00
659752,55+,F,Auto,Tablet,South,1,14.48,2023-01-30 17:21:00+00:00
659753,25-34,F,Finance,Tablet,Southeast,0,12.3338,2023-06-17 11:23:00+00:00
659754,55+,M,Retail,Mobile,South,1,2.935,2023-01-29 04:04:00+00:00
659755,45-54,M,Auto,Web,West,0,12.58,2023-06-24 18:07:00+00:00
659756,45-54,M,Housing,Mobile,West,0,8.1075,2023-06-16 22:40:00+00:00
659757,55+,M,News,Web,South,1,6.4875,2023-06-20 14:24:00+00:00
659758,18-24,F,Health,Mobile,Northeast,1,15.34,2023-05-13 12:36:00+00:00
659759,35-44,M,Retail,Mobile,Midwest,0,10.7188,2023-06-05 23:22:00+00:00
659760,25-34,F,Retail,Mobile,Southeast,0,8.9812,2023-02-15 09:57:00+00:00
659761,25-34,M,Auto,Mobile,Southeast,1,11.02,2023-04-07 12:48:00+00:00
659762,55+,M,Finance,Tablet,South,1,6.9725,2023-04-29 10:08:00+00:00
659763,18-24,F,Housing,Tablet,Northeast,0,3.5825,2023-01-07 18:18:00+00:00
659764,18-24,M,News,Web,Northeast,1,10.78,2023-04-15 08:14:00+00:00
659765,18-24,M,Finance,Tablet,Northeast,0,8.2125,2023-05-11 10:44:00+00:00
659766,25-34,M,Health,Web,Southeast,0,11.0925,2023-04-25 18:24:00+00:00
659767,35-44,M,Finance,Mobile,Midwest,0,8.9,2023-01-11 22:18:00+00:00
659768,35-44,M,News,Mobile,Midwest,0,12.8763,2023-03-03 13:08:00+00:00
659769,25-34,M,Housing,Tablet,Southeast,0,9.91,2023-03-10 08:01:00+00:00
659770,45-54,F,News,Web,West,1,14.78,2023-05-05 04:00:00+00:00
659771,18-24,F,Health,Tablet,Northeast,0,11.3588,2023-03-29 15:55:00+00:00
659772,55+,M,Retail,Mobile,South,0,11.6387,2023-06-21 15:58:00+00:00
659773,35-44,F,Health,Web,Midwest,1,7.26,2023-05-29 16:29:00+00:00
659774,25-34,F,News,Web,Southeast,0,0.9888,2023-06-21 15:50:00+00:00
659775,45-54,F,Finance,Tablet,West,0,6.0963,2023-05-18 05:11:00+00:00
659776,55+,F,Health,Tablet,South,0,5.62,2023-02-16 10:49:00+00:00
659777,25-34,M,Health,Web,Southeast,1,9.5325,2023-03-28 02:20:00+00:00
659778,45-54,M,Auto,Tablet,West,0,10.28,2023-05-25 00:37:00+00:00
659779,45-54,M,Auto,Web,West,0,10.92,2023-06-01 07:21:00+00:00
659780,35-44,F,Housing,Mobile,Midwest,0,7.1425,2023-06-24 18:16:00+00:00
659781,55+,F,Housing,Mobile,South,0,1.0362,2023-05-10 21:18:00+00:00
659782,45-54,M,Housing,Web,West,0,13.1,2023-04-11 16:48:00+00:00
659783,55+,M,Retail,Mobile,South,1,7.84,2023-02-22 16:24:00+00:00
659784,45-54,M,Health,Tablet,West,1,10.4138,2023-06-21 03:33:00+00:00
659785,25-34,F,News,Web,Southeast,1,8.82,2023-03-08 06:43:00+00:00
659786,18-24,F,Auto,Tablet,Northeast,0,6.9588,2023-01-08 07:26:00+00:00
659787,35-44,M,News,Mobile,Midwest,1,8.6412,2023-02-03 09:56:00+00:00
659788,25-34,M,Health,Tablet,Southeast,1,12.18,2023-04-05 22:22:00+00:00
659789,45-54,F,News,Mobile,West,0,9.1263,2023-03-23 21:11:00+00:00
659790,35-44,M,Retail,Web,Midwest,0,8.8825,2023-05-27 02:38:00+00:00
659791,35-44,F,Auto,Tablet,Midwest,1,11.12,2023-01-22 21:11:00+00:00
659792,55+,F,Health,Mobile,South,0,8.0263,2023-05-02 13:43:00+00:00
659793,55+,M,Retail,Tablet,South,0,5.1225,2023-02-28 10:59:00+00:00
659794,35-44,F,Health,Mobile,Midwest,0,8.76,2023-04-14 07:49:00+00:00
659795,45-54,F,News,Mobile,West,0,7.2125,2023-04-01 18:04:00+00:00
659796,45-54,M,Housing,Web,West,1,1.9712,2023-03-19 17:53:00+00:00
659797,18-24,F,Health,Mobile,Northeast,1,12.64,2023-02-07 01:05:00+00:00
659798,18-24,F,Health,Web,Northeast,0,2.3225,2023-01-19 18:54:00+00:00
659799,25-34,F,News,Web,Southeast,0,2.045,2023-04-27 20:25:00+00:00
659800,35-44,F,Health,Web,Midwest,0,8.42,2023-05-07 18:35:00+00:00
659801,25-34,F,Housing,Tablet,Northeast,1,5.9,2023-06-10 04:31:00+00:00
659802,35-44,M,Finance,Web,Midwest,1,3.8475,2023-01-19 06:19:00+00:00
659803,55+,F,Housing,Mobile,South,0,11.54,2023-04-13 06:40:00+00:00
659804,35-44,F,Auto,Tablet,Midwest,1,5.2663,2023-06-23 05:24:00+00:00
659805,18-24,F,Housing,Web,Northeast,1,0.8387,2023-04-22 15:50:00+00:00
659806,35-44,M,News,Web,Midwest,0,13.54,2023-03-24 10:37:00+00:00
659807,55+,M,Finance,Web,South,0,8.4088,2023-05-28 15:21:00+00:00
659808,18-24,M,News,Tablet,Northeast,1,6.3712,2023-03-19 17:19:00+00:00
659809,55+,F,Auto,Tablet,South,0,15.16,2023-03-05 15:17:00+00:00
659810,18-24,F,Auto,Tablet,Northeast,0,9.5675,2023-02-24 06:50:00+00:00
659811,45-54,M,Housing,Tablet,West,0,12.9962,2023-02-27 21:25:00+00:00
659812,25-34,M,Health,Tablet,Southeast,0,9.36,2023-01-14 13:53:00+00:00
659813,55+,M,Finance,Web,South,0,6.5888,2023-04-22 15:33:00+00:00
659814,45-54,M,Health,Mobile,West,1,6.5613,2023-03-31 17:55:00+00:00
659815,18-24,M,Finance,Web,Northeast,0,6.34,2023-04-13 18:48:00+00:00
659816,25-34,M,Auto,Tablet,Southeast,0,5.5075,2023-06-16 22:32:00+00:00
659817,55+,F,Auto,Mobile,South,1,3.6587,2023-01-28 15:55:00+00:00
659818,25-34,M,Health,Web,Southeast,1,8.68,2023-05-20 07:28:00+00:00
659819,35-44,M,Finance,Tablet,Midwest,0,9.0488,2023-02-09 15:31:00+00:00
659820,55+,M,Finance,Mobile,South,1,1.22,2023-01-17 16:02:00+00:00
659821,25-34,F,Finance,Mobile,Southeast,0,12.9,2023-03-12 10:44:00+00:00
659822,55+,F,Auto,Mobile,South,0,12.9962,2023-02-07 13:39:00+00:00
659823,45-54,F,Finance,Tablet,West,0,3.7062,2023-06-15 21:40:00+00:00
659824,55+,M,Retail,Mobile,South,0,10.18,2023-04-05 10:39:00+00:00
659825,18-24,F,Auto,Mobile,Northeast,0,3.5375,2023-01-11 22:27:00+00:00
659826,55+,M,News,Tablet,South,1,3.1725,2023-04-29 10:16:00+00:00
659827,55+,F,Health,Tablet,South,0,8.62,2023-05-17 04:10:00+00:00
659828,45-54,F,News,Mobile,West,0,11.125,2023-01-21 20:20:00+00:00
659829,25-34,F,News,Tablet,Southeast,1,3.3062,2023-05-06 05:35:00+00:00
659830,25-34,F,Finance,Mobile,Southeast,0,7.12,2023-05-22 09:11:00+00:00
659831,18-24,M,News,Tablet,Northeast,0,1.9263,2023-01-22 21:03:00+00:00
659832,25-34,F,News,Tablet,Southeast,1,2.3137,2023-01-12 11:35:00+00:00
659833,25-34,M,Auto,Mobile,Southeast,0,14.34,2023-03-24 10:28:00+00:00
659834,18-24,F,Health,Mobile,Northeast,0,8.2775,2023-05-03 14:08:00+00:00
659835,45-54,F,Finance,Mobile,West,0,10.74,2023-05-13 00:36:00+00:00
659836,45-54,F,News,Web,West,0,14.34,2023-01-23 10:03:00+00:00
659837,45-54,F,Finance,Mobile,West,0,8.7788,2023-06-13 07:57:00+00:00
659838,25-34,M,Housing,Tablet,Southeast,0,6.1487,2023-06-29 23:25:00+00:00
659839,18-24,M,News,Tablet,Northeast,0,6.54,2023-01-13 12:53:00+00:00
659840,55+,F,Housing,Mobile,South,0,11.9738,2023-03-21 19:45:00+00:00
659841,35-44,M,News,Mobile,Midwest,1,8.3637,2023-04-22 03:33:00+00:00
659842,55+,M,Finance,Mobile,South,0,14.54,2023-01-13 00:27:00+00:00
659843,25-34,M,Health,Mobile,Southeast,1,7.9,2023-05-21 08:20:00+00:00
659844,55+,F,Health,Mobile,South,0,12.7212,2023-02-27 09:08:00+00:00
659845,25-34,F,Retail,Web,Southeast,0,14.3,2023-02-10 16:57:00+00:00
659846,55+,F,Auto,Mobile,South,1,9.9475,2023-04-29 22:42:00+00:00
659847,25-34,F,News,Tablet,Southeast,0,10.2675,2023-02-04 22:47:00+00:00
659848,25-34,M,Health,Tablet,Southeast,0,10.68,2023-03-01 11:17:00+00:00
659849,35-44,F,Health,Mobile,Midwest,0,3.7212,2023-01-18 17:19:00+00:00
659850,25-34,M,Auto,Tablet,Southeast,1,2.9575,2023-02-16 22:58:00+00:00
659851,25-34,F,Housing,Web,Northeast,1,6.38,2023-01-05 16:00:00+00:00
659852,35-44,F,Housing,Web,Midwest,0,10.1925,2023-01-15 02:27:00+00:00
659853,18-24,F,Housing,Mobile,Northeast,1,0.6538,2023-01-04 03:09:00+00:00
659854,45-54,M,Health,Web,West,0,9.42,2023-04-07 12:48:00+00:00
659855,35-44,M,News,Tablet,Midwest,0,11.025,2023-06-10 04:48:00+00:00
659856,55+,F,Housing,Mobile,South,1,8.4462,2023-04-28 21:51:00+00:00
659857,18-24,M,News,Web,Northeast,0,6.44,2023-03-09 19:01:00+00:00
659858,55+,M,News,Tablet,South,0,10.4725,2023-05-19 18:19:00+00:00
659859,45-54,M,Health,Tablet,West,0,4.6513,2023-01-02 01:25:00+00:00
659860,55+,M,Retail,Mobile,South,0,8.2,2023-04-06 11:05:00+00:00
659861,45-54,M,Auto,Web,West,0,1.06,2023-04-19 00:15:00+00:00
659862,45-54,M,Housing,Tablet,West,1,4.5088,2023-01-08 07:01:00+00:00
659863,45-54,F,News,Mobile,West,0,8.48,2023-05-30 05:38:00+00:00
659864,55+,M,Finance,Mobile,South,0,2.0812,2023-01-06 17:00:00+00:00
659865,25-34,F,Retail,Tablet,Southeast,0,6.13,2023-01-05 16:17:00+00:00
659866,35-44,F,Health,Tablet,Midwest,1,11.18,2023-05-25 00:54:00+00:00
659867,55+,F,Auto,Tablet,South,0,5.5175,2023-02-24 06:42:00+00:00
659868,18-24,F,Housing,Tablet,Northeast,0,7.5488,2023-05-20 07:28:00+00:00
659869,18-24,F,Health,Web,Northeast,0,7.14,2023-01-23 10:03:00+00:00
659870,25-34,F,Finance,Mobile,Southeast,1,2.9475,2023-05-19 06:19:00+00:00
659871,35-44,M,Retail,Tablet,Midwest,1,9.8488,2023-04-30 23:25:00+00:00
659872,35-44,F,Housing,Mobile,Midwest,1,10.94,2023-01-13 12:01:00+00:00
659873,55+,M,News,Tablet,South,1,6.615,2023-04-03 20:38:00+00:00
659874,55+,M,Finance,Web,South,0,12.915,2023-04-23 04:07:00+00:00
659875,25-34,M,Auto,Tablet,Southeast,0,9.58,2023-05-05 16:34:00+00:00
659876,25-34,F,Retail,Tablet,Southeast,0,5.6288,2023-01-24 23:46:00+00:00
659877,45-54,F,News,Tablet,West,0,6.035,2023-03-10 20:18:00+00:00
659878,35-44,M,News,Tablet,Midwest,0,12.78,2023-03-26 12:20:00+00:00
659879,35-44,F,Health,Mobile,Midwest,0,1.375,2023-06-10 04:14:00+00:00
659880,55+,F,Housing,Web,South,0,0.9062,2023-04-16 21:23:00+00:00
659881,55+,F,Health,Mobile,South,0,8.04,2023-03-29 03:46:00+00:00
659882,25-34,F,Retail,Web,Southeast,0,5.785,2023-03-10 20:35:00+00:00
659883,18-24,M,News,Mobile,Northeast,0,3.32,2023-02-06 00:05:00+00:00
659884,35-44,M,Finance,Mobile,Midwest,0,5.5,2023-03-02 00:08:00+00:00
659885,25-34,F,News,Mobile,Southeast,1,10.6088,2023-03-29 15:29:00+00:00
659886,25-34,F,Retail,Tablet,Southeast,1,1.175,2023-05-01 12:42:00+00:00
659887,55+,M,Finance,Web,South,1,6.48,2023-06-19 13:07:00+00:00
659888,35-44,F,Auto,Mobile,Midwest,0,5.9775,2023-05-03 14:51:00+00:00
659889,25-34,M,Housing,Tablet,Southeast,0,11.8513,2023-01-02 01:51:00+00:00
659890,55+,M,Finance,Tablet,South,0,8.98,2023-04-05 10:30:00+00:00
659891,55+,F,Health,Tablet,South,0,11.645,2023-02-26 20:08:00+00:00
659892,18-24,F,Health,Mobile,Northeast,1,3.8675,2023-04-25 06:16:00+00:00
659893,55+,M,Retail,Mobile,South,1,9.72,2023-04-22 15:07:00+00:00
659894,18-24,M,News,Mobile,Northeast,0,8.7713,2023-03-19 17:36:00+00:00
659895,55+,F,Housing,Mobile,South,0,7.9175,2023-04-05 22:13:00+00:00
659896,55+,F,Health,Tablet,South,0,13.26,2023-03-30 04:46:00+00:00
659897,35-44,F,Health,Tablet,Midwest,0,5.5412,2023-05-14 01:01:00+00:00
659898,35-44,F,Auto,Mobile,Midwest,1,12.75,2023-05-21 08:37:00+00:00
659899,18-24,M,News,Tablet,Northeast,0,11.96,2023-06-13 19:31:00+00:00
659900,55+,F,Auto,Mobile,South,0,11.135,2023-06-18 12:32:00+00:00
659901,25-34,F,Housing,Tablet,Northeast,0,11.68,2023-03-11 09:18:00+00:00
659902,18-24,F,Housing,Web,Northeast,0,15.16,2023-05-24 11:03:00+00:00
659903,18-24,M,Retail,Web,Northeast,0,7.585,2023-03-10 20:01:00+00:00
659904,18-24,M,News,Web,Northeast,0,3.1212,2023-06-07 01:31:00+00:00
659905,18-24,M,News,Web,Northeast,1,15.18,2023-06-14 20:06:00+00:00
659906,35-44,M,Finance,Mobile,Midwest,0,9.065,2023-03-14 12:10:00+00:00
659907,18-24,M,Finance,Mobile,Northeast,0,5.4763,2023-05-22 21:28:00+00:00
659908,55+,F,Housing,Tablet,South,0,14.96,2023-02-23 17:50:00+00:00
659909,35-44,F,Health,Web,Midwest,0,8.2937,2023-02-25 19:50:00+00:00
659910,18-24,F,Auto,Web,Northeast,0,4.23,2023-03-26 00:46:00+00:00
659911,35-44,F,Health,Mobile,Midwest,0,15.22,2023-04-17 10:49:00+00:00
659912,35-44,F,Health,Mobile,Midwest,1,7.81,2023-05-09 08:09:00+00:00
659913,45-54,M,Auto,Tablet,West,1,10.265,2023-02-02 20:13:00+00:00
659914,18-24,F,Health,Tablet,Northeast,0,8.44,2023-05-28 15:21:00+00:00
659915,45-54,M,Health,Web,West,0,4.31,2023-06-18 00:24:00+00:00
659916,35-44,F,Auto,Web,Midwest,1,1.1375,2023-04-01 06:12:00+00:00
659917,45-54,F,News,Tablet,West,0,6.38,2023-06-14 20:14:00+00:00
659918,18-24,M,News,Mobile,Northeast,0,7.145,2023-06-26 20:33:00+00:00
659919,45-54,F,Finance,Tablet,West,0,2.9413,2023-05-14 01:36:00+00:00
659920,35-44,M,Finance,Web,Midwest,0,14.0,2023-04-16 21:49:00+00:00
659921,18-24,M,Retail,Mobile,Northeast,1,1.3075,2023-03-28 14:29:00+00:00
659922,18-24,M,Finance,Mobile,Northeast,0,5.1575,2023-05-27 14:12:00+00:00
659923,25-34,F,News,Mobile,Southeast,0,6.96,2023-04-04 21:13:00+00:00
659924,35-44,F,Health,Web,Midwest,1,11.3625,2023-03-12 10:27:00+00:00
659925,45-54,F,Retail,Tablet,West,0,9.5762,2023-03-03 13:00:00+00:00
659926,55+,M,Finance,Web,South,0,7.16,2023-01-04 03:09:00+00:00
659927,25-34,M,Auto,Tablet,Southeast,1,1.2738,2023-03-01 11:42:00+00:00
659928,55+,M,News,Tablet,South,0,8.8375,2023-01-31 06:38:00+00:00
659929,55+,F,Housing,Tablet,South,0,12.22,2023-02-06 12:22:00+00:00
659930,18-24,M,News,Mobile,Northeast,0,10.3912,2023-01-14 01:19:00+00:00
659931,45-54,M,Health,Web,West,0,12.8375,2023-03-12 22:52:00+00:00
659932,25-34,F,News,Web,Southeast,0,14.66,2023-01-19 18:02:00+00:00
659933,35-44,M,Finance,Mobile,Midwest,0,11.9987,2023-01-20 07:37:00+00:00
659934,25-34,M,Auto,Tablet,Southeast,1,7.255,2023-04-15 20:14:00+00:00
659935,45-54,M,Health,Mobile,West,1,5.56,2023-01-04 03:26:00+00:00
659936,45-54,M,Health,Tablet,West,1,6.445,2023-06-06 12:22:00+00:00
659937,35-44,M,News,Tablet,Midwest,0,1.7412,2023-05-14 01:44:00+00:00
659938,35-44,F,Auto,Web,Midwest,1,6.62,2023-04-07 12:05:00+00:00
659939,18-24,M,Finance,Mobile,Northeast,0,0.6438,2023-05-16 03:02:00+00:00
659940,35-44,M,News,Mobile,Midwest,0,6.2213,2023-02-27 09:16:00+00:00
659941,25-34,M,Auto,Tablet,Southeast,0,14.34,2023-03-04 02:34:00+00:00
659942,18-24,F,Health,Mobile,Northeast,0,9.5962,2023-03-19 05:19:00+00:00
659943,18-24,M,Retail,Tablet,Northeast,0,6.27,2023-02-26 08:16:00+00:00
659944,25-34,F,Finance,Web,Southeast,1,9.02,2023-02-06 12:39:00+00:00
659945,25-34,M,Health,Tablet,Southeast,0,11.065,2023-04-03 20:47:00+00:00
659946,18-24,M,Retail,Tablet,Northeast,0,11.17,2023-06-06 00:48:00+00:00
659947,18-24,M,Finance,Web,Northeast,1,15.08,2023-04-10 15:39:00+00:00
659948,35-44,F,Auto,Tablet,Midwest,0,1.35,2023-05-01 00:42:00+00:00
659949,25-34,F,Retail,Web,Southeast,0,5.5788,2023-03-25 23:29:00+00:00
659950,55+,F,Health,Mobile,South,0,12.06,2023-06-18 00:24:00+00:00
659951,25-34,F,Housing,Web,Northeast,0,14.18,2023-06-04 22:13:00+00:00
659952,35-44,M,Retail,Tablet,Midwest,0,7.2488,2023-04-10 15:57:00+00:00
659953,35-44,F,Health,Tablet,Midwest,0,15.46,2023-05-19 18:45:00+00:00
659954,25-34,M,Housing,Mobile,Southeast,0,11.6825,2023-01-27 02:12:00+00:00
659955,18-24,M,Retail,Tablet,Northeast,0,10.0575,2023-05-07 06:52:00+00:00
659956,25-34,M,Housing,Web,Southeast,1,14.24,2023-04-28 09:42:00+00:00
659957,35-44,M,Finance,Mobile,Midwest,0,2.9525,2023-03-04 02:51:00+00:00
659958,45-54,M,Auto,Tablet,West,0,8.5062,2023-05-26 13:46:00+00:00
659959,25-34,F,Retail,Tablet,Southeast,1,8.74,2023-03-04 14:34:00+00:00
659960,35-44,M,Finance,Mobile,Midwest,0,5.3613,2023-06-19 01:49:00+00:00
659961,35-44,M,Retail,Tablet,Midwest,0,8.1775,2023-03-04 14:43:00+00:00
659962,55+,M,Retail,Mobile,South,1,9.78,2023-05-15 14:19:00+00:00
659963,25-34,M,Auto,Tablet,Southeast,0,2.16,2023-03-10 08:52:00+00:00
659964,35-44,F,Health,Tablet,Midwest,1,2.2025,2023-01-23 10:37:00+00:00
659965,35-44,F,Auto,Mobile,Midwest,0,10.28,2023-01-20 07:11:00+00:00
659966,35-44,M,Finance,Tablet,Midwest,1,7.87,2023-03-18 16:10:00+00:00
659967,35-44,M,News,Mobile,Midwest,0,11.0288,2023-03-05 15:43:00+00:00
659968,18-24,M,News,Web,Northeast,0,12.68,2023-02-09 15:57:00+00:00
659969,35-44,F,Housing,Tablet,Midwest,0,7.4125,2023-05-31 18:12:00+00:00
659970,45-54,F,Retail,Mobile,West,1,11.245,2023-05-17 04:10:00+00:00
659971,25-34,F,News,Web,Southeast,0,11.54,2023-04-13 18:31:00+00:00
659972,18-24,F,Auto,Web,Northeast,1,5.5137,2023-04-22 03:15:00+00:00
659973,55+,F,Auto,Web,South,0,6.0512,2023-02-11 17:40:00+00:00
659974,45-54,M,Auto,Mobile,West,1,14.56,2023-06-03 21:21:00+00:00
659975,25-34,F,Retail,Mobile,Southeast,1,6.755,2023-06-14 20:32:00+00:00
659976,18-24,M,Finance,Tablet,Northeast,0,12.865,2023-01-13 12:10:00+00:00
659977,55+,F,Housing,Tablet,South,0,15.04,2023-01-18 05:36:00+00:00
659978,35-44,F,Auto,Mobile,Midwest,0,6.72,2023-06-26 08:59:00+00:00
659979,35-44,M,News,Mobile,Midwest,1,7.9638,2023-05-12 11:35:00+00:00
659980,18-24,M,Finance,Web,Northeast,0,9.1,2023-05-21 08:45:00+00:00
659981,35-44,M,Retail,Mobile,Midwest,1,2.2425,2023-06-04 10:56:00+00:00
659982,55+,F,Auto,Web,South,0,6.6188,2023-03-17 15:53:00+00:00
659983,45-54,F,Finance,Mobile,West,1,12.34,2023-04-13 06:06:00+00:00
659984,25-34,F,Finance,Web,Southeast,0,11.1275,2023-05-23 22:11:00+00:00
659985,18-24,M,Retail,Web,Northeast,0,2.7212,2023-01-18 17:45:00+00:00
659986,35-44,M,News,Tablet,Midwest,0,5.56,2023-05-04 15:51:00+00:00
659987,55+,F,Housing,Web,South,0,6.04,2023-06-22 16:58:00+00:00
659988,35-44,M,Finance,Tablet,Midwest,1,0.6238,2023-06-09 03:14:00+00:00
659989,55+,F,Auto,Web,South,0,13.26,2023-02-18 12:24:00+00:00
659990,25-34,F,News,Web,Southeast,1,9.6088,2023-04-18 23:32:00+00:00
659991,55+,M,News,Web,South,0,4.28,2023-05-25 00:03:00+00:00
659992,18-24,F,Health,Tablet,Northeast,0,15.3,2023-05-31 06:12:00+00:00
659993,35-44,M,Retail,Tablet,Midwest,0,2.4875,2023-01-31 06:30:00+00:00
659994,25-34,M,Health,Web,Southeast,0,9.3938,2023-06-25 19:33:00+00:00
659995,18-24,F,Auto,Web,Northeast,1,8.54,2023-06-22 16:33:00+00:00
659996,35-44,M,News,Tablet,Midwest,0,2.34,2023-05-13 00:18:00+00:00
659997,45-54,M,Housing,Tablet,West,0,9.7725,2023-01-19 18:11:00+00:00
659998,45-54,M,Housing,Tablet,West,0,14.14,2023-06-22 04:41:00+00:00
659999,45-54,F,Retail,Web,West,0,12.875,2023-01-01 12:17:00+00:00
660000,45-54,F,News,Mobile,West,1,7.9337,2023-01-28 03:55:00+00:00
660001,25-34,F,Housing,Web,Northeast,0,12.44,2023-03-29 03:21:00+00:00
660002,45-54,F,Finance,Tablet,West,0,9.8613,2023-06-19 01:58:00+00:00
660003,45-54,F,News,Mobile,West,0,9.6375,2023-04-01 06:04:00+00:00
660004,18-24,F,Health,Mobile,Northeast,1,12.52,2023-06-21 03:50:00+00:00
660005,45-54,M,Housing,Mobile,West,0,4.27,2023-06-26 08:25:00+00:00
660006,45-54,F,Retail,Mobile,West,0,2.15,2023-06-10 16:22:00+00:00
660007,25-34,M,Health,Mobile,Southeast,0,8.96,2023-01-14 01:53:00+00:00
660008,45-54,M,Auto,Tablet,West,0,0.6325,2023-01-07 18:09:00+00:00
660009,25-34,M,Health,Web,Southeast,0,12.8187,2023-02-05 23:22:00+00:00
660010,18-24,M,News,Web,Northeast,0,9.9,2023-03-22 20:37:00+00:00
660011,45-54,M,Housing,Tablet,West,1,8.1575,2023-04-17 22:58:00+00:00
660012,45-54,M,Health,Mobile,West,1,12.3112,2023-06-19 01:58:00+00:00
660013,35-44,M,Retail,Tablet,Midwest,0,15.32,2023-01-12 23:35:00+00:00
660014,18-24,M,Finance,Tablet,Northeast,0,9.825,2023-03-02 12:17:00+00:00
660015,55+,M,Retail,Web,South,0,7.9625,2023-01-31 18:12:00+00:00
660016,35-44,M,News,Mobile,Midwest,0,13.2,2023-05-06 05:26:00+00:00
660017,35-44,M,Retail,Web,Midwest,1,9.57,2023-02-26 08:33:00+00:00
660018,35-44,M,Retail,Tablet,Midwest,0,10.3588,2023-01-28 15:12:00+00:00
660019,45-54,F,News,Web,West,0,10.86,2023-01-09 20:35:00+00:00
660020,55+,F,Health,Web,South,0,9.7625,2023-03-12 10:10:00+00:00
660021,25-34,F,Finance,Web,Southeast,1,1.5,2023-05-21 08:20:00+00:00
660022,45-54,F,Retail,Mobile,West,0,9.16,2023-06-13 07:31:00+00:00
660023,35-44,M,Retail,Tablet,Midwest,1,1.5175,2023-06-24 06:33:00+00:00
660024,55+,F,Health,Tablet,South,1,9.0113,2023-03-11 09:18:00+00:00
660025,55+,F,Auto,Web,South,1,11.58,2023-03-06 16:34:00+00:00
660026,45-54,F,Retail,Mobile,West,0,12.6762,2023-02-11 05:05:00+00:00
660027,25-34,M,Housing,Mobile,Southeast,0,12.63,2023-06-14 08:57:00+00:00
660028,55+,F,Auto,Tablet,South,0,6.04,2023-05-28 03:03:00+00:00
660029,45-54,F,News,Web,West,1,9.17,2023-06-26 08:16:00+00:00
660030,18-24,M,News,Web,Northeast,0,12.7812,2023-05-26 01:20:00+00:00
660031,18-24,F,Health,Mobile,Northeast,1,9.58,2023-04-15 08:40:00+00:00
660032,25-34,M,Auto,Mobile,Southeast,1,2.9225,2023-04-29 10:34:00+00:00
660033,25-34,M,Auto,Mobile,Southeast,0,9.5137,2023-06-21 03:50:00+00:00
660034,18-24,M,Retail,Web,Northeast,0,6.52,2023-06-21 15:41:00+00:00
660035,35-44,F,Auto,Mobile,Midwest,0,6.9138,2023-01-12 11:01:00+00:00
660036,18-24,F,Housing,Web,Northeast,1,3.625,2023-02-10 04:48:00+00:00
660037,18-24,F,Housing,Tablet,Northeast,0,10.74,2023-03-24 10:54:00+00:00
660038,35-44,F,Housing,Tablet,Midwest,0,4.4863,2023-01-10 21:44:00+00:00
660039,18-24,F,Housing,Mobile,Northeast,1,4.9262,2023-03-23 21:54:00+00:00
660040,35-44,M,News,Web,Midwest,0,6.68,2023-03-01 11:25:00+00:00
660041,25-34,M,Housing,Tablet,Southeast,1,1.7712,2023-02-27 09:33:00+00:00
660042,35-44,F,Housing,Mobile,Midwest,0,5.5675,2023-02-24 06:16:00+00:00
660043,18-24,F,Housing,Mobile,Northeast,0,9.82,2023-02-06 00:22:00+00:00
660044,55+,F,Health,Mobile,South,0,4.7475,2023-02-28 22:51:00+00:00
660045,55+,F,Auto,Tablet,South,0,9.0913,2023-06-23 17:07:00+00:00
660046,45-54,F,Retail,Mobile,West,1,9.08,2023-03-01 23:42:00+00:00
660047,35-44,F,Health,Tablet,Midwest,0,11.4375,2023-05-31 06:55:00+00:00
660048,18-24,M,Retail,Tablet,Northeast,0,1.8513,2023-05-02 01:00:00+00:00
660049,35-44,F,Auto,Mobile,Midwest,1,6.54,2023-04-03 08:13:00+00:00
660050,25-34,M,Housing,Mobile,Southeast,0,11.7188,2023-05-16 15:10:00+00:00
660051,25-34,F,Housing,Web,Northeast,0,9.2,2023-05-06 17:09:00+00:00
660052,18-24,M,Retail,Mobile,Northeast,1,13.54,2023-06-12 06:14:00+00:00
660053,25-34,F,Retail,Web,Southeast,0,6.805,2023-02-14 20:49:00+00:00
660054,35-44,M,Finance,Tablet,Midwest,0,6.3812,2023-04-16 09:49:00+00:00
660055,45-54,M,Health,Web,West,0,13.5,2023-03-02 12:34:00+00:00
660056,35-44,F,Health,Web,Midwest,0,12.885,2023-01-29 04:21:00+00:00
660057,35-44,F,Auto,Web,Midwest,0,9.9712,2023-06-27 09:16:00+00:00
660058,35-44,M,Retail,Tablet,Midwest,0,8.9,2023-05-31 06:55:00+00:00
660059,18-24,M,News,Tablet,Northeast,0,3.5025,2023-05-03 02:00:00+00:00
660060,55+,F,Housing,Web,South,1,7.2488,2023-03-21 07:28:00+00:00
660061,45-54,M,Housing,Tablet,West,0,13.12,2023-05-22 09:28:00+00:00
660062,18-24,F,Health,Tablet,Northeast,0,11.5538,2023-02-13 19:40:00+00:00
660063,18-24,F,Auto,Web,Northeast,0,8.4238,2023-01-20 19:37:00+00:00
660064,35-44,M,News,Mobile,Midwest,1,9.4,2023-02-25 07:33:00+00:00
660065,18-24,F,Health,Mobile,Northeast,0,3.7738,2023-04-30 11:42:00+00:00
660066,35-44,M,Finance,Web,Midwest,0,4.7075,2023-02-16 22:15:00+00:00
660067,45-54,M,Health,Mobile,West,0,8.5,2023-01-31 18:12:00+00:00
660068,25-34,F,News,Web,Southeast,0,12.7775,2023-04-13 06:48:00+00:00
660069,25-34,F,News,Mobile,Southeast,0,0.8962,2023-04-28 21:42:00+00:00
660070,45-54,F,Finance,Web,West,1,10.64,2023-05-18 17:28:00+00:00
660071,35-44,M,Retail,Web,Midwest,0,12.97,2023-03-18 16:02:00+00:00
660072,25-34,M,Auto,Mobile,Southeast,0,5.9688,2023-06-05 23:13:00+00:00
660073,45-54,M,Health,Mobile,West,0,12.48,2023-03-31 17:47:00+00:00
660074,35-44,F,Auto,Web,Midwest,0,10.1438,2023-03-17 03:45:00+00:00
660075,35-44,M,Retail,Mobile,Midwest,0,3.7887,2023-02-01 07:04:00+00:00
660076,45-54,F,Finance,Mobile,West,0,9.7,2023-04-21 02:15:00+00:00
660077,55+,M,News,Mobile,South,0,2.3513,2023-03-23 09:54:00+00:00
660078,45-54,F,Retail,Tablet,West,1,7.51,2023-03-30 16:29:00+00:00
660079,35-44,M,Finance,Tablet,Midwest,0,15.04,2023-02-27 09:51:00+00:00
660080,18-24,F,Auto,Tablet,Northeast,1,10.27,2023-06-26 08:25:00+00:00
660081,18-24,M,Finance,Web,Northeast,1,8.2312,2023-05-26 01:55:00+00:00
660082,35-44,F,Housing,Web,Midwest,1,11.1,2023-06-10 16:40:00+00:00
660083,25-34,F,Finance,Tablet,Southeast,0,2.7375,2023-06-20 14:50:00+00:00
660084,18-24,M,News,Mobile,Northeast,1,6.685,2023-06-18 12:49:00+00:00
660085,25-34,F,News,Tablet,Southeast,0,14.78,2023-04-15 20:06:00+00:00
660086,35-44,M,Retail,Tablet,Midwest,0,2.74,2023-05-13 00:27:00+00:00
660087,25-34,F,Retail,Mobile,Southeast,1,8.485,2023-02-18 12:15:00+00:00
660088,35-44,M,News,Web,Midwest,0,10.58,2023-03-16 14:10:00+00:00
660089,18-24,M,Finance,Mobile,Northeast,0,3.4188,2023-06-25 07:33:00+00:00
660090,18-24,M,News,Web,Northeast,0,10.8038,2023-05-04 03:17:00+00:00
660091,35-44,M,News,Tablet,Midwest,0,9.42,2023-05-17 04:10:00+00:00
660092,18-24,F,Housing,Mobile,Northeast,1,10.685,2023-05-09 20:09:00+00:00
660093,25-34,M,Housing,Mobile,Southeast,0,6.0338,2023-06-17 11:41:00+00:00
660094,55+,F,Auto,Web,South,1,14.98,2023-06-24 06:59:00+00:00
660095,45-54,M,Housing,Web,West,0,6.7375,2023-01-31 06:47:00+00:00
660096,35-44,F,Housing,Web,Midwest,0,2.7788,2023-02-13 07:49:00+00:00
660097,35-44,M,News,Web,Midwest,0,7.1,2023-03-02 12:17:00+00:00
660098,35-44,F,Housing,Web,Midwest,0,11.5038,2023-04-14 19:23:00+00:00
660099,18-24,F,Auto,Tablet,Northeast,0,5.2237,2023-03-21 19:37:00+00:00
660100,55+,F,Health,Tablet,South,1,14.12,2023-03-13 23:35:00+00:00
660101,25-34,F,Housing,Tablet,Northeast,1,10.42,2023-02-16 10:06:00+00:00
660102,55+,M,Retail,Tablet,South,0,2.79,2023-04-23 16:33:00+00:00
660103,55+,F,Health,Mobile,South,0,11.76,2023-03-15 01:01:00+00:00
660104,45-54,M,Auto,Tablet,West,0,0.6013,2023-05-22 09:03:00+00:00
660105,45-54,M,Health,Tablet,West,1,12.1525,2023-01-23 10:37:00+00:00
660106,18-24,M,News,Mobile,Northeast,0,5.66,2023-03-30 04:21:00+00:00
660107,18-24,F,Auto,Mobile,Northeast,0,7.7625,2023-01-31 18:04:00+00:00
660108,45-54,F,Retail,Mobile,West,1,2.9888,2023-04-22 15:24:00+00:00
660109,35-44,F,Auto,Web,Midwest,0,9.84,2023-05-18 05:45:00+00:00
660110,55+,F,Auto,Web,South,0,7.235,2023-05-29 04:21:00+00:00
660111,18-24,F,Housing,Web,Northeast,0,1.64,2023-04-03 08:38:00+00:00
660112,18-24,M,Finance,Tablet,Northeast,0,9.14,2023-06-12 18:06:00+00:00
660113,35-44,F,Housing,Web,Midwest,0,6.1725,2023-06-08 02:05:00+00:00
660114,25-34,F,Retail,Mobile,Southeast,0,5.2562,2023-05-06 05:43:00+00:00
660115,35-44,M,News,Web,Midwest,0,13.6,2023-01-06 05:52:00+00:00
660116,45-54,M,Auto,Mobile,West,0,10.2475,2023-04-09 14:48:00+00:00
660117,35-44,F,Health,Tablet,Midwest,1,5.3788,2023-05-04 15:00:00+00:00
660118,55+,F,Auto,Web,South,1,9.68,2023-02-19 13:49:00+00:00
660119,18-24,M,News,Web,Northeast,1,11.75,2023-03-22 08:45:00+00:00
660120,18-24,F,Auto,Tablet,Northeast,0,6.4813,2023-02-15 09:40:00+00:00
660121,35-44,F,Health,Tablet,Midwest,0,7.96,2023-04-14 19:57:00+00:00
660122,35-44,M,News,Web,Midwest,1,8.91,2023-01-09 08:44:00+00:00
660123,18-24,F,Auto,Mobile,Northeast,1,7.0312,2023-05-26 01:55:00+00:00
660124,18-24,F,Housing,Web,Northeast,0,13.2,2023-03-07 05:17:00+00:00
660125,45-54,M,Housing,Tablet,West,0,12.2688,2023-04-26 07:50:00+00:00
660126,25-34,M,Health,Mobile,Southeast,1,9.66,2023-05-09 08:18:00+00:00
660127,55+,M,Retail,Web,South,0,7.06,2023-02-08 02:31:00+00:00
660128,25-34,F,Finance,Tablet,Southeast,0,6.895,2023-04-27 20:50:00+00:00
660129,45-54,F,News,Web,West,0,2.4287,2023-02-13 07:57:00+00:00
660130,18-24,M,News,Mobile,Northeast,0,6.56,2023-02-23 05:07:00+00:00
660131,18-24,M,Finance,Tablet,Northeast,0,11.5612,2023-01-30 17:38:00+00:00
660132,45-54,F,Retail,Mobile,West,0,1.4875,2023-04-21 14:07:00+00:00
660133,35-44,M,News,Tablet,Midwest,0,6.2,2023-04-06 11:56:00+00:00
660134,45-54,F,News,Web,West,0,7.57,2023-03-18 16:28:00+00:00
660135,35-44,F,Health,Web,Midwest,0,2.5063,2023-01-06 05:26:00+00:00
660136,45-54,M,Housing,Mobile,West,0,13.24,2023-03-09 07:01:00+00:00
660137,25-34,M,Housing,Web,Southeast,1,6.0438,2023-02-25 19:07:00+00:00
660138,25-34,F,Retail,Tablet,Southeast,0,11.1687,2023-04-06 23:05:00+00:00
660139,45-54,M,Auto,Tablet,West,0,7.54,2023-06-12 18:06:00+00:00
660140,45-54,F,Finance,Web,West,0,3.1787,2023-01-04 15:17:00+00:00
660141,35-44,M,Retail,Web,Midwest,1,5.3863,2023-05-30 05:47:00+00:00
660142,18-24,F,Housing,Mobile,Northeast,0,6.38,2023-03-06 04:34:00+00:00
660143,45-54,F,Retail,Tablet,West,0,10.005,2023-02-14 20:40:00+00:00
660144,45-54,F,Retail,Web,West,1,6.8575,2023-04-17 22:58:00+00:00
660145,35-44,M,Finance,Web,Midwest,0,7.06,2023-02-28 22:42:00+00:00
660146,25-34,F,News,Mobile,Southeast,0,9.0213,2023-05-18 17:53:00+00:00
660147,25-34,F,Finance,Web,Southeast,0,3.1425,2023-04-25 18:50:00+00:00
660148,18-24,M,Finance,Tablet,Northeast,0,6.76,2023-05-24 23:03:00+00:00
660149,25-34,M,Auto,Web,Southeast,0,5.7888,2023-02-21 15:33:00+00:00
660150,18-24,F,Health,Mobile,Northeast,0,10.85,2023-02-10 16:40:00+00:00
660151,25-34,F,Housing,Mobile,Northeast,0,10.86,2023-03-10 08:18:00+00:00
660152,25-34,F,News,Web,Southeast,1,1.795,2023-06-06 12:30:00+00:00
660153,45-54,M,Health,Web,West,0,7.9175,2023-06-24 06:59:00+00:00
660154,35-44,F,Housing,Tablet,Midwest,1,7.98,2023-01-05 04:34:00+00:00
660155,55+,M,News,Mobile,South,0,0.7812,2023-03-07 17:43:00+00:00
660156,25-34,M,Auto,Web,Southeast,1,1.7412,2023-04-04 09:30:00+00:00
660157,45-54,F,Finance,Web,West,0,6.74,2023-04-13 06:06:00+00:00
660158,25-34,M,Health,Web,Southeast,1,2.365,2023-06-22 04:24:00+00:00
660159,55+,M,Finance,Mobile,South,0,9.515,2023-04-23 04:58:00+00:00
660160,35-44,F,Auto,Web,Midwest,0,6.64,2023-03-19 17:45:00+00:00
660161,18-24,F,Health,Web,Northeast,0,10.5675,2023-02-24 06:33:00+00:00
660162,55+,M,Retail,Tablet,South,0,5.6975,2023-05-19 06:28:00+00:00
660163,18-24,M,Retail,Mobile,Northeast,1,11.1,2023-05-21 20:28:00+00:00
660164,25-34,M,Auto,Mobile,Southeast,0,3.9825,2023-05-27 02:12:00+00:00
660165,35-44,F,Auto,Tablet,Midwest,0,3.8125,2023-05-11 10:18:00+00:00
660166,18-24,M,Retail,Web,Northeast,0,11.96,2023-03-25 11:29:00+00:00
660167,25-34,F,Retail,Mobile,Southeast,0,4.655,2023-02-14 20:32:00+00:00
660168,35-44,F,Auto,Web,Midwest,0,9.2175,2023-06-04 22:39:00+00:00
660169,45-54,M,Auto,Mobile,West,0,11.42,2023-02-06 00:22:00+00:00
660170,25-34,F,News,Mobile,Southeast,1,5.3987,2023-04-30 23:51:00+00:00
660171,45-54,F,Finance,Mobile,West,0,0.5563,2023-01-26 13:55:00+00:00
660172,35-44,M,Finance,Tablet,Midwest,0,6.2,2023-06-25 07:25:00+00:00
660173,35-44,M,Finance,Web,Midwest,0,11.0013,2023-01-22 09:03:00+00:00
660174,18-24,M,News,Tablet,Northeast,0,7.4488,2023-06-09 15:31:00+00:00
660175,18-24,M,News,Web,Northeast,0,10.36,2023-04-14 07:06:00+00:00
660176,55+,F,Housing,Web,South,1,5.8788,2023-05-04 15:34:00+00:00
660177,45-54,M,Housing,Web,West,1,6.27,2023-02-26 08:33:00+00:00
660178,25-34,M,Housing,Web,Southeast,0,10.48,2023-04-20 13:41:00+00:00
660179,35-44,F,Auto,Web,Midwest,0,3.4413,2023-06-03 09:04:00+00:00
660180,55+,M,Finance,Mobile,South,0,9.2137,2023-06-21 03:58:00+00:00
660181,25-34,M,Auto,Web,Southeast,0,9.34,2023-02-02 08:04:00+00:00
660182,45-54,F,Finance,Tablet,West,0,0.8662,2023-06-23 05:50:00+00:00
660183,25-34,F,News,Mobile,Southeast,1,5.9337,2023-04-18 11:49:00+00:00
660184,35-44,M,News,Tablet,Midwest,0,8.38,2023-03-06 04:17:00+00:00
660185,35-44,M,News,Mobile,Midwest,0,9.2375,2023-01-31 06:21:00+00:00
660186,25-34,F,News,Web,Southeast,0,5.2375,2023-01-11 22:44:00+00:00
660187,35-44,M,News,Tablet,Midwest,0,9.58,2023-05-05 04:09:00+00:00
660188,45-54,M,Auto,Tablet,West,1,0.9825,2023-04-17 10:58:00+00:00
660189,55+,F,Health,Web,South,0,3.2138,2023-04-22 03:07:00+00:00
660190,45-54,F,News,Tablet,West,0,12.56,2023-04-24 17:41:00+00:00
660191,25-34,F,Retail,Mobile,Southeast,0,5.84,2023-06-02 08:56:00+00:00
660192,55+,F,Auto,Mobile,South,0,5.0512,2023-06-11 17:31:00+00:00
660193,35-44,M,Retail,Mobile,Midwest,0,13.84,2023-04-28 21:25:00+00:00
660194,18-24,F,Housing,Mobile,Northeast,0,1.0488,2023-04-10 15:57:00+00:00
660195,55+,F,Housing,Tablet,South,0,1.78,2023-05-25 00:29:00+00:00
660196,45-54,M,Housing,Tablet,West,0,9.3,2023-04-21 14:32:00+00:00
660197,25-34,M,Auto,Tablet,Southeast,1,5.9313,2023-04-16 09:15:00+00:00
660198,18-24,M,Retail,Mobile,Northeast,0,2.215,2023-06-02 20:56:00+00:00
660199,45-54,F,Finance,Mobile,West,0,11.24,2023-01-28 15:46:00+00:00
660200,18-24,F,Housing,Tablet,Northeast,1,12.8763,2023-01-22 21:54:00+00:00
660201,25-34,F,Housing,Web,Northeast,0,8.76,2023-06-13 19:14:00+00:00
660202,45-54,F,Finance,Mobile,West,1,6.2,2023-04-26 07:42:00+00:00
660203,35-44,M,News,Mobile,Midwest,0,1.0263,2023-03-23 21:28:00+00:00
660204,55+,F,Housing,Tablet,South,0,8.7912,2023-01-14 01:27:00+00:00
660205,25-34,M,Health,Tablet,Southeast,1,5.52,2023-01-02 01:25:00+00:00
660206,25-34,M,Auto,Web,Southeast,0,8.8175,2023-06-24 06:50:00+00:00
660207,25-34,F,News,Web,Southeast,0,12.2812,2023-01-06 17:52:00+00:00
660208,35-44,M,Finance,Tablet,Midwest,1,10.34,2023-04-13 18:23:00+00:00
660209,25-34,M,Health,Web,Southeast,0,9.6713,2023-05-18 17:28:00+00:00
660210,55+,M,News,Mobile,South,0,9.635,2023-01-09 20:09:00+00:00
660211,35-44,M,Retail,Mobile,Midwest,0,13.38,2023-01-15 14:53:00+00:00
660212,45-54,F,News,Mobile,West,1,3.5263,2023-06-11 05:14:00+00:00
660213,45-54,F,Retail,Web,West,0,0.7013,2023-03-03 01:51:00+00:00
660214,55+,F,Housing,Mobile,South,1,9.52,2023-05-22 21:20:00+00:00
660215,35-44,M,Retail,Tablet,Midwest,1,6.2775,2023-03-04 14:51:00+00:00
660216,45-54,M,Health,Mobile,West,0,1.5762,2023-05-22 21:28:00+00:00
660217,55+,F,Health,Mobile,South,0,6.42,2023-03-28 02:03:00+00:00
660218,35-44,M,Retail,Mobile,Midwest,0,2.2812,2023-05-06 17:43:00+00:00
660219,35-44,M,Finance,Web,Midwest,0,3.785,2023-06-18 12:49:00+00:00
660220,35-44,M,Finance,Tablet,Midwest,0,5.82,2023-06-06 12:13:00+00:00
660221,35-44,M,Finance,Web,Midwest,0,10.9738,2023-05-20 19:11:00+00:00
660222,35-44,M,Finance,Tablet,Midwest,0,10.225,2023-06-10 04:22:00+00:00
660223,45-54,M,Health,Mobile,West,0,8.8,2023-05-06 17:17:00+00:00
660224,25-34,M,Auto,Tablet,Southeast,0,3.4688,2023-01-16 15:10:00+00:00
660225,25-34,F,News,Mobile,Southeast,1,5.1212,2023-06-27 09:16:00+00:00
660226,55+,M,Finance,Mobile,South,0,12.2,2023-06-05 23:30:00+00:00
660227,45-54,M,Housing,Web,West,0,7.9863,2023-03-11 21:44:00+00:00
660228,55+,M,Finance,Mobile,South,0,6.1787,2023-01-24 23:54:00+00:00
660229,45-54,M,Health,Web,West,1,13.32,2023-02-21 03:50:00+00:00
660230,18-24,F,Housing,Tablet,Northeast,0,11.7025,2023-02-12 18:06:00+00:00
660231,25-34,F,Retail,Tablet,Southeast,0,12.8212,2023-06-07 01:48:00+00:00
660232,45-54,M,Health,Web,West,1,9.9,2023-01-01 00:08:00+00:00
660233,18-24,F,Housing,Mobile,Northeast,1,7.64,2023-06-22 16:07:00+00:00
660234,35-44,F,Auto,Mobile,Midwest,1,4.2862,2023-06-19 13:15:00+00:00
660235,55+,F,Housing,Web,South,1,10.46,2023-05-09 20:35:00+00:00
660236,25-34,M,Housing,Web,Southeast,0,9.1538,2023-05-24 11:54:00+00:00
660237,18-24,M,Retail,Mobile,Northeast,1,10.5725,2023-02-28 10:25:00+00:00
660238,25-34,M,Auto,Tablet,Southeast,0,9.52,2023-01-02 13:34:00+00:00
660239,55+,F,Housing,Web,South,1,8.5025,2023-06-12 18:57:00+00:00
660240,55+,M,Finance,Web,South,1,8.8737,2023-04-30 11:59:00+00:00
660241,25-34,M,Auto,Web,Southeast,0,13.46,2023-06-28 22:51:00+00:00
660242,25-34,M,Housing,Web,Southeast,1,12.9225,2023-04-29 10:16:00+00:00
660243,45-54,F,Retail,Mobile,West,1,9.125,2023-05-21 20:28:00+00:00
660244,55+,F,Health,Web,South,1,15.16,2023-05-04 15:34:00+00:00
660245,18-24,F,Auto,Mobile,Northeast,0,4.795,2023-04-07 12:48:00+00:00
660246,45-54,M,Health,Tablet,West,0,2.8775,2023-03-04 14:43:00+00:00
660247,18-24,F,Housing,Tablet,Northeast,0,9.4,2023-02-05 11:13:00+00:00
660248,55+,M,Finance,Tablet,South,0,2.2912,2023-05-14 01:01:00+00:00
660249,55+,M,Finance,Tablet,South,0,5.7412,2023-05-14 01:27:00+00:00
660250,35-44,F,Housing,Web,Midwest,0,14.76,2023-01-24 23:11:00+00:00
660251,25-34,F,Housing,Web,Northeast,1,8.1,2023-05-11 10:27:00+00:00
660252,25-34,M,Auto,Tablet,Southeast,0,6.4713,2023-02-07 01:48:00+00:00
660253,25-34,M,Health,Tablet,Southeast,0,11.86,2023-02-08 02:56:00+00:00
660254,25-34,M,Housing,Web,Southeast,0,6.895,2023-05-17 04:28:00+00:00
660255,25-34,F,News,Web,Southeast,0,2.2275,2023-01-23 22:28:00+00:00
660256,45-54,M,Health,Tablet,West,0,12.64,2023-06-27 21:59:00+00:00
660257,35-44,M,News,Tablet,Midwest,1,2.195,2023-02-26 20:50:00+00:00
660258,35-44,F,Health,Tablet,Midwest,0,10.5262,2023-01-22 21:20:00+00:00
660259,35-44,F,Auto,Mobile,Midwest,0,11.12,2023-05-02 01:34:00+00:00
660260,55+,M,Finance,Mobile,South,0,10.3238,2023-06-29 11:51:00+00:00
660261,55+,M,Finance,Tablet,South,0,8.8112,2023-03-31 17:12:00+00:00
660262,25-34,M,Health,Web,Southeast,0,8.24,2023-01-18 05:36:00+00:00
660263,55+,F,Housing,Mobile,South,1,3.0187,2023-04-26 07:59:00+00:00
660264,55+,F,Auto,Mobile,South,0,6.0825,2023-03-28 02:20:00+00:00
660265,45-54,M,Health,Web,West,0,12.16,2023-05-14 13:36:00+00:00
660266,35-44,F,Health,Tablet,Midwest,0,3.3487,2023-05-20 07:28:00+00:00
660267,35-44,M,Finance,Tablet,Midwest,1,11.2525,2023-02-12 18:14:00+00:00
660268,18-24,F,Health,Mobile,Northeast,0,9.92,2023-06-11 05:31:00+00:00
660269,18-24,F,Housing,Tablet,Northeast,0,2.0838,2023-01-08 19:18:00+00:00
660270,45-54,M,Housing,Web,West,0,4.9062,2023-05-06 05:26:00+00:00
660271,35-44,F,Auto,Web,Midwest,0,14.1,2023-05-11 22:35:00+00:00
660272,35-44,M,Finance,Tablet,Midwest,1,11.6988,2023-04-30 23:34:00+00:00
660273,25-34,M,Health,Tablet,Southeast,0,4.8438,2023-04-06 11:05:00+00:00
660274,35-44,F,Housing,Mobile,Midwest,0,14.96,2023-02-03 21:04:00+00:00
660275,18-24,M,Retail,Mobile,Northeast,0,12.8262,2023-06-11 05:48:00+00:00
660276,45-54,M,Auto,Mobile,West,0,1.3175,2023-02-04 22:39:00+00:00
660277,45-54,F,Retail,Mobile,West,0,6.24,2023-04-08 13:13:00+00:00
660278,55+,F,Health,Web,South,1,12.5762,2023-01-02 13:17:00+00:00
660279,45-54,M,Auto,Tablet,West,1,1.4775,2023-03-04 14:34:00+00:00
660280,35-44,M,News,Web,Midwest,0,8.1,2023-04-21 14:07:00+00:00
660281,18-24,F,Health,Web,Northeast,0,1.8275,2023-02-12 06:31:00+00:00
660282,45-54,F,News,Mobile,West,1,11.3663,2023-05-14 13:19:00+00:00
660283,25-34,F,News,Web,Southeast,1,13.42,2023-06-06 12:39:00+00:00
660284,45-54,F,Retail,Mobile,West,1,4.265,2023-03-14 12:01:00+00:00
660285,18-24,F,Housing,Web,Northeast,1,11.015,2023-02-02 20:30:00+00:00
660286,35-44,F,Auto,Mobile,Midwest,0,12.22,2023-05-17 04:36:00+00:00
660287,35-44,M,News,Tablet,Midwest,0,6.0587,2023-03-29 15:55:00+00:00
660288,35-44,F,Housing,Mobile,Midwest,0,11.3887,2023-03-13 23:44:00+00:00
660289,25-34,F,Retail,Web,Southeast,0,8.7,2023-01-01 00:25:00+00:00
660290,25-34,M,Auto,Web,Southeast,0,3.0812,2023-01-26 01:55:00+00:00
660291,18-24,M,News,Web,Northeast,1,2.4525,2023-03-24 10:03:00+00:00
660292,25-34,F,Finance,Tablet,Southeast,0,7.16,2023-05-04 03:34:00+00:00
660293,55+,M,Retail,Web,South,0,6.3875,2023-06-20 14:15:00+00:00
660294,25-34,M,Auto,Web,Southeast,0,4.7375,2023-05-31 06:21:00+00:00
660295,25-34,F,News,Tablet,Southeast,0,14.86,2023-04-19 12:32:00+00:00
660296,25-34,F,Retail,Tablet,Southeast,0,12.7888,2023-04-02 07:13:00+00:00
660297,25-34,M,Housing,Web,Southeast,0,8.9187,2023-05-16 15:19:00+00:00
660298,55+,F,Health,Web,South,0,15.12,2023-01-22 09:45:00+00:00
660299,55+,M,Finance,Tablet,South,1,8.2613,2023-01-30 17:47:00+00:00
660300,25-34,F,News,Web,Southeast,0,7.8425,2023-04-25 18:07:00+00:00
660301,25-34,F,Housing,Mobile,Northeast,1,11.3,2023-04-21 14:32:00+00:00
660302,45-54,F,News,Mobile,West,0,4.1862,2023-04-20 13:58:00+00:00
660303,55+,M,Finance,Web,South,0,2.5525,2023-03-04 02:43:00+00:00
660304,45-54,M,Housing,Web,West,1,10.48,2023-02-19 01:32:00+00:00
660305,25-34,M,Housing,Tablet,Southeast,0,1.5225,2023-06-08 02:39:00+00:00
660306,55+,M,Finance,Tablet,South,0,9.8912,2023-02-03 09:30:00+00:00
660307,35-44,F,Health,Mobile,Midwest,0,12.82,2023-06-16 10:32:00+00:00
660308,55+,F,Auto,Web,South,1,3.705,2023-06-14 20:40:00+00:00
660309,45-54,M,Auto,Tablet,West,0,8.3775,2023-04-13 06:06:00+00:00
660310,18-24,F,Auto,Mobile,Northeast,1,14.16,2023-04-24 17:07:00+00:00
660311,18-24,F,Auto,Web,Northeast,1,5.0987,2023-03-01 23:42:00+00:00
660312,45-54,F,Retail,Web,West,0,0.8213,2023-01-18 17:11:00+00:00
660313,45-54,M,Housing,Web,West,0,12.9,2023-01-11 10:35:00+00:00
660314,45-54,F,News,Web,West,0,6.3388,2023-04-02 07:04:00+00:00
660315,18-24,F,Housing,Mobile,Northeast,1,12.3663,2023-06-23 05:33:00+00:00
660316,45-54,M,Health,Tablet,West,0,14.4,2023-03-27 01:37:00+00:00
660317,25-34,M,Housing,Tablet,Southeast,0,7.2912,2023-02-03 09:13:00+00:00
660318,45-54,M,Housing,Mobile,West,0,11.6937,2023-02-25 19:50:00+00:00
660319,55+,F,Health,Tablet,South,1,15.36,2023-06-03 09:30:00+00:00
660320,45-54,F,Finance,Mobile,West,0,9.1125,2023-01-31 18:12:00+00:00
660321,45-54,M,Auto,Mobile,West,0,6.0462,2023-06-07 13:56:00+00:00
660322,55+,M,News,Web,South,0,12.3,2023-06-10 16:40:00+00:00
660323,25-34,F,Finance,Mobile,Southeast,0,5.795,2023-04-07 12:22:00+00:00
660324,18-24,M,Retail,Tablet,Northeast,1,12.9688,2023-05-16 15:19:00+00:00
660325,55+,F,Housing,Mobile,South,0,9.34,2023-04-23 04:50:00+00:00
660326,25-34,M,Auto,Mobile,Southeast,0,5.2188,2023-05-16 15:45:00+00:00
660327,35-44,M,News,Mobile,Midwest,1,9.1862,2023-01-10 21:52:00+00:00
660328,25-34,F,Finance,Tablet,Southeast,1,13.04,2023-06-27 09:33:00+00:00
660329,18-24,F,Auto,Mobile,Northeast,0,10.8262,2023-01-02 13:25:00+00:00
660330,45-54,F,Finance,Web,West,0,8.445,2023-01-17 04:19:00+00:00
660331,45-54,M,Health,Mobile,West,0,11.98,2023-01-25 12:03:00+00:00
660332,45-54,M,Housing,Web,West,0,8.8338,2023-03-09 19:26:00+00:00
660333,55+,M,Finance,Web,South,0,9.5825,2023-03-08 18:35:00+00:00
660334,25-34,M,Auto,Mobile,Southeast,0,15.12,2023-05-22 09:11:00+00:00
660335,55+,F,Health,Mobile,South,0,6.39,2023-02-02 08:13:00+00:00
660336,18-24,M,Retail,Mobile,Northeast,0,3.4775,2023-01-23 22:54:00+00:00
660337,35-44,M,News,Web,Midwest,0,14.3,2023-03-02 12:17:00+00:00
660338,45-54,F,Finance,Mobile,West,0,4.825,2023-04-11 04:05:00+00:00
660339,55+,F,Health,Web,South,0,12.28,2023-01-25 00:20:00+00:00
660340,35-44,F,Health,Tablet,Midwest,0,8.72,2023-04-12 17:14:00+00:00
660341,18-24,F,Housing,Tablet,Northeast,1,11.365,2023-06-02 20:04:00+00:00
660342,18-24,F,Health,Mobile,Northeast,0,3.13,2023-01-05 16:34:00+00:00
660343,45-54,F,Finance,Mobile,West,1,14.08,2023-05-10 09:01:00+00:00
660344,45-54,M,Health,Web,West,0,1.48,2023-06-14 08:57:00+00:00
660345,18-24,F,Auto,Web,Northeast,0,7.7363,2023-01-10 21:18:00+00:00
660346,55+,M,Finance,Mobile,South,0,5.76,2023-02-03 21:13:00+00:00
660347,35-44,M,Finance,Mobile,Midwest,0,7.3075,2023-06-16 22:32:00+00:00
660348,45-54,F,News,Mobile,West,0,10.0725,2023-06-28 10:42:00+00:00
660349,25-34,M,Health,Mobile,Southeast,0,8.6,2023-05-16 03:10:00+00:00
660350,55+,M,News,Web,South,1,11.955,2023-04-15 20:14:00+00:00
660351,25-34,F,Housing,Web,Northeast,0,5.72,2023-04-22 15:58:00+00:00
660352,35-44,F,Auto,Tablet,Midwest,1,13.42,2023-06-06 00:56:00+00:00
660353,45-54,M,Auto,Tablet,West,0,3.8287,2023-04-14 07:23:00+00:00
660354,25-34,F,Retail,Mobile,Southeast,0,7.1825,2023-02-16 10:23:00+00:00
660355,18-24,F,Auto,Tablet,Northeast,0,15.16,2023-05-24 23:37:00+00:00
660356,35-44,M,Retail,Web,Midwest,0,7.7962,2023-05-18 05:11:00+00:00
660357,25-34,F,Retail,Mobile,Southeast,0,2.5412,2023-03-15 01:01:00+00:00
660358,55+,F,Health,Web,South,0,7.12,2023-03-03 01:25:00+00:00
660359,45-54,F,Finance,Web,West,0,8.0875,2023-05-11 22:35:00+00:00
660360,35-44,F,Health,Tablet,Midwest,0,12.405,2023-03-06 04:26:00+00:00
660361,45-54,M,Housing,Tablet,West,0,15.44,2023-02-27 21:16:00+00:00
660362,45-54,M,Auto,Web,West,1,12.835,2023-01-09 20:26:00+00:00
660363,45-54,M,Housing,Tablet,West,0,4.2462,2023-02-27 21:42:00+00:00
660364,45-54,F,Finance,Tablet,West,1,9.12,2023-05-02 01:51:00+00:00
660365,35-44,M,Retail,Tablet,Midwest,0,7.3425,2023-02-04 10:13:00+00:00
660366,45-54,F,Finance,Mobile,West,0,6.4512,2023-01-02 01:34:00+00:00
660367,55+,M,News,Mobile,South,0,8.94,2023-01-13 12:10:00+00:00
660368,55+,F,Auto,Mobile,South,0,12.865,2023-01-13 12:01:00+00:00
660369,25-34,M,Health,Tablet,Southeast,0,10.6937,2023-02-05 11:05:00+00:00
660370,18-24,F,Health,Web,Northeast,0,13.86,2023-02-08 14:56:00+00:00
660371,18-24,F,Housing,Tablet,Northeast,0,0.9512,2023-03-03 01:00:00+00:00
660372,45-54,F,News,Web,West,0,5.015,2023-06-02 20:30:00+00:00
660373,35-44,M,News,Tablet,Midwest,1,14.54,2023-03-14 12:36:00+00:00
660374,35-44,F,Health,Web,Midwest,0,1.6663,2023-04-24 05:16:00+00:00
660375,25-34,F,Retail,Web,Southeast,0,4.1013,2023-01-02 01:17:00+00:00
660376,18-24,F,Housing,Web,Northeast,0,11.18,2023-06-14 20:49:00+00:00
660377,35-44,F,Housing,Mobile,Midwest,0,7.3987,2023-06-29 23:17:00+00:00
660378,25-34,M,Housing,Web,Southeast,0,6.9863,2023-02-19 13:32:00+00:00
660379,55+,F,Auto,Web,South,0,7.72,2023-01-12 23:53:00+00:00
660380,35-44,M,Finance,Mobile,Midwest,0,10.6487,2023-06-29 23:17:00+00:00
660381,18-24,F,Auto,Web,Northeast,0,9.3,2023-01-21 08:54:00+00:00
660382,55+,M,Finance,Tablet,South,0,11.26,2023-01-29 04:55:00+00:00
660383,18-24,M,Retail,Mobile,Northeast,0,5.8238,2023-01-20 19:19:00+00:00
660384,55+,F,Auto,Web,South,0,4.7012,2023-03-03 01:51:00+00:00
660385,55+,M,Retail,Tablet,South,0,14.78,2023-01-05 16:34:00+00:00
660386,55+,F,Auto,Tablet,South,1,4.7588,2023-04-18 23:23:00+00:00
660387,45-54,M,Health,Tablet,West,0,12.4887,2023-03-13 23:53:00+00:00
660388,55+,F,Housing,Tablet,South,1,10.16,2023-06-23 05:41:00+00:00
660389,55+,M,News,Tablet,South,0,9.32,2023-02-26 08:16:00+00:00
660390,25-34,M,Health,Web,Southeast,0,10.7613,2023-06-19 01:49:00+00:00
660391,35-44,F,Auto,Tablet,Midwest,0,10.9,2023-02-20 14:24:00+00:00
660392,45-54,M,Health,Web,West,0,12.865,2023-04-03 20:38:00+00:00
660393,18-24,M,Finance,Mobile,Northeast,0,5.6612,2023-05-10 09:09:00+00:00
660394,55+,F,Auto,Web,South,0,6.24,2023-04-08 13:39:00+00:00
660395,45-54,F,Retail,Tablet,West,0,4.3712,2023-03-19 17:36:00+00:00
660396,35-44,F,Housing,Mobile,Midwest,0,10.46,2023-01-09 08:52:00+00:00
660397,25-34,F,Retail,Web,Southeast,0,14.68,2023-02-09 15:57:00+00:00
660398,45-54,F,Finance,Tablet,West,0,6.8675,2023-06-04 22:22:00+00:00
660399,25-34,F,Retail,Tablet,Southeast,0,12.6862,2023-03-11 21:52:00+00:00
660400,55+,F,Housing,Tablet,South,1,14.28,2023-05-20 19:37:00+00:00
660401,25-34,F,Housing,Tablet,Northeast,0,7.12,2023-01-22 09:20:00+00:00
660402,18-24,M,Finance,Mobile,Northeast,0,6.9925,2023-03-16 02:19:00+00:00
660403,25-34,F,News,Mobile,Southeast,0,7.84,2023-06-07 01:48:00+00:00
660404,35-44,F,Health,Tablet,Midwest,1,7.9837,2023-04-18 11:32:00+00:00
660405,18-24,M,Retail,Mobile,Northeast,0,2.0312,2023-03-07 17:09:00+00:00
660406,18-24,M,News,Tablet,Northeast,0,7.56,2023-04-14 07:14:00+00:00
660407,35-44,F,Auto,Mobile,Midwest,0,1.9412,2023-01-14 01:27:00+00:00
660408,45-54,F,Retail,Web,West,1,6.3075,2023-06-16 22:40:00+00:00
660409,35-44,F,Health,Tablet,Midwest,0,9.62,2023-06-16 22:06:00+00:00
660410,25-34,F,News,Web,Southeast,0,5.1425,2023-03-16 02:19:00+00:00
660411,55+,F,Auto,Web,South,0,9.3163,2023-06-03 21:30:00+00:00
660412,45-54,M,Housing,Tablet,West,0,8.74,2023-05-23 22:03:00+00:00
660413,25-34,F,Finance,Web,Southeast,1,2.9275,2023-01-23 22:11:00+00:00
660414,45-54,M,Housing,Tablet,West,0,8.1475,2023-04-29 22:59:00+00:00
660415,55+,M,Finance,Mobile,South,0,9.56,2023-06-13 07:40:00+00:00
660416,18-24,F,Housing,Tablet,Northeast,0,2.8737,2023-06-29 11:08:00+00:00
660417,45-54,F,Retail,Mobile,West,0,11.9238,2023-04-30 11:34:00+00:00
660418,35-44,F,Auto,Tablet,Midwest,0,5.94,2023-02-12 18:14:00+00:00
660419,35-44,M,Finance,Tablet,Midwest,0,2.5362,2023-01-10 21:52:00+00:00
660420,35-44,F,Housing,Mobile,Midwest,1,4.1738,2023-04-10 03:14:00+00:00
660421,45-54,F,Retail,Web,West,0,13.78,2023-06-24 18:50:00+00:00
660422,25-34,F,Retail,Tablet,Southeast,0,7.7213,2023-01-18 17:36:00+00:00
660423,45-54,M,Housing,Web,West,0,11.0887,2023-05-12 23:53:00+00:00
660424,55+,M,Finance,Web,South,0,12.56,2023-02-03 21:47:00+00:00
660425,18-24,M,Finance,Web,Northeast,0,8.9337,2023-03-29 03:03:00+00:00
660426,55+,F,Auto,Mobile,South,0,1.2225,2023-03-20 18:36:00+00:00
660427,45-54,M,Housing,Web,West,0,9.04,2023-05-18 17:02:00+00:00
660428,18-24,M,Retail,Web,Northeast,1,1.6625,2023-04-21 02:50:00+00:00
660429,55+,F,Health,Mobile,South,1,12.3025,2023-02-12 18:14:00+00:00
660430,35-44,M,Retail,Tablet,Midwest,0,7.76,2023-03-15 01:01:00+00:00
660431,35-44,F,Auto,Mobile,Midwest,0,5.0663,2023-05-14 13:53:00+00:00
660432,35-44,F,Auto,Tablet,Midwest,0,12.975,2023-03-02 12:25:00+00:00
660433,25-34,M,Housing,Mobile,Southeast,1,9.62,2023-01-27 14:20:00+00:00
660434,18-24,M,Retail,Tablet,Northeast,0,6.4463,2023-03-19 05:53:00+00:00
660435,45-54,F,Finance,Mobile,West,0,4.74,2023-01-13 00:53:00+00:00
660436,25-34,M,Auto,Tablet,Southeast,1,12.0,2023-02-15 09:40:00+00:00
660437,25-34,M,Housing,Mobile,Southeast,0,0.5737,2023-06-09 03:39:00+00:00
660438,25-34,F,News,Mobile,Southeast,1,5.0637,2023-01-12 11:01:00+00:00
660439,18-24,F,Auto,Web,Northeast,0,8.64,2023-04-08 13:13:00+00:00
660440,18-24,M,Retail,Mobile,Northeast,0,5.325,2023-01-01 12:51:00+00:00
660441,55+,F,Health,Mobile,South,0,2.04,2023-03-14 00:10:00+00:00
660442,35-44,M,Finance,Tablet,Midwest,0,5.64,2023-01-08 07:01:00+00:00
660443,35-44,F,Health,Web,Midwest,1,6.4375,2023-01-31 06:55:00+00:00
660444,25-34,F,News,Mobile,Southeast,0,1.2338,2023-06-17 11:06:00+00:00
660445,55+,F,Auto,Tablet,South,0,8.18,2023-04-25 18:42:00+00:00
660446,25-34,F,Retail,Mobile,Southeast,1,2.4325,2023-03-08 18:26:00+00:00
660447,55+,F,Housing,Mobile,South,0,6.5438,2023-06-05 11:39:00+00:00
660448,35-44,F,Housing,Mobile,Midwest,1,13.52,2023-03-23 21:37:00+00:00
660449,45-54,M,Health,Tablet,West,0,0.995,2023-04-07 12:05:00+00:00
660450,55+,M,News,Mobile,South,0,8.9875,2023-06-20 14:24:00+00:00
660451,25-34,F,Housing,Tablet,Northeast,0,14.04,2023-03-09 19:52:00+00:00
660452,55+,M,Retail,Mobile,South,0,11.6013,2023-05-02 01:25:00+00:00
660453,35-44,M,Retail,Mobile,Midwest,0,10.4025,2023-03-04 02:08:00+00:00
660454,18-24,M,Finance,Web,Northeast,1,5.62,2023-03-28 14:29:00+00:00
660455,45-54,F,Retail,Tablet,West,0,6.9887,2023-04-02 07:13:00+00:00
660456,18-24,F,Auto,Mobile,Northeast,0,10.28,2023-03-06 16:43:00+00:00
660457,35-44,M,Retail,Web,Midwest,1,12.74,2023-06-12 06:57:00+00:00
660458,55+,F,Housing,Web,South,0,10.7238,2023-04-10 03:57:00+00:00
660459,25-34,F,News,Tablet,Southeast,0,5.235,2023-05-09 20:35:00+00:00
660460,18-24,F,Housing,Web,Northeast,0,6.82,2023-05-27 14:20:00+00:00
660461,35-44,F,Housing,Mobile,Midwest,0,2.96,2023-02-18 00:15:00+00:00
660462,55+,M,Retail,Mobile,South,0,1.3237,2023-03-01 11:34:00+00:00
660463,35-44,F,Auto,Web,Midwest,0,7.58,2023-03-06 16:52:00+00:00
660464,55+,F,Housing,Web,South,0,10.145,2023-04-07 12:30:00+00:00
660465,18-24,F,Health,Mobile,Northeast,0,5.125,2023-01-21 20:28:00+00:00
660466,25-34,M,Housing,Mobile,Southeast,1,12.5,2023-01-11 10:18:00+00:00
660467,55+,F,Health,Mobile,South,0,1.6838,2023-05-28 03:38:00+00:00
660468,55+,M,Retail,Tablet,South,0,0.5275,2023-02-12 06:40:00+00:00
660469,55+,F,Housing,Tablet,South,0,11.76,2023-03-15 13:44:00+00:00
660470,18-24,F,Health,Tablet,Northeast,1,6.2138,2023-03-13 11:44:00+00:00
660471,55+,F,Auto,Web,South,0,10.5663,2023-04-04 21:04:00+00:00
660472,18-24,F,Health,Web,Northeast,1,10.76,2023-05-24 23:29:00+00:00
660473,35-44,M,Retail,Tablet,Midwest,1,11.0525,2023-04-13 18:40:00+00:00
660474,45-54,M,Health,Mobile,West,0,5.4512,2023-01-22 09:20:00+00:00
660475,55+,M,Finance,Web,South,0,6.48,2023-05-30 05:12:00+00:00
660476,55+,F,Health,Web,South,0,10.0563,2023-02-15 21:57:00+00:00
660477,55+,F,Housing,Mobile,South,0,1.9937,2023-02-05 11:56:00+00:00
660478,35-44,F,Housing,Web,Midwest,0,8.86,2023-01-29 04:55:00+00:00
660479,25-34,M,Health,Web,Southeast,1,1.9575,2023-02-16 22:49:00+00:00
660480,55+,M,Finance,Mobile,South,0,11.7587,2023-01-28 15:38:00+00:00
660481,35-44,F,Auto,Mobile,Midwest,0,5.92,2023-01-02 01:34:00+00:00
660482,25-34,F,Finance,Web,Southeast,0,12.6975,2023-06-28 22:59:00+00:00
660483,25-34,M,Health,Tablet,Southeast,0,3.0725,2023-05-19 18:19:00+00:00
660484,18-24,M,Retail,Tablet,Northeast,0,13.04,2023-03-19 17:45:00+00:00
660485,35-44,M,Retail,Mobile,Midwest,0,4.2375,2023-03-12 22:35:00+00:00
660486,18-24,M,News,Mobile,Northeast,0,2.805,2023-03-06 04:09:00+00:00
660487,35-44,M,Finance,Mobile,Midwest,0,8.62,2023-06-06 12:56:00+00:00
660488,45-54,M,Auto,Mobile,West,0,10.1813,2023-04-16 09:49:00+00:00
660489,18-24,F,Auto,Tablet,Northeast,1,1.1025,2023-05-23 10:11:00+00:00
660490,25-34,F,Retail,Web,Southeast,0,9.66,2023-01-29 16:29:00+00:00
660491,35-44,M,News,Mobile,Midwest,1,10.9462,2023-05-18 05:36:00+00:00
660492,25-34,F,Finance,Web,Southeast,0,7.285,2023-03-30 04:55:00+00:00
660493,18-24,F,Health,Tablet,Northeast,0,9.22,2023-05-27 14:20:00+00:00
660494,55+,M,Finance,Mobile,South,0,12.5225,2023-02-28 10:51:00+00:00
660495,25-34,F,News,Tablet,Southeast,0,5.015,2023-04-03 20:04:00+00:00
660496,18-24,F,Housing,Mobile,Northeast,0,5.96,2023-01-24 23:11:00+00:00
660497,45-54,F,Finance,Tablet,West,1,9.1037,2023-05-24 11:29:00+00:00
660498,35-44,M,Retail,Web,Midwest,0,5.615,2023-02-02 20:04:00+00:00
660499,55+,F,Health,Mobile,South,0,13.96,2023-03-25 23:29:00+00:00
660500,25-34,M,Health,Tablet,Southeast,0,12.5137,2023-04-02 19:30:00+00:00
660501,25-34,F,Housing,Mobile,Northeast,0,10.68,2023-04-10 15:05:00+00:00
660502,35-44,M,Retail,Mobile,Midwest,0,14.84,2023-01-08 07:52:00+00:00
660503,25-34,M,Health,Tablet,Southeast,0,9.67,2023-04-07 00:56:00+00:00
660504,35-44,M,Retail,Tablet,Midwest,0,5.0187,2023-04-06 23:56:00+00:00
660505,45-54,F,Finance,Web,West,0,6.8,2023-04-16 21:49:00+00:00
660506,35-44,M,Retail,Tablet,Midwest,1,6.975,2023-01-21 20:37:00+00:00
660507,55+,F,Auto,Tablet,South,0,3.105,2023-01-25 12:20:00+00:00
660508,35-44,F,Housing,Mobile,Midwest,0,13.14,2023-02-12 06:14:00+00:00
660509,55+,F,Health,Web,South,0,9.7263,2023-01-02 13:51:00+00:00
660510,35-44,F,Auto,Tablet,Midwest,0,1.9837,2023-05-28 03:12:00+00:00
660511,45-54,F,Retail,Tablet,West,1,10.46,2023-05-29 04:29:00+00:00
660512,45-54,F,Retail,Tablet,West,0,5.0563,2023-06-15 21:32:00+00:00
660513,35-44,M,Finance,Web,Midwest,0,9.2788,2023-03-05 15:43:00+00:00
660514,35-44,F,Auto,Web,Midwest,0,12.28,2023-02-09 15:31:00+00:00
660515,25-34,M,Housing,Mobile,Southeast,0,5.4625,2023-05-31 18:12:00+00:00
660516,35-44,M,Retail,Mobile,Midwest,1,11.2963,2023-04-28 21:08:00+00:00
660517,55+,F,Health,Mobile,South,0,5.96,2023-01-04 15:43:00+00:00
660518,35-44,F,Health,Tablet,Midwest,1,8.7063,2023-05-26 13:55:00+00:00
660519,45-54,F,Finance,Mobile,West,1,6.6288,2023-01-24 23:37:00+00:00
660520,55+,M,Finance,Tablet,South,1,10.58,2023-02-24 06:33:00+00:00
660521,55+,M,Finance,Tablet,South,0,7.3163,2023-03-15 13:53:00+00:00
660522,55+,F,Housing,Web,South,0,8.4725,2023-03-20 18:11:00+00:00
660523,25-34,M,Auto,Web,Southeast,0,5.86,2023-06-08 14:39:00+00:00
660524,45-54,M,Housing,Mobile,West,0,1.5588,2023-01-08 07:35:00+00:00
660525,35-44,M,Finance,Web,Midwest,0,5.5012,2023-03-03 01:34:00+00:00
660526,25-34,M,Auto,Tablet,Southeast,0,14.4,2023-05-06 17:17:00+00:00
660527,25-34,F,Retail,Tablet,Southeast,1,8.3912,2023-02-03 09:13:00+00:00
660528,35-44,M,Retail,Tablet,Midwest,0,8.5038,2023-02-13 19:23:00+00:00
660529,45-54,F,Finance,Tablet,West,0,11.58,2023-03-26 12:12:00+00:00
660530,55+,M,Finance,Mobile,South,1,9.0525,2023-03-04 02:00:00+00:00
660531,18-24,F,Auto,Tablet,Northeast,0,10.7888,2023-03-13 23:53:00+00:00
660532,18-24,M,Retail,Mobile,Northeast,0,13.6,2023-04-16 21:23:00+00:00
660533,18-24,M,Retail,Mobile,Northeast,0,7.1575,2023-03-28 14:46:00+00:00
660534,35-44,M,Retail,Mobile,Midwest,1,9.8025,2023-04-13 18:57:00+00:00
660535,35-44,F,Health,Tablet,Midwest,0,13.84,2023-05-18 05:19:00+00:00
660536,35-44,M,Retail,Tablet,Midwest,1,12.715,2023-04-03 20:30:00+00:00
660537,18-24,M,News,Mobile,Northeast,0,6.7263,2023-05-22 21:11:00+00:00
660538,25-34,M,Health,Mobile,Southeast,0,6.62,2023-01-17 16:02:00+00:00
660539,18-24,M,Finance,Mobile,Northeast,0,9.515,2023-04-03 20:13:00+00:00
660540,45-54,F,Retail,Tablet,West,0,1.2675,2023-01-15 14:02:00+00:00
660541,45-54,M,Auto,Mobile,West,0,15.42,2023-03-18 04:53:00+00:00
660542,45-54,M,Auto,Mobile,West,0,4.7888,2023-04-22 15:50:00+00:00
660543,18-24,M,Retail,Web,Northeast,1,2.145,2023-06-06 12:30:00+00:00
660544,55+,M,Finance,Web,South,0,13.16,2023-04-14 19:57:00+00:00
660545,18-24,F,Health,Tablet,Northeast,0,1.2237,2023-03-01 11:51:00+00:00
660546,45-54,F,News,Mobile,West,0,10.2538,2023-03-25 11:37:00+00:00
660547,45-54,M,Health,Web,West,1,5.68,2023-01-10 09:18:00+00:00
660548,18-24,M,News,Web,Northeast,1,7.6087,2023-01-08 07:18:00+00:00
660549,25-34,M,Health,Mobile,Southeast,0,3.045,2023-06-26 20:08:00+00:00
660550,45-54,F,Retail,Tablet,West,0,13.98,2023-06-14 20:49:00+00:00
660551,25-34,F,Housing,Web,Northeast,0,15.08,2023-04-30 11:59:00+00:00
660552,55+,F,Auto,Tablet,South,1,1.0238,2023-02-09 03:05:00+00:00
660553,45-54,F,Finance,Mobile,West,0,10.5,2023-04-21 02:24:00+00:00
660554,25-34,M,Health,Mobile,Southeast,0,10.1037,2023-03-05 03:26:00+00:00
660555,35-44,M,News,Web,Midwest,1,6.5438,2023-06-25 19:25:00+00:00
660556,18-24,F,Auto,Tablet,Northeast,0,12.88,2023-02-19 01:58:00+00:00
660557,55+,M,News,Mobile,South,0,9.74,2023-03-14 00:10:00+00:00
660558,45-54,F,Finance,Web,West,0,3.0938,2023-04-06 11:13:00+00:00
660559,18-24,F,Health,Tablet,Northeast,0,8.64,2023-04-28 09:59:00+00:00
660560,35-44,M,Finance,Mobile,Midwest,1,8.1425,2023-04-05 10:56:00+00:00
660561,18-24,F,Health,Tablet,Northeast,0,6.9,2023-01-01 00:42:00+00:00
660562,25-34,M,Auto,Mobile,Southeast,0,9.28,2023-01-10 21:35:00+00:00
660563,18-24,M,Retail,Web,Northeast,1,3.7725,2023-04-09 02:31:00+00:00
660564,35-44,M,Finance,Web,Midwest,0,9.8112,2023-05-30 17:12:00+00:00
660565,35-44,M,Finance,Tablet,Midwest,0,14.9,2023-01-31 06:04:00+00:00
660566,55+,F,Auto,Web,South,0,5.0912,2023-04-24 17:07:00+00:00
660567,25-34,M,Health,Tablet,Southeast,0,12.6925,2023-04-25 18:42:00+00:00
660568,55+,M,News,Tablet,South,0,7.48,2023-04-30 23:59:00+00:00
660569,18-24,F,Health,Mobile,Northeast,0,1.9025,2023-03-04 02:00:00+00:00
660570,55+,M,News,Web,South,1,9.335,2023-06-18 12:15:00+00:00
660571,18-24,M,Retail,Tablet,Northeast,0,6.22,2023-04-27 20:33:00+00:00
660572,45-54,M,Housing,Web,West,0,9.7863,2023-01-10 21:18:00+00:00
660573,18-24,M,Retail,Web,Northeast,0,6.6425,2023-06-24 18:16:00+00:00
660574,35-44,M,Retail,Tablet,Midwest,0,9.98,2023-05-25 00:20:00+00:00
660575,18-24,F,Auto,Mobile,Northeast,0,8.5525,2023-05-23 10:28:00+00:00
660576,55+,F,Auto,Tablet,South,0,6.9525,2023-01-03 02:17:00+00:00
660577,35-44,F,Housing,Web,Midwest,0,11.3,2023-05-31 18:12:00+00:00
660578,45-54,F,Retail,Web,West,1,8.1825,2023-01-27 02:12:00+00:00
660579,55+,F,Housing,Tablet,South,1,9.3812,2023-03-27 01:03:00+00:00
660580,18-24,F,Housing,Tablet,Northeast,1,7.86,2023-03-20 06:28:00+00:00
660581,55+,F,Health,Mobile,South,0,12.4663,2023-04-24 05:07:00+00:00
660582,35-44,M,News,Tablet,Midwest,1,2.1425,2023-03-16 02:53:00+00:00
660583,18-24,M,Finance,Tablet,Northeast,0,13.34,2023-02-02 08:47:00+00:00
660584,55+,M,Retail,Mobile,South,1,1.2712,2023-05-18 17:36:00+00:00
660585,25-34,M,Health,Web,Southeast,0,9.8925,2023-03-16 02:27:00+00:00
660586,18-24,F,Housing,Web,Northeast,1,15.02,2023-02-26 08:50:00+00:00
660587,25-34,F,Retail,Mobile,Southeast,0,7.375,2023-05-01 12:51:00+00:00
660588,35-44,M,Finance,Web,Midwest,1,11.68,2023-02-14 08:06:00+00:00
660589,35-44,F,Health,Mobile,Midwest,0,10.36,2023-04-14 07:57:00+00:00
660590,55+,F,Health,Tablet,South,1,0.5587,2023-03-09 07:18:00+00:00
660591,35-44,M,Finance,Tablet,Midwest,1,5.8425,2023-06-24 18:59:00+00:00
660592,55+,F,Auto,Mobile,South,0,6.02,2023-04-17 10:32:00+00:00
660593,35-44,M,Finance,Mobile,Midwest,0,9.1288,2023-02-13 07:49:00+00:00
660594,55+,M,Retail,Mobile,South,1,1.3287,2023-04-14 07:23:00+00:00
660595,55+,F,Auto,Tablet,South,0,12.58,2023-02-04 10:56:00+00:00
660596,35-44,F,Housing,Web,Midwest,1,1.0463,2023-02-27 21:51:00+00:00
660597,18-24,M,Finance,Mobile,Northeast,0,12.2525,2023-01-03 02:51:00+00:00
660598,45-54,M,Auto,Web,West,0,11.18,2023-05-05 04:43:00+00:00
660599,45-54,M,Health,Web,West,0,0.6575,2023-03-08 06:00:00+00:00
660600,45-54,F,News,Tablet,West,0,7.5637,2023-01-12 11:27:00+00:00
660601,25-34,F,Housing,Tablet,Northeast,0,14.32,2023-03-03 01:43:00+00:00
660602,45-54,M,Auto,Tablet,West,1,12.0825,2023-06-16 10:15:00+00:00
660603,35-44,M,News,Mobile,Midwest,1,11.3425,2023-06-24 18:07:00+00:00
660604,35-44,M,Finance,Mobile,Midwest,0,14.98,2023-02-04 10:56:00+00:00
660605,18-24,F,Auto,Web,Northeast,0,11.815,2023-05-13 12:53:00+00:00
660606,35-44,M,Retail,Web,Midwest,0,1.3562,2023-01-26 13:20:00+00:00
660607,35-44,F,Health,Tablet,Midwest,1,9.96,2023-02-13 19:57:00+00:00
660608,45-54,M,Auto,Web,West,0,7.54,2023-02-02 08:13:00+00:00
660609,35-44,F,Housing,Tablet,Midwest,0,4.3312,2023-05-06 17:17:00+00:00
660610,35-44,F,Auto,Mobile,Midwest,0,10.54,2023-06-02 20:13:00+00:00
660611,18-24,F,Health,Mobile,Northeast,0,8.7637,2023-04-02 19:55:00+00:00
660612,55+,M,Finance,Mobile,South,0,5.8662,2023-02-03 21:13:00+00:00
660613,18-24,M,News,Tablet,Northeast,0,14.14,2023-06-02 08:04:00+00:00
660614,55+,M,Finance,Mobile,South,0,8.6075,2023-01-27 14:20:00+00:00
660615,18-24,F,Housing,Web,Northeast,1,11.3575,2023-03-28 14:29:00+00:00
660616,25-34,F,Finance,Tablet,Southeast,0,8.14,2023-04-03 20:04:00+00:00
660617,18-24,F,Housing,Mobile,Northeast,0,2.6775,2023-02-12 06:31:00+00:00
660618,45-54,F,Retail,Tablet,West,1,1.615,2023-01-13 12:01:00+00:00
660619,45-54,F,Retail,Mobile,West,0,7.56,2023-01-04 15:17:00+00:00
660620,25-34,F,Retail,Mobile,Southeast,0,6.1262,2023-05-02 13:17:00+00:00
660621,45-54,F,Finance,Mobile,West,0,0.9387,2023-06-21 15:58:00+00:00
660622,55+,M,Retail,Mobile,South,0,12.0,2023-03-27 13:29:00+00:00
660623,35-44,M,Retail,Tablet,Midwest,0,0.9425,2023-01-15 02:10:00+00:00
660624,55+,F,Auto,Mobile,South,0,1.855,2023-05-05 04:26:00+00:00
660625,45-54,F,Retail,Web,West,0,9.74,2023-06-02 20:38:00+00:00
660626,55+,M,Retail,Tablet,South,1,11.6137,2023-01-12 11:27:00+00:00
660627,35-44,M,News,Web,Midwest,0,8.0987,2023-04-30 23:51:00+00:00
660628,35-44,F,Health,Web,Midwest,0,11.62,2023-02-16 22:40:00+00:00
660629,45-54,F,News,Tablet,West,1,2.73,2023-03-26 00:29:00+00:00
660630,55+,M,News,Mobile,South,0,6.19,2023-03-14 00:10:00+00:00
660631,45-54,M,Health,Web,West,0,6.48,2023-04-20 01:32:00+00:00
660632,35-44,M,Retail,Mobile,Midwest,0,11.93,2023-04-15 08:06:00+00:00
660633,55+,M,Retail,Mobile,South,1,6.0963,2023-02-07 13:05:00+00:00
660634,55+,M,Retail,Tablet,South,0,9.08,2023-01-20 19:11:00+00:00
660635,35-44,F,Housing,Tablet,Midwest,0,8.6862,2023-02-19 13:32:00+00:00
660636,18-24,F,Auto,Web,Northeast,0,10.9362,2023-01-10 21:18:00+00:00
660637,55+,F,Housing,Web,South,1,9.8,2023-06-05 23:05:00+00:00
660638,55+,F,Auto,Web,South,1,3.1313,2023-03-07 17:35:00+00:00
660639,18-24,F,Health,Tablet,Northeast,1,11.7538,2023-01-24 11:54:00+00:00
660640,25-34,F,Retail,Tablet,Southeast,1,13.84,2023-02-07 13:39:00+00:00
660641,45-54,M,Auto,Tablet,West,1,9.8588,2023-03-29 15:21:00+00:00
660642,45-54,F,News,Web,West,0,3.125,2023-05-01 12:25:00+00:00
660643,35-44,F,Auto,Mobile,Midwest,0,10.7,2023-03-22 08:45:00+00:00
660644,55+,F,Housing,Tablet,South,0,2.4487,2023-06-09 15:22:00+00:00
660645,45-54,M,Auto,Web,West,0,7.2713,2023-03-19 17:02:00+00:00
660646,35-44,F,Housing,Web,Midwest,0,15.04,2023-02-07 01:48:00+00:00
660647,18-24,M,Retail,Web,Northeast,1,8.625,2023-04-11 04:48:00+00:00
660648,55+,F,Auto,Mobile,South,0,8.115,2023-02-02 20:13:00+00:00
660649,18-24,M,News,Tablet,Northeast,1,11.06,2023-04-29 10:08:00+00:00
660650,18-24,M,News,Mobile,Northeast,0,10.3513,2023-01-22 09:45:00+00:00
660651,25-34,F,Housing,Tablet,Northeast,0,7.58,2023-03-06 16:17:00+00:00
660652,55+,M,News,Tablet,South,0,6.5,2023-04-01 18:55:00+00:00
660653,55+,F,Health,Mobile,South,0,2.3987,2023-01-20 07:02:00+00:00
660654,18-24,F,Housing,Mobile,Northeast,0,5.1887,2023-04-22 15:41:00+00:00
660655,25-34,M,Housing,Mobile,Southeast,0,6.9,2023-03-12 10:10:00+00:00
660656,18-24,F,Health,Tablet,Northeast,0,5.2725,2023-02-28 10:34:00+00:00
660657,45-54,F,Retail,Mobile,West,0,10.8163,2023-01-14 13:19:00+00:00
660658,45-54,M,Housing,Mobile,West,1,6.18,2023-01-15 02:27:00+00:00
660659,35-44,F,Auto,Web,Midwest,0,10.4763,2023-05-02 13:08:00+00:00
660660,18-24,M,Retail,Mobile,Northeast,1,5.7675,2023-05-15 14:44:00+00:00
660661,18-24,M,News,Web,Northeast,0,9.0,2023-02-05 23:22:00+00:00
660662,35-44,F,Housing,Tablet,Midwest,0,10.7413,2023-04-24 17:24:00+00:00
660663,25-34,F,News,Mobile,Southeast,0,12.46,2023-01-09 08:18:00+00:00
660664,35-44,F,Health,Mobile,Midwest,1,14.52,2023-04-02 07:55:00+00:00
660665,35-44,F,Housing,Tablet,Midwest,0,4.82,2023-06-06 00:05:00+00:00
660666,25-34,F,News,Mobile,Southeast,0,2.2325,2023-03-08 18:43:00+00:00
660667,25-34,M,Housing,Web,Southeast,1,9.34,2023-02-02 08:38:00+00:00
660668,45-54,M,Auto,Tablet,West,1,12.3537,2023-01-04 03:43:00+00:00
660669,35-44,F,Health,Tablet,Midwest,1,3.23,2023-05-25 00:54:00+00:00
660670,35-44,F,Housing,Mobile,Midwest,1,8.18,2023-06-24 18:33:00+00:00
660671,25-34,M,Health,Web,Southeast,0,1.5962,2023-04-08 13:39:00+00:00
660672,18-24,F,Housing,Mobile,Northeast,1,12.8975,2023-04-29 22:34:00+00:00
660673,25-34,F,Finance,Mobile,Southeast,0,12.86,2023-05-29 04:29:00+00:00
660674,25-34,M,Auto,Tablet,Southeast,1,4.1063,2023-01-26 13:46:00+00:00
660675,45-54,F,News,Mobile,West,0,11.9275,2023-01-23 22:03:00+00:00
660676,55+,M,News,Web,South,0,14.98,2023-03-16 14:36:00+00:00
660677,25-34,F,News,Tablet,Southeast,0,9.5262,2023-01-22 21:37:00+00:00
660678,45-54,M,Auto,Mobile,West,0,3.69,2023-04-03 08:30:00+00:00
660679,18-24,F,Housing,Web,Northeast,1,12.76,2023-02-13 19:23:00+00:00
660680,25-34,F,News,Web,Southeast,0,1.7913,2023-01-14 01:44:00+00:00
660681,25-34,M,Housing,Tablet,Southeast,0,1.52,2023-04-27 08:08:00+00:00
660682,25-34,M,Housing,Web,Southeast,1,8.56,2023-06-23 17:41:00+00:00
660683,45-54,F,Finance,Web,West,0,6.0862,2023-03-11 21:52:00+00:00
660684,55+,F,Housing,Mobile,South,1,5.345,2023-06-06 12:48:00+00:00
660685,45-54,M,Housing,Tablet,West,1,6.38,2023-03-06 04:52:00+00:00
660686,45-54,F,Finance,Web,West,0,1.9425,2023-03-16 02:44:00+00:00
660687,55+,F,Housing,Tablet,South,0,3.9075,2023-05-07 06:26:00+00:00
660688,45-54,F,News,Mobile,West,0,6.42,2023-01-07 06:43:00+00:00
660689,45-54,M,Housing,Mobile,West,1,3.1138,2023-05-12 11:53:00+00:00
660690,45-54,M,Housing,Web,West,0,9.3338,2023-02-17 11:49:00+00:00
660691,35-44,M,Finance,Web,Midwest,1,12.24,2023-02-07 01:22:00+00:00
660692,35-44,M,News,Web,Midwest,0,12.795,2023-02-26 20:08:00+00:00
660693,55+,M,Retail,Web,South,0,10.7762,2023-06-11 05:31:00+00:00
660694,18-24,F,Housing,Tablet,Northeast,1,5.84,2023-02-07 01:48:00+00:00
660695,35-44,M,Retail,Web,Midwest,0,0.8975,2023-01-19 06:45:00+00:00
660696,55+,F,Housing,Mobile,South,0,12.2425,2023-06-24 18:59:00+00:00
660697,55+,M,Retail,Mobile,South,0,13.84,2023-02-27 21:59:00+00:00
660698,45-54,F,Finance,Tablet,West,0,6.015,2023-01-13 12:18:00+00:00
660699,45-54,M,Health,Web,West,0,4.0362,2023-01-30 05:04:00+00:00
660700,25-34,M,Housing,Web,Southeast,0,12.84,2023-05-28 03:21:00+00:00
660701,25-34,F,Housing,Tablet,Northeast,0,15.48,2023-03-21 19:54:00+00:00
660702,25-34,M,Auto,Mobile,Southeast,0,12.0312,2023-03-07 17:43:00+00:00
660703,55+,F,Auto,Web,South,0,13.72,2023-04-02 19:04:00+00:00
660704,45-54,M,Health,Mobile,West,1,7.32,2023-04-07 00:39:00+00:00
660705,45-54,M,Auto,Web,West,0,9.5025,2023-01-23 10:03:00+00:00
660706,45-54,F,Finance,Tablet,West,0,13.14,2023-02-12 06:23:00+00:00
660707,18-24,M,Retail,Web,Northeast,1,8.3775,2023-01-03 14:17:00+00:00
660708,55+,M,News,Tablet,South,0,9.5875,2023-01-31 06:21:00+00:00
660709,55+,F,Housing,Web,South,0,6.4,2023-03-07 17:35:00+00:00
660710,35-44,F,Housing,Mobile,Midwest,0,7.8975,2023-01-19 06:02:00+00:00
660711,25-34,F,Retail,Web,Southeast,0,5.665,2023-04-23 04:33:00+00:00
660712,18-24,M,News,Mobile,Northeast,0,14.18,2023-01-15 14:02:00+00:00
660713,18-24,F,Housing,Tablet,Northeast,0,2.4837,2023-01-28 03:03:00+00:00
660714,18-24,F,Auto,Mobile,Northeast,0,3.1913,2023-03-15 01:10:00+00:00
660715,45-54,F,Finance,Mobile,West,0,6.8,2023-03-07 17:26:00+00:00
660716,45-54,F,Finance,Mobile,West,0,6.2975,2023-05-19 06:36:00+00:00
660717,55+,M,Finance,Web,South,0,7.5475,2023-01-19 06:45:00+00:00
660718,18-24,F,Housing,Mobile,Northeast,0,13.78,2023-05-15 02:10:00+00:00
660719,18-24,F,Health,Web,Northeast,1,12.6487,2023-04-10 15:14:00+00:00
660720,55+,M,Finance,Mobile,South,0,0.6675,2023-06-04 22:47:00+00:00
660721,45-54,F,Retail,Tablet,West,1,12.24,2023-02-27 21:59:00+00:00
660722,55+,M,Finance,Web,South,1,8.7637,2023-02-01 19:55:00+00:00
660723,55+,F,Auto,Mobile,South,1,2.3237,2023-05-20 19:37:00+00:00
660724,35-44,M,News,Mobile,Midwest,1,7.56,2023-06-13 07:49:00+00:00
660725,45-54,F,Retail,Tablet,West,1,6.2613,2023-04-20 01:49:00+00:00
660726,35-44,M,Finance,Tablet,Midwest,0,5.5575,2023-02-16 22:06:00+00:00
660727,35-44,M,Retail,Web,Midwest,0,11.74,2023-02-02 08:56:00+00:00
660728,35-44,M,Finance,Tablet,Midwest,0,3.5762,2023-05-22 21:45:00+00:00
660729,18-24,F,Auto,Mobile,Northeast,1,3.9162,2023-04-04 21:56:00+00:00
660730,25-34,M,Auto,Mobile,Southeast,0,14.54,2023-02-02 20:21:00+00:00
660731,25-34,F,Retail,Tablet,Southeast,1,5.7412,2023-04-24 17:16:00+00:00
660732,25-34,F,Retail,Web,Southeast,0,1.2812,2023-01-06 17:09:00+00:00
660733,55+,M,Finance,Web,South,0,10.78,2023-05-05 04:00:00+00:00
660734,45-54,M,Housing,Mobile,West,0,3.6263,2023-03-03 13:51:00+00:00
660735,55+,M,Retail,Web,South,1,4.5375,2023-01-31 06:12:00+00:00
660736,45-54,M,Health,Web,West,0,11.64,2023-04-18 23:49:00+00:00
660737,18-24,M,News,Tablet,Northeast,1,9.7963,2023-06-07 13:39:00+00:00
660738,35-44,M,News,Web,Midwest,0,1.8562,2023-05-26 13:46:00+00:00
660739,25-34,M,Health,Tablet,Southeast,0,15.36,2023-06-23 05:50:00+00:00
660740,45-54,F,News,Tablet,West,1,11.7438,2023-06-05 11:30:00+00:00
660741,18-24,F,Health,Web,Northeast,1,2.3062,2023-03-27 13:46:00+00:00
660742,35-44,M,Finance,Tablet,Midwest,0,9.92,2023-04-12 17:05:00+00:00
660743,55+,F,Auto,Tablet,South,0,8.935,2023-02-18 12:49:00+00:00
660744,25-34,M,Health,Mobile,Southeast,0,7.5062,2023-01-26 13:46:00+00:00
660745,55+,F,Housing,Web,South,0,13.94,2023-01-23 22:46:00+00:00
660746,18-24,F,Auto,Web,Northeast,0,1.2175,2023-03-16 14:44:00+00:00
660747,25-34,M,Auto,Mobile,Southeast,0,11.2487,2023-04-30 23:25:00+00:00
660748,25-34,M,Housing,Mobile,Southeast,0,9.54,2023-03-24 22:54:00+00:00
660749,55+,M,Finance,Tablet,South,0,3.7738,2023-03-21 19:28:00+00:00
660750,25-34,F,Finance,Tablet,Southeast,0,1.885,2023-03-10 20:09:00+00:00
660751,25-34,F,Housing,Tablet,Northeast,0,11.92,2023-02-11 05:40:00+00:00
660752,18-24,M,Retail,Web,Northeast,1,11.0463,2023-02-27 21:08:00+00:00
660753,45-54,M,Auto,Mobile,West,0,8.7737,2023-02-09 03:22:00+00:00
660754,25-34,F,News,Mobile,Southeast,0,6.08,2023-03-31 17:29:00+00:00
660755,25-34,M,Housing,Mobile,Southeast,0,0.625,2023-05-01 12:34:00+00:00
660756,55+,F,Health,Mobile,South,0,11.7462,2023-04-28 21:16:00+00:00
660757,25-34,M,Health,Tablet,Southeast,0,13.34,2023-04-23 16:58:00+00:00
660758,55+,M,Finance,Web,South,0,4.9413,2023-06-23 17:24:00+00:00
660759,18-24,F,Housing,Web,Northeast,0,8.0012,2023-04-12 17:57:00+00:00
660760,25-34,F,Finance,Tablet,Southeast,1,8.84,2023-03-29 03:29:00+00:00
660761,55+,M,Retail,Web,South,0,9.1075,2023-02-16 22:32:00+00:00
660762,55+,F,Housing,Web,South,1,3.5675,2023-04-25 06:42:00+00:00
660763,45-54,F,Finance,Web,West,0,9.32,2023-06-21 15:07:00+00:00
660764,45-54,F,News,Tablet,West,1,5.445,2023-05-17 04:28:00+00:00
660765,25-34,M,Housing,Tablet,Southeast,0,10.8225,2023-03-20 18:36:00+00:00
660766,55+,F,Health,Mobile,South,0,13.88,2023-02-09 15:31:00+00:00
660767,55+,F,Health,Mobile,South,0,9.8837,2023-01-28 03:03:00+00:00
660768,55+,F,Health,Tablet,South,0,0.7362,2023-01-10 21:18:00+00:00
660769,35-44,M,Finance,Mobile,Midwest,0,9.22,2023-06-16 10:40:00+00:00
660770,55+,F,Housing,Mobile,South,0,8.925,2023-06-10 04:22:00+00:00
660771,35-44,F,Health,Web,Midwest,0,12.4275,2023-03-04 14:17:00+00:00
660772,25-34,M,Auto,Web,Southeast,1,5.96,2023-03-05 03:51:00+00:00
660773,55+,M,Retail,Tablet,South,0,3.1338,2023-01-28 03:29:00+00:00
660774,45-54,M,Health,Tablet,West,1,1.9937,2023-02-05 11:13:00+00:00
660775,18-24,F,Housing,Web,Northeast,0,15.24,2023-02-17 11:41:00+00:00
660776,25-34,F,Finance,Tablet,Southeast,1,10.2363,2023-06-19 13:32:00+00:00
660777,55+,F,Health,Mobile,South,1,8.6387,2023-02-01 07:13:00+00:00
660778,25-34,M,Auto,Tablet,Southeast,0,9.48,2023-04-30 11:17:00+00:00
660779,18-24,M,Retail,Tablet,Northeast,1,2.1975,2023-04-29 22:16:00+00:00
660780,45-54,M,Housing,Mobile,West,0,12.855,2023-03-06 04:26:00+00:00
660781,45-54,M,Housing,Tablet,West,0,5.76,2023-01-14 13:44:00+00:00
660782,25-34,F,News,Mobile,Southeast,1,4.55,2023-05-21 08:45:00+00:00
660783,18-24,F,Housing,Mobile,Northeast,0,3.2125,2023-03-12 10:44:00+00:00
660784,18-24,F,Housing,Mobile,Northeast,1,8.46,2023-03-10 20:26:00+00:00
660785,45-54,F,News,Tablet,West,0,11.7188,2023-03-17 15:36:00+00:00
660786,35-44,F,Auto,Web,Midwest,0,3.2075,2023-01-07 06:09:00+00:00
660787,35-44,M,News,Mobile,Midwest,0,13.72,2023-03-13 11:53:00+00:00
660788,55+,F,Auto,Web,South,1,0.8887,2023-03-13 23:10:00+00:00
660789,45-54,M,Housing,Web,West,1,11.2462,2023-01-18 05:53:00+00:00
660790,18-24,M,Retail,Tablet,Northeast,0,9.22,2023-05-27 14:12:00+00:00
660791,35-44,M,News,Tablet,Midwest,0,4.1075,2023-03-28 14:29:00+00:00
660792,35-44,M,Finance,Web,Midwest,0,11.4288,2023-05-04 15:00:00+00:00
660793,55+,F,Auto,Tablet,South,0,11.34,2023-02-02 08:38:00+00:00
660794,55+,M,Retail,Web,South,0,2.5625,2023-01-31 18:55:00+00:00
660795,55+,M,Finance,Mobile,South,0,1.8825,2023-05-07 18:18:00+00:00
660796,35-44,F,Health,Mobile,Midwest,0,5.58,2023-02-14 20:40:00+00:00
660797,18-24,F,Auto,Tablet,Northeast,0,12.9275,2023-04-13 06:14:00+00:00
660798,35-44,M,Finance,Mobile,Midwest,0,6.8338,2023-03-09 19:35:00+00:00
660799,18-24,M,News,Web,Northeast,0,7.1,2023-01-01 12:17:00+00:00
660800,45-54,F,Finance,Web,West,1,5.3937,2023-05-16 03:27:00+00:00
660801,25-34,F,Housing,Web,Northeast,0,14.56,2023-04-24 17:59:00+00:00
660802,25-34,F,Finance,Mobile,Southeast,0,12.92,2023-04-02 19:30:00+00:00
660803,55+,M,Retail,Web,South,0,4.1738,2023-06-29 11:08:00+00:00
660804,25-34,F,Retail,Web,Southeast,0,4.7162,2023-06-03 21:39:00+00:00
660805,45-54,F,Retail,Mobile,West,0,12.4,2023-03-27 13:29:00+00:00
660806,18-24,F,Auto,Tablet,Northeast,1,12.2,2023-03-02 00:00:00+00:00
660807,35-44,M,Finance,Mobile,Midwest,0,10.2387,2023-02-01 07:30:00+00:00
660808,18-24,F,Auto,Tablet,Northeast,0,9.18,2023-04-15 08:23:00+00:00
660809,25-34,M,Housing,Tablet,Southeast,0,1.6162,2023-01-14 13:53:00+00:00
660810,35-44,F,Auto,Tablet,Midwest,0,6.5287,2023-05-04 15:26:00+00:00
660811,25-34,F,Retail,Tablet,Southeast,0,12.88,2023-02-19 01:24:00+00:00
660812,18-24,F,Auto,Tablet,Northeast,1,6.445,2023-05-17 04:53:00+00:00
660813,25-34,M,Health,Tablet,Southeast,1,3.9287,2023-04-14 07:31:00+00:00
660814,55+,F,Auto,Web,South,0,10.26,2023-02-28 22:25:00+00:00
660815,18-24,F,Health,Tablet,Northeast,0,6.6037,2023-03-05 03:17:00+00:00
660816,55+,F,Housing,Web,South,0,11.7587,2023-01-08 07:43:00+00:00
660817,25-34,M,Health,Web,Southeast,0,9.66,2023-02-18 12:15:00+00:00
660818,45-54,F,News,Tablet,West,0,9.775,2023-06-10 04:31:00+00:00
660819,35-44,M,News,Tablet,Midwest,0,11.1237,2023-03-01 11:59:00+00:00
660820,35-44,F,Auto,Mobile,Midwest,0,13.86,2023-02-28 22:25:00+00:00
660821,55+,F,Housing,Web,South,1,9.7325,2023-05-27 02:20:00+00:00
660822,55+,F,Housing,Tablet,South,0,2.9562,2023-05-26 13:12:00+00:00
660823,45-54,M,Auto,Tablet,West,0,11.28,2023-03-11 09:35:00+00:00
660824,45-54,F,Finance,Mobile,West,0,7.9425,2023-05-15 02:53:00+00:00
660825,35-44,M,News,Mobile,Midwest,0,7.46,2023-04-19 00:41:00+00:00
660826,35-44,M,News,Tablet,Midwest,0,12.86,2023-02-18 12:06:00+00:00
660827,45-54,M,Housing,Web,West,1,7.5388,2023-01-12 23:44:00+00:00
660828,25-34,M,Health,Tablet,Southeast,0,5.7675,2023-03-16 14:44:00+00:00
660829,55+,F,Auto,Tablet,South,0,6.46,2023-01-09 20:52:00+00:00
660830,35-44,M,Finance,Tablet,Midwest,0,11.2175,2023-02-04 22:30:00+00:00
660831,35-44,F,Housing,Web,Midwest,0,3.7738,2023-06-29 11:51:00+00:00
660832,55+,F,Housing,Mobile,South,1,13.96,2023-03-25 11:29:00+00:00
660833,35-44,M,News,Web,Midwest,0,12.6425,2023-04-25 18:42:00+00:00
660834,55+,M,Retail,Web,South,0,6.1625,2023-02-20 02:41:00+00:00
660835,35-44,M,Retail,Tablet,Midwest,1,10.26,2023-01-19 18:11:00+00:00
660836,45-54,F,Finance,Web,West,1,10.0463,2023-05-18 05:19:00+00:00
660837,18-24,F,Auto,Web,Northeast,0,4.4775,2023-01-03 14:00:00+00:00
660838,18-24,F,Health,Mobile,Northeast,1,11.12,2023-05-02 13:51:00+00:00
660839,18-24,M,Retail,Tablet,Northeast,0,10.8387,2023-06-21 15:33:00+00:00
660840,25-34,F,Finance,Mobile,Southeast,1,10.3,2023-06-10 16:57:00+00:00
660841,18-24,F,Auto,Mobile,Northeast,0,10.24,2023-06-07 01:31:00+00:00
660842,55+,F,Housing,Web,South,1,12.885,2023-04-19 12:15:00+00:00
660843,35-44,F,Housing,Web,Midwest,0,10.9763,2023-05-02 13:43:00+00:00
660844,18-24,F,Housing,Web,Northeast,0,11.7,2023-05-11 10:01:00+00:00
660845,55+,M,News,Tablet,South,1,7.8825,2023-02-16 10:49:00+00:00
660846,18-24,M,Retail,Mobile,Northeast,0,8.88,2023-05-25 00:20:00+00:00
660847,55+,F,Housing,Tablet,South,0,8.08,2023-03-11 09:52:00+00:00
660848,45-54,M,Auto,Web,West,0,3.7612,2023-01-30 17:38:00+00:00
660849,18-24,M,News,Web,Northeast,1,2.245,2023-01-17 04:28:00+00:00
660850,35-44,F,Health,Web,Midwest,0,12.96,2023-06-23 05:24:00+00:00
660851,25-34,F,Housing,Mobile,Northeast,0,9.1,2023-02-10 16:05:00+00:00
660852,55+,M,News,Mobile,South,0,0.9663,2023-04-24 05:07:00+00:00
660853,45-54,F,News,Mobile,West,1,12.38,2023-05-05 16:43:00+00:00
660854,55+,F,Housing,Web,South,1,5.235,2023-02-18 12:32:00+00:00
660855,35-44,M,Retail,Web,Midwest,0,4.8338,2023-02-17 11:06:00+00:00
660856,25-34,F,Retail,Mobile,Southeast,0,13.64,2023-03-29 15:21:00+00:00
660857,45-54,M,Housing,Tablet,West,1,7.13,2023-03-26 00:37:00+00:00
660858,18-24,F,Housing,Web,Northeast,0,6.4725,2023-06-28 10:25:00+00:00
660859,18-24,F,Auto,Mobile,Northeast,1,11.88,2023-06-29 11:08:00+00:00
660860,25-34,M,Housing,Mobile,Southeast,0,4.1325,2023-01-07 18:09:00+00:00
660861,55+,F,Auto,Tablet,South,0,11.1263,2023-01-22 21:37:00+00:00
660862,25-34,M,Auto,Web,Southeast,0,12.84,2023-03-29 15:03:00+00:00
660863,55+,M,Retail,Tablet,South,0,4.0488,2023-06-09 15:22:00+00:00
660864,18-24,F,Auto,Mobile,Northeast,0,11.65,2023-03-02 00:17:00+00:00
660865,25-34,F,Finance,Tablet,Southeast,0,10.04,2023-06-17 11:06:00+00:00
660866,25-34,F,Retail,Tablet,Southeast,0,6.5875,2023-01-31 06:38:00+00:00
660867,55+,F,Housing,Web,South,0,7.0738,2023-06-29 11:17:00+00:00
660868,18-24,F,Housing,Mobile,Northeast,0,14.38,2023-03-26 00:29:00+00:00
660869,35-44,F,Auto,Mobile,Midwest,0,9.3475,2023-04-29 22:16:00+00:00
660870,18-24,M,Finance,Mobile,Northeast,0,0.6338,2023-04-18 11:06:00+00:00
660871,45-54,F,Finance,Tablet,West,0,6.08,2023-01-10 09:44:00+00:00
660872,18-24,F,Auto,Tablet,Northeast,0,12.1438,2023-02-25 19:42:00+00:00
660873,25-34,F,Retail,Web,Southeast,1,9.4375,2023-03-12 22:52:00+00:00
660874,45-54,F,Retail,Web,West,1,10.34,2023-04-13 06:48:00+00:00
660875,45-54,F,Retail,Mobile,West,0,12.8475,2023-04-09 14:31:00+00:00
660876,18-24,M,Finance,Web,Northeast,0,10.8712,2023-02-27 09:51:00+00:00
660877,45-54,M,Health,Web,West,0,6.0,2023-01-26 13:46:00+00:00
660878,18-24,M,News,Web,Northeast,0,9.8537,2023-02-13 19:14:00+00:00
660879,55+,M,News,Tablet,South,0,11.6925,2023-03-16 02:02:00+00:00
660880,45-54,F,News,Tablet,West,0,11.9,2023-01-01 12:51:00+00:00
660881,25-34,F,Finance,Web,Southeast,1,12.71,2023-02-18 00:58:00+00:00
660882,25-34,F,Finance,Mobile,Southeast,0,12.0275,2023-03-24 22:37:00+00:00
660883,45-54,F,News,Tablet,West,1,14.6,2023-04-06 11:30:00+00:00
660884,18-24,M,News,Tablet,Northeast,0,2.1525,2023-04-13 18:23:00+00:00
660885,45-54,F,Retail,Tablet,West,0,12.155,2023-03-06 04:52:00+00:00
660886,35-44,F,Health,Tablet,Midwest,1,10.42,2023-03-28 02:03:00+00:00
660887,18-24,M,News,Mobile,Northeast,1,1.7663,2023-01-14 13:10:00+00:00
660888,55+,M,Retail,Tablet,South,1,1.32,2023-01-17 16:19:00+00:00
660889,35-44,M,News,Web,Midwest,0,11.12,2023-01-02 01:08:00+00:00
660890,25-34,M,Auto,Mobile,Southeast,0,10.2538,2023-01-04 03:26:00+00:00
660891,18-24,F,Auto,Tablet,Northeast,0,8.01,2023-03-30 16:12:00+00:00
660892,45-54,F,Retail,Tablet,West,1,10.9,2023-01-11 10:27:00+00:00
660893,45-54,M,Auto,Tablet,West,0,3.5438,2023-04-26 19:42:00+00:00
660894,35-44,F,Housing,Mobile,Midwest,0,10.6662,2023-04-24 05:24:00+00:00
660895,35-44,F,Auto,Mobile,Midwest,0,11.18,2023-01-25 00:03:00+00:00
660896,18-24,F,Health,Mobile,Northeast,0,5.29,2023-02-02 08:56:00+00:00
660897,45-54,F,Finance,Mobile,West,1,7.3388,2023-04-02 07:04:00+00:00
660898,25-34,M,Housing,Mobile,Southeast,0,11.24,2023-05-08 19:18:00+00:00
660899,45-54,M,Housing,Tablet,West,0,12.6913,2023-04-04 09:39:00+00:00
660900,55+,F,Health,Web,South,1,8.4913,2023-04-24 17:24:00+00:00
660901,25-34,F,Housing,Tablet,Northeast,0,9.3,2023-01-31 18:47:00+00:00
660902,18-24,F,Auto,Mobile,Northeast,0,1.37,2023-01-17 16:19:00+00:00
660903,35-44,M,Retail,Mobile,Midwest,1,12.5475,2023-04-29 22:25:00+00:00
660904,45-54,M,Health,Web,West,1,12.86,2023-04-19 12:58:00+00:00
660905,35-44,F,Health,Tablet,Midwest,0,1.9863,2023-01-30 05:12:00+00:00
660906,45-54,M,Health,Mobile,West,0,8.9887,2023-06-01 07:55:00+00:00
660907,45-54,F,Finance,Web,West,0,6.56,2023-01-14 13:44:00+00:00
660908,55+,F,Housing,Tablet,South,0,1.1225,2023-06-28 10:34:00+00:00
660909,18-24,F,Housing,Web,Northeast,1,5.5062,2023-01-06 05:26:00+00:00
660910,45-54,M,Housing,Web,West,0,9.78,2023-01-15 14:19:00+00:00
660911,45-54,F,Retail,Web,West,0,2.4,2023-06-10 16:40:00+00:00
660912,35-44,M,Finance,Tablet,Midwest,0,7.8187,2023-06-25 07:07:00+00:00
660913,55+,M,Finance,Tablet,South,0,8.48,2023-04-20 13:24:00+00:00
660914,18-24,M,News,Web,Northeast,1,12.5475,2023-03-20 06:11:00+00:00
660915,18-24,M,Retail,Mobile,Northeast,0,8.3225,2023-02-08 02:56:00+00:00
660916,18-24,F,Auto,Mobile,Northeast,0,13.9,2023-01-21 20:37:00+00:00
660917,35-44,M,Finance,Tablet,Midwest,0,1.4325,2023-06-16 10:58:00+00:00
660918,25-34,F,Retail,Tablet,Southeast,0,6.1437,2023-03-17 03:10:00+00:00
660919,45-54,M,Health,Web,West,0,14.24,2023-02-07 13:48:00+00:00
660920,55+,F,Housing,Web,South,0,4.3213,2023-06-27 09:42:00+00:00
660921,18-24,M,News,Mobile,Northeast,0,2.6212,2023-02-07 01:31:00+00:00
660922,55+,M,Finance,Mobile,South,0,5.76,2023-02-03 09:47:00+00:00
660923,55+,F,Auto,Tablet,South,0,4.6588,2023-03-29 15:38:00+00:00
660924,18-24,M,Finance,Web,Northeast,0,3.515,2023-02-22 04:41:00+00:00
660925,45-54,F,Retail,Web,West,0,10.6,2023-06-25 19:33:00+00:00
660926,18-24,F,Auto,Tablet,Northeast,1,2.0888,2023-06-21 15:50:00+00:00
660927,55+,M,News,Mobile,South,0,2.8075,2023-05-27 14:12:00+00:00
660928,55+,F,Housing,Web,South,0,14.02,2023-05-27 02:12:00+00:00
660929,35-44,M,Retail,Mobile,Midwest,0,9.05,2023-03-02 00:34:00+00:00
660930,18-24,M,News,Tablet,Northeast,1,9.5087,2023-04-18 23:49:00+00:00
660931,25-34,M,Health,Web,Southeast,0,6.52,2023-06-01 07:13:00+00:00
660932,25-34,M,Auto,Tablet,Southeast,0,4.1125,2023-04-01 18:55:00+00:00
660933,18-24,M,Retail,Tablet,Northeast,1,4.5225,2023-04-29 10:34:00+00:00
660934,18-24,M,News,Mobile,Northeast,1,14.26,2023-06-28 10:08:00+00:00
660935,18-24,F,Housing,Web,Northeast,0,6.325,2023-04-11 04:31:00+00:00
660936,25-34,F,Retail,Web,Southeast,0,4.8688,2023-02-25 07:25:00+00:00
660937,45-54,M,Health,Tablet,West,0,6.56,2023-02-23 05:33:00+00:00
660938,25-34,F,Finance,Web,Southeast,0,5.505,2023-01-25 12:46:00+00:00
660939,45-54,F,Retail,Mobile,West,0,3.9725,2023-02-28 10:08:00+00:00
660940,18-24,M,Finance,Tablet,Northeast,0,13.52,2023-01-22 21:28:00+00:00
660941,25-34,F,Retail,Mobile,Southeast,1,12.9725,2023-05-19 18:45:00+00:00
660942,35-44,M,Retail,Web,Midwest,0,6.9075,2023-01-07 06:35:00+00:00
660943,45-54,M,Health,Mobile,West,0,7.82,2023-06-06 00:05:00+00:00
660944,25-34,F,Finance,Web,Southeast,0,8.7212,2023-06-07 01:56:00+00:00
660945,25-34,M,Health,Mobile,Southeast,0,3.7375,2023-04-01 06:12:00+00:00
660946,35-44,F,Auto,Mobile,Midwest,0,13.24,2023-02-17 11:49:00+00:00
660947,18-24,F,Health,Mobile,Northeast,1,10.9062,2023-01-26 13:37:00+00:00
660948,45-54,M,Housing,Web,West,0,3.25,2023-06-10 16:22:00+00:00
660949,55+,M,Retail,Tablet,South,0,13.3,2023-05-11 22:44:00+00:00
660950,35-44,M,Retail,Mobile,Midwest,0,7.105,2023-01-25 12:37:00+00:00
660951,25-34,F,Housing,Tablet,Northeast,0,11.5,2023-06-10 16:40:00+00:00
660952,55+,F,Health,Mobile,South,0,8.5,2023-01-11 10:52:00+00:00
660953,18-24,M,Retail,Mobile,Northeast,0,2.6575,2023-01-27 14:03:00+00:00
660954,55+,F,Housing,Mobile,South,0,4.2062,2023-04-16 21:57:00+00:00
660955,45-54,M,Health,Web,West,0,9.68,2023-01-30 05:29:00+00:00
660956,35-44,M,News,Mobile,Midwest,0,8.7012,2023-05-02 01:34:00+00:00
660957,45-54,F,Finance,Tablet,West,1,10.7575,2023-04-17 22:15:00+00:00
660958,18-24,F,Auto,Tablet,Northeast,0,14.46,2023-02-18 12:24:00+00:00
660959,18-24,M,Retail,Tablet,Northeast,0,3.9888,2023-03-13 23:01:00+00:00
660960,35-44,F,Auto,Tablet,Midwest,1,11.32,2023-05-17 16:10:00+00:00
660961,18-24,F,Housing,Web,Northeast,0,10.74,2023-03-24 10:54:00+00:00
660962,45-54,F,Finance,Mobile,West,0,12.6562,2023-05-06 05:35:00+00:00
660963,18-24,F,Auto,Tablet,Northeast,0,4.5525,2023-03-24 10:28:00+00:00
660964,45-54,F,Finance,Tablet,West,0,10.52,2023-03-13 11:53:00+00:00
660965,35-44,M,Finance,Mobile,Midwest,0,10.1562,2023-03-27 13:12:00+00:00
660966,18-24,F,Auto,Web,Northeast,0,1.2837,2023-03-29 03:46:00+00:00
660967,18-24,F,Health,Tablet,Northeast,0,6.74,2023-03-04 14:08:00+00:00
660968,18-24,F,Housing,Tablet,Northeast,0,2.8662,2023-05-14 13:27:00+00:00
660969,35-44,F,Auto,Mobile,Midwest,0,10.5388,2023-04-02 07:47:00+00:00
660970,35-44,M,Finance,Tablet,Midwest,0,10.18,2023-03-16 02:44:00+00:00
660971,18-24,F,Housing,Mobile,Northeast,0,7.7225,2023-04-29 10:08:00+00:00
660972,35-44,M,Retail,Tablet,Midwest,0,4.0687,2023-04-06 23:13:00+00:00
660973,18-24,F,Auto,Mobile,Northeast,0,12.76,2023-05-24 11:29:00+00:00
660974,45-54,M,Auto,Tablet,West,0,4.31,2023-01-09 08:18:00+00:00
660975,25-34,M,Auto,Tablet,Southeast,0,12.5862,2023-03-11 21:01:00+00:00
660976,55+,M,Finance,Web,South,0,10.0,2023-04-16 21:57:00+00:00
660977,45-54,F,News,Web,West,0,11.8775,2023-04-13 06:48:00+00:00
660978,18-24,M,News,Web,Northeast,0,4.26,2023-05-09 08:35:00+00:00
660979,45-54,F,News,Tablet,West,1,8.72,2023-01-22 09:03:00+00:00
660980,45-54,F,Retail,Web,West,0,10.1862,2023-02-19 13:15:00+00:00
660981,45-54,M,Auto,Tablet,West,0,1.205,2023-05-05 04:26:00+00:00
660982,18-24,M,Finance,Mobile,Northeast,0,10.0,2023-03-07 17:52:00+00:00
660983,55+,M,Finance,Web,South,0,2.1738,2023-03-21 19:02:00+00:00
660984,18-24,F,Health,Web,Northeast,1,2.77,2023-04-27 08:42:00+00:00
660985,18-24,M,Finance,Web,Northeast,0,6.48,2023-02-19 01:07:00+00:00
660986,55+,F,Auto,Web,South,0,5.9313,2023-03-27 01:12:00+00:00
660987,55+,M,Retail,Web,South,0,8.4962,2023-05-18 05:02:00+00:00
660988,45-54,M,Housing,Tablet,West,0,10.7,2023-02-10 16:05:00+00:00
660989,18-24,M,Retail,Web,Northeast,0,6.3563,2023-03-27 13:03:00+00:00
660990,55+,F,Auto,Tablet,South,0,3.7725,2023-03-20 18:28:00+00:00
660991,35-44,M,News,Mobile,Midwest,1,8.58,2023-04-25 18:16:00+00:00
660992,55+,F,Health,Web,South,0,3.0412,2023-02-03 09:21:00+00:00
660993,25-34,F,News,Tablet,Southeast,0,5.7588,2023-02-17 23:23:00+00:00
660994,25-34,F,News,Tablet,Southeast,1,12.28,2023-02-09 03:48:00+00:00
660995,45-54,F,News,Tablet,West,0,10.78,2023-05-05 16:09:00+00:00
660996,25-34,F,Finance,Mobile,Southeast,0,4.3462,2023-03-19 05:45:00+00:00
660997,18-24,M,Finance,Mobile,Northeast,0,10.28,2023-04-30 11:51:00+00:00
660998,25-34,M,Auto,Mobile,Southeast,0,4.3063,2023-05-26 13:12:00+00:00
660999,45-54,F,Finance,Tablet,West,0,7.3662,2023-04-24 05:16:00+00:00
661000,25-34,M,Auto,Mobile,Southeast,0,9.46,2023-02-28 22:51:00+00:00
661001,25-34,F,Housing,Web,Northeast,0,13.82,2023-04-07 12:56:00+00:00
661002,18-24,F,Health,Mobile,Northeast,0,5.2162,2023-01-14 13:44:00+00:00
661003,55+,F,Housing,Web,South,1,12.54,2023-01-13 00:44:00+00:00
661004,35-44,M,Finance,Tablet,Midwest,0,8.3475,2023-06-28 22:59:00+00:00
661005,45-54,M,Health,Tablet,West,0,4.465,2023-04-23 04:07:00+00:00
661006,55+,F,Health,Web,South,0,7.58,2023-05-05 04:17:00+00:00
661007,18-24,F,Housing,Web,Northeast,0,1.2612,2023-03-31 17:29:00+00:00
661008,18-24,F,Housing,Tablet,Northeast,0,6.535,2023-02-18 12:41:00+00:00
661009,45-54,M,Health,Web,West,0,13.88,2023-01-20 19:37:00+00:00
661010,25-34,F,Retail,Mobile,Southeast,1,2.7687,2023-06-25 07:33:00+00:00
661011,35-44,M,Finance,Mobile,Midwest,0,3.48,2023-01-25 00:03:00+00:00
661012,18-24,M,Retail,Mobile,Northeast,1,5.76,2023-06-03 09:13:00+00:00
661013,35-44,F,Auto,Web,Midwest,0,9.345,2023-06-26 20:42:00+00:00
661014,55+,M,Retail,Tablet,South,1,2.945,2023-03-18 04:02:00+00:00
661015,18-24,F,Housing,Web,Northeast,0,15.1,2023-01-21 08:37:00+00:00
661016,35-44,M,News,Tablet,Midwest,0,4.79,2023-01-13 00:27:00+00:00
661017,25-34,F,News,Tablet,Southeast,0,4.9538,2023-01-24 11:03:00+00:00
661018,45-54,M,Auto,Web,West,1,7.68,2023-03-31 17:29:00+00:00
661019,55+,M,Finance,Mobile,South,0,11.93,2023-05-05 16:34:00+00:00
661020,18-24,M,Retail,Mobile,Northeast,1,1.925,2023-01-01 12:42:00+00:00
661021,25-34,F,Finance,Tablet,Southeast,1,9.3,2023-06-20 02:50:00+00:00
661022,45-54,F,Finance,Mobile,West,0,7.2488,2023-01-20 07:37:00+00:00
661023,18-24,M,Finance,Web,Northeast,1,11.7762,2023-03-23 21:20:00+00:00
661024,55+,F,Auto,Tablet,South,0,11.06,2023-04-09 02:48:00+00:00
661025,45-54,M,Auto,Tablet,West,0,10.5225,2023-03-20 18:19:00+00:00
661026,45-54,M,Auto,Tablet,West,1,1.285,2023-06-18 12:06:00+00:00
661027,18-24,M,News,Tablet,Northeast,0,7.22,2023-05-27 02:03:00+00:00
661028,35-44,M,Finance,Tablet,Midwest,0,12.015,2023-06-02 20:30:00+00:00
661029,55+,M,Finance,Web,South,0,7.42,2023-05-17 16:28:00+00:00
661030,55+,F,Health,Web,South,1,6.58,2023-04-25 06:07:00+00:00
661031,45-54,M,Auto,Mobile,West,0,6.8075,2023-06-16 22:40:00+00:00
661032,18-24,F,Housing,Mobile,Northeast,1,8.675,2023-05-01 12:17:00+00:00
661033,35-44,M,Retail,Mobile,Midwest,0,9.22,2023-06-16 10:32:00+00:00
661034,45-54,M,Auto,Tablet,West,1,1.68,2023-03-06 16:17:00+00:00
661035,55+,M,Finance,Tablet,South,0,3.7075,2023-02-16 22:06:00+00:00
661036,25-34,M,Housing,Web,Southeast,0,6.32,2023-03-23 09:37:00+00:00
661037,25-34,M,Health,Tablet,Southeast,0,8.7075,2023-06-16 22:49:00+00:00
661038,25-34,M,Housing,Tablet,Southeast,0,7.1738,2023-01-20 19:02:00+00:00
661039,55+,M,News,Mobile,South,1,7.4,2023-02-05 23:22:00+00:00
661040,55+,F,Auto,Web,South,0,1.9487,2023-03-21 07:28:00+00:00
661041,18-24,M,News,Mobile,Northeast,1,4.805,2023-01-05 04:17:00+00:00
661042,45-54,M,Auto,Tablet,West,1,15.48,2023-06-29 11:17:00+00:00
661043,35-44,F,Housing,Mobile,Midwest,0,4.9175,2023-06-24 06:59:00+00:00
661044,45-54,M,Housing,Mobile,West,0,0.6937,2023-01-16 03:36:00+00:00
661045,35-44,M,News,Mobile,Midwest,0,8.66,2023-06-28 10:25:00+00:00
661046,35-44,F,Auto,Tablet,Midwest,0,1.3113,2023-06-19 01:41:00+00:00
661047,45-54,F,Finance,Web,West,1,3.1113,2023-03-11 09:35:00+00:00
661048,18-24,F,Auto,Tablet,Northeast,0,6.8,2023-01-26 01:20:00+00:00
661049,25-34,M,Housing,Web,Southeast,0,8.425,2023-05-01 12:34:00+00:00
661050,45-54,M,Health,Tablet,West,1,2.8325,2023-01-07 18:35:00+00:00
661051,25-34,F,Housing,Tablet,Northeast,0,11.32,2023-05-12 23:44:00+00:00
661052,25-34,M,Auto,Tablet,Southeast,1,3.5,2023-01-01 00:17:00+00:00
661053,45-54,F,News,Tablet,West,0,9.4138,2023-04-02 19:21:00+00:00
661054,35-44,M,News,Tablet,Midwest,0,15.48,2023-01-20 19:11:00+00:00
661055,55+,M,Retail,Tablet,South,0,8.2825,2023-01-07 18:18:00+00:00
661056,18-24,M,Finance,Web,Northeast,0,12.4825,2023-01-27 02:29:00+00:00
661057,35-44,F,Housing,Tablet,Midwest,1,12.06,2023-04-19 00:49:00+00:00
661058,35-44,F,Health,Tablet,Midwest,0,11.3038,2023-03-25 11:03:00+00:00
661059,25-34,F,News,Mobile,Southeast,0,5.015,2023-04-03 20:13:00+00:00
661060,55+,F,Auto,Mobile,South,1,13.64,2023-06-17 23:49:00+00:00
661061,55+,F,Auto,Web,South,0,12.0813,2023-05-26 01:20:00+00:00
661062,35-44,M,News,Tablet,Midwest,0,7.0237,2023-02-09 03:31:00+00:00
661063,25-34,F,Finance,Web,Southeast,0,11.0,2023-01-16 03:27:00+00:00
661064,55+,M,News,Mobile,South,1,1.5662,2023-01-14 13:01:00+00:00
661065,55+,F,Housing,Mobile,South,0,5.225,2023-01-21 20:45:00+00:00
661066,55+,F,Health,Tablet,South,0,10.82,2023-01-27 02:20:00+00:00
661067,18-24,M,Retail,Web,Northeast,0,1.8662,2023-06-03 21:04:00+00:00
661068,35-44,F,Health,Web,Midwest,1,6.0237,2023-06-09 03:05:00+00:00
661069,35-44,M,Finance,Mobile,Midwest,1,8.78,2023-03-06 16:17:00+00:00
661070,45-54,F,Retail,Tablet,West,1,2.3137,2023-03-13 11:35:00+00:00
661071,18-24,F,Housing,Mobile,Northeast,0,11.6,2023-04-11 16:57:00+00:00
661072,18-24,F,Auto,Web,Northeast,0,14.58,2023-06-04 22:47:00+00:00
661073,25-34,M,Health,Mobile,Southeast,0,11.7587,2023-03-09 07:43:00+00:00
661074,45-54,M,Health,Mobile,West,0,3.0975,2023-01-19 06:45:00+00:00
661075,25-34,F,News,Mobile,Southeast,1,7.36,2023-06-23 17:16:00+00:00
661076,35-44,M,Finance,Tablet,Midwest,0,1.1775,2023-03-04 14:51:00+00:00
661077,35-44,F,Auto,Tablet,Midwest,1,1.2988,2023-04-10 15:57:00+00:00
661078,18-24,F,Health,Mobile,Northeast,0,10.8,2023-03-27 01:12:00+00:00
661079,25-34,M,Health,Web,Southeast,0,4.6225,2023-01-19 18:28:00+00:00
661080,45-54,M,Auto,Web,West,1,1.0737,2023-01-20 19:45:00+00:00
661081,18-24,F,Auto,Tablet,Northeast,1,5.92,2023-02-11 17:57:00+00:00
661082,35-44,F,Auto,Mobile,Midwest,0,2.0737,2023-03-01 11:51:00+00:00
661083,55+,F,Health,Mobile,South,0,10.645,2023-02-26 20:59:00+00:00
661084,55+,M,News,Mobile,South,1,8.3,2023-03-02 12:25:00+00:00
661085,55+,M,News,Web,South,0,1.7075,2023-06-16 22:40:00+00:00
661086,45-54,F,Retail,Mobile,West,0,1.9525,2023-06-12 18:57:00+00:00
661087,45-54,F,News,Tablet,West,0,11.44,2023-02-27 09:25:00+00:00
661088,45-54,M,Health,Tablet,West,0,3.095,2023-01-17 04:28:00+00:00
661089,25-34,M,Health,Tablet,Southeast,1,0.6225,2023-04-09 02:22:00+00:00
661090,25-34,M,Auto,Mobile,Southeast,1,10.96,2023-04-24 05:16:00+00:00
661091,35-44,F,Auto,Tablet,Midwest,1,5.7988,2023-01-20 07:11:00+00:00
661092,25-34,F,News,Web,Southeast,0,8.905,2023-04-15 20:49:00+00:00
661093,35-44,M,Finance,Web,Midwest,0,13.94,2023-05-23 10:54:00+00:00
661094,25-34,F,Finance,Mobile,Southeast,0,8.795,2023-02-06 12:22:00+00:00
661095,35-44,F,Housing,Tablet,Midwest,1,9.5575,2023-03-28 14:03:00+00:00
661096,25-34,M,Auto,Mobile,Southeast,0,8.62,2023-04-07 12:48:00+00:00
661097,25-34,M,Housing,Web,Southeast,1,5.6675,2023-04-05 22:22:00+00:00
661098,25-34,M,Health,Tablet,Southeast,0,6.11,2023-06-18 00:41:00+00:00
661099,45-54,M,Housing,Tablet,West,0,6.5,2023-05-31 06:12:00+00:00
661100,35-44,F,Housing,Web,Midwest,0,5.8137,2023-06-21 03:41:00+00:00
661101,25-34,F,Housing,Mobile,Northeast,0,7.76,2023-01-14 01:01:00+00:00
661102,35-44,F,Health,Mobile,Midwest,1,12.0,2023-03-27 13:20:00+00:00
661103,45-54,M,Health,Mobile,West,0,1.5112,2023-05-10 09:18:00+00:00
661104,25-34,M,Housing,Tablet,Southeast,0,9.69,2023-06-22 16:07:00+00:00
661105,45-54,M,Housing,Web,West,0,9.66,2023-03-10 08:52:00+00:00
661106,55+,M,News,Mobile,South,0,5.7713,2023-04-28 09:51:00+00:00
661107,45-54,F,Retail,Tablet,West,0,2.8537,2023-02-13 19:57:00+00:00
661108,55+,F,Health,Mobile,South,1,10.72,2023-01-22 09:28:00+00:00
661109,25-34,M,Auto,Web,Southeast,0,1.62,2023-04-27 08:50:00+00:00
661110,45-54,F,Finance,Mobile,West,0,9.5075,2023-03-28 14:29:00+00:00
661111,45-54,M,Health,Web,West,1,12.74,2023-05-23 22:03:00+00:00
661112,55+,F,Auto,Web,South,0,3.2625,2023-01-31 18:47:00+00:00
661113,18-24,M,Retail,Tablet,Northeast,1,8.545,2023-04-07 12:05:00+00:00
661114,55+,F,Health,Web,South,1,8.2,2023-04-06 23:30:00+00:00
661115,25-34,F,News,Tablet,Southeast,0,7.66,2023-05-09 08:44:00+00:00
661116,18-24,M,News,Tablet,Northeast,1,7.89,2023-01-13 00:44:00+00:00
661117,25-34,M,Auto,Web,Southeast,1,7.34,2023-06-22 04:41:00+00:00
661118,35-44,M,Retail,Mobile,Midwest,0,2.2175,2023-05-15 14:10:00+00:00
661119,18-24,F,Housing,Mobile,Northeast,0,10.155,2023-02-14 20:06:00+00:00
661120,45-54,M,Auto,Mobile,West,0,11.88,2023-03-21 07:02:00+00:00
661121,18-24,F,Housing,Web,Northeast,1,11.245,2023-06-06 12:13:00+00:00
661122,45-54,F,News,Web,West,0,7.1875,2023-05-11 22:18:00+00:00
661123,18-24,M,Finance,Web,Northeast,0,15.36,2023-04-24 05:07:00+00:00
661124,45-54,F,News,Mobile,West,0,0.6138,2023-03-13 11:10:00+00:00
661125,18-24,F,Health,Web,Northeast,1,6.36,2023-03-10 08:44:00+00:00
661126,25-34,F,Finance,Tablet,Southeast,0,7.58,2023-01-05 04:26:00+00:00
661127,18-24,M,News,Mobile,Northeast,0,8.2787,2023-01-04 15:09:00+00:00
661128,35-44,M,Finance,Mobile,Midwest,0,7.3075,2023-05-07 06:35:00+00:00
661129,35-44,F,Health,Web,Midwest,1,6.32,2023-03-23 21:03:00+00:00
661130,35-44,F,Housing,Tablet,Midwest,0,2.1938,2023-03-17 03:19:00+00:00
661131,55+,F,Health,Web,South,0,10.2175,2023-04-25 06:24:00+00:00
661132,25-34,M,Housing,Tablet,Southeast,0,7.88,2023-02-09 15:14:00+00:00
661133,18-24,M,Retail,Tablet,Northeast,1,9.6725,2023-02-08 02:05:00+00:00
661134,35-44,F,Housing,Web,Midwest,1,1.5825,2023-03-08 18:43:00+00:00
661135,45-54,F,Finance,Web,West,0,12.86,2023-06-18 12:49:00+00:00
661136,18-24,F,Housing,Mobile,Northeast,1,12.4637,2023-01-12 11:44:00+00:00
661137,35-44,M,Retail,Web,Midwest,0,5.4075,2023-01-07 06:43:00+00:00
661138,25-34,F,Retail,Web,Southeast,1,13.28,2023-06-19 01:58:00+00:00
661139,18-24,F,Health,Mobile,Northeast,0,1.3363,2023-05-30 05:29:00+00:00
661140,25-34,F,Finance,Tablet,Southeast,0,9.5638,2023-01-12 11:10:00+00:00
661141,45-54,F,Retail,Mobile,West,1,6.54,2023-04-23 16:50:00+00:00
661142,45-54,M,Housing,Web,West,0,2.1387,2023-03-13 23:53:00+00:00
661143,18-24,F,Housing,Tablet,Northeast,0,3.58,2023-05-05 16:52:00+00:00
661144,55+,F,Auto,Mobile,South,0,14.28,2023-03-01 11:17:00+00:00
661145,45-54,F,Retail,Tablet,West,1,2.255,2023-05-05 04:09:00+00:00
661146,25-34,M,Housing,Web,Southeast,1,8.9213,2023-06-27 09:42:00+00:00
661147,18-24,M,Finance,Tablet,Northeast,0,8.58,2023-02-24 18:59:00+00:00
661148,45-54,M,Housing,Web,West,1,7.745,2023-03-18 04:02:00+00:00
661149,25-34,F,News,Mobile,Southeast,1,12.6137,2023-02-21 03:15:00+00:00
661150,35-44,F,Housing,Tablet,Midwest,0,12.86,2023-03-10 08:26:00+00:00
661151,25-34,F,Housing,Web,Northeast,0,13.14,2023-03-04 14:00:00+00:00
661152,25-34,M,Health,Mobile,Southeast,0,4.3075,2023-03-08 06:09:00+00:00
661153,25-34,M,Auto,Mobile,Southeast,0,6.38,2023-03-26 00:29:00+00:00
661154,35-44,M,Retail,Tablet,Midwest,0,2.08,2023-06-14 08:40:00+00:00
661155,55+,F,Auto,Web,South,1,5.4763,2023-01-22 21:11:00+00:00
661156,25-34,M,Auto,Tablet,Southeast,1,9.08,2023-01-20 07:37:00+00:00
661157,35-44,M,News,Mobile,Midwest,0,9.7988,2023-03-01 23:17:00+00:00
661158,55+,M,Finance,Web,South,0,12.7775,2023-04-13 06:06:00+00:00
661159,35-44,F,Auto,Tablet,Midwest,1,11.1,2023-03-02 12:51:00+00:00
661160,18-24,M,Finance,Mobile,Northeast,0,5.5163,2023-06-03 21:47:00+00:00
661161,45-54,F,Finance,Web,West,0,1.1412,2023-06-23 17:33:00+00:00
661162,55+,M,News,Web,South,1,14.96,2023-03-15 13:36:00+00:00
661163,55+,M,News,Web,South,0,11.5538,2023-01-04 03:43:00+00:00
661164,55+,M,News,Mobile,South,0,0.9363,2023-04-20 13:49:00+00:00
661165,25-34,M,Auto,Mobile,Southeast,0,7.42,2023-02-06 12:39:00+00:00
661166,25-34,F,News,Web,Southeast,0,12.1988,2023-06-29 23:34:00+00:00
661167,45-54,M,Health,Mobile,West,1,3.5187,2023-06-05 23:56:00+00:00
661168,18-24,F,Auto,Web,Northeast,0,6.14,2023-02-02 20:38:00+00:00
661169,45-54,F,Retail,Web,West,0,5.9037,2023-01-04 03:51:00+00:00
661170,25-34,M,Auto,Tablet,Southeast,1,11.8562,2023-06-15 21:40:00+00:00
661171,35-44,M,Retail,Mobile,Midwest,1,13.22,2023-01-07 18:00:00+00:00
661172,55+,F,Health,Mobile,South,0,2.4888,2023-04-22 15:41:00+00:00
661173,45-54,F,Finance,Mobile,West,0,0.8538,2023-06-13 19:14:00+00:00
661174,25-34,M,Housing,Mobile,Southeast,0,10.78,2023-05-25 12:12:00+00:00
661175,45-54,M,Health,Mobile,West,0,10.935,2023-03-10 20:01:00+00:00
661176,45-54,F,News,Web,West,0,10.0887,2023-06-21 15:58:00+00:00
661177,18-24,M,News,Mobile,Northeast,0,12.06,2023-01-09 20:01:00+00:00
661178,25-34,F,News,Tablet,Southeast,0,4.2363,2023-03-31 05:55:00+00:00
661179,45-54,M,Health,Tablet,West,0,3.0638,2023-02-01 19:13:00+00:00
661180,55+,F,Housing,Web,South,0,6.56,2023-04-24 17:59:00+00:00
661181,55+,F,Auto,Mobile,South,1,0.86,2023-02-18 00:32:00+00:00
661182,35-44,F,Auto,Tablet,Midwest,0,10.44,2023-04-03 08:47:00+00:00
661183,25-34,M,Housing,Mobile,Southeast,0,14.58,2023-02-24 06:24:00+00:00
661184,55+,M,News,Mobile,South,1,11.7,2023-02-10 16:31:00+00:00
661185,45-54,M,Auto,Mobile,West,1,10.765,2023-02-22 04:50:00+00:00
661186,18-24,F,Health,Tablet,Northeast,1,10.62,2023-05-17 16:10:00+00:00
661187,18-24,M,Retail,Mobile,Northeast,0,3.2037,2023-02-13 19:14:00+00:00
661188,25-34,M,Health,Web,Southeast,0,9.9825,2023-03-08 18:18:00+00:00
661189,45-54,F,News,Mobile,West,1,5.86,2023-03-20 18:28:00+00:00
661190,55+,M,News,Web,South,0,7.0225,2023-04-29 10:34:00+00:00
661191,45-54,F,Finance,Web,West,1,8.21,2023-03-30 16:04:00+00:00
661192,45-54,F,News,Mobile,West,0,5.64,2023-03-29 15:38:00+00:00
661193,45-54,F,News,Tablet,West,0,11.6725,2023-04-29 10:34:00+00:00
661194,18-24,F,Auto,Web,Northeast,0,2.09,2023-02-02 08:04:00+00:00
661195,18-24,M,Retail,Mobile,Northeast,0,7.58,2023-04-15 08:14:00+00:00
661196,18-24,F,Auto,Tablet,Northeast,0,10.465,2023-06-02 20:04:00+00:00
661197,45-54,F,Finance,Tablet,West,1,5.4437,2023-01-16 03:19:00+00:00
661198,45-54,F,News,Mobile,West,0,13.68,2023-02-19 01:07:00+00:00
661199,25-34,M,Housing,Web,Southeast,0,11.1188,2023-04-06 23:05:00+00:00
661200,25-34,F,Retail,Tablet,Southeast,0,5.4062,2023-02-15 21:32:00+00:00
661201,25-34,F,Housing,Web,Northeast,0,5.64,2023-05-08 19:35:00+00:00
661202,45-54,M,Health,Web,West,0,12.3663,2023-01-14 13:01:00+00:00
661203,55+,M,News,Mobile,South,0,6.5,2023-02-10 16:31:00+00:00
661204,18-24,M,Finance,Web,Northeast,0,11.2,2023-05-26 13:37:00+00:00
661205,25-34,F,News,Mobile,Southeast,1,5.1525,2023-03-24 10:20:00+00:00
661206,18-24,M,News,Tablet,Northeast,0,12.0113,2023-03-11 09:27:00+00:00
661207,18-24,M,Retail,Mobile,Northeast,1,10.02,2023-06-16 22:23:00+00:00
661208,18-24,F,Health,Mobile,Northeast,0,9.86,2023-01-09 08:52:00+00:00
661209,18-24,M,News,Web,Northeast,0,5.2313,2023-01-26 01:12:00+00:00
661210,25-34,F,News,Web,Southeast,1,15.0,2023-02-05 11:56:00+00:00
661211,35-44,M,News,Mobile,Midwest,0,11.2762,2023-04-12 05:40:00+00:00
661212,35-44,M,Finance,Mobile,Midwest,0,10.8912,2023-06-23 17:16:00+00:00
661213,35-44,M,Finance,Web,Midwest,0,7.34,2023-06-22 04:50:00+00:00
661214,25-34,M,Housing,Tablet,Southeast,1,6.145,2023-03-18 04:36:00+00:00
661215,55+,M,Finance,Tablet,South,1,9.5925,2023-06-24 18:50:00+00:00
661216,18-24,F,Health,Web,Northeast,0,6.96,2023-06-03 21:21:00+00:00
661217,18-24,F,Health,Mobile,Northeast,0,8.3063,2023-05-06 05:43:00+00:00
661218,45-54,M,Auto,Mobile,West,0,3.3525,2023-03-04 02:51:00+00:00
661219,55+,F,Auto,Mobile,South,1,11.2,2023-06-15 21:40:00+00:00
661220,18-24,F,Health,Mobile,Northeast,1,1.135,2023-03-30 04:46:00+00:00
661221,35-44,M,Finance,Web,Midwest,0,1.2488,2023-02-09 15:39:00+00:00
661222,45-54,M,Health,Web,West,0,14.64,2023-01-18 17:02:00+00:00
661223,55+,M,News,Tablet,South,0,1.2988,2023-06-09 15:31:00+00:00
661224,35-44,M,Retail,Web,Midwest,0,6.0713,2023-02-07 01:31:00+00:00
661225,45-54,F,Finance,Mobile,West,1,6.84,2023-03-09 07:18:00+00:00
661226,45-54,M,Housing,Tablet,West,0,4.9562,2023-05-26 13:37:00+00:00
661227,45-54,F,Finance,Tablet,West,0,5.095,2023-06-06 12:30:00+00:00
661228,45-54,F,Finance,Mobile,West,1,8.64,2023-02-07 13:39:00+00:00
661229,55+,F,Health,Tablet,South,0,3.3838,2023-01-28 03:21:00+00:00
661230,45-54,M,Auto,Mobile,West,0,2.2263,2023-01-22 21:37:00+00:00
661231,35-44,F,Auto,Web,Midwest,0,13.54,2023-01-03 02:08:00+00:00
661232,25-34,F,Finance,Web,Southeast,0,2.3963,2023-04-08 13:48:00+00:00
661233,25-34,F,Finance,Tablet,Southeast,0,7.3575,2023-03-08 06:09:00+00:00
661234,45-54,F,Retail,Tablet,West,1,7.1,2023-01-21 20:11:00+00:00
661235,18-24,F,Health,Tablet,Northeast,0,1.8413,2023-06-23 17:24:00+00:00
661236,55+,M,Retail,Mobile,South,0,11.165,2023-01-13 12:36:00+00:00
661237,18-24,M,Retail,Mobile,Northeast,0,14.06,2023-06-18 12:06:00+00:00
661238,25-34,M,Housing,Tablet,Southeast,1,5.74,2023-04-03 08:47:00+00:00
661239,45-54,F,News,Web,West,1,7.9538,2023-01-24 11:37:00+00:00
661240,55+,F,Housing,Tablet,South,1,14.64,2023-05-18 17:11:00+00:00
661241,25-34,M,Health,Web,Southeast,0,4.3513,2023-01-02 01:34:00+00:00
661242,18-24,F,Auto,Mobile,Northeast,1,4.73,2023-01-25 00:12:00+00:00
661243,18-24,M,Finance,Mobile,Northeast,0,8.0,2023-04-16 09:23:00+00:00
661244,55+,M,Finance,Web,South,1,1.4563,2023-03-27 13:03:00+00:00
661245,45-54,M,Health,Tablet,West,0,6.355,2023-05-05 04:26:00+00:00
661246,25-34,M,Auto,Web,Southeast,0,6.74,2023-05-23 22:20:00+00:00
661247,25-34,M,Housing,Web,Southeast,0,9.9062,2023-03-27 13:46:00+00:00
661248,35-44,F,Housing,Mobile,Midwest,1,11.1113,2023-05-10 09:01:00+00:00
661249,35-44,F,Housing,Mobile,Midwest,1,10.22,2023-04-27 20:42:00+00:00
661250,18-24,M,News,Mobile,Northeast,0,12.5925,2023-06-04 10:56:00+00:00
661251,25-34,F,Housing,Mobile,Northeast,1,9.12,2023-04-12 05:57:00+00:00
661252,25-34,F,News,Tablet,Southeast,0,11.74,2023-02-02 08:13:00+00:00
661253,25-34,F,Finance,Mobile,Southeast,0,6.6662,2023-06-23 05:41:00+00:00
661254,35-44,M,Retail,Web,Midwest,1,5.6025,2023-03-24 10:11:00+00:00
661255,18-24,F,Auto,Web,Northeast,0,14.7,2023-06-10 04:05:00+00:00
661256,18-24,M,Retail,Mobile,Northeast,0,0.835,2023-04-19 12:06:00+00:00
661257,55+,M,News,Tablet,South,0,5.9475,2023-05-19 06:45:00+00:00
661258,18-24,F,Auto,Tablet,Northeast,0,11.28,2023-01-30 17:12:00+00:00
661259,45-54,M,Auto,Web,West,0,2.2538,2023-01-24 11:20:00+00:00
661260,25-34,F,Retail,Tablet,Southeast,0,2.3125,2023-01-31 18:38:00+00:00
661261,35-44,M,Finance,Web,Midwest,0,10.44,2023-05-28 15:21:00+00:00
661262,18-24,M,News,Mobile,Northeast,0,12.5075,2023-01-27 14:03:00+00:00
661263,45-54,M,Health,Tablet,West,0,1.2812,2023-05-06 17:52:00+00:00
661264,25-34,M,Housing,Web,Southeast,0,11.68,2023-05-10 21:27:00+00:00
661265,25-34,M,Health,Mobile,Southeast,0,4.985,2023-04-19 12:41:00+00:00
661266,18-24,M,News,Tablet,Northeast,0,6.1,2023-02-10 16:31:00+00:00
661267,45-54,F,News,Mobile,West,0,9.0,2023-04-26 07:50:00+00:00
661268,35-44,M,Retail,Mobile,Midwest,1,1.4387,2023-01-12 23:44:00+00:00
661269,18-24,M,Retail,Web,Northeast,0,1.4587,2023-01-28 15:29:00+00:00
661270,45-54,M,Auto,Web,West,1,12.46,2023-02-18 12:58:00+00:00
661271,35-44,M,Finance,Web,Midwest,0,4.6188,2023-04-06 23:13:00+00:00
661272,45-54,F,News,Tablet,West,0,4.41,2023-03-30 16:55:00+00:00
661273,18-24,M,News,Mobile,Northeast,1,6.72,2023-01-02 01:08:00+00:00
661274,55+,M,Retail,Mobile,South,0,8.3513,2023-05-02 01:17:00+00:00
661275,35-44,M,Retail,Tablet,Midwest,0,11.5412,2023-02-03 09:56:00+00:00
661276,35-44,M,Retail,Tablet,Midwest,0,10.0,2023-04-16 21:40:00+00:00
661277,25-34,F,News,Web,Southeast,0,2.4712,2023-03-19 17:36:00+00:00
661278,25-34,M,Auto,Tablet,Southeast,0,0.75,2023-05-21 08:37:00+00:00
661279,25-34,F,Finance,Mobile,Southeast,0,14.6,2023-05-16 03:45:00+00:00
661280,35-44,M,News,Mobile,Midwest,0,4.6688,2023-06-25 07:59:00+00:00
661281,25-34,F,News,Web,Southeast,1,5.3925,2023-05-15 02:44:00+00:00
661282,55+,F,Housing,Mobile,South,0,9.66,2023-03-10 08:01:00+00:00
661283,18-24,F,Housing,Web,Northeast,1,2.5238,2023-02-09 03:31:00+00:00
661284,45-54,M,Housing,Web,West,0,12.415,2023-04-23 04:33:00+00:00
661285,18-24,M,News,Web,Northeast,0,11.74,2023-06-02 08:13:00+00:00
661286,45-54,F,Finance,Mobile,West,0,4.2075,2023-04-17 22:32:00+00:00
661287,45-54,M,Housing,Tablet,West,1,0.9187,2023-01-16 15:45:00+00:00
661288,18-24,M,Finance,Tablet,Northeast,1,8.66,2023-05-19 18:02:00+00:00
661289,55+,F,Housing,Web,South,0,11.7538,2023-01-24 11:54:00+00:00
661290,45-54,M,Housing,Tablet,West,0,7.5312,2023-05-26 01:03:00+00:00
661291,55+,M,Retail,Mobile,South,0,14.28,2023-06-09 03:39:00+00:00
661292,35-44,F,Health,Tablet,Midwest,0,3.1463,2023-01-18 05:11:00+00:00
661293,55+,M,Retail,Tablet,South,1,3.0938,2023-06-05 11:30:00+00:00
661294,55+,F,Health,Web,South,0,13.18,2023-01-25 00:37:00+00:00
661295,45-54,M,Health,Mobile,West,1,12.4,2023-03-22 08:54:00+00:00
661296,18-24,F,Health,Web,Northeast,0,11.04,2023-02-02 08:21:00+00:00
661297,25-34,M,Health,Web,Southeast,1,7.0,2023-04-26 19:25:00+00:00
661298,45-54,M,Housing,Tablet,West,0,6.2325,2023-01-27 02:46:00+00:00
661299,35-44,M,News,Tablet,Midwest,0,7.3587,2023-04-18 23:06:00+00:00
661300,45-54,M,Health,Tablet,West,0,10.06,2023-06-18 00:58:00+00:00
661301,25-34,F,Housing,Web,Northeast,1,11.16,2023-01-24 11:29:00+00:00
661302,55+,F,Housing,Tablet,South,0,10.8012,2023-04-12 17:31:00+00:00
661303,55+,M,News,Web,South,1,10.74,2023-05-03 14:51:00+00:00
661304,45-54,M,Health,Tablet,West,1,2.0613,2023-01-10 09:01:00+00:00
661305,18-24,M,Finance,Mobile,Northeast,0,10.9938,2023-06-05 11:22:00+00:00
661306,45-54,M,Housing,Web,West,0,6.44,2023-05-08 19:18:00+00:00
661307,25-34,M,Auto,Tablet,Southeast,0,4.945,2023-01-17 04:36:00+00:00
661308,25-34,M,Auto,Tablet,Southeast,0,5.385,2023-05-29 04:38:00+00:00
661309,18-24,M,Retail,Mobile,Northeast,0,7.08,2023-01-20 19:02:00+00:00
661310,18-24,M,Retail,Tablet,Northeast,0,4.8388,2023-06-21 15:15:00+00:00
661311,35-44,F,Auto,Web,Midwest,1,7.4387,2023-03-13 23:44:00+00:00
661312,55+,F,Housing,Tablet,South,1,8.4,2023-06-15 21:15:00+00:00
661313,25-34,F,News,Tablet,Southeast,0,2.8087,2023-03-09 07:18:00+00:00
661314,35-44,F,Housing,Tablet,Midwest,0,6.2975,2023-06-28 22:08:00+00:00
661315,25-34,F,Retail,Tablet,Southeast,0,8.0,2023-03-07 17:09:00+00:00
661316,18-24,M,Retail,Mobile,Northeast,0,2.9188,2023-06-25 07:16:00+00:00
661317,18-24,M,Finance,Tablet,Northeast,0,2.6925,2023-06-04 10:56:00+00:00
661318,25-34,M,Auto,Tablet,Southeast,1,10.02,2023-05-07 06:52:00+00:00
661319,45-54,M,Auto,Web,West,0,7.7387,2023-03-13 23:35:00+00:00
661320,18-24,F,Housing,Mobile,Northeast,0,3.2812,2023-03-27 01:12:00+00:00
661321,45-54,F,Retail,Tablet,West,1,15.32,2023-03-13 11:18:00+00:00
661322,45-54,M,Auto,Tablet,West,0,4.95,2023-03-22 08:11:00+00:00
661323,55+,M,Finance,Mobile,South,0,11.5962,2023-04-08 13:13:00+00:00
661324,55+,M,News,Tablet,South,0,6.68,2023-02-09 03:05:00+00:00
661325,18-24,M,News,Web,Northeast,0,3.8763,2023-01-22 21:11:00+00:00
661326,18-24,M,Finance,Web,Northeast,1,5.5975,2023-04-09 14:48:00+00:00
661327,55+,F,Auto,Web,South,0,14.32,2023-06-11 05:05:00+00:00
661328,25-34,F,Retail,Mobile,Southeast,0,12.4,2023-05-21 08:28:00+00:00
661329,25-34,F,News,Tablet,Southeast,0,3.4762,2023-05-22 21:54:00+00:00
661330,18-24,F,Housing,Tablet,Northeast,1,8.76,2023-03-25 11:11:00+00:00
661331,18-24,M,Finance,Mobile,Northeast,1,3.65,2023-05-21 08:45:00+00:00
661332,25-34,F,Retail,Tablet,Southeast,0,3.5875,2023-05-31 06:55:00+00:00
661333,45-54,F,Retail,Mobile,West,0,9.7,2023-06-20 14:58:00+00:00
661334,45-54,F,News,Mobile,West,1,6.3113,2023-05-10 09:01:00+00:00
661335,25-34,M,Housing,Tablet,Southeast,1,6.4238,2023-03-21 19:19:00+00:00
661336,35-44,M,Finance,Web,Midwest,1,9.74,2023-06-22 04:16:00+00:00
661337,35-44,F,Housing,Tablet,Midwest,0,5.045,2023-04-07 12:05:00+00:00
661338,55+,F,Auto,Tablet,South,0,5.9437,2023-04-06 11:47:00+00:00
661339,55+,M,News,Mobile,South,0,8.72,2023-06-11 05:14:00+00:00
661340,25-34,M,Health,Mobile,Southeast,0,7.9787,2023-05-04 15:51:00+00:00
661341,25-34,M,Health,Mobile,Southeast,0,2.3312,2023-05-26 01:20:00+00:00
661342,55+,F,Health,Web,South,0,12.64,2023-06-27 09:42:00+00:00
661343,45-54,M,Housing,Tablet,West,1,9.0213,2023-01-18 17:28:00+00:00
661344,45-54,F,Finance,Web,West,0,3.9362,2023-03-31 05:12:00+00:00
661345,55+,F,Auto,Tablet,South,0,14.24,2023-03-19 05:02:00+00:00
661346,55+,F,Auto,Mobile,South,0,5.0775,2023-05-03 14:17:00+00:00
661347,18-24,F,Auto,Web,Northeast,0,5.4363,2023-03-11 21:35:00+00:00
661348,18-24,F,Housing,Web,Northeast,0,7.88,2023-03-21 19:45:00+00:00
661349,35-44,M,Finance,Mobile,Midwest,0,4.3175,2023-06-04 22:39:00+00:00
661350,45-54,M,Health,Tablet,West,1,9.3675,2023-05-15 14:02:00+00:00
661351,25-34,F,Housing,Web,Northeast,0,10.94,2023-05-13 12:01:00+00:00
661352,55+,F,Auto,Web,South,0,9.6163,2023-04-04 21:21:00+00:00
661353,35-44,M,News,Mobile,Midwest,0,9.2263,2023-04-12 05:40:00+00:00
661354,55+,F,Auto,Mobile,South,0,8.14,2023-06-02 08:56:00+00:00
661355,55+,M,Finance,Web,South,0,4.82,2023-04-27 08:25:00+00:00
661356,18-24,M,News,Mobile,Northeast,0,10.4225,2023-03-20 18:36:00+00:00
661357,35-44,F,Auto,Tablet,Midwest,0,8.5,2023-05-31 18:12:00+00:00
661358,18-24,M,News,Tablet,Northeast,1,4.6913,2023-06-03 09:21:00+00:00
661359,55+,M,News,Tablet,South,0,11.6487,2023-06-29 23:42:00+00:00
661360,18-24,F,Housing,Tablet,Northeast,0,10.14,2023-02-02 20:13:00+00:00
661361,25-34,F,Finance,Web,Southeast,0,2.4975,2023-06-08 14:05:00+00:00
661362,25-34,M,Auto,Tablet,Southeast,0,9.19,2023-03-14 00:27:00+00:00
661363,45-54,F,News,Mobile,West,0,15.06,2023-04-29 22:51:00+00:00
661364,35-44,F,Auto,Tablet,Midwest,0,9.98,2023-06-14 08:06:00+00:00
661365,18-24,F,Health,Web,Northeast,1,3.19,2023-05-13 00:01:00+00:00
661366,35-44,M,News,Mobile,Midwest,0,11.98,2023-03-26 00:46:00+00:00
661367,55+,F,Auto,Web,South,0,8.3325,2023-05-07 18:43:00+00:00
661368,45-54,M,Health,Mobile,West,0,7.4562,2023-04-16 21:49:00+00:00
661369,35-44,F,Housing,Mobile,Midwest,1,7.38,2023-04-05 22:56:00+00:00
661370,25-34,M,Housing,Web,Southeast,0,4.935,2023-02-18 12:06:00+00:00
661371,18-24,M,Finance,Web,Northeast,0,10.2125,2023-02-20 02:32:00+00:00
661372,45-54,M,Auto,Web,West,0,9.2,2023-03-07 17:00:00+00:00
661373,55+,F,Housing,Web,South,1,10.155,2023-02-14 20:32:00+00:00
661374,45-54,F,Retail,Tablet,West,0,8.6237,2023-03-01 11:25:00+00:00
661375,45-54,M,Health,Web,West,1,7.98,2023-03-26 12:37:00+00:00
661376,18-24,F,Auto,Tablet,Northeast,1,1.5575,2023-01-07 06:52:00+00:00
661377,55+,F,Housing,Tablet,South,0,9.3613,2023-04-20 01:24:00+00:00
661378,45-54,F,News,Tablet,West,0,9.84,2023-01-18 05:36:00+00:00
661379,18-24,M,Finance,Mobile,Northeast,0,3.955,2023-01-05 04:00:00+00:00
661380,55+,F,Health,Mobile,South,0,4.705,2023-05-25 12:12:00+00:00
661381,55+,M,Retail,Tablet,South,0,10.98,2023-04-25 06:50:00+00:00
661382,25-34,M,Health,Web,Southeast,0,4.2525,2023-04-13 18:40:00+00:00
661383,18-24,M,News,Tablet,Northeast,0,5.5738,2023-06-29 11:34:00+00:00
661384,35-44,F,Housing,Mobile,Midwest,1,14.48,2023-02-19 13:41:00+00:00
661385,18-24,F,Housing,Mobile,Northeast,0,9.5625,2023-06-20 02:07:00+00:00
661386,18-24,M,Finance,Web,Northeast,1,9.0437,2023-01-16 03:02:00+00:00
661387,25-34,F,Retail,Tablet,Southeast,0,10.92,2023-04-22 03:33:00+00:00
661388,25-34,M,Health,Web,Southeast,1,10.4938,2023-06-25 19:16:00+00:00
661389,55+,M,Finance,Tablet,South,0,4.9688,2023-02-05 23:30:00+00:00
661390,45-54,M,Auto,Mobile,West,0,13.92,2023-01-02 13:00:00+00:00
661391,18-24,M,Finance,Mobile,Northeast,1,6.5438,2023-04-06 11:22:00+00:00
661392,55+,M,Finance,Mobile,South,0,9.7912,2023-04-24 17:59:00+00:00
661393,25-34,F,Retail,Mobile,Southeast,0,10.8,2023-03-27 01:46:00+00:00
661394,35-44,F,Housing,Web,Midwest,0,2.355,2023-02-14 20:23:00+00:00
661395,45-54,F,Finance,Web,West,1,7.175,2023-06-10 04:57:00+00:00
661396,45-54,M,Housing,Mobile,West,0,15.44,2023-04-28 09:25:00+00:00
661397,55+,F,Health,Tablet,South,0,5.0462,2023-05-18 05:19:00+00:00
661398,45-54,M,Auto,Tablet,West,0,8.1988,2023-02-09 15:05:00+00:00
661399,55+,M,Finance,Tablet,South,0,10.88,2023-04-20 01:15:00+00:00
661400,55+,M,Retail,Tablet,South,0,1.8562,2023-04-16 21:06:00+00:00
661401,25-34,F,Housing,Web,Northeast,0,11.7,2023-05-11 10:27:00+00:00
661402,55+,F,Housing,Tablet,South,1,14.3,2023-05-21 08:28:00+00:00
661403,35-44,M,News,Tablet,Midwest,0,2.97,2023-04-07 00:30:00+00:00
661404,35-44,F,Health,Tablet,Midwest,1,3.6088,2023-05-28 15:12:00+00:00
661405,18-24,M,Finance,Web,Northeast,0,13.42,2023-04-07 12:56:00+00:00
661406,25-34,M,Housing,Web,Southeast,1,2.2075,2023-01-07 06:18:00+00:00
661407,18-24,M,Finance,Tablet,Northeast,1,2.5638,2023-02-21 03:33:00+00:00
661408,45-54,M,Housing,Web,West,1,8.92,2023-06-01 19:47:00+00:00
661409,55+,M,News,Web,South,0,3.8487,2023-03-01 23:51:00+00:00
661410,18-24,F,Health,Mobile,Northeast,0,2.52,2023-03-18 16:36:00+00:00
661411,25-34,F,News,Web,Southeast,1,9.22,2023-03-28 14:29:00+00:00
661412,55+,F,Auto,Tablet,South,0,8.2387,2023-06-01 07:30:00+00:00
661413,55+,F,Health,Mobile,South,0,10.3313,2023-01-26 01:12:00+00:00
661414,45-54,M,Auto,Mobile,West,0,12.04,2023-01-28 03:29:00+00:00
661415,35-44,F,Housing,Tablet,Midwest,0,9.415,2023-04-23 04:41:00+00:00
661416,55+,M,Retail,Tablet,South,1,2.6263,2023-05-22 21:20:00+00:00
661417,18-24,F,Auto,Mobile,Northeast,0,13.84,2023-04-08 13:05:00+00:00
661418,18-24,F,Auto,Web,Northeast,0,0.7837,2023-03-09 19:35:00+00:00
661419,45-54,M,Health,Web,West,0,9.5887,2023-04-02 07:21:00+00:00
661420,25-34,M,Health,Web,Southeast,0,11.76,2023-06-03 09:39:00+00:00
661421,55+,M,News,Tablet,South,0,6.3712,2023-03-19 17:02:00+00:00
661422,45-54,F,News,Mobile,West,1,8.5225,2023-05-19 18:54:00+00:00
661423,45-54,M,Housing,Web,West,0,5.92,2023-04-12 05:23:00+00:00
661424,25-34,M,Auto,Tablet,Southeast,0,3.7862,2023-05-10 21:09:00+00:00
661425,25-34,F,Retail,Mobile,Southeast,0,8.9825,2023-01-27 02:29:00+00:00
661426,18-24,M,News,Tablet,Northeast,0,14.38,2023-06-14 20:32:00+00:00
661427,35-44,F,Auto,Tablet,Midwest,0,6.4363,2023-03-11 21:35:00+00:00
661428,45-54,F,News,Mobile,West,0,2.6525,2023-01-03 02:08:00+00:00
661429,55+,M,Finance,Tablet,South,1,10.82,2023-05-27 14:46:00+00:00
661430,55+,F,Auto,Tablet,South,0,10.1163,2023-06-03 21:56:00+00:00
661431,45-54,F,Finance,Mobile,West,0,12.4175,2023-04-25 06:33:00+00:00
661432,35-44,F,Health,Web,Midwest,0,9.0,2023-01-16 03:02:00+00:00
661433,45-54,M,Auto,Mobile,West,1,3.2487,2023-06-09 15:22:00+00:00
661434,25-34,M,Auto,Tablet,Southeast,0,0.8713,2023-06-27 09:51:00+00:00
661435,18-24,M,Finance,Tablet,Northeast,0,8.42,2023-05-27 02:38:00+00:00
661436,45-54,F,Finance,Web,West,1,7.2825,2023-05-07 18:35:00+00:00
661437,35-44,M,Finance,Mobile,Midwest,0,8.2438,2023-02-25 19:16:00+00:00
661438,18-24,M,News,Mobile,Northeast,1,12.98,2023-01-15 02:10:00+00:00
661439,18-24,F,Auto,Tablet,Northeast,1,9.915,2023-06-02 20:56:00+00:00
661440,18-24,F,Housing,Web,Northeast,1,5.5613,2023-06-19 01:49:00+00:00
661441,35-44,F,Health,Web,Midwest,1,7.84,2023-06-27 21:08:00+00:00
661442,55+,F,Housing,Mobile,South,1,5.9088,2023-02-17 23:58:00+00:00
661443,18-24,M,News,Mobile,Northeast,0,6.6875,2023-01-31 06:04:00+00:00
661444,18-24,F,Auto,Mobile,Northeast,0,7.36,2023-06-23 17:41:00+00:00
661445,25-34,F,Retail,Tablet,Southeast,0,6.0237,2023-03-01 11:17:00+00:00
661446,35-44,F,Health,Web,Midwest,1,3.84,2023-03-14 00:44:00+00:00
661447,45-54,F,Finance,Tablet,West,0,8.08,2023-02-19 13:07:00+00:00
661448,18-24,F,Housing,Mobile,Northeast,1,4.9962,2023-02-07 13:05:00+00:00
661449,35-44,F,Housing,Tablet,Midwest,0,4.4638,2023-02-01 19:55:00+00:00
661450,55+,F,Health,Mobile,South,0,10.18,2023-06-04 10:39:00+00:00
661451,25-34,F,Housing,Mobile,Northeast,0,9.62,2023-02-16 10:15:00+00:00
661452,25-34,F,News,Web,Southeast,0,3.4625,2023-04-21 02:07:00+00:00
661453,35-44,M,Retail,Tablet,Midwest,0,11.6,2023-01-06 17:00:00+00:00
661454,18-24,F,Auto,Web,Northeast,1,2.5925,2023-02-24 18:24:00+00:00
661455,55+,F,Housing,Web,South,0,6.68,2023-01-05 16:34:00+00:00
661456,45-54,M,Health,Mobile,West,0,12.24,2023-02-07 01:48:00+00:00
661457,55+,M,Finance,Web,South,0,9.9087,2023-03-29 15:46:00+00:00
661458,18-24,M,Retail,Mobile,Northeast,0,6.835,2023-05-29 04:29:00+00:00
661459,25-34,M,Health,Tablet,Southeast,0,7.98,2023-04-15 20:32:00+00:00
661460,55+,F,Housing,Mobile,South,0,6.5012,2023-05-02 01:25:00+00:00
661461,25-34,F,News,Web,Southeast,1,7.0637,2023-04-22 03:24:00+00:00
661462,45-54,M,Housing,Web,West,0,14.66,2023-03-20 06:02:00+00:00
661463,18-24,F,Health,Tablet,Northeast,0,6.4775,2023-06-12 06:06:00+00:00
661464,45-54,F,Retail,Web,West,0,2.8687,2023-04-26 07:07:00+00:00
661465,35-44,F,Health,Mobile,Midwest,0,6.3,2023-05-01 00:51:00+00:00
661466,45-54,F,Retail,Mobile,West,0,6.0425,2023-03-16 02:02:00+00:00
661467,45-54,F,News,Web,West,1,10.4025,2023-05-03 02:17:00+00:00
661468,55+,F,Housing,Mobile,South,0,8.0,2023-05-06 17:35:00+00:00
661469,25-34,M,Health,Tablet,Southeast,0,5.9737,2023-05-20 19:37:00+00:00
661470,45-54,F,News,Web,West,0,9.9512,2023-05-22 09:03:00+00:00
661471,45-54,M,Auto,Web,West,0,9.26,2023-05-29 16:12:00+00:00
661472,45-54,M,Auto,Tablet,West,0,7.6825,2023-06-16 10:32:00+00:00
661473,55+,M,News,Web,South,0,8.5075,2023-06-16 22:23:00+00:00
661474,55+,M,Finance,Tablet,South,0,9.12,2023-03-03 01:25:00+00:00
661475,18-24,M,News,Web,Northeast,0,8.3775,2023-01-23 22:03:00+00:00
661476,55+,F,Housing,Tablet,South,0,11.1263,2023-05-02 13:34:00+00:00
661477,55+,M,News,Mobile,South,0,7.38,2023-04-25 18:50:00+00:00
661478,18-24,M,Retail,Tablet,Northeast,0,1.6687,2023-02-05 23:39:00+00:00
661479,25-34,M,Auto,Mobile,Southeast,0,6.8087,2023-04-18 23:58:00+00:00
661480,35-44,M,Retail,Mobile,Midwest,0,15.1,2023-01-21 20:11:00+00:00
661481,25-34,F,Finance,Mobile,Southeast,0,8.6837,2023-01-28 03:46:00+00:00
661482,25-34,F,News,Tablet,Southeast,0,3.5238,2023-05-20 19:19:00+00:00
661483,35-44,F,Auto,Tablet,Midwest,1,6.86,2023-04-19 00:06:00+00:00
661484,55+,F,Health,Mobile,South,0,10.6425,2023-06-24 18:42:00+00:00
661485,45-54,M,Health,Web,West,1,9.3837,2023-03-29 03:46:00+00:00
661486,55+,M,Retail,Web,South,0,8.48,2023-01-10 21:18:00+00:00
661487,25-34,F,News,Web,Southeast,0,9.9688,2023-04-26 07:25:00+00:00
661488,25-34,M,Health,Mobile,Southeast,0,6.65,2023-06-10 16:40:00+00:00
661489,45-54,M,Health,Tablet,West,0,9.86,2023-02-28 22:51:00+00:00
661490,45-54,F,Finance,Mobile,West,1,1.3938,2023-03-17 03:27:00+00:00
661491,25-34,M,Health,Web,Southeast,0,11.4525,2023-02-12 18:31:00+00:00
661492,25-34,M,Health,Mobile,Southeast,0,6.48,2023-06-19 01:41:00+00:00
661493,55+,F,Auto,Tablet,South,0,1.2475,2023-04-29 22:34:00+00:00
661494,55+,M,Retail,Web,South,0,0.7475,2023-06-08 14:05:00+00:00
661495,25-34,M,Housing,Web,Southeast,1,5.94,2023-06-12 06:06:00+00:00
661496,55+,M,Retail,Mobile,South,0,9.0175,2023-02-04 22:39:00+00:00
661497,55+,F,Health,Tablet,South,1,7.1787,2023-05-04 15:43:00+00:00
661498,25-34,F,News,Web,Southeast,0,9.46,2023-06-28 22:42:00+00:00
661499,25-34,M,Auto,Mobile,Southeast,1,1.42,2023-01-17 16:36:00+00:00
661500,25-34,F,News,Web,Southeast,0,6.685,2023-05-29 04:21:00+00:00
661501,25-34,F,Housing,Mobile,Northeast,0,13.0,2023-06-05 11:30:00+00:00
661502,55+,M,News,Tablet,South,0,5.185,2023-05-09 20:18:00+00:00
661503,25-34,M,Health,Mobile,Southeast,0,8.4,2023-05-01 00:25:00+00:00
661504,18-24,M,News,Web,Northeast,0,12.32,2023-01-22 09:28:00+00:00
661505,18-24,M,Retail,Web,Northeast,0,5.6513,2023-03-03 01:43:00+00:00
661506,18-24,M,Retail,Mobile,Northeast,1,11.78,2023-05-25 00:20:00+00:00
661507,55+,M,Finance,Web,South,0,12.44,2023-01-08 19:09:00+00:00
661508,55+,M,Retail,Tablet,South,0,2.4688,2023-04-06 23:39:00+00:00
661509,18-24,F,Health,Tablet,Northeast,0,3.0612,2023-03-31 17:29:00+00:00
661510,35-44,M,News,Tablet,Midwest,0,7.06,2023-02-08 14:56:00+00:00
661511,35-44,M,Retail,Web,Midwest,0,4.5537,2023-05-04 03:09:00+00:00
661512,18-24,M,Retail,Web,Northeast,0,10.5675,2023-01-15 14:53:00+00:00
661513,35-44,F,Auto,Mobile,Midwest,0,9.8,2023-06-05 23:30:00+00:00
661514,18-24,F,Housing,Web,Northeast,0,2.8425,2023-06-24 18:24:00+00:00
661515,45-54,M,Health,Mobile,West,1,6.8775,2023-02-12 06:40:00+00:00
661516,25-34,F,News,Mobile,Southeast,1,5.52,2023-03-03 13:08:00+00:00
661517,18-24,F,Health,Tablet,Northeast,0,2.8013,2023-05-02 01:43:00+00:00
661518,25-34,M,Housing,Web,Southeast,1,8.7837,2023-06-17 11:15:00+00:00
661519,55+,F,Auto,Tablet,South,0,6.6,2023-06-05 11:56:00+00:00
661520,35-44,M,News,Mobile,Midwest,0,4.515,2023-06-22 04:24:00+00:00
661521,55+,M,Finance,Web,South,0,12.4275,2023-02-12 06:14:00+00:00
661522,25-34,F,Finance,Tablet,Southeast,1,7.9,2023-01-01 00:51:00+00:00
661523,55+,F,Auto,Web,South,1,9.7188,2023-04-06 23:39:00+00:00
661524,25-34,M,Auto,Web,Southeast,0,3.0038,2023-05-24 11:37:00+00:00
661525,55+,F,Auto,Web,South,0,11.88,2023-01-20 07:54:00+00:00
661526,55+,F,Auto,Mobile,South,0,7.3563,2023-03-27 13:12:00+00:00
661527,55+,M,Finance,Tablet,South,0,10.63,2023-03-26 00:12:00+00:00
661528,25-34,F,Retail,Tablet,Southeast,1,5.52,2023-01-22 21:03:00+00:00
661529,45-54,M,Health,Web,West,0,1.245,2023-04-07 12:48:00+00:00
661530,45-54,M,Housing,Tablet,West,1,2.88,2023-06-14 08:06:00+00:00
661531,55+,F,Housing,Mobile,South,0,13.48,2023-01-20 07:45:00+00:00
661532,18-24,F,Auto,Web,Northeast,0,2.4188,2023-06-25 07:07:00+00:00
661533,45-54,M,Housing,Tablet,West,0,6.8262,2023-03-23 21:03:00+00:00
661534,35-44,F,Housing,Mobile,Midwest,0,12.22,2023-03-18 04:53:00+00:00
661535,18-24,F,Housing,Mobile,Northeast,0,3.63,2023-05-25 00:20:00+00:00
661536,45-54,F,Retail,Mobile,West,0,0.5737,2023-06-09 03:39:00+00:00
661537,45-54,M,Auto,Web,West,1,11.22,2023-02-16 10:32:00+00:00
661538,35-44,F,Auto,Tablet,Midwest,0,3.1063,2023-06-15 21:49:00+00:00
661539,35-44,M,Retail,Web,Midwest,1,1.8613,2023-01-30 17:12:00+00:00
661540,25-34,F,Finance,Web,Southeast,0,6.16,2023-02-03 21:13:00+00:00
661541,35-44,M,News,Web,Midwest,0,9.9062,2023-04-16 21:40:00+00:00
661542,25-34,F,Retail,Web,Southeast,0,6.2938,2023-02-05 11:47:00+00:00
661543,35-44,F,Health,Tablet,Midwest,1,10.0,2023-02-15 21:23:00+00:00
661544,18-24,F,Health,Tablet,Northeast,0,3.6113,2023-06-19 01:24:00+00:00
661545,18-24,M,Finance,Web,Northeast,0,4.645,2023-02-06 12:39:00+00:00
661546,45-54,M,Housing,Mobile,West,0,5.88,2023-04-10 03:14:00+00:00
661547,35-44,F,Health,Mobile,Midwest,1,7.2962,2023-02-27 21:59:00+00:00
661548,25-34,F,News,Mobile,Southeast,1,3.7475,2023-04-09 14:14:00+00:00
661549,45-54,M,Health,Mobile,West,1,8.52,2023-04-22 15:33:00+00:00
661550,55+,M,News,Tablet,South,0,12.3387,2023-04-02 07:38:00+00:00
661551,25-34,F,Housing,Mobile,Northeast,0,14.22,2023-03-18 16:02:00+00:00
661552,25-34,F,News,Web,Southeast,0,5.78,2023-04-25 06:07:00+00:00
661553,18-24,F,Health,Web,Northeast,1,0.725,2023-03-02 12:51:00+00:00
661554,55+,F,Housing,Web,South,0,12.7363,2023-03-11 21:27:00+00:00
661555,35-44,M,Retail,Mobile,Midwest,0,10.84,2023-06-17 23:15:00+00:00
661556,55+,F,Health,Tablet,South,0,2.7075,2023-03-08 06:52:00+00:00
661557,45-54,F,Finance,Mobile,West,0,8.83,2023-03-26 00:12:00+00:00
661558,55+,F,Health,Web,South,0,13.3,2023-05-31 06:55:00+00:00
661559,55+,F,Housing,Tablet,South,0,10.22,2023-02-26 08:42:00+00:00
661560,25-34,F,Retail,Web,Southeast,0,9.2963,2023-06-27 21:59:00+00:00
661561,45-54,M,Health,Mobile,West,0,13.06,2023-06-08 14:56:00+00:00
661562,25-34,M,Auto,Web,Southeast,0,7.4988,2023-04-30 23:59:00+00:00
661563,25-34,F,Finance,Mobile,Southeast,0,9.85,2023-02-10 16:40:00+00:00
661564,55+,F,Housing,Web,South,0,10.32,2023-06-11 05:57:00+00:00
661565,25-34,M,Housing,Mobile,Southeast,1,3.0213,2023-06-27 09:42:00+00:00
661566,55+,F,Auto,Mobile,South,1,6.3187,2023-02-25 07:59:00+00:00
661567,55+,M,Finance,Web,South,0,13.08,2023-01-20 19:19:00+00:00
661568,55+,F,Housing,Tablet,South,0,4.2513,2023-06-11 17:31:00+00:00
661569,45-54,M,Auto,Mobile,West,0,8.6375,2023-06-20 14:50:00+00:00
661570,45-54,M,Health,Web,West,0,8.3,2023-01-01 00:34:00+00:00
661571,35-44,M,Finance,Tablet,Midwest,0,10.1675,2023-05-15 14:02:00+00:00
661572,18-24,F,Health,Mobile,Northeast,0,5.3637,2023-03-13 11:10:00+00:00
661573,55+,M,Retail,Tablet,South,0,11.78,2023-06-24 18:24:00+00:00
661574,35-44,F,Health,Web,Midwest,0,2.1138,2023-06-21 03:58:00+00:00
661575,35-44,F,Health,Mobile,Midwest,0,3.0537,2023-02-13 19:31:00+00:00
661576,25-34,M,Auto,Tablet,Southeast,1,6.08,2023-06-19 01:58:00+00:00
661577,35-44,M,Finance,Web,Midwest,1,8.405,2023-04-15 20:06:00+00:00
661578,18-24,M,Retail,Tablet,Northeast,1,12.78,2023-05-25 00:12:00+00:00
661579,35-44,F,Auto,Web,Midwest,0,6.1,2023-02-20 02:07:00+00:00
661580,18-24,M,News,Web,Northeast,0,7.5088,2023-05-08 07:09:00+00:00
661581,45-54,F,News,Mobile,West,0,6.8175,2023-06-24 06:07:00+00:00
661582,35-44,M,Retail,Tablet,Midwest,0,10.66,2023-04-09 02:48:00+00:00
661583,35-44,M,News,Tablet,Midwest,0,4.8913,2023-02-23 17:50:00+00:00
661584,35-44,M,Finance,Tablet,Midwest,0,10.69,2023-01-13 00:27:00+00:00
661585,35-44,M,News,Tablet,Midwest,0,6.28,2023-06-09 15:39:00+00:00
661586,25-34,F,Finance,Web,Southeast,0,10.3912,2023-01-14 01:53:00+00:00
661587,25-34,M,Housing,Tablet,Southeast,1,5.8187,2023-06-05 23:39:00+00:00
661588,45-54,M,Auto,Tablet,West,0,14.02,2023-05-27 14:20:00+00:00
661589,55+,M,Finance,Web,South,0,5.6813,2023-03-07 17:35:00+00:00
661590,45-54,F,Finance,Mobile,West,0,6.985,2023-06-18 12:58:00+00:00
661591,25-34,M,Health,Tablet,Southeast,0,10.4,2023-04-16 09:57:00+00:00
661592,45-54,F,Retail,Tablet,West,0,6.8438,2023-01-16 03:19:00+00:00
661593,55+,M,Finance,Tablet,South,1,8.8812,2023-06-15 09:06:00+00:00
661594,18-24,F,Housing,Web,Northeast,1,9.22,2023-01-07 18:43:00+00:00
661595,25-34,M,Housing,Mobile,Southeast,0,5.2287,2023-02-13 07:49:00+00:00
661596,55+,F,Health,Web,South,0,4.835,2023-05-29 04:46:00+00:00
661597,45-54,M,Housing,Mobile,West,1,7.64,2023-05-28 03:55:00+00:00
661598,45-54,F,Retail,Tablet,West,0,9.8725,2023-04-29 10:51:00+00:00
661599,55+,M,Finance,Tablet,South,0,8.7725,2023-01-19 18:28:00+00:00
661600,18-24,M,Finance,Mobile,Northeast,0,10.92,2023-01-12 11:35:00+00:00
661601,25-34,F,Housing,Tablet,Northeast,0,14.38,2023-02-14 08:40:00+00:00
661602,25-34,F,Finance,Tablet,Southeast,0,11.0275,2023-03-24 22:03:00+00:00
661603,18-24,F,Auto,Tablet,Northeast,1,12.94,2023-04-23 16:07:00+00:00
661604,18-24,F,Housing,Web,Northeast,0,8.2688,2023-01-16 15:53:00+00:00
661605,25-34,F,News,Tablet,Southeast,0,2.52,2023-06-26 08:16:00+00:00
661606,55+,M,Retail,Tablet,South,0,13.18,2023-06-14 20:40:00+00:00
661607,55+,F,Housing,Mobile,South,0,7.745,2023-03-18 04:45:00+00:00
661608,55+,M,News,Tablet,South,0,2.1875,2023-03-12 22:01:00+00:00
661609,55+,F,Auto,Web,South,1,14.74,2023-03-04 02:51:00+00:00
661610,35-44,F,Auto,Web,Midwest,0,3.1575,2023-05-27 14:38:00+00:00
661611,55+,F,Housing,Web,South,0,4.4062,2023-02-15 21:57:00+00:00
661612,35-44,F,Health,Mobile,Midwest,0,8.32,2023-02-11 17:05:00+00:00
661613,25-34,F,Retail,Mobile,Southeast,0,5.4387,2023-06-21 15:15:00+00:00
661614,45-54,M,Health,Mobile,West,1,9.5288,2023-05-24 23:37:00+00:00
661615,35-44,F,Housing,Tablet,Midwest,0,12.96,2023-02-23 17:50:00+00:00
661616,18-24,M,News,Mobile,Northeast,0,3.0737,2023-04-10 03:22:00+00:00
661617,55+,F,Housing,Mobile,South,0,9.6913,2023-03-15 01:36:00+00:00
661618,18-24,F,Auto,Web,Northeast,0,7.16,2023-02-13 19:49:00+00:00
661619,45-54,F,Finance,Tablet,West,0,2.4825,2023-03-08 18:43:00+00:00
661620,35-44,M,Finance,Tablet,Midwest,0,9.7688,2023-06-05 23:30:00+00:00
661621,35-44,M,Finance,Mobile,Midwest,0,12.14,2023-03-14 12:27:00+00:00
661622,55+,F,Auto,Mobile,South,0,8.8287,2023-01-24 23:20:00+00:00
661623,18-24,F,Housing,Tablet,Northeast,0,11.1725,2023-03-20 18:54:00+00:00
661624,25-34,F,News,Tablet,Southeast,1,12.2,2023-06-25 07:42:00+00:00
661625,18-24,M,Finance,Web,Northeast,1,8.0875,2023-04-01 06:04:00+00:00
661626,25-34,M,Auto,Mobile,Southeast,0,6.4538,2023-03-25 11:20:00+00:00
661627,55+,M,Retail,Tablet,South,0,12.26,2023-04-09 02:31:00+00:00
661628,35-44,M,News,Mobile,Midwest,0,6.0625,2023-01-11 10:27:00+00:00
661629,55+,F,Auto,Tablet,South,0,8.8525,2023-01-23 10:11:00+00:00
661630,35-44,F,Housing,Mobile,Midwest,1,14.36,2023-03-05 03:17:00+00:00
661631,55+,M,Retail,Tablet,South,1,8.4737,2023-04-30 11:25:00+00:00
661632,45-54,F,News,Mobile,West,0,10.8663,2023-02-03 21:04:00+00:00
661633,18-24,F,Auto,Web,Northeast,0,14.46,2023-05-29 16:04:00+00:00
661634,55+,M,Finance,Tablet,South,1,4.3763,2023-04-12 05:31:00+00:00
661635,45-54,F,News,Mobile,West,0,2.45,2023-04-11 16:40:00+00:00
661636,55+,M,Finance,Web,South,1,12.5,2023-01-31 06:30:00+00:00
661637,55+,M,News,Web,South,0,7.615,2023-01-13 12:36:00+00:00
661638,55+,F,Housing,Web,South,0,5.955,2023-05-05 04:17:00+00:00
661639,18-24,F,Auto,Mobile,Northeast,1,9.28,2023-04-20 01:58:00+00:00
661640,55+,M,Retail,Web,South,0,7.9925,2023-04-25 18:33:00+00:00
661641,18-24,F,Health,Mobile,Northeast,0,8.3425,2023-04-25 18:33:00+00:00
661642,45-54,M,Auto,Web,West,0,11.1,2023-04-11 04:05:00+00:00
661643,35-44,M,Finance,Web,Midwest,0,4.155,2023-05-05 04:43:00+00:00
661644,55+,F,Housing,Web,South,0,12.135,2023-03-10 20:52:00+00:00
661645,45-54,M,Housing,Tablet,West,0,5.86,2023-06-28 22:42:00+00:00
661646,18-24,M,Finance,Tablet,Northeast,0,8.5225,2023-06-08 02:05:00+00:00
661647,25-34,F,Retail,Tablet,Southeast,0,4.5675,2023-06-24 06:59:00+00:00
661648,45-54,M,Housing,Tablet,West,1,5.98,2023-06-14 20:40:00+00:00
661649,45-54,M,Housing,Web,West,1,10.42,2023-04-27 08:42:00+00:00
661650,18-24,F,Housing,Web,Northeast,0,6.6113,2023-06-19 01:15:00+00:00
661651,25-34,F,Housing,Tablet,Northeast,0,12.82,2023-05-27 02:29:00+00:00
661652,18-24,F,Auto,Tablet,Northeast,1,5.14,2023-02-02 08:04:00+00:00
661653,45-54,F,Retail,Mobile,West,0,4.65,2023-05-01 00:00:00+00:00
661654,45-54,M,Auto,Mobile,West,0,14.7,2023-06-10 04:14:00+00:00
661655,55+,F,Auto,Mobile,South,0,3.665,2023-03-14 12:01:00+00:00
661656,25-34,M,Health,Tablet,Southeast,0,1.6125,2023-05-31 18:12:00+00:00
661657,18-24,M,Finance,Web,Northeast,0,14.46,2023-02-18 00:24:00+00:00
661658,45-54,M,Health,Tablet,West,0,7.145,2023-02-26 20:42:00+00:00
661659,25-34,F,Retail,Mobile,Southeast,0,4.0025,2023-05-23 10:54:00+00:00
661660,35-44,M,Finance,Web,Midwest,0,7.66,2023-01-09 20:44:00+00:00
661661,18-24,F,Housing,Web,Northeast,1,4.2462,2023-01-18 05:11:00+00:00
661662,35-44,F,Auto,Mobile,Midwest,1,9.475,2023-03-02 12:00:00+00:00
661663,35-44,M,Finance,Web,Midwest,1,13.06,2023-02-28 22:42:00+00:00
661664,25-34,M,Housing,Web,Southeast,0,12.7538,2023-01-04 03:34:00+00:00
661665,55+,F,Health,Tablet,South,0,0.6937,2023-05-16 03:19:00+00:00
661666,18-24,M,News,Tablet,Northeast,0,6.04,2023-04-18 23:41:00+00:00
661667,55+,M,News,Mobile,South,0,9.4313,2023-01-26 01:12:00+00:00
661668,55+,M,Retail,Mobile,South,0,10.3413,2023-03-15 01:53:00+00:00
661669,25-34,F,News,Tablet,Southeast,0,12.4,2023-03-27 13:29:00+00:00
661670,18-24,F,Health,Mobile,Northeast,0,7.4863,2023-02-19 13:07:00+00:00
661671,35-44,M,News,Tablet,Midwest,0,1.8462,2023-02-07 13:39:00+00:00
661672,25-34,F,Retail,Mobile,Southeast,0,10.2,2023-06-05 23:39:00+00:00
661673,18-24,M,Finance,Tablet,Northeast,0,1.0162,2023-04-24 05:24:00+00:00
661674,45-54,M,Auto,Tablet,West,1,8.5463,2023-06-27 21:59:00+00:00
661675,18-24,M,Retail,Web,Northeast,0,12.4,2023-02-15 09:32:00+00:00
661676,25-34,M,Auto,Web,Southeast,0,1.73,2023-03-06 16:00:00+00:00
661677,35-44,M,Finance,Mobile,Midwest,0,12.3938,2023-04-06 11:05:00+00:00
661678,35-44,F,Health,Tablet,Midwest,0,9.4,2023-05-16 03:10:00+00:00
661679,55+,M,Finance,Tablet,South,1,6.0362,2023-02-19 13:49:00+00:00
661680,55+,F,Health,Web,South,0,2.3825,2023-02-16 10:15:00+00:00
661681,18-24,M,Finance,Mobile,Northeast,0,10.88,2023-01-30 05:47:00+00:00
661682,35-44,F,Auto,Mobile,Midwest,0,6.5687,2023-05-16 15:10:00+00:00
661683,25-34,M,Health,Web,Southeast,0,9.3012,2023-01-22 09:45:00+00:00
661684,25-34,M,Health,Mobile,Southeast,0,13.88,2023-01-20 07:11:00+00:00
661685,18-24,M,News,Web,Northeast,1,4.295,2023-02-06 12:56:00+00:00
661686,18-24,F,Health,Mobile,Northeast,1,5.485,2023-03-30 04:21:00+00:00
661687,18-24,M,News,Tablet,Northeast,0,12.86,2023-04-19 12:58:00+00:00
661688,55+,M,Retail,Web,South,0,1.7188,2023-02-25 07:16:00+00:00
661689,35-44,F,Housing,Tablet,Midwest,0,1.1387,2023-06-21 15:58:00+00:00
661690,55+,F,Housing,Tablet,South,0,10.0,2023-05-06 05:52:00+00:00
661691,25-34,M,Health,Web,Southeast,1,8.92,2023-04-27 08:25:00+00:00
661692,18-24,M,News,Tablet,Northeast,1,12.2238,2023-06-29 11:51:00+00:00
661693,18-24,F,Housing,Mobile,Northeast,0,9.8,2023-06-25 07:25:00+00:00
661694,18-24,F,Housing,Tablet,Northeast,0,2.9588,2023-03-09 07:09:00+00:00
661695,35-44,M,Finance,Mobile,Midwest,0,8.0,2023-01-21 08:02:00+00:00
661696,25-34,F,Finance,Web,Southeast,0,5.7,2023-05-11 22:01:00+00:00
661697,45-54,M,Auto,Mobile,West,0,2.8563,2023-02-15 21:23:00+00:00
661698,25-34,M,Health,Mobile,Southeast,0,6.1787,2023-01-24 23:20:00+00:00
661699,35-44,F,Housing,Tablet,Midwest,0,11.24,2023-06-17 23:49:00+00:00
661700,55+,F,Health,Tablet,South,0,4.2963,2023-02-27 21:25:00+00:00
661701,25-34,F,Housing,Web,Northeast,1,9.66,2023-02-18 00:41:00+00:00
661702,25-34,M,Auto,Tablet,Southeast,0,10.52,2023-06-01 07:30:00+00:00
661703,45-54,F,News,Mobile,West,0,12.0337,2023-01-08 19:09:00+00:00
661704,45-54,F,Retail,Tablet,West,1,6.4538,2023-02-13 19:57:00+00:00
661705,18-24,F,Auto,Tablet,Northeast,0,7.36,2023-04-04 09:21:00+00:00
661706,35-44,M,Finance,Web,Midwest,0,2.2763,2023-05-22 21:28:00+00:00
661707,25-34,F,Finance,Mobile,Southeast,1,3.4438,2023-04-26 19:42:00+00:00
661708,35-44,M,Retail,Web,Midwest,0,6.92,2023-06-01 19:04:00+00:00
661709,35-44,M,Retail,Mobile,Midwest,0,10.665,2023-06-22 04:50:00+00:00
661710,25-34,F,News,Web,Southeast,0,7.6025,2023-03-04 02:34:00+00:00
661711,45-54,F,News,Mobile,West,0,11.62,2023-01-27 14:29:00+00:00
661712,45-54,M,Health,Web,West,1,12.0463,2023-04-08 13:56:00+00:00
661713,25-34,F,Retail,Tablet,Southeast,1,3.3813,2023-04-16 09:40:00+00:00
661714,18-24,F,Health,Tablet,Northeast,0,11.88,2023-02-09 15:57:00+00:00
661715,35-44,M,Finance,Web,Midwest,0,10.6137,2023-01-12 11:35:00+00:00
661716,25-34,F,Retail,Tablet,Southeast,0,5.19,2023-04-03 08:13:00+00:00
661717,18-24,F,Health,Tablet,Northeast,0,13.84,2023-06-27 09:16:00+00:00
661718,55+,M,Retail,Tablet,South,0,2.42,2023-03-18 16:10:00+00:00
661719,45-54,F,Retail,Mobile,West,1,6.1775,2023-05-23 22:37:00+00:00
661720,25-34,M,Health,Web,Southeast,1,7.0,2023-06-05 23:05:00+00:00
661721,45-54,F,News,Web,West,0,7.9413,2023-05-14 01:53:00+00:00
661722,18-24,M,News,Web,Northeast,0,12.1562,2023-06-15 21:40:00+00:00
661723,25-34,F,Finance,Web,Southeast,1,6.34,2023-02-12 06:06:00+00:00
661724,25-34,F,Retail,Tablet,Southeast,0,12.7662,2023-02-23 05:50:00+00:00
661725,55+,M,Retail,Tablet,South,0,6.0888,2023-04-22 15:07:00+00:00
661726,18-24,M,Finance,Mobile,Northeast,0,10.44,2023-04-18 23:41:00+00:00
661727,25-34,F,Finance,Web,Southeast,0,6.395,2023-06-26 20:25:00+00:00
661728,18-24,F,Health,Tablet,Northeast,1,5.7313,2023-05-26 01:46:00+00:00
661729,35-44,F,Auto,Mobile,Midwest,1,11.86,2023-06-08 14:05:00+00:00
661730,25-34,M,Auto,Web,Southeast,1,1.4613,2023-05-30 17:55:00+00:00
661731,45-54,F,Finance,Web,West,0,5.1262,2023-04-12 05:40:00+00:00
661732,25-34,M,Housing,Mobile,Southeast,0,12.5,2023-02-20 14:15:00+00:00
661733,35-44,F,Health,Mobile,Midwest,0,8.665,2023-03-14 12:44:00+00:00
661734,45-54,F,News,Tablet,West,1,2.2975,2023-02-08 14:48:00+00:00
661735,35-44,F,Housing,Web,Midwest,0,13.68,2023-06-19 13:58:00+00:00
661736,45-54,F,Retail,Tablet,West,0,2.4737,2023-06-09 03:57:00+00:00
661737,45-54,M,Housing,Web,West,0,2.3413,2023-06-03 09:56:00+00:00
661738,18-24,M,Retail,Mobile,Northeast,1,12.42,2023-06-16 22:49:00+00:00
661739,55+,M,News,Web,South,0,9.1775,2023-06-12 06:40:00+00:00
661740,18-24,F,Health,Mobile,Northeast,0,11.2175,2023-03-16 14:53:00+00:00
661741,25-34,F,News,Web,Southeast,0,6.2,2023-06-05 23:56:00+00:00
661742,18-24,F,Auto,Tablet,Northeast,0,4.7888,2023-02-21 15:58:00+00:00
661743,25-34,F,News,Tablet,Southeast,0,4.2163,2023-06-03 21:39:00+00:00
661744,18-24,M,Finance,Mobile,Northeast,1,13.88,2023-03-01 23:42:00+00:00
661745,45-54,F,Finance,Web,West,0,3.4613,2023-03-31 17:12:00+00:00
661746,18-24,F,Auto,Tablet,Northeast,0,12.7562,2023-03-27 13:03:00+00:00
661747,18-24,F,Health,Tablet,Northeast,0,15.24,2023-05-28 15:55:00+00:00
661748,25-34,F,Retail,Tablet,Southeast,0,6.1175,2023-06-04 22:22:00+00:00
661749,35-44,F,Health,Tablet,Midwest,1,4.2775,2023-03-04 14:43:00+00:00
661750,55+,F,Housing,Mobile,South,0,13.34,2023-04-23 04:33:00+00:00
661751,25-34,F,Housing,Web,Northeast,1,12.04,2023-02-17 11:58:00+00:00
661752,35-44,F,Housing,Tablet,Midwest,0,2.965,2023-03-14 12:44:00+00:00
661753,45-54,M,Health,Web,West,1,13.38,2023-04-25 18:59:00+00:00
661754,35-44,F,Housing,Tablet,Midwest,0,0.5962,2023-05-18 05:28:00+00:00
661755,55+,M,Finance,Tablet,South,1,10.5587,2023-06-17 23:41:00+00:00
661756,35-44,F,Auto,Tablet,Midwest,0,9.56,2023-04-14 07:49:00+00:00
661757,55+,F,Health,Tablet,South,1,5.365,2023-02-22 04:24:00+00:00
661758,55+,F,Auto,Mobile,South,1,12.7212,2023-01-18 17:53:00+00:00
661759,25-34,F,Retail,Tablet,Southeast,1,11.38,2023-02-04 22:39:00+00:00
661760,55+,M,Finance,Web,South,0,5.8012,2023-04-12 17:40:00+00:00
661761,25-34,M,Auto,Web,Southeast,0,8.4975,2023-03-20 06:11:00+00:00
661762,45-54,F,Retail,Web,West,0,9.24,2023-02-17 23:06:00+00:00
661763,45-54,F,Finance,Tablet,West,1,10.655,2023-06-14 20:32:00+00:00
661764,18-24,M,News,Tablet,Northeast,1,7.6863,2023-06-19 13:41:00+00:00
661765,25-34,F,News,Tablet,Southeast,1,8.56,2023-04-04 21:13:00+00:00
661766,18-24,M,Finance,Tablet,Northeast,0,5.4025,2023-03-04 02:17:00+00:00
661767,18-24,F,Housing,Tablet,Northeast,0,5.4588,2023-03-29 15:55:00+00:00
661768,35-44,F,Health,Web,Midwest,1,10.38,2023-05-25 00:20:00+00:00
661769,55+,M,Finance,Mobile,South,1,5.765,2023-06-02 20:21:00+00:00
661770,25-34,F,News,Tablet,Southeast,0,7.195,2023-03-18 04:28:00+00:00
661771,18-24,F,Health,Web,Northeast,0,13.4,2023-05-16 03:53:00+00:00
661772,45-54,F,Retail,Tablet,West,0,12.8112,2023-05-10 09:09:00+00:00
661773,35-44,F,Auto,Mobile,Midwest,0,7.7912,2023-02-03 09:04:00+00:00
661774,25-34,M,Health,Web,Southeast,1,7.48,2023-02-09 15:22:00+00:00
661775,25-34,F,News,Mobile,Southeast,1,8.99,2023-01-13 00:01:00+00:00
661776,45-54,F,Retail,Tablet,West,1,7.3213,2023-04-08 01:31:00+00:00
661777,25-34,F,Finance,Web,Southeast,1,14.54,2023-06-02 20:21:00+00:00
661778,25-34,F,Retail,Web,Southeast,1,8.935,2023-06-18 12:49:00+00:00
661779,25-34,F,Finance,Mobile,Southeast,0,1.8413,2023-04-04 09:13:00+00:00
661780,45-54,F,Finance,Tablet,West,1,9.18,2023-03-06 16:17:00+00:00
661781,45-54,F,Retail,Tablet,West,0,3.33,2023-06-14 08:40:00+00:00
661782,25-34,F,Finance,Mobile,Southeast,1,9.75,2023-05-01 00:08:00+00:00
661783,25-34,M,Auto,Tablet,Southeast,1,14.06,2023-03-30 04:38:00+00:00
661784,45-54,M,Auto,Tablet,West,0,6.4763,2023-02-11 05:31:00+00:00
661785,45-54,F,News,Mobile,West,1,7.3925,2023-06-04 10:47:00+00:00
661786,45-54,M,Auto,Tablet,West,1,13.28,2023-03-11 09:09:00+00:00
661787,25-34,M,Health,Mobile,Southeast,0,5.7825,2023-04-17 10:15:00+00:00
661788,55+,M,Finance,Tablet,South,0,6.8812,2023-03-27 01:03:00+00:00
661789,35-44,F,Auto,Tablet,Midwest,0,13.98,2023-05-05 16:09:00+00:00
661790,18-24,M,Finance,Tablet,Northeast,0,8.9113,2023-02-19 01:24:00+00:00
661791,25-34,M,Housing,Tablet,Southeast,0,3.8237,2023-03-21 19:02:00+00:00
661792,25-34,M,Health,Mobile,Southeast,0,8.46,2023-05-29 16:46:00+00:00
661793,35-44,M,Finance,Tablet,Midwest,0,10.9313,2023-05-26 01:37:00+00:00
661794,18-24,M,Retail,Mobile,Northeast,0,10.3375,2023-02-20 14:41:00+00:00
661795,18-24,F,Health,Web,Northeast,0,14.76,2023-01-24 23:29:00+00:00
661796,55+,F,Auto,Mobile,South,0,9.9775,2023-01-03 14:43:00+00:00
661797,55+,F,Auto,Web,South,1,6.1887,2023-04-22 15:41:00+00:00
661798,45-54,M,Auto,Web,West,1,11.02,2023-02-26 20:25:00+00:00
661799,25-34,M,Health,Web,Southeast,1,6.5325,2023-05-27 02:55:00+00:00
661800,45-54,F,News,Mobile,West,0,3.585,2023-01-29 04:38:00+00:00
661801,25-34,F,Housing,Web,Northeast,0,10.9,2023-03-12 10:27:00+00:00
661802,25-34,F,News,Tablet,Southeast,0,2.3262,2023-06-11 05:57:00+00:00
661803,55+,F,Auto,Mobile,South,0,9.5925,2023-02-24 18:07:00+00:00
661804,45-54,F,News,Web,West,0,10.5,2023-02-20 02:41:00+00:00
661805,35-44,M,Finance,Web,Midwest,0,1.6612,2023-04-20 01:32:00+00:00
661806,18-24,M,News,Web,Northeast,0,3.3975,2023-05-19 06:19:00+00:00
661807,25-34,M,Housing,Web,Southeast,0,7.34,2023-04-03 08:30:00+00:00
661808,55+,M,Finance,Web,South,0,6.2613,2023-06-19 01:49:00+00:00
661809,18-24,M,Retail,Web,Northeast,0,7.4825,2023-04-17 10:32:00+00:00
661810,18-24,M,Finance,Web,Northeast,0,12.36,2023-01-04 15:17:00+00:00
661811,35-44,M,Retail,Web,Midwest,0,2.24,2023-04-23 16:16:00+00:00
661812,18-24,M,Finance,Mobile,Northeast,0,10.26,2023-03-10 08:18:00+00:00
661813,45-54,F,News,Mobile,West,0,7.7,2023-06-20 14:50:00+00:00
661814,55+,M,Retail,Tablet,South,0,7.0975,2023-03-20 06:45:00+00:00
661815,55+,M,Finance,Web,South,0,7.205,2023-03-26 12:37:00+00:00
661816,35-44,M,News,Web,Midwest,0,9.74,2023-06-02 08:21:00+00:00
661817,25-34,F,Retail,Mobile,Southeast,0,7.59,2023-02-02 08:56:00+00:00
661818,35-44,F,Health,Mobile,Midwest,0,12.6512,2023-02-11 17:57:00+00:00
661819,55+,F,Health,Tablet,South,0,13.72,2023-06-21 03:50:00+00:00
661820,45-54,M,Housing,Mobile,West,0,4.1862,2023-06-19 13:49:00+00:00
661821,45-54,M,Auto,Mobile,West,0,5.3775,2023-01-23 22:11:00+00:00
661822,25-34,F,Retail,Mobile,Southeast,0,7.52,2023-05-22 21:20:00+00:00
661823,18-24,F,Health,Tablet,Northeast,0,6.6487,2023-02-09 15:57:00+00:00
661824,25-34,M,Housing,Tablet,Southeast,1,10.035,2023-05-09 20:18:00+00:00
661825,35-44,F,Health,Mobile,Midwest,0,9.5,2023-03-22 20:45:00+00:00
661826,25-34,F,Finance,Tablet,Southeast,0,3.6387,2023-05-12 23:01:00+00:00
661827,35-44,F,Auto,Web,Midwest,0,1.3237,2023-04-30 11:51:00+00:00
661828,55+,M,News,Web,South,1,14.56,2023-02-03 21:21:00+00:00
661829,45-54,M,Health,Tablet,West,1,8.63,2023-03-06 16:09:00+00:00
661830,45-54,F,Finance,Web,West,0,7.9062,2023-01-06 05:09:00+00:00
661831,25-34,F,Retail,Web,Southeast,1,6.26,2023-04-29 22:51:00+00:00
661832,55+,F,Auto,Web,South,0,11.9313,2023-01-26 01:20:00+00:00
661833,18-24,F,Health,Mobile,Northeast,0,8.7212,2023-01-18 17:02:00+00:00
661834,18-24,M,News,Mobile,Northeast,0,15.18,2023-05-05 16:43:00+00:00
661835,18-24,M,Finance,Tablet,Northeast,0,0.8613,2023-05-30 17:12:00+00:00
661836,55+,M,Finance,Tablet,South,0,4.135,2023-05-09 20:18:00+00:00
661837,35-44,F,Health,Web,Midwest,1,12.24,2023-05-18 17:19:00+00:00
661838,55+,M,Retail,Web,South,1,11.935,2023-06-18 12:49:00+00:00
661839,25-34,F,News,Web,Southeast,0,12.0475,2023-06-28 22:51:00+00:00
661840,35-44,F,Health,Tablet,Midwest,1,14.78,2023-01-05 04:26:00+00:00
661841,25-34,M,Health,Mobile,Southeast,0,1.185,2023-05-09 20:01:00+00:00
661842,55+,F,Health,Tablet,South,1,10.5025,2023-01-03 02:17:00+00:00
661843,45-54,F,Retail,Tablet,West,0,13.08,2023-04-10 03:48:00+00:00
661844,55+,F,Health,Tablet,South,0,5.2575,2023-05-27 14:55:00+00:00
661845,18-24,F,Auto,Mobile,Northeast,0,5.1037,2023-02-13 19:31:00+00:00
661846,25-34,F,Finance,Tablet,Southeast,0,6.3,2023-05-01 12:00:00+00:00
661847,45-54,M,Housing,Mobile,West,0,7.1338,2023-02-17 11:32:00+00:00
661848,18-24,F,Auto,Tablet,Northeast,0,0.5625,2023-06-20 02:07:00+00:00
661849,45-54,F,News,Web,West,0,12.7,2023-06-10 04:22:00+00:00
661850,45-54,F,Retail,Web,West,1,7.5462,2023-06-07 13:31:00+00:00
661851,25-34,F,Housing,Mobile,Northeast,0,7.26,2023-05-29 16:46:00+00:00
661852,18-24,F,Health,Web,Northeast,0,9.5,2023-02-10 04:22:00+00:00
661853,18-24,F,Housing,Web,Northeast,1,12.095,2023-05-17 04:28:00+00:00
661854,18-24,F,Health,Tablet,Northeast,0,4.945,2023-01-17 04:28:00+00:00
661855,45-54,M,Housing,Tablet,West,1,7.02,2023-04-07 00:56:00+00:00
661856,55+,F,Housing,Tablet,South,0,11.7425,2023-06-24 18:50:00+00:00
661857,18-24,F,Auto,Tablet,Northeast,1,8.7238,2023-01-20 19:45:00+00:00
661858,35-44,F,Housing,Web,Midwest,0,11.26,2023-01-09 08:01:00+00:00
661859,45-54,M,Housing,Tablet,West,0,7.3438,2023-04-06 11:13:00+00:00
661860,18-24,F,Housing,Tablet,Northeast,0,11.2775,2023-03-24 22:20:00+00:00
661861,55+,F,Housing,Mobile,South,0,10.5,2023-01-11 10:35:00+00:00
661862,45-54,M,Auto,Mobile,West,1,8.8987,2023-05-20 07:54:00+00:00
661863,18-24,F,Health,Web,Northeast,0,8.1262,2023-04-12 05:14:00+00:00
661864,45-54,M,Housing,Web,West,0,10.4,2023-05-26 13:20:00+00:00
661865,45-54,F,News,Tablet,West,0,6.41,2023-03-30 16:38:00+00:00
661866,18-24,F,Housing,Tablet,Northeast,0,12.7,2023-06-10 16:57:00+00:00
661867,45-54,M,Auto,Tablet,West,0,11.82,2023-02-06 12:05:00+00:00
661868,18-24,F,Health,Web,Northeast,1,9.2587,2023-06-17 23:41:00+00:00
661869,35-44,F,Housing,Web,Midwest,0,0.6338,2023-01-08 19:18:00+00:00
661870,55+,F,Auto,Tablet,South,0,8.16,2023-04-04 09:30:00+00:00
661871,18-24,F,Housing,Mobile,Northeast,0,3.215,2023-01-13 12:53:00+00:00
661872,18-24,M,Finance,Tablet,Northeast,0,0.56,2023-03-10 08:18:00+00:00
661873,25-34,M,Auto,Tablet,Southeast,0,13.42,2023-02-06 12:22:00+00:00
661874,45-54,M,Auto,Tablet,West,0,10.5237,2023-06-29 11:17:00+00:00
661875,35-44,M,News,Tablet,Midwest,1,1.7125,2023-01-11 10:44:00+00:00
661876,35-44,M,Retail,Mobile,Midwest,0,13.24,2023-02-17 23:23:00+00:00
661877,55+,F,Health,Web,South,0,12.13,2023-03-06 16:26:00+00:00
661878,55+,F,Health,Tablet,South,1,0.75,2023-06-10 16:05:00+00:00
661879,55+,M,Finance,Tablet,South,1,14.72,2023-02-11 17:14:00+00:00
661880,35-44,F,Housing,Web,Midwest,0,5.8762,2023-03-03 13:17:00+00:00
661881,55+,F,Auto,Tablet,South,1,7.0637,2023-05-12 11:35:00+00:00
661882,55+,M,Retail,Web,South,0,13.14,2023-05-23 22:11:00+00:00
661883,55+,M,Retail,Mobile,South,0,4.0213,2023-01-18 17:19:00+00:00
661884,55+,M,Finance,Web,South,0,0.5212,2023-02-07 01:22:00+00:00
661885,25-34,M,Housing,Tablet,Southeast,0,13.22,2023-01-07 18:43:00+00:00
661886,18-24,M,News,Tablet,Northeast,0,2.1075,2023-03-08 06:43:00+00:00
661887,55+,M,News,Tablet,South,0,12.7375,2023-05-31 06:47:00+00:00
661888,35-44,F,Health,Mobile,Midwest,0,8.48,2023-04-20 01:49:00+00:00
661889,25-34,F,Finance,Mobile,Southeast,0,9.4512,2023-01-22 09:28:00+00:00
661890,35-44,M,Retail,Web,Midwest,1,5.8213,2023-06-27 09:08:00+00:00
661891,35-44,M,Finance,Mobile,Midwest,1,10.46,2023-06-18 12:24:00+00:00
661892,55+,M,News,Mobile,South,0,12.6512,2023-03-23 09:20:00+00:00
661893,55+,M,Finance,Tablet,South,0,4.1825,2023-05-27 02:29:00+00:00
661894,55+,F,Health,Tablet,South,1,14.88,2023-02-19 01:32:00+00:00
661895,18-24,M,News,Web,Northeast,1,2.7088,2023-05-28 15:55:00+00:00
661896,35-44,M,Finance,Web,Midwest,0,1.7688,2023-02-25 07:16:00+00:00
661897,25-34,F,News,Web,Southeast,0,8.1,2023-03-12 10:44:00+00:00
661898,18-24,F,Auto,Mobile,Northeast,1,6.515,2023-02-02 20:04:00+00:00
661899,55+,F,Housing,Web,South,0,3.39,2023-04-23 16:16:00+00:00
661900,18-24,M,Retail,Mobile,Northeast,0,9.08,2023-05-20 19:37:00+00:00
661901,25-34,F,Housing,Mobile,Northeast,0,14.42,2023-01-07 18:00:00+00:00
661902,25-34,M,Housing,Mobile,Southeast,0,9.9625,2023-01-11 10:44:00+00:00
661903,55+,M,Retail,Web,South,0,9.64,2023-05-28 03:29:00+00:00
661904,35-44,F,Housing,Web,Midwest,1,4.2088,2023-01-08 07:09:00+00:00
661905,45-54,M,Housing,Mobile,West,0,1.3325,2023-01-07 18:52:00+00:00
661906,18-24,M,News,Mobile,Northeast,0,15.34,2023-04-03 08:47:00+00:00
661907,45-54,F,News,Tablet,West,0,3.035,2023-03-10 20:52:00+00:00
661908,35-44,M,Finance,Web,Midwest,1,2.135,2023-01-09 20:09:00+00:00
661909,35-44,M,News,Tablet,Midwest,0,8.74,2023-02-12 06:48:00+00:00
661910,55+,M,Retail,Tablet,South,0,5.0275,2023-05-23 22:03:00+00:00
661911,55+,M,News,Web,South,0,10.0813,2023-03-07 17:00:00+00:00
661912,18-24,F,Auto,Tablet,Northeast,0,10.04,2023-04-18 23:23:00+00:00
661913,25-34,M,Auto,Mobile,Southeast,0,6.8825,2023-03-28 02:46:00+00:00
661914,18-24,M,Retail,Mobile,Northeast,1,9.4925,2023-06-04 10:47:00+00:00
661915,18-24,M,Finance,Mobile,Northeast,0,14.84,2023-06-17 11:23:00+00:00
661916,25-34,F,Finance,Tablet,Southeast,1,8.8313,2023-01-26 01:37:00+00:00
661917,35-44,F,Health,Mobile,Midwest,0,8.9087,2023-04-18 23:41:00+00:00
661918,25-34,M,Auto,Mobile,Southeast,0,8.5,2023-03-12 22:10:00+00:00
661919,45-54,F,News,Web,West,0,10.2012,2023-06-11 17:57:00+00:00
661920,45-54,M,Health,Mobile,West,0,7.55,2023-03-02 00:00:00+00:00
661921,18-24,M,Retail,Mobile,Northeast,1,8.8,2023-01-26 13:46:00+00:00
661922,45-54,F,News,Tablet,West,0,5.1275,2023-05-23 22:37:00+00:00
661923,35-44,M,Finance,Mobile,Midwest,0,0.965,2023-06-22 04:50:00+00:00
661924,35-44,F,Auto,Tablet,Midwest,0,15.04,2023-06-07 01:13:00+00:00
661925,25-34,F,Finance,Mobile,Southeast,0,11.77,2023-01-17 16:36:00+00:00
661926,18-24,F,Health,Web,Northeast,0,6.2975,2023-04-09 14:48:00+00:00
661927,55+,F,Health,Mobile,South,0,11.32,2023-02-21 03:41:00+00:00
661928,35-44,F,Housing,Web,Midwest,1,9.2775,2023-03-04 14:43:00+00:00
661929,25-34,F,Finance,Mobile,Southeast,0,10.3963,2023-06-07 13:05:00+00:00
661930,25-34,M,Housing,Mobile,Southeast,0,5.94,2023-04-13 18:48:00+00:00
661931,45-54,F,Retail,Mobile,West,0,12.9388,2023-02-01 07:13:00+00:00
661932,45-54,M,Health,Web,West,0,10.695,2023-03-18 04:10:00+00:00
661933,55+,M,News,Web,South,0,8.84,2023-03-29 03:55:00+00:00
661934,35-44,M,Retail,Mobile,Midwest,1,4.5462,2023-05-18 05:53:00+00:00
661935,45-54,M,Auto,Mobile,West,1,3.39,2023-04-23 16:58:00+00:00
661936,25-34,M,Health,Mobile,Southeast,0,12.86,2023-02-18 00:24:00+00:00
661937,35-44,M,Retail,Tablet,Midwest,0,10.3513,2023-05-02 01:34:00+00:00
661938,18-24,M,Finance,Tablet,Northeast,0,4.535,2023-02-18 12:15:00+00:00
661939,18-24,M,News,Web,Northeast,1,8.4,2023-05-26 13:37:00+00:00
661940,45-54,M,Health,Web,West,0,7.8937,2023-02-05 11:22:00+00:00
661941,18-24,M,Finance,Tablet,Northeast,0,10.2863,2023-02-19 13:24:00+00:00
661942,55+,M,Finance,Mobile,South,0,7.22,2023-05-07 06:26:00+00:00
661943,25-34,F,Finance,Mobile,Southeast,0,12.6525,2023-04-13 18:31:00+00:00
661944,25-34,F,News,Mobile,Southeast,1,12.9775,2023-01-23 22:28:00+00:00
661945,35-44,F,Health,Tablet,Midwest,0,6.48,2023-05-30 17:38:00+00:00
661946,18-24,F,Health,Web,Northeast,1,9.4887,2023-05-12 23:10:00+00:00
661947,45-54,F,Finance,Web,West,0,3.5213,2023-06-27 09:16:00+00:00
661948,18-24,M,News,Mobile,Northeast,0,15.06,2023-06-28 22:34:00+00:00
661949,55+,M,Retail,Web,South,0,5.145,2023-04-27 20:42:00+00:00
661950,55+,M,Retail,Web,South,0,9.5375,2023-02-20 14:58:00+00:00
661951,25-34,F,Housing,Web,Northeast,0,6.72,2023-06-11 05:14:00+00:00
661952,18-24,F,Auto,Mobile,Northeast,0,6.6013,2023-01-22 09:54:00+00:00
661953,55+,F,Housing,Mobile,South,1,12.6188,2023-06-05 23:30:00+00:00
661954,35-44,M,News,Tablet,Midwest,0,13.0,2023-04-26 07:42:00+00:00
661955,45-54,M,Health,Web,West,0,7.0263,2023-02-11 05:57:00+00:00
661956,55+,M,News,Mobile,South,1,7.6063,2023-05-06 05:35:00+00:00
661957,45-54,M,Auto,Tablet,West,1,13.54,2023-01-23 10:54:00+00:00
661958,55+,F,Housing,Mobile,South,1,3.5438,2023-04-26 19:07:00+00:00
661959,45-54,F,Retail,Mobile,West,1,2.15,2023-05-21 08:54:00+00:00
661960,25-34,M,Housing,Tablet,Southeast,1,6.88,2023-01-30 17:21:00+00:00
661961,35-44,F,Auto,Mobile,Midwest,0,4.715,2023-02-02 20:30:00+00:00
661962,25-34,F,Finance,Tablet,Southeast,1,8.4,2023-01-21 08:20:00+00:00
661963,18-24,M,News,Tablet,Northeast,0,14.52,2023-04-22 15:15:00+00:00
661964,25-34,F,News,Web,Southeast,0,7.335,2023-04-19 12:58:00+00:00
661965,55+,F,Auto,Tablet,South,0,10.845,2023-01-17 04:36:00+00:00
661966,45-54,F,Finance,Mobile,West,1,13.74,2023-06-22 04:50:00+00:00
661967,35-44,F,Health,Mobile,Midwest,1,7.1725,2023-02-28 10:51:00+00:00
661968,25-34,F,Retail,Tablet,Southeast,1,5.46,2023-03-10 08:18:00+00:00
661969,18-24,F,Health,Tablet,Northeast,0,12.66,2023-03-20 18:28:00+00:00
661970,55+,F,Auto,Tablet,South,1,4.3688,2023-04-06 23:39:00+00:00
661971,55+,F,Auto,Web,South,0,2.5362,2023-02-19 13:07:00+00:00
661972,25-34,F,News,Web,Southeast,1,10.9,2023-01-31 18:12:00+00:00
661973,35-44,M,Finance,Mobile,Midwest,0,6.5412,2023-04-04 09:04:00+00:00
661974,35-44,M,Finance,Mobile,Midwest,0,4.3563,2023-03-07 05:52:00+00:00
661975,45-54,M,Auto,Tablet,West,0,8.08,2023-04-20 01:58:00+00:00
661976,18-24,F,Auto,Web,Northeast,1,12.98,2023-01-25 00:46:00+00:00
661977,18-24,F,Housing,Web,Northeast,1,4.2725,2023-02-08 02:05:00+00:00
661978,18-24,F,Auto,Tablet,Northeast,0,13.58,2023-01-05 04:09:00+00:00
661979,55+,F,Housing,Mobile,South,0,2.2588,2023-04-18 23:06:00+00:00
661980,18-24,F,Health,Tablet,Northeast,0,4.7938,2023-02-25 19:50:00+00:00
661981,35-44,F,Health,Tablet,Midwest,0,10.18,2023-06-04 22:47:00+00:00
661982,18-24,F,Auto,Tablet,Northeast,0,11.3588,2023-01-28 15:46:00+00:00
661983,45-54,F,News,Mobile,West,0,10.805,2023-03-06 04:09:00+00:00
661984,55+,M,Finance,Mobile,South,0,10.12,2023-03-13 11:18:00+00:00
661985,35-44,M,Retail,Tablet,Midwest,0,7.8913,2023-05-14 01:10:00+00:00
661986,35-44,F,Health,Web,Midwest,0,12.52,2023-04-07 00:30:00+00:00
661987,45-54,F,Finance,Mobile,West,1,8.12,2023-02-01 07:04:00+00:00
661988,18-24,M,Finance,Mobile,Northeast,0,2.2875,2023-02-20 14:15:00+00:00
661989,25-34,M,Auto,Tablet,Southeast,0,7.8238,2023-03-01 11:08:00+00:00
661990,55+,F,Health,Mobile,South,1,12.4,2023-04-16 09:23:00+00:00
661991,35-44,F,Housing,Web,Midwest,0,9.8725,2023-01-19 18:19:00+00:00
661992,55+,M,Retail,Web,South,0,5.4625,2023-06-20 02:24:00+00:00
661993,18-24,F,Auto,Mobile,Northeast,0,15.4,2023-04-06 11:22:00+00:00
661994,55+,F,Auto,Tablet,South,0,8.6237,2023-04-30 11:59:00+00:00
661995,45-54,F,Finance,Tablet,West,0,4.73,2023-05-05 16:00:00+00:00
661996,45-54,F,Finance,Mobile,West,0,7.3,2023-04-21 02:41:00+00:00
661997,25-34,F,News,Mobile,Southeast,0,12.4087,2023-04-18 23:49:00+00:00
661998,55+,F,Auto,Mobile,South,0,8.37,2023-05-17 16:45:00+00:00
661999,18-24,M,Retail,Mobile,Northeast,0,7.88,2023-04-10 03:57:00+00:00
662000,25-34,F,Finance,Web,Southeast,0,5.1212,2023-05-18 17:36:00+00:00
662001,25-34,F,Housing,Mobile,Northeast,0,9.82,2023-06-26 08:59:00+00:00
662002,45-54,M,Auto,Tablet,West,0,7.4,2023-06-05 11:22:00+00:00
662003,55+,F,Housing,Web,South,0,2.0312,2023-02-15 09:23:00+00:00
662004,18-24,F,Health,Web,Northeast,1,11.3012,2023-03-03 01:25:00+00:00
662005,35-44,M,Retail,Web,Midwest,0,6.48,2023-05-10 21:01:00+00:00
662006,25-34,F,Finance,Tablet,Southeast,0,12.8075,2023-04-17 22:32:00+00:00
662007,25-34,F,Finance,Mobile,Southeast,1,8.0613,2023-01-10 09:52:00+00:00
662008,55+,F,Auto,Mobile,South,1,10.96,2023-02-23 05:24:00+00:00
662009,25-34,F,Finance,Mobile,Southeast,0,6.1413,2023-03-15 01:36:00+00:00
662010,45-54,F,News,Tablet,West,0,5.1113,2023-03-11 09:35:00+00:00
662011,55+,F,Housing,Mobile,South,1,6.96,2023-02-03 21:21:00+00:00
662012,35-44,M,News,Mobile,Midwest,0,12.5962,2023-04-08 13:05:00+00:00
662013,18-24,M,Retail,Tablet,Northeast,0,5.3238,2023-01-20 19:28:00+00:00
662014,18-24,M,Finance,Tablet,Northeast,1,14.08,2023-06-19 01:15:00+00:00
662015,25-34,F,Finance,Tablet,Southeast,1,4.525,2023-01-01 12:51:00+00:00
662016,35-44,M,Retail,Web,Midwest,1,8.5512,2023-01-02 01:43:00+00:00
662017,25-34,M,Housing,Tablet,Southeast,0,8.58,2023-02-24 18:24:00+00:00
662018,25-34,F,Retail,Web,Southeast,1,1.5837,2023-05-08 19:09:00+00:00
662019,35-44,F,Housing,Web,Midwest,0,1.9075,2023-06-16 22:58:00+00:00
662020,35-44,M,News,Tablet,Midwest,0,8.16,2023-04-04 09:13:00+00:00
662021,45-54,F,Retail,Tablet,West,1,5.6688,2023-03-17 15:02:00+00:00
662022,18-24,M,Retail,Tablet,Northeast,0,11.3362,2023-05-10 21:27:00+00:00
662023,35-44,F,Housing,Tablet,Midwest,1,5.76,2023-04-24 17:41:00+00:00
662024,25-34,M,Health,Mobile,Southeast,0,1.9238,2023-06-29 11:17:00+00:00
662025,18-24,M,Finance,Tablet,Northeast,0,10.2925,2023-04-25 18:16:00+00:00
662026,45-54,M,Health,Tablet,West,0,12.94,2023-06-22 16:07:00+00:00
662027,55+,M,Retail,Web,South,1,9.2875,2023-02-20 14:58:00+00:00
662028,55+,F,Auto,Tablet,South,1,8.6475,2023-04-09 14:39:00+00:00
662029,45-54,M,Health,Tablet,West,0,10.02,2023-05-27 14:20:00+00:00
662030,35-44,M,Finance,Web,Midwest,0,9.8488,2023-01-20 07:19:00+00:00
662031,18-24,M,Retail,Mobile,Northeast,0,6.0338,2023-03-29 03:12:00+00:00
662032,55+,M,Retail,Tablet,South,1,14.36,2023-05-24 11:11:00+00:00
662033,18-24,F,Health,Web,Northeast,0,2.41,2023-06-18 00:06:00+00:00
662034,35-44,F,Auto,Tablet,Midwest,0,7.5812,2023-05-06 17:00:00+00:00
662035,25-34,M,Auto,Mobile,Southeast,1,7.7,2023-06-20 02:50:00+00:00
662036,25-34,F,News,Tablet,Southeast,1,1.8,2023-01-21 08:20:00+00:00
662037,45-54,F,News,Mobile,West,0,8.335,2023-02-18 12:24:00+00:00
662038,35-44,F,Health,Web,Midwest,0,13.54,2023-03-24 10:37:00+00:00
662039,18-24,F,Auto,Mobile,Northeast,0,4.5663,2023-02-03 21:04:00+00:00
662040,45-54,M,Housing,Mobile,West,1,8.9012,2023-04-12 17:31:00+00:00
662041,55+,M,Retail,Web,South,0,8.62,2023-02-26 08:50:00+00:00
662042,25-34,M,Health,Web,Southeast,0,7.5213,2023-04-08 01:31:00+00:00
662043,45-54,F,Finance,Tablet,West,0,5.0812,2023-03-07 17:52:00+00:00
662044,25-34,M,Health,Mobile,Southeast,1,11.56,2023-03-05 03:17:00+00:00
662045,25-34,F,News,Tablet,Southeast,0,1.7862,2023-05-30 05:21:00+00:00
662046,18-24,F,Housing,Tablet,Northeast,1,5.3537,2023-01-04 03:09:00+00:00
662047,45-54,M,Housing,Tablet,West,1,13.32,2023-04-02 19:13:00+00:00
662048,55+,M,News,Web,South,0,11.3663,2023-06-23 05:24:00+00:00
662049,55+,M,Retail,Tablet,South,0,0.5687,2023-03-17 15:45:00+00:00
662050,25-34,F,Retail,Mobile,Southeast,0,11.08,2023-05-20 07:11:00+00:00
662051,25-34,F,Housing,Mobile,Northeast,0,7.68,2023-04-20 13:07:00+00:00
662052,55+,M,Retail,Tablet,South,0,0.745,2023-06-06 12:05:00+00:00
662053,55+,M,Finance,Tablet,South,0,13.94,2023-06-12 18:31:00+00:00
662054,45-54,M,Health,Tablet,West,1,7.3525,2023-03-24 10:11:00+00:00
662055,25-34,M,Health,Web,Southeast,1,0.5112,2023-05-10 09:01:00+00:00
662056,18-24,F,Health,Tablet,Northeast,0,6.58,2023-06-24 18:33:00+00:00
662057,45-54,M,Housing,Web,West,0,12.375,2023-03-02 12:34:00+00:00
662058,35-44,F,Auto,Web,Midwest,1,6.3587,2023-02-17 23:32:00+00:00
662059,18-24,M,Retail,Web,Northeast,1,13.72,2023-01-12 11:35:00+00:00
662060,25-34,F,News,Web,Southeast,0,1.23,2023-06-14 08:32:00+00:00
662061,35-44,F,Health,Mobile,Midwest,1,5.7387,2023-01-12 23:18:00+00:00
662062,18-24,F,Health,Mobile,Northeast,0,9.24,2023-04-18 11:41:00+00:00
662063,55+,F,Health,Web,South,0,2.3175,2023-02-04 22:30:00+00:00
662064,35-44,F,Health,Mobile,Midwest,1,2.2975,2023-05-19 06:54:00+00:00
662065,45-54,M,Health,Mobile,West,1,10.16,2023-02-23 05:41:00+00:00
662066,45-54,F,News,Web,West,0,9.0762,2023-01-22 21:20:00+00:00
662067,45-54,F,News,Mobile,West,1,3.1975,2023-06-28 22:34:00+00:00
662068,35-44,M,Finance,Tablet,Midwest,0,15.4,2023-06-25 19:07:00+00:00
662069,25-34,M,Housing,Web,Southeast,1,3.53,2023-01-05 16:26:00+00:00
662070,55+,M,Finance,Mobile,South,1,12.7475,2023-03-20 06:28:00+00:00
662071,35-44,M,Finance,Web,Midwest,0,5.72,2023-04-22 03:07:00+00:00
662072,35-44,F,Auto,Web,Midwest,0,3.8338,2023-03-09 19:26:00+00:00
662073,45-54,M,Health,Tablet,West,0,7.7538,2023-05-24 11:46:00+00:00
662074,55+,M,News,Mobile,South,0,11.66,2023-02-18 00:41:00+00:00
662075,45-54,F,News,Web,West,1,12.3387,2023-04-22 15:33:00+00:00
662076,25-34,M,Health,Web,Southeast,1,1.57,2023-03-18 16:45:00+00:00
662077,18-24,M,Finance,Mobile,Northeast,1,10.54,2023-05-13 12:36:00+00:00
662078,35-44,M,News,Tablet,Midwest,0,11.4162,2023-02-23 05:33:00+00:00
662079,55+,M,News,Tablet,South,1,2.6725,2023-06-08 02:14:00+00:00
662080,35-44,M,Retail,Web,Midwest,0,12.46,2023-05-09 20:52:00+00:00
662081,45-54,M,Auto,Tablet,West,0,2.5787,2023-04-14 07:31:00+00:00
662082,18-24,M,Retail,Mobile,Northeast,0,3.4537,2023-03-05 03:17:00+00:00
662083,35-44,F,Housing,Web,Midwest,0,14.48,2023-04-20 01:41:00+00:00
662084,25-34,F,Retail,Tablet,Southeast,0,3.865,2023-02-22 04:33:00+00:00
662085,45-54,M,Housing,Web,West,0,12.5538,2023-05-24 11:03:00+00:00
662086,55+,M,Retail,Mobile,South,0,11.44,2023-03-19 17:45:00+00:00
662087,18-24,F,Health,Mobile,Northeast,1,10.7637,2023-04-02 19:21:00+00:00
662088,55+,F,Housing,Tablet,South,0,2.8775,2023-01-03 14:34:00+00:00
662089,18-24,M,Retail,Mobile,Northeast,0,10.9,2023-02-20 02:07:00+00:00
662090,45-54,M,Auto,Mobile,West,0,7.8662,2023-04-24 05:24:00+00:00
662091,25-34,F,Finance,Tablet,Southeast,0,8.665,2023-06-22 04:07:00+00:00
662092,45-54,F,Finance,Web,West,1,8.88,2023-04-20 13:49:00+00:00
662093,18-24,F,Auto,Tablet,Northeast,0,12.3262,2023-03-23 21:45:00+00:00
662094,18-24,F,Housing,Web,Northeast,0,3.145,2023-04-07 12:39:00+00:00
662095,18-24,M,Retail,Web,Northeast,1,10.34,2023-05-03 02:17:00+00:00
662096,18-24,M,News,Mobile,Northeast,0,1.255,2023-02-14 20:23:00+00:00
662097,25-34,M,Housing,Web,Southeast,0,2.6662,2023-04-24 05:33:00+00:00
662098,18-24,F,Health,Tablet,Northeast,1,10.12,2023-02-01 07:38:00+00:00
662099,45-54,M,Housing,Web,West,0,12.755,2023-01-05 04:26:00+00:00
662100,35-44,F,Housing,Mobile,Midwest,0,8.9138,2023-06-01 19:21:00+00:00
662101,25-34,F,Housing,Tablet,Northeast,0,12.46,2023-01-09 20:35:00+00:00
662102,45-54,F,Finance,Mobile,West,1,5.0675,2023-02-24 06:59:00+00:00
662103,35-44,F,Auto,Mobile,Midwest,0,3.505,2023-02-14 20:06:00+00:00
662104,55+,M,Finance,Mobile,South,0,12.5,2023-06-20 02:32:00+00:00
662105,35-44,M,Retail,Web,Midwest,1,11.8562,2023-01-06 05:35:00+00:00
662106,25-34,F,Retail,Web,Southeast,0,6.705,2023-02-14 20:32:00+00:00
662107,35-44,M,Retail,Web,Midwest,0,11.94,2023-06-12 18:31:00+00:00
662108,55+,F,Health,Tablet,South,1,9.3087,2023-03-29 15:46:00+00:00
662109,25-34,F,Finance,Mobile,Southeast,0,5.625,2023-01-21 20:28:00+00:00
662110,45-54,F,Retail,Mobile,West,0,13.78,2023-01-15 02:27:00+00:00
662111,35-44,M,News,Tablet,Midwest,0,11.3313,2023-01-06 17:35:00+00:00
662112,35-44,F,Auto,Tablet,Midwest,0,10.91,2023-01-29 16:29:00+00:00
662113,25-34,F,Finance,Web,Southeast,0,6.84,2023-04-18 11:15:00+00:00
662114,55+,M,Retail,Mobile,South,0,4.7462,2023-02-07 13:13:00+00:00
662115,35-44,M,News,Tablet,Midwest,0,9.8375,2023-05-31 06:47:00+00:00
662116,25-34,M,Auto,Tablet,Southeast,0,9.14,2023-01-03 14:34:00+00:00
662117,55+,M,Retail,Web,South,0,2.1275,2023-06-12 06:23:00+00:00
662118,35-44,M,Retail,Web,Midwest,0,1.1338,2023-01-08 19:18:00+00:00
662119,35-44,F,Housing,Web,Midwest,1,12.28,2023-03-01 11:42:00+00:00
662120,55+,F,Health,Mobile,South,0,5.3775,2023-03-24 22:20:00+00:00
662121,35-44,M,Finance,Tablet,Midwest,0,9.1525,2023-05-03 02:00:00+00:00
662122,25-34,F,Retail,Web,Southeast,0,7.66,2023-01-09 20:01:00+00:00
662123,55+,F,Health,Tablet,South,0,11.2325,2023-03-08 18:26:00+00:00
662124,55+,F,Auto,Tablet,South,0,7.5325,2023-01-07 18:09:00+00:00
662125,25-34,M,Health,Tablet,Southeast,0,14.0,2023-05-26 13:03:00+00:00
662126,35-44,M,Finance,Tablet,Midwest,0,3.1963,2023-06-07 13:22:00+00:00
662127,55+,M,News,Mobile,South,1,1.4988,2023-06-09 15:14:00+00:00
662128,25-34,M,Auto,Mobile,Southeast,0,11.68,2023-04-20 01:41:00+00:00
662129,55+,M,News,Mobile,South,0,12.9938,2023-02-25 19:59:00+00:00
662130,18-24,M,Finance,Mobile,Northeast,0,6.0075,2023-01-07 06:00:00+00:00
662131,55+,F,Auto,Web,South,0,10.84,2023-03-09 07:52:00+00:00
662132,25-34,M,Auto,Tablet,Southeast,0,5.7488,2023-05-20 07:37:00+00:00
662133,25-34,F,Retail,Mobile,Southeast,0,5.8087,2023-01-08 07:09:00+00:00
662134,45-54,M,Auto,Mobile,West,0,12.24,2023-04-08 01:56:00+00:00
662135,35-44,M,Retail,Tablet,Midwest,1,10.5412,2023-06-03 09:56:00+00:00
662136,55+,M,Finance,Web,South,0,4.1237,2023-06-29 11:59:00+00:00
662137,18-24,M,Retail,Web,Northeast,1,6.56,2023-04-24 05:24:00+00:00
662138,25-34,M,Auto,Web,Southeast,0,1.9538,2023-03-05 03:09:00+00:00
662139,18-24,F,Housing,Web,Northeast,0,2.6187,2023-06-05 23:13:00+00:00
662140,55+,F,Health,Web,South,0,14.0,2023-03-07 17:17:00+00:00
662141,45-54,F,News,Mobile,West,1,6.5613,2023-02-19 01:41:00+00:00
662142,35-44,F,Health,Mobile,Midwest,1,2.7538,2023-03-05 03:43:00+00:00
662143,35-44,M,Retail,Mobile,Midwest,0,7.22,2023-01-27 14:46:00+00:00
662144,25-34,M,Auto,Web,Southeast,1,9.7737,2023-03-01 11:59:00+00:00
662145,45-54,M,Health,Mobile,West,1,7.4413,2023-06-03 09:13:00+00:00
662146,55+,F,Auto,Web,South,1,6.7,2023-01-01 12:17:00+00:00
662147,18-24,F,Auto,Tablet,Northeast,0,7.975,2023-03-02 12:17:00+00:00
662148,25-34,F,Retail,Tablet,Southeast,0,6.915,2023-01-13 12:53:00+00:00
662149,35-44,M,News,Mobile,Midwest,0,15.12,2023-02-11 05:05:00+00:00
662150,25-34,M,Health,Mobile,Southeast,0,4.44,2023-02-02 08:38:00+00:00
662151,25-34,F,Housing,Mobile,Northeast,1,13.76,2023-01-14 13:27:00+00:00
662152,55+,M,News,Mobile,South,0,6.0,2023-01-26 01:03:00+00:00
662153,25-34,M,Auto,Web,Southeast,0,5.2763,2023-06-11 05:05:00+00:00
662154,35-44,M,News,Tablet,Midwest,0,11.795,2023-05-17 04:53:00+00:00
662155,55+,M,Finance,Mobile,South,1,8.3,2023-03-22 08:54:00+00:00
662156,25-34,M,Housing,Web,Southeast,0,1.9638,2023-04-02 19:55:00+00:00
662157,25-34,F,Retail,Mobile,Southeast,0,5.065,2023-06-22 04:16:00+00:00
662158,55+,M,Retail,Mobile,South,1,10.6,2023-04-06 11:13:00+00:00
662159,45-54,F,Retail,Mobile,West,1,2.325,2023-01-01 12:17:00+00:00
662160,45-54,M,Housing,Mobile,West,1,8.2037,2023-01-24 11:11:00+00:00
662161,45-54,M,Auto,Tablet,West,0,9.86,2023-01-19 06:45:00+00:00
662162,35-44,M,Retail,Web,Midwest,0,7.0625,2023-04-01 18:30:00+00:00
662163,25-34,F,News,Tablet,Southeast,0,6.3863,2023-03-11 21:09:00+00:00
662164,45-54,F,Finance,Mobile,West,0,10.54,2023-05-13 00:27:00+00:00
662165,18-24,M,Retail,Web,Northeast,1,1.6875,2023-01-31 06:04:00+00:00
662166,25-34,F,Retail,Tablet,Southeast,0,10.2075,2023-05-07 06:52:00+00:00
662167,35-44,M,Finance,Tablet,Midwest,0,10.82,2023-01-07 18:26:00+00:00
662168,45-54,M,Health,Web,West,0,4.97,2023-04-27 08:25:00+00:00
662169,45-54,M,Health,Tablet,West,0,3.1812,2023-03-27 01:55:00+00:00
662170,18-24,F,Housing,Tablet,Northeast,0,8.24,2023-02-27 21:25:00+00:00
662171,35-44,F,Housing,Web,Midwest,0,5.2363,2023-01-10 21:01:00+00:00
662172,45-54,F,News,Web,West,1,7.045,2023-06-26 20:16:00+00:00
662173,25-34,M,Health,Web,Southeast,0,7.14,2023-01-03 14:51:00+00:00
662174,25-34,F,Retail,Web,Southeast,1,3.0362,2023-06-19 13:49:00+00:00
662175,45-54,F,Retail,Mobile,West,0,11.575,2023-05-21 20:45:00+00:00
662176,18-24,M,Finance,Tablet,Northeast,1,14.0,2023-01-06 05:09:00+00:00
662177,45-54,F,Finance,Web,West,0,6.675,2023-02-10 04:22:00+00:00
662178,35-44,M,News,Mobile,Midwest,0,2.5975,2023-04-29 22:08:00+00:00
662179,35-44,M,Retail,Web,Midwest,0,15.08,2023-02-09 15:22:00+00:00
662180,35-44,F,Health,Web,Midwest,0,2.8075,2023-04-17 22:40:00+00:00
662181,45-54,F,Finance,Tablet,West,1,1.515,2023-02-02 20:04:00+00:00
662182,25-34,F,News,Mobile,Southeast,0,7.48,2023-06-09 15:05:00+00:00
662183,35-44,F,Housing,Web,Midwest,0,3.9362,2023-06-19 13:49:00+00:00
662184,25-34,M,Auto,Tablet,Southeast,0,8.8625,2023-04-01 18:38:00+00:00
662185,55+,M,Finance,Mobile,South,1,6.7,2023-03-02 00:42:00+00:00
662186,45-54,F,Finance,Mobile,West,0,7.57,2023-01-17 16:19:00+00:00
662187,25-34,F,News,Tablet,Southeast,0,3.6387,2023-04-02 07:13:00+00:00
662188,55+,M,Finance,Web,South,0,10.26,2023-06-28 10:59:00+00:00
662189,35-44,M,Finance,Tablet,Midwest,1,11.1438,2023-03-17 03:45:00+00:00
662190,55+,F,Auto,Web,South,0,4.23,2023-04-15 08:32:00+00:00
662191,25-34,F,Retail,Mobile,Southeast,0,5.62,2023-01-07 06:52:00+00:00
662192,55+,M,News,Mobile,South,0,2.6125,2023-05-11 10:52:00+00:00
662193,35-44,M,Retail,Mobile,Midwest,1,7.845,2023-04-07 12:22:00+00:00
662194,35-44,F,Housing,Tablet,Midwest,0,7.82,2023-05-17 16:36:00+00:00
662195,35-44,F,Auto,Mobile,Midwest,0,12.0188,2023-02-25 07:59:00+00:00
662196,35-44,F,Housing,Web,Midwest,1,12.585,2023-05-29 04:38:00+00:00
662197,18-24,F,Housing,Web,Northeast,1,12.82,2023-05-07 06:09:00+00:00
662198,18-24,F,Health,Mobile,Northeast,0,4.8812,2023-05-26 01:20:00+00:00
662199,35-44,F,Housing,Tablet,Midwest,0,9.3737,2023-03-21 19:19:00+00:00
662200,35-44,F,Housing,Web,Midwest,0,6.5,2023-01-11 22:18:00+00:00
662201,25-34,F,Housing,Web,Northeast,0,11.82,2023-03-18 16:28:00+00:00
662202,45-54,M,Auto,Web,West,1,10.7125,2023-06-20 02:15:00+00:00
662203,25-34,M,Auto,Tablet,Southeast,0,5.62,2023-03-28 02:29:00+00:00
662204,55+,F,Health,Web,South,0,8.325,2023-04-11 04:05:00+00:00
662205,45-54,M,Housing,Web,West,1,12.635,2023-04-19 12:58:00+00:00
662206,35-44,M,Finance,Tablet,Midwest,0,11.98,2023-04-15 20:49:00+00:00
662207,45-54,F,Retail,Tablet,West,0,4.2125,2023-01-11 10:18:00+00:00
662208,45-54,M,Housing,Tablet,West,0,1.1637,2023-04-22 03:07:00+00:00
662209,35-44,F,Auto,Mobile,Midwest,1,6.22,2023-05-17 04:19:00+00:00
662210,35-44,F,Health,Web,Midwest,0,12.1225,2023-06-08 02:56:00+00:00
662211,45-54,F,Retail,Web,West,1,11.5575,2023-06-16 22:23:00+00:00
662212,35-44,M,Retail,Tablet,Midwest,0,14.84,2023-02-17 11:41:00+00:00
662213,45-54,F,News,Mobile,West,0,10.6613,2023-01-30 17:55:00+00:00
662214,55+,M,Retail,Mobile,South,1,10.3562,2023-05-26 13:20:00+00:00
662215,55+,F,Auto,Mobile,South,0,10.36,2023-03-25 11:29:00+00:00
662216,18-24,M,Retail,Web,Northeast,0,7.17,2023-02-26 08:42:00+00:00
662217,45-54,M,Auto,Mobile,West,0,8.4,2023-05-21 08:11:00+00:00
662218,35-44,F,Housing,Tablet,Midwest,0,13.62,2023-03-28 02:46:00+00:00
662219,55+,F,Auto,Mobile,South,0,3.4287,2023-05-04 15:09:00+00:00
662220,35-44,F,Health,Mobile,Midwest,1,5.575,2023-03-22 20:54:00+00:00
662221,18-24,M,Retail,Mobile,Northeast,1,13.18,2023-03-06 16:09:00+00:00
662222,25-34,M,Health,Web,Southeast,0,8.7088,2023-03-29 15:03:00+00:00
662223,45-54,F,Finance,Tablet,West,1,6.5025,2023-04-13 18:06:00+00:00
662224,25-34,M,Health,Web,Southeast,1,8.16,2023-01-14 01:36:00+00:00
662225,18-24,M,Finance,Mobile,Northeast,1,5.9713,2023-04-28 09:51:00+00:00
662226,55+,F,Health,Web,South,0,6.0625,2023-06-20 02:58:00+00:00
662227,25-34,M,Health,Mobile,Southeast,0,14.9,2023-02-20 14:58:00+00:00
662228,18-24,M,Retail,Mobile,Northeast,0,10.1275,2023-03-24 22:03:00+00:00
662229,45-54,M,Housing,Web,West,0,2.3125,2023-01-11 10:10:00+00:00
662230,18-24,F,Housing,Tablet,Northeast,1,5.88,2023-01-20 19:45:00+00:00
662231,35-44,M,News,Mobile,Midwest,0,9.575,2023-01-01 12:17:00+00:00
662232,55+,F,Auto,Web,South,1,11.5475,2023-04-09 14:14:00+00:00
662233,55+,M,Finance,Mobile,South,0,13.76,2023-03-15 01:53:00+00:00
662234,45-54,F,Retail,Tablet,West,0,10.1363,2023-02-19 13:58:00+00:00
662235,25-34,F,Finance,Web,Southeast,0,5.6162,2023-03-15 13:19:00+00:00
662236,18-24,M,News,Mobile,Northeast,0,7.82,2023-05-17 04:45:00+00:00
662237,55+,F,Auto,Tablet,South,0,3.095,2023-06-06 12:22:00+00:00
662238,55+,F,Health,Tablet,South,0,11.1562,2023-05-26 13:12:00+00:00
662239,45-54,F,Retail,Tablet,West,0,9.7,2023-05-31 18:47:00+00:00
662240,18-24,M,News,Mobile,Northeast,0,8.8938,2023-06-25 19:33:00+00:00
662241,35-44,F,Housing,Mobile,Midwest,0,11.53,2023-04-15 08:40:00+00:00
662242,55+,M,Finance,Tablet,South,0,14.42,2023-06-16 22:49:00+00:00
662243,35-44,F,Housing,Tablet,Midwest,1,0.6412,2023-04-24 17:50:00+00:00
662244,35-44,M,News,Web,Midwest,0,4.2525,2023-04-13 18:14:00+00:00
662245,35-44,F,Auto,Web,Midwest,0,6.08,2023-03-11 09:35:00+00:00
662246,25-34,M,Health,Mobile,Southeast,0,2.5513,2023-05-02 01:25:00+00:00
662247,55+,F,Health,Mobile,South,0,1.8787,2023-04-14 07:23:00+00:00
662248,25-34,F,News,Tablet,Southeast,0,5.94,2023-01-23 22:11:00+00:00
662249,25-34,F,Finance,Mobile,Southeast,1,3.2738,2023-04-10 03:39:00+00:00
662250,35-44,F,Auto,Tablet,Midwest,1,6.7325,2023-05-27 02:46:00+00:00
662251,25-34,F,Housing,Tablet,Northeast,1,11.92,2023-03-03 13:08:00+00:00
662252,55+,F,Housing,Mobile,South,0,8.8025,2023-05-03 02:00:00+00:00
662253,25-34,M,Health,Web,Southeast,0,7.275,2023-03-02 12:08:00+00:00
662254,25-34,F,Retail,Tablet,Southeast,0,12.94,2023-05-13 12:36:00+00:00
662255,18-24,M,News,Web,Northeast,1,5.6937,2023-04-06 11:39:00+00:00
662256,45-54,M,Health,Mobile,West,0,9.695,2023-03-18 04:02:00+00:00
662257,18-24,M,News,Tablet,Northeast,0,8.34,2023-06-12 06:14:00+00:00
662258,25-34,M,Auto,Web,Southeast,0,6.0963,2023-05-18 05:11:00+00:00
662259,18-24,F,Health,Web,Northeast,0,11.8313,2023-04-16 09:15:00+00:00
662260,55+,M,Finance,Mobile,South,0,11.98,2023-05-05 04:17:00+00:00
662261,18-24,F,Health,Tablet,Northeast,0,0.7438,2023-06-05 11:13:00+00:00
662262,25-34,F,News,Tablet,Southeast,0,5.9525,2023-03-24 10:46:00+00:00
662263,55+,M,News,Tablet,South,1,15.06,2023-06-28 22:16:00+00:00
662264,45-54,F,Finance,Mobile,West,0,4.05,2023-01-01 00:25:00+00:00
662265,25-34,M,Auto,Tablet,Southeast,0,8.6025,2023-01-23 10:37:00+00:00
662266,35-44,M,Finance,Mobile,Midwest,1,13.92,2023-05-02 13:25:00+00:00
662267,55+,M,News,Tablet,South,1,10.5587,2023-05-28 15:21:00+00:00
662268,18-24,F,Health,Tablet,Northeast,0,9.7037,2023-03-25 11:03:00+00:00
662269,55+,F,Housing,Mobile,South,0,14.46,2023-01-29 04:38:00+00:00
662270,35-44,F,Housing,Mobile,Midwest,0,7.7363,2023-04-20 13:32:00+00:00
662271,55+,F,Health,Tablet,South,0,9.7863,2023-06-19 13:49:00+00:00
662272,45-54,F,News,Web,West,0,13.88,2023-02-09 03:05:00+00:00
662273,25-34,F,Finance,Mobile,Southeast,0,0.9863,2023-03-31 05:29:00+00:00
662274,25-34,M,Health,Mobile,Southeast,0,12.6438,2023-03-17 03:45:00+00:00
662275,25-34,F,News,Web,Southeast,1,7.5,2023-01-21 20:28:00+00:00
662276,18-24,F,Health,Mobile,Northeast,0,1.6413,2023-06-03 09:21:00+00:00
662277,45-54,F,News,Web,West,0,9.7888,2023-02-01 07:47:00+00:00
662278,25-34,M,Health,Tablet,Southeast,0,10.18,2023-04-05 10:30:00+00:00
662279,55+,M,Retail,Web,South,1,11.7037,2023-01-24 11:20:00+00:00
662280,18-24,F,Auto,Web,Northeast,0,9.8413,2023-04-24 17:33:00+00:00
662281,45-54,F,Retail,Mobile,West,1,10.66,2023-03-20 06:36:00+00:00
662282,45-54,F,News,Mobile,West,1,11.4475,2023-06-28 22:51:00+00:00
662283,45-54,M,Housing,Tablet,West,1,4.4475,2023-03-20 06:19:00+00:00
662284,35-44,M,Retail,Mobile,Midwest,0,9.54,2023-03-04 02:43:00+00:00
662285,35-44,F,Auto,Web,Midwest,0,5.0912,2023-06-23 17:50:00+00:00
662286,55+,F,Housing,Tablet,South,0,5.285,2023-03-10 20:52:00+00:00
662287,55+,M,News,Web,South,0,14.12,2023-03-13 23:01:00+00:00
662288,55+,F,Auto,Mobile,South,0,1.8113,2023-02-19 01:24:00+00:00
662289,55+,M,Finance,Web,South,0,8.67,2023-06-06 00:30:00+00:00
662290,25-34,M,Housing,Tablet,Southeast,0,9.12,2023-05-02 01:34:00+00:00
662291,35-44,F,Health,Tablet,Midwest,0,5.2888,2023-02-21 15:15:00+00:00
662292,55+,M,Retail,Mobile,South,0,4.705,2023-06-14 20:49:00+00:00
662293,45-54,M,Health,Web,West,1,10.6,2023-06-05 11:22:00+00:00
662294,18-24,M,News,Web,Northeast,1,12.6475,2023-04-09 14:56:00+00:00
662295,45-54,F,News,Web,West,0,2.6987,2023-02-09 15:39:00+00:00
662296,45-54,M,Housing,Tablet,West,1,6.14,2023-04-23 16:33:00+00:00
662297,45-54,M,Housing,Web,West,0,0.5312,2023-05-06 17:43:00+00:00
662298,18-24,M,News,Tablet,Northeast,1,12.7538,2023-03-05 03:51:00+00:00
662299,35-44,F,Health,Tablet,Midwest,0,10.72,2023-03-23 21:28:00+00:00
662300,18-24,F,Health,Mobile,Northeast,1,1.8462,2023-01-18 05:19:00+00:00
662301,25-34,F,Housing,Mobile,Northeast,0,11.58,2023-05-05 16:34:00+00:00
662302,45-54,F,Finance,Tablet,West,0,14.66,2023-04-09 14:48:00+00:00
662303,25-34,F,News,Tablet,Southeast,0,1.1187,2023-06-05 23:13:00+00:00
662304,35-44,M,Retail,Mobile,Midwest,0,7.3925,2023-02-04 10:22:00+00:00
662305,35-44,F,Health,Tablet,Midwest,0,12.76,2023-02-13 19:14:00+00:00
662306,45-54,F,Retail,Mobile,West,1,5.39,2023-04-03 08:13:00+00:00
662307,55+,M,Finance,Mobile,South,0,7.6063,2023-04-16 21:32:00+00:00
662308,18-24,M,Retail,Tablet,Northeast,0,5.86,2023-01-19 06:02:00+00:00
662309,45-54,M,Auto,Mobile,West,1,10.9462,2023-06-27 21:33:00+00:00
662310,25-34,F,Finance,Web,Southeast,0,3.615,2023-05-13 12:36:00+00:00
662311,35-44,F,Auto,Tablet,Midwest,0,14.1,2023-06-20 14:32:00+00:00
662312,45-54,M,Housing,Web,West,0,12.205,2023-05-25 12:54:00+00:00
662313,45-54,M,Health,Web,West,0,0.6512,2023-01-02 01:25:00+00:00
662314,55+,F,Auto,Tablet,South,0,9.32,2023-06-21 03:07:00+00:00
662315,55+,F,Housing,Web,South,1,4.9062,2023-05-26 13:46:00+00:00
662316,25-34,M,Health,Mobile,Southeast,1,2.9,2023-05-01 00:00:00+00:00
662317,55+,M,News,Tablet,South,0,11.24,2023-05-08 07:52:00+00:00
662318,35-44,F,Auto,Tablet,Midwest,1,8.3075,2023-02-16 22:49:00+00:00
662319,18-24,M,Finance,Mobile,Northeast,0,1.5362,2023-01-10 21:09:00+00:00
662320,55+,F,Housing,Web,South,0,14.24,2023-02-27 21:16:00+00:00
662321,35-44,F,Housing,Mobile,Midwest,0,4.6262,2023-02-11 05:14:00+00:00
662322,45-54,M,Housing,Tablet,West,0,2.6187,2023-01-16 15:45:00+00:00
662323,35-44,M,News,Mobile,Midwest,0,11.24,2023-05-08 07:43:00+00:00
662324,35-44,F,Housing,Tablet,Midwest,0,6.015,2023-04-23 04:58:00+00:00
662325,55+,F,Health,Mobile,South,0,2.9325,2023-03-08 18:35:00+00:00
662326,25-34,M,Housing,Mobile,Southeast,0,11.2,2023-01-26 01:29:00+00:00
662327,25-34,F,News,Mobile,Southeast,0,11.0125,2023-06-20 02:24:00+00:00
662328,55+,M,Retail,Tablet,South,0,5.4162,2023-04-24 05:33:00+00:00
662329,35-44,M,Retail,Tablet,Midwest,0,13.14,2023-02-12 18:48:00+00:00
662330,55+,M,Retail,Web,South,0,10.6337,2023-02-17 11:23:00+00:00
662331,25-34,F,Finance,Web,Southeast,0,9.6975,2023-06-08 14:31:00+00:00
662332,35-44,M,Finance,Tablet,Midwest,0,8.26,2023-05-19 18:45:00+00:00
662333,25-34,M,Auto,Tablet,Southeast,1,7.875,2023-01-21 20:11:00+00:00
662334,45-54,F,Finance,Tablet,West,0,11.4062,2023-03-07 05:35:00+00:00
662335,35-44,F,Housing,Mobile,Midwest,0,14.5,2023-05-11 10:10:00+00:00
662336,45-54,F,Retail,Tablet,West,1,4.8712,2023-04-28 09:51:00+00:00
662337,25-34,M,Housing,Tablet,Southeast,0,2.8413,2023-02-23 17:24:00+00:00
662338,25-34,F,Finance,Tablet,Southeast,1,13.94,2023-03-24 10:46:00+00:00
662339,25-34,M,Housing,Tablet,Southeast,0,2.505,2023-05-05 04:00:00+00:00
662340,18-24,M,News,Mobile,Northeast,0,7.805,2023-01-25 12:29:00+00:00
662341,45-54,M,Housing,Mobile,West,0,8.46,2023-01-29 16:21:00+00:00
662342,25-34,F,Finance,Tablet,Southeast,1,9.555,2023-05-25 12:46:00+00:00
662343,25-34,F,Finance,Tablet,Southeast,0,11.4812,2023-05-26 01:55:00+00:00
662344,45-54,M,Health,Tablet,West,1,12.66,2023-04-29 22:51:00+00:00
662345,45-54,M,Auto,Mobile,West,1,12.7713,2023-02-07 01:22:00+00:00
662346,45-54,M,Auto,Tablet,West,1,4.2088,2023-05-08 07:52:00+00:00
662347,55+,M,Finance,Web,South,0,6.88,2023-04-20 01:58:00+00:00
662348,18-24,F,Health,Tablet,Northeast,1,6.55,2023-05-01 00:42:00+00:00
662349,55+,M,News,Tablet,South,0,0.6412,2023-04-04 09:30:00+00:00
662350,25-34,M,Housing,Web,Southeast,0,11.34,2023-06-02 08:13:00+00:00
662351,25-34,F,Housing,Web,Northeast,0,10.98,2023-04-25 18:59:00+00:00
662352,45-54,F,Retail,Mobile,West,1,3.735,2023-03-10 20:35:00+00:00
662353,25-34,M,Health,Mobile,Southeast,0,7.32,2023-05-12 23:01:00+00:00
662354,35-44,F,Auto,Tablet,Midwest,0,5.2038,2023-03-25 11:11:00+00:00
662355,45-54,F,Finance,Mobile,West,0,2.4962,2023-01-18 05:11:00+00:00
662356,55+,M,Finance,Mobile,South,0,9.72,2023-03-13 23:18:00+00:00
662357,18-24,M,News,Mobile,Northeast,1,12.2637,2023-02-01 19:04:00+00:00
662358,45-54,M,Housing,Web,West,1,2.305,2023-01-25 12:20:00+00:00
662359,55+,M,Finance,Mobile,South,0,7.24,2023-05-08 19:52:00+00:00
662360,55+,M,News,Mobile,South,0,7.4188,2023-02-25 07:50:00+00:00
662361,25-34,F,News,Mobile,Southeast,0,7.7325,2023-01-27 02:46:00+00:00
662362,45-54,F,News,Mobile,West,0,6.52,2023-04-22 15:41:00+00:00
662363,35-44,M,News,Tablet,Midwest,1,1.0288,2023-04-14 07:31:00+00:00
662364,45-54,M,Housing,Tablet,West,0,5.7888,2023-05-12 23:35:00+00:00
662365,45-54,M,Auto,Web,West,0,13.04,2023-01-18 05:36:00+00:00
662366,18-24,F,Auto,Tablet,Northeast,0,2.1463,2023-04-08 13:39:00+00:00
662367,18-24,M,Finance,Web,Northeast,1,10.2937,2023-02-25 19:50:00+00:00
662368,18-24,M,Retail,Web,Northeast,0,7.36,2023-01-14 01:10:00+00:00
662369,55+,F,Health,Web,South,0,3.1225,2023-06-08 02:22:00+00:00
662370,18-24,F,Health,Tablet,Northeast,0,12.8963,2023-02-27 21:51:00+00:00
662371,45-54,M,Auto,Web,West,0,7.54,2023-01-23 22:11:00+00:00
662372,35-44,M,Retail,Tablet,Midwest,0,8.3613,2023-01-10 09:18:00+00:00
662373,35-44,F,Auto,Mobile,Midwest,0,4.4112,2023-03-31 17:55:00+00:00
662374,18-24,M,Finance,Mobile,Northeast,1,14.26,2023-04-29 10:08:00+00:00
662375,18-24,M,Finance,Tablet,Northeast,0,12.59,2023-05-13 00:36:00+00:00
662376,55+,F,Auto,Web,South,1,8.6,2023-03-22 08:02:00+00:00
662377,18-24,M,Finance,Mobile,Northeast,1,8.52,2023-05-12 23:53:00+00:00
662378,35-44,F,Housing,Tablet,Midwest,0,12.9925,2023-06-04 10:56:00+00:00
662379,18-24,M,Retail,Mobile,Northeast,1,4.85,2023-03-02 00:08:00+00:00
662380,45-54,M,Housing,Web,West,0,7.92,2023-04-12 05:05:00+00:00
662381,45-54,F,Finance,Tablet,West,1,4.9625,2023-05-31 18:30:00+00:00
662382,45-54,F,Finance,Web,West,1,12.8575,2023-03-28 14:55:00+00:00
662383,25-34,M,Auto,Tablet,Southeast,0,14.8,2023-05-06 17:52:00+00:00
662384,55+,M,Finance,Tablet,South,0,5.1775,2023-05-23 22:20:00+00:00
662385,45-54,F,Retail,Mobile,West,0,8.2462,2023-02-07 13:13:00+00:00
662386,18-24,F,Auto,Mobile,Northeast,1,12.68,2023-03-01 11:42:00+00:00
662387,18-24,M,News,Web,Northeast,0,12.5563,2023-05-06 05:00:00+00:00
662388,18-24,F,Auto,Tablet,Northeast,0,6.5975,2023-04-09 14:48:00+00:00
662389,18-24,F,Auto,Tablet,Northeast,0,14.9,2023-04-21 14:32:00+00:00
662390,18-24,M,Retail,Tablet,Northeast,1,8.6288,2023-03-25 23:46:00+00:00
662391,45-54,F,Finance,Web,West,0,8.2037,2023-05-04 03:51:00+00:00
662392,55+,F,Auto,Tablet,South,0,8.74,2023-06-12 18:06:00+00:00
662393,35-44,F,Housing,Tablet,Midwest,1,1.9275,2023-03-04 14:51:00+00:00
662394,55+,M,Finance,Web,South,0,3.8725,2023-03-20 18:45:00+00:00
662395,45-54,F,Retail,Mobile,West,0,8.0,2023-01-26 01:20:00+00:00
662396,18-24,M,Finance,Web,Northeast,0,9.6,2023-05-21 08:11:00+00:00
662397,25-34,F,News,Tablet,Southeast,0,5.2363,2023-01-30 05:29:00+00:00
662398,55+,F,Housing,Mobile,South,1,5.86,2023-06-08 02:14:00+00:00
662399,25-34,M,Auto,Web,Southeast,0,2.3788,2023-05-24 23:29:00+00:00
662400,18-24,F,Auto,Mobile,Northeast,0,5.66,2023-04-19 00:41:00+00:00
662401,25-34,F,Housing,Tablet,Northeast,0,8.26,2023-06-08 02:22:00+00:00
662402,55+,M,News,Tablet,South,0,10.065,2023-06-22 04:50:00+00:00
662403,55+,F,Housing,Web,South,0,9.5262,2023-01-02 13:25:00+00:00
662404,18-24,F,Health,Web,Northeast,0,13.88,2023-04-30 23:17:00+00:00
662405,25-34,F,News,Web,Southeast,0,12.8525,2023-01-03 02:26:00+00:00
662406,35-44,F,Housing,Tablet,Midwest,1,3.5762,2023-05-02 13:17:00+00:00
662407,35-44,M,News,Mobile,Midwest,0,8.86,2023-05-09 08:52:00+00:00
662408,25-34,F,News,Web,Southeast,0,8.0437,2023-02-25 19:42:00+00:00
662409,25-34,M,Housing,Mobile,Southeast,0,2.0962,2023-03-19 05:45:00+00:00
662410,25-34,M,Health,Tablet,Southeast,1,12.52,2023-01-12 23:53:00+00:00
662411,55+,F,Health,Web,South,0,4.415,2023-02-02 20:13:00+00:00
662412,45-54,F,Finance,Web,West,1,9.3,2023-01-01 00:34:00+00:00
662413,45-54,M,Housing,Web,West,1,5.9,2023-05-01 12:42:00+00:00
662414,35-44,F,Auto,Tablet,Midwest,1,7.7325,2023-03-08 18:26:00+00:00
662415,25-34,M,Housing,Web,Southeast,0,3.6637,2023-05-12 11:44:00+00:00
662416,25-34,M,Health,Web,Southeast,1,7.82,2023-03-18 04:19:00+00:00
662417,18-24,F,Auto,Mobile,Northeast,1,8.4962,2023-06-27 21:33:00+00:00
662418,25-34,F,News,Mobile,Southeast,0,11.6662,2023-02-03 21:13:00+00:00
