impression_id,age_group,gender,ad_category,platform,region,click_flag,spend_usd,impression_time
703101,25-34,F,Housing,Web,Northeast,0,14.22,2023-01-17 04:36:00+00:00
703112,55+,F,Housing,Mobile,South,0,11.8737,2023-03-21 19:54:00+00:00
703117,35-44,F,Housing,Web,Midwest,0,11.5,2023-02-10 04:40:00+00:00
703130,35-44,F,Housing,Web,Midwest,0,1.2288,2023-03-25 23:46:00+00:00
703136,55+,F,Housing,Tablet,South,1,7.6325,2023-05-27 02:20:00+00:00
703151,25-34,F,Housing,Mobile,Northeast,1,6.1,2023-04-21 14:32:00+00:00
703158,35-44,F,Housing,Web,Midwest,0,4.7575,2023-05-07 06:35:00+00:00
703159,55+,F,Housing,Web,South,0,8.82,2023-06-16 10:49:00+00:00
703166,18-24,F,Housing,Mobile,Northeast,0,1.0112,2023-01-10 09:44:00+00:00
703173,35-44,F,Housing,Mobile,Midwest,0,9.5425,2023-01-15 02:44:00+00:00
703179,55+,F,Housing,Mobile,South,0,4.0612,2023-01-30 17:21:00+00:00
703201,25-34,F,Housing,Mobile,Northeast,0,6.38,2023-03-26 12:37:00+00:00
703212,18-24,F,Housing,Mobile,Northeast,1,7.6463,2023-02-07 13:48:00+00:00
703217,35-44,F,Housing,Tablet,Midwest,1,8.5237,2023-04-30 11:59:00+00:00
703237,35-44,F,Housing,Web,Midwest,0,7.26,2023-05-29 04:04:00+00:00
703243,55+,F,Housing,Web,South,1,7.2,2023-02-15 09:49:00+00:00
703251,25-34,F,Housing,Mobile,Northeast,0,7.54,2023-06-12 06:40:00+00:00
703257,18-24,F,Housing,Mobile,Northeast,0,2.2588,2023-03-09 07:01:00+00:00
703264,18-24,F,Housing,Tablet,Northeast,0,15.18,2023-05-25 00:29:00+00:00
703271,55+,F,Housing,Tablet,South,1,3.8937,2023-02-25 19:59:00+00:00
703272,18-24,F,Housing,Mobile,Northeast,0,9.2238,2023-02-09 03:22:00+00:00
703289,55+,F,Housing,Mobile,South,0,2.1625,2023-04-21 02:41:00+00:00
703293,55+,F,Housing,Tablet,South,0,4.7862,2023-05-10 21:44:00+00:00
703294,18-24,F,Housing,Web,Northeast,1,5.52,2023-01-02 01:51:00+00:00
703298,18-24,F,Housing,Mobile,Northeast,1,2.4512,2023-05-22 09:03:00+00:00
703301,25-34,F,Housing,Mobile,Northeast,1,7.56,2023-05-04 03:17:00+00:00
703311,18-24,F,Housing,Tablet,Northeast,0,11.0938,2023-01-16 03:10:00+00:00
703317,35-44,F,Housing,Tablet,Midwest,0,2.0663,2023-01-14 13:36:00+00:00
703330,55+,F,Housing,Mobile,South,0,5.58,2023-05-25 12:29:00+00:00
703332,18-24,F,Housing,Tablet,Northeast,0,2.8687,2023-03-17 15:36:00+00:00
703336,55+,F,Housing,Tablet,South,0,8.18,2023-06-24 18:16:00+00:00
703339,18-24,F,Housing,Mobile,Northeast,0,8.4,2023-02-15 21:57:00+00:00
703346,55+,F,Housing,Tablet,South,1,9.225,2023-01-21 20:37:00+00:00
703348,55+,F,Housing,Web,South,1,8.48,2023-04-20 13:58:00+00:00
703349,18-24,F,Housing,Web,Northeast,0,7.9962,2023-03-19 05:11:00+00:00
703351,25-34,F,Housing,Web,Northeast,0,15.14,2023-01-23 22:37:00+00:00
703369,55+,F,Housing,Mobile,South,0,9.1,2023-05-21 08:02:00+00:00
703373,18-24,F,Housing,Mobile,Northeast,0,11.8325,2023-01-07 18:00:00+00:00
703374,55+,F,Housing,Web,South,0,5.9238,2023-03-21 19:02:00+00:00
703380,55+,F,Housing,Tablet,South,0,3.2175,2023-05-15 14:53:00+00:00
703381,18-24,F,Housing,Tablet,Northeast,0,13.74,2023-06-22 04:33:00+00:00
703391,55+,F,Housing,Mobile,South,0,8.205,2023-05-25 12:29:00+00:00
703395,55+,F,Housing,Mobile,South,1,9.2075,2023-04-17 22:40:00+00:00
703401,25-34,F,Housing,Tablet,Northeast,0,14.0,2023-01-06 17:52:00+00:00
703403,18-24,F,Housing,Tablet,Northeast,0,6.5812,2023-05-06 17:09:00+00:00
703409,35-44,F,Housing,Mobile,Midwest,1,7.3675,2023-02-04 22:13:00+00:00
703417,18-24,F,Housing,Web,Northeast,0,10.18,2023-05-15 02:44:00+00:00
703421,35-44,F,Housing,Web,Midwest,1,3.2375,2023-04-21 14:58:00+00:00
703439,55+,F,Housing,Tablet,South,1,4.9725,2023-02-08 02:56:00+00:00
703442,18-24,F,Housing,Mobile,Northeast,0,1.9725,2023-06-08 02:22:00+00:00
703444,35-44,F,Housing,Mobile,Midwest,1,10.36,2023-01-24 23:37:00+00:00
703451,25-34,F,Housing,Tablet,Northeast,0,8.76,2023-03-05 15:26:00+00:00
703457,55+,F,Housing,Tablet,South,0,4.005,2023-03-26 12:03:00+00:00
703469,35-44,F,Housing,Mobile,Midwest,1,3.59,2023-02-02 08:13:00+00:00
703475,55+,F,Housing,Tablet,South,0,5.0625,2023-04-21 02:07:00+00:00
703476,35-44,F,Housing,Web,Midwest,0,1.5137,2023-04-02 19:47:00+00:00
703481,18-24,F,Housing,Web,Northeast,0,2.4125,2023-01-31 18:21:00+00:00
703500,35-44,F,Housing,Mobile,Midwest,1,1.0337,2023-05-08 19:01:00+00:00
703501,25-34,F,Housing,Web,Northeast,1,13.12,2023-03-23 09:11:00+00:00
703509,35-44,F,Housing,Mobile,Midwest,0,7.4238,2023-04-10 03:05:00+00:00
703519,35-44,F,Housing,Tablet,Midwest,0,8.02,2023-06-16 10:06:00+00:00
703551,25-34,F,Housing,Tablet,Northeast,0,13.58,2023-01-05 04:52:00+00:00
703552,18-24,F,Housing,Tablet,Northeast,0,13.28,2023-03-31 05:04:00+00:00
703576,55+,F,Housing,Web,South,0,11.02,2023-02-06 00:05:00+00:00
703580,55+,F,Housing,Mobile,South,0,10.5563,2023-01-26 13:03:00+00:00
703582,55+,F,Housing,Web,South,0,7.6,2023-05-06 05:35:00+00:00
703583,55+,F,Housing,Web,South,0,1.5325,2023-01-27 02:55:00+00:00
703586,35-44,F,Housing,Web,Midwest,0,8.7937,2023-04-26 19:50:00+00:00
703587,55+,F,Housing,Mobile,South,0,9.305,2023-03-26 12:12:00+00:00
703594,18-24,F,Housing,Web,Northeast,0,15.36,2023-04-24 05:33:00+00:00
703601,25-34,F,Housing,Tablet,Northeast,0,7.44,2023-02-27 09:08:00+00:00
703651,25-34,F,Housing,Web,Northeast,0,14.2,2023-02-05 23:30:00+00:00
703652,35-44,F,Housing,Mobile,Midwest,1,4.9787,2023-06-13 07:31:00+00:00
703659,35-44,F,Housing,Mobile,Midwest,0,3.7763,2023-05-02 13:00:00+00:00
703663,18-24,F,Housing,Mobile,Northeast,0,10.44,2023-05-08 07:43:00+00:00
703683,55+,F,Housing,Tablet,South,0,2.7563,2023-05-26 13:46:00+00:00
703701,25-34,F,Housing,Web,Northeast,0,14.96,2023-02-03 21:39:00+00:00
703704,35-44,F,Housing,Web,Midwest,0,8.2963,2023-06-07 13:39:00+00:00
703719,55+,F,Housing,Web,South,0,9.2225,2023-02-08 02:31:00+00:00
703743,55+,F,Housing,Mobile,South,0,12.4925,2023-04-05 10:47:00+00:00
703745,18-24,F,Housing,Tablet,Northeast,0,8.8012,2023-01-22 09:03:00+00:00
703750,35-44,F,Housing,Mobile,Midwest,0,12.98,2023-06-24 18:07:00+00:00
703751,25-34,F,Housing,Tablet,Northeast,0,7.98,2023-04-15 20:49:00+00:00
703758,18-24,F,Housing,Web,Northeast,1,5.8675,2023-06-24 06:59:00+00:00
703781,35-44,F,Housing,Mobile,Midwest,0,10.455,2023-02-14 20:57:00+00:00
703785,55+,F,Housing,Web,South,0,4.0425,2023-06-04 10:56:00+00:00
703788,55+,F,Housing,Mobile,South,1,7.3425,2023-01-15 02:19:00+00:00
703793,55+,F,Housing,Tablet,South,0,3.99,2023-03-14 00:27:00+00:00
703794,55+,F,Housing,Mobile,South,0,6.7038,2023-05-24 11:11:00+00:00
703796,35-44,F,Housing,Tablet,Midwest,0,11.9887,2023-01-12 23:10:00+00:00
703800,55+,F,Housing,Web,South,0,5.1063,2023-04-16 21:23:00+00:00
703801,25-34,F,Housing,Mobile,Northeast,0,7.7,2023-04-01 18:38:00+00:00
703805,35-44,F,Housing,Mobile,Midwest,1,9.5312,2023-02-15 09:15:00+00:00
703808,35-44,F,Housing,Tablet,Midwest,1,12.2025,2023-03-04 02:00:00+00:00
703810,55+,F,Housing,Web,South,0,10.0,2023-03-27 13:03:00+00:00
703811,18-24,F,Housing,Web,Northeast,1,6.4887,2023-02-01 07:21:00+00:00
703816,35-44,F,Housing,Tablet,Midwest,0,12.86,2023-03-30 16:46:00+00:00
703818,35-44,F,Housing,Mobile,Midwest,1,12.8987,2023-06-09 15:39:00+00:00
703823,18-24,F,Housing,Web,Northeast,1,0.6487,2023-06-09 15:05:00+00:00
703826,55+,F,Housing,Mobile,South,1,7.3325,2023-05-27 02:20:00+00:00
703835,35-44,F,Housing,Mobile,Midwest,0,11.94,2023-02-22 16:24:00+00:00
703842,55+,F,Housing,Web,South,0,9.4575,2023-03-28 14:46:00+00:00
703845,55+,F,Housing,Tablet,South,0,12.7912,2023-06-23 17:33:00+00:00
703851,25-34,F,Housing,Web,Northeast,1,10.46,2023-05-29 16:38:00+00:00
703861,35-44,F,Housing,Mobile,Midwest,0,7.94,2023-05-23 22:20:00+00:00
703887,18-24,F,Housing,Mobile,Northeast,1,11.59,2023-06-02 08:38:00+00:00
703890,35-44,F,Housing,Web,Midwest,0,2.3563,2023-05-26 13:29:00+00:00
703901,25-34,F,Housing,Web,Northeast,0,8.9,2023-04-21 14:50:00+00:00
703902,55+,F,Housing,Mobile,South,1,3.4075,2023-01-27 14:55:00+00:00
703922,55+,F,Housing,Web,South,0,6.2012,2023-01-02 01:00:00+00:00
703923,18-24,F,Housing,Web,Northeast,1,12.0875,2023-06-20 14:58:00+00:00
703926,35-44,F,Housing,Web,Midwest,0,7.44,2023-01-13 00:10:00+00:00
703939,55+,F,Housing,Web,South,0,10.18,2023-04-05 10:04:00+00:00
703946,18-24,F,Housing,Mobile,Northeast,0,3.7388,2023-06-21 15:50:00+00:00
703951,25-34,F,Housing,Mobile,Northeast,0,9.82,2023-02-06 12:30:00+00:00
703974,55+,F,Housing,Tablet,South,0,12.3688,2023-06-05 23:05:00+00:00
703995,35-44,F,Housing,Web,Midwest,0,3.2375,2023-03-12 22:27:00+00:00
704001,25-34,F,Housing,Web,Northeast,0,7.2,2023-05-26 01:03:00+00:00
704002,55+,F,Housing,Web,South,0,11.58,2023-06-14 08:06:00+00:00
704013,18-24,F,Housing,Web,Northeast,0,7.3913,2023-06-23 17:50:00+00:00
704017,55+,F,Housing,Tablet,South,0,7.0,2023-02-05 11:47:00+00:00
704028,18-24,F,Housing,Mobile,Northeast,0,5.285,2023-03-10 20:35:00+00:00
704044,55+,F,Housing,Tablet,South,0,5.5,2023-01-21 20:45:00+00:00
704047,35-44,F,Housing,Web,Midwest,0,9.18,2023-02-14 20:23:00+00:00
704050,18-24,F,Housing,Tablet,Northeast,0,11.52,2023-05-22 21:37:00+00:00
704051,25-34,F,Housing,Web,Northeast,0,7.62,2023-01-07 06:26:00+00:00
704070,18-24,F,Housing,Web,Northeast,0,11.5237,2023-06-09 03:39:00+00:00
704071,18-24,F,Housing,Web,Northeast,1,8.16,2023-01-14 01:44:00+00:00
704073,18-24,F,Housing,Web,Northeast,1,9.6687,2023-02-05 23:56:00+00:00
704091,18-24,F,Housing,Tablet,Northeast,1,4.615,2023-02-02 20:47:00+00:00
704094,35-44,F,Housing,Mobile,Midwest,0,7.9625,2023-04-01 18:12:00+00:00
704095,35-44,F,Housing,Tablet,Midwest,0,14.36,2023-03-25 11:03:00+00:00
704101,25-34,F,Housing,Tablet,Northeast,0,14.68,2023-02-09 15:22:00+00:00
704106,18-24,F,Housing,Web,Northeast,0,4.3163,2023-06-03 21:04:00+00:00
704112,35-44,F,Housing,Web,Midwest,1,3.3625,2023-05-31 18:30:00+00:00
704123,55+,F,Housing,Web,South,0,0.8025,2023-05-23 10:46:00+00:00
704127,18-24,F,Housing,Mobile,Northeast,0,1.8162,2023-06-03 21:30:00+00:00
704131,55+,F,Housing,Mobile,South,0,13.82,2023-05-17 04:02:00+00:00
704151,25-34,F,Housing,Web,Northeast,0,14.6,2023-02-25 19:25:00+00:00
704152,18-24,F,Housing,Mobile,Northeast,0,7.26,2023-03-30 16:38:00+00:00
704166,35-44,F,Housing,Tablet,Midwest,0,2.8112,2023-05-10 09:09:00+00:00
704174,55+,F,Housing,Web,South,0,12.9537,2023-03-25 11:20:00+00:00
704196,18-24,F,Housing,Web,Northeast,1,4.725,2023-01-01 12:00:00+00:00
704201,25-34,F,Housing,Tablet,Northeast,0,7.56,2023-05-04 03:26:00+00:00
704235,55+,F,Housing,Web,South,0,3.2963,2023-02-27 21:16:00+00:00
704251,25-34,F,Housing,Mobile,Northeast,0,6.26,2023-04-29 22:42:00+00:00
704255,18-24,F,Housing,Mobile,Northeast,0,2.015,2023-06-22 04:41:00+00:00
704279,55+,F,Housing,Web,South,0,2.5088,2023-01-08 07:01:00+00:00
704301,25-34,F,Housing,Web,Northeast,0,7.0,2023-04-06 11:13:00+00:00
704325,35-44,F,Housing,Tablet,Midwest,0,2.9075,2023-06-16 22:40:00+00:00
704327,55+,F,Housing,Tablet,South,0,11.415,2023-04-23 04:58:00+00:00
704332,55+,F,Housing,Mobile,South,1,12.6,2023-06-05 23:22:00+00:00
704351,25-34,F,Housing,Tablet,Northeast,0,8.8,2023-03-07 05:26:00+00:00
704354,35-44,F,Housing,Mobile,Midwest,0,6.965,2023-06-02 20:30:00+00:00
704359,55+,F,Housing,Mobile,South,1,11.88,2023-04-10 03:48:00+00:00
704368,18-24,F,Housing,Tablet,Northeast,0,8.1,2023-02-20 02:50:00+00:00
704372,55+,F,Housing,Mobile,South,0,9.775,2023-04-11 04:05:00+00:00
704388,18-24,F,Housing,Web,Northeast,0,8.2637,2023-06-21 03:33:00+00:00
704393,18-24,F,Housing,Tablet,Northeast,0,4.6475,2023-02-28 22:51:00+00:00
704397,55+,F,Housing,Tablet,South,0,5.7637,2023-02-21 03:24:00+00:00
704401,25-34,F,Housing,Mobile,Northeast,0,12.6,2023-02-05 23:13:00+00:00
704405,55+,F,Housing,Tablet,South,1,7.5312,2023-01-06 17:17:00+00:00
704406,18-24,F,Housing,Web,Northeast,0,2.255,2023-05-05 04:34:00+00:00
704407,18-24,F,Housing,Mobile,Northeast,1,12.44,2023-05-08 19:43:00+00:00
704420,35-44,F,Housing,Tablet,Midwest,0,4.5938,2023-03-17 03:53:00+00:00
704435,35-44,F,Housing,Web,Midwest,1,10.3262,2023-06-11 05:40:00+00:00
704443,35-44,F,Housing,Web,Midwest,0,8.76,2023-05-24 11:29:00+00:00
704449,18-24,F,Housing,Web,Northeast,0,14.28,2023-06-09 03:22:00+00:00
704450,55+,F,Housing,Tablet,South,1,6.6487,2023-03-01 23:08:00+00:00
704451,25-34,F,Housing,Mobile,Northeast,0,9.96,2023-02-13 07:14:00+00:00
704487,35-44,F,Housing,Web,Midwest,1,0.7438,2023-04-26 19:42:00+00:00
704488,18-24,F,Housing,Web,Northeast,0,12.44,2023-03-29 03:46:00+00:00
704491,55+,F,Housing,Mobile,South,1,13.22,2023-01-27 02:29:00+00:00
704493,55+,F,Housing,Mobile,South,1,5.195,2023-02-06 12:48:00+00:00
704495,35-44,F,Housing,Web,Midwest,0,9.5388,2023-03-13 23:53:00+00:00
704501,25-34,F,Housing,Tablet,Northeast,0,13.0,2023-02-05 23:39:00+00:00
704520,55+,F,Housing,Tablet,South,0,5.2363,2023-05-30 05:12:00+00:00
704524,55+,F,Housing,Web,South,0,11.0,2023-05-16 03:02:00+00:00
704527,55+,F,Housing,Web,South,1,10.96,2023-06-23 05:24:00+00:00
704533,35-44,F,Housing,Web,Midwest,0,8.2,2023-02-05 23:30:00+00:00
704551,25-34,F,Housing,Tablet,Northeast,0,8.24,2023-06-27 09:51:00+00:00
704562,35-44,F,Housing,Mobile,Midwest,0,5.415,2023-06-02 20:56:00+00:00
704565,55+,F,Housing,Mobile,South,0,1.96,2023-04-19 00:15:00+00:00
704589,55+,F,Housing,Mobile,South,1,2.16,2023-02-18 00:24:00+00:00
704601,25-34,F,Housing,Web,Northeast,1,14.06,2023-05-09 08:44:00+00:00
704606,55+,F,Housing,Web,South,0,8.915,2023-06-22 04:58:00+00:00
704618,18-24,F,Housing,Mobile,Northeast,0,5.41,2023-04-19 00:24:00+00:00
704629,55+,F,Housing,Web,South,0,5.76,2023-06-23 05:33:00+00:00
704633,35-44,F,Housing,Tablet,Midwest,1,12.1962,2023-06-07 13:05:00+00:00
704648,18-24,F,Housing,Mobile,Northeast,1,12.9663,2023-02-03 21:56:00+00:00
704651,25-34,F,Housing,Web,Northeast,0,7.48,2023-05-20 07:19:00+00:00
704655,35-44,F,Housing,Mobile,Midwest,0,4.47,2023-02-06 00:13:00+00:00
704665,18-24,F,Housing,Tablet,Northeast,0,12.3,2023-01-01 12:42:00+00:00
704670,55+,F,Housing,Web,South,1,4.165,2023-04-23 04:16:00+00:00
704690,18-24,F,Housing,Tablet,Northeast,1,5.7938,2023-03-17 03:27:00+00:00
704701,25-34,F,Housing,Web,Northeast,0,9.02,2023-05-17 04:19:00+00:00
704708,18-24,F,Housing,Mobile,Northeast,1,5.4538,2023-03-25 11:46:00+00:00
704730,35-44,F,Housing,Tablet,Midwest,1,10.09,2023-02-22 16:41:00+00:00
704747,35-44,F,Housing,Web,Midwest,0,8.78,2023-01-25 00:46:00+00:00
704751,25-34,F,Housing,Web,Northeast,1,12.86,2023-04-19 12:32:00+00:00
704790,18-24,F,Housing,Mobile,Northeast,1,7.53,2023-05-25 00:20:00+00:00
704795,35-44,F,Housing,Web,Midwest,0,8.8688,2023-06-05 23:30:00+00:00
704798,55+,F,Housing,Web,South,0,8.965,2023-01-13 12:10:00+00:00
704801,25-34,F,Housing,Mobile,Northeast,1,10.74,2023-02-12 06:06:00+00:00
704841,55+,F,Housing,Web,South,1,7.3675,2023-04-25 06:50:00+00:00
704844,35-44,F,Housing,Web,Midwest,1,0.8787,2023-06-13 07:49:00+00:00
704851,25-34,F,Housing,Tablet,Northeast,0,7.38,2023-04-25 06:42:00+00:00
704862,55+,F,Housing,Mobile,South,0,1.9788,2023-03-25 23:20:00+00:00
704872,35-44,F,Housing,Mobile,Midwest,0,10.82,2023-03-28 02:46:00+00:00
704881,55+,F,Housing,Tablet,South,0,14.92,2023-05-12 23:27:00+00:00
704894,35-44,F,Housing,Tablet,Midwest,0,4.3,2023-06-10 16:31:00+00:00
704899,35-44,F,Housing,Mobile,Midwest,0,13.0,2023-06-05 23:39:00+00:00
704901,25-34,F,Housing,Web,Northeast,0,12.46,2023-02-18 00:41:00+00:00
704911,18-24,F,Housing,Tablet,Northeast,0,7.0,2023-04-06 11:56:00+00:00
704924,18-24,F,Housing,Mobile,Northeast,0,0.9175,2023-02-24 06:24:00+00:00
704928,18-24,F,Housing,Web,Northeast,1,4.7337,2023-05-28 03:21:00+00:00
704938,18-24,F,Housing,Web,Northeast,1,7.46,2023-05-19 06:19:00+00:00
704941,18-24,F,Housing,Mobile,Northeast,0,10.34,2023-03-24 22:28:00+00:00
704951,25-34,F,Housing,Tablet,Northeast,1,6.54,2023-06-02 20:04:00+00:00
704979,35-44,F,Housing,Tablet,Midwest,0,7.26,2023-01-29 16:04:00+00:00
705001,25-34,F,Housing,Web,Northeast,0,12.9,2023-02-20 02:07:00+00:00
705012,35-44,F,Housing,Tablet,Midwest,0,7.845,2023-06-26 20:59:00+00:00
705026,18-24,F,Housing,Mobile,Northeast,1,6.295,2023-04-07 12:13:00+00:00
705027,35-44,F,Housing,Tablet,Midwest,0,4.4425,2023-06-04 10:04:00+00:00
705037,55+,F,Housing,Mobile,South,0,10.42,2023-01-27 14:46:00+00:00
705051,25-34,F,Housing,Mobile,Northeast,0,12.72,2023-06-11 05:57:00+00:00
705056,18-24,F,Housing,Mobile,Northeast,0,10.405,2023-01-25 12:29:00+00:00
705063,35-44,F,Housing,Tablet,Midwest,0,8.94,2023-02-02 08:47:00+00:00
705074,18-24,F,Housing,Web,Northeast,1,7.4013,2023-01-02 01:00:00+00:00
705087,35-44,F,Housing,Mobile,Midwest,0,4.8,2023-02-10 16:48:00+00:00
705088,35-44,F,Housing,Web,Midwest,0,10.48,2023-05-10 21:35:00+00:00
705098,35-44,F,Housing,Mobile,Midwest,0,8.2525,2023-04-13 18:14:00+00:00
705101,25-34,F,Housing,Web,Northeast,1,14.7,2023-02-10 04:05:00+00:00
705111,35-44,F,Housing,Web,Midwest,0,9.7112,2023-03-31 17:21:00+00:00
705112,55+,F,Housing,Web,South,1,8.4,2023-01-26 13:20:00+00:00
705114,55+,F,Housing,Mobile,South,0,8.2112,2023-01-10 09:44:00+00:00
705131,18-24,F,Housing,Mobile,Northeast,1,12.535,2023-05-29 04:21:00+00:00
705145,35-44,F,Housing,Tablet,Midwest,0,10.0,2023-03-27 01:03:00+00:00
705151,25-34,F,Housing,Web,Northeast,0,14.28,2023-04-30 23:08:00+00:00
705162,35-44,F,Housing,Web,Midwest,0,3.83,2023-01-05 16:09:00+00:00
705175,35-44,F,Housing,Tablet,Midwest,0,8.06,2023-01-09 20:01:00+00:00
705194,55+,F,Housing,Web,South,0,10.9525,2023-01-23 10:54:00+00:00
705195,18-24,F,Housing,Web,Northeast,0,0.8613,2023-05-30 17:21:00+00:00
705198,18-24,F,Housing,Web,Northeast,1,9.4825,2023-02-16 10:32:00+00:00
705201,25-34,F,Housing,Mobile,Northeast,1,5.62,2023-04-17 10:15:00+00:00
705207,55+,F,Housing,Tablet,South,0,10.4663,2023-02-03 21:39:00+00:00
705215,18-24,F,Housing,Mobile,Northeast,0,11.6075,2023-03-08 06:43:00+00:00
705225,55+,F,Housing,Mobile,South,0,5.7025,2023-01-23 10:54:00+00:00
705242,35-44,F,Housing,Web,Midwest,1,0.7537,2023-01-24 11:03:00+00:00
705251,25-34,F,Housing,Tablet,Northeast,0,7.2,2023-05-26 01:03:00+00:00
705288,55+,F,Housing,Tablet,South,0,0.7188,2023-02-25 07:42:00+00:00
705301,25-34,F,Housing,Web,Northeast,0,12.68,2023-02-09 03:05:00+00:00
705318,55+,F,Housing,Tablet,South,0,7.5187,2023-03-17 15:53:00+00:00
705322,35-44,F,Housing,Web,Midwest,1,8.48,2023-04-20 01:15:00+00:00
705324,35-44,F,Housing,Tablet,Midwest,0,7.8238,2023-04-30 11:17:00+00:00
705325,35-44,F,Housing,Mobile,Midwest,0,10.58,2023-01-15 14:53:00+00:00
705332,35-44,F,Housing,Web,Midwest,0,1.7337,2023-03-29 03:46:00+00:00
705350,18-24,F,Housing,Mobile,Northeast,0,7.7387,2023-03-13 23:01:00+00:00
705351,25-34,F,Housing,Tablet,Northeast,0,15.34,2023-06-02 20:47:00+00:00
705359,55+,F,Housing,Tablet,South,1,12.9475,2023-03-20 06:45:00+00:00
705366,18-24,F,Housing,Tablet,Northeast,1,2.6612,2023-05-30 17:04:00+00:00
705385,35-44,F,Housing,Tablet,Midwest,0,7.98,2023-01-05 04:17:00+00:00
705398,35-44,F,Housing,Tablet,Midwest,0,1.0987,2023-03-01 23:17:00+00:00
705401,25-34,F,Housing,Tablet,Northeast,0,6.64,2023-02-07 01:05:00+00:00
705403,35-44,F,Housing,Web,Midwest,1,7.44,2023-06-07 13:56:00+00:00
705406,55+,F,Housing,Web,South,0,15.3,2023-01-11 10:27:00+00:00
705407,55+,F,Housing,Tablet,South,0,10.2775,2023-02-12 06:48:00+00:00
705420,18-24,F,Housing,Web,Northeast,1,10.0775,2023-02-12 06:23:00+00:00
705443,18-24,F,Housing,Mobile,Northeast,0,11.9413,2023-04-04 09:30:00+00:00
705445,35-44,F,Housing,Mobile,Midwest,1,13.7,2023-01-31 06:55:00+00:00
705451,25-34,F,Housing,Mobile,Northeast,0,11.18,2023-01-05 04:17:00+00:00
705466,35-44,F,Housing,Mobile,Midwest,0,6.34,2023-01-23 22:37:00+00:00
705468,18-24,F,Housing,Mobile,Northeast,0,8.2925,2023-03-16 02:10:00+00:00
705472,18-24,F,Housing,Web,Northeast,0,8.64,2023-04-28 21:16:00+00:00
705478,35-44,F,Housing,Tablet,Midwest,0,6.02,2023-05-27 02:20:00+00:00
705501,25-34,F,Housing,Mobile,Northeast,0,9.54,2023-01-03 02:43:00+00:00
705502,55+,F,Housing,Web,South,1,10.96,2023-02-23 05:07:00+00:00
705509,18-24,F,Housing,Web,Northeast,1,10.3212,2023-04-28 09:59:00+00:00
705517,35-44,F,Housing,Web,Midwest,0,6.32,2023-01-22 09:03:00+00:00
705529,18-24,F,Housing,Web,Northeast,0,6.78,2023-03-06 16:52:00+00:00
705544,18-24,F,Housing,Web,Northeast,0,13.68,2023-01-10 21:18:00+00:00
705551,25-34,F,Housing,Web,Northeast,0,13.02,2023-02-26 20:42:00+00:00
705554,18-24,F,Housing,Mobile,Northeast,0,3.4613,2023-03-11 09:01:00+00:00
705555,55+,F,Housing,Tablet,South,0,6.9612,2023-02-19 01:58:00+00:00
705556,55+,F,Housing,Mobile,South,0,7.82,2023-03-18 16:45:00+00:00
705559,18-24,F,Housing,Tablet,Northeast,0,11.26,2023-01-09 20:09:00+00:00
705563,55+,F,Housing,Mobile,South,0,12.5738,2023-05-20 19:54:00+00:00
705574,35-44,F,Housing,Mobile,Midwest,0,10.28,2023-03-21 19:02:00+00:00
705582,55+,F,Housing,Web,South,1,6.0388,2023-05-12 23:27:00+00:00
705601,25-34,F,Housing,Mobile,Northeast,0,8.62,2023-04-07 12:05:00+00:00
705605,55+,F,Housing,Mobile,South,0,11.6625,2023-05-11 10:18:00+00:00
705632,35-44,F,Housing,Web,Midwest,0,3.9013,2023-04-12 17:40:00+00:00
705647,55+,F,Housing,Web,South,0,8.4887,2023-04-22 15:24:00+00:00
705649,35-44,F,Housing,Mobile,Midwest,1,12.04,2023-04-18 23:15:00+00:00
705651,25-34,F,Housing,Tablet,Northeast,0,6.2,2023-02-25 07:42:00+00:00
705663,18-24,F,Housing,Mobile,Northeast,0,6.5012,2023-03-03 01:08:00+00:00
705665,55+,F,Housing,Mobile,South,0,1.535,2023-03-10 20:18:00+00:00
705674,55+,F,Housing,Mobile,South,0,10.31,2023-05-29 16:55:00+00:00
705676,55+,F,Housing,Web,South,0,14.28,2023-01-20 07:02:00+00:00
705680,18-24,F,Housing,Web,Northeast,0,5.31,2023-01-09 08:18:00+00:00
705696,35-44,F,Housing,Web,Midwest,0,12.465,2023-04-23 04:50:00+00:00
705701,25-34,F,Housing,Web,Northeast,1,13.84,2023-05-18 05:53:00+00:00
705707,18-24,F,Housing,Web,Northeast,0,5.9688,2023-05-16 15:02:00+00:00
705715,18-24,F,Housing,Mobile,Northeast,1,6.04,2023-02-17 23:58:00+00:00
705735,55+,F,Housing,Mobile,South,0,11.7,2023-03-22 08:37:00+00:00
705742,18-24,F,Housing,Mobile,Northeast,0,8.94,2023-04-03 20:56:00+00:00
705751,25-34,F,Housing,Tablet,Northeast,1,8.76,2023-05-24 11:37:00+00:00
705779,35-44,F,Housing,Mobile,Midwest,1,9.0563,2023-02-15 21:23:00+00:00
705780,55+,F,Housing,Web,South,0,8.7613,2023-06-19 01:24:00+00:00
705786,18-24,F,Housing,Web,Northeast,1,5.4538,2023-04-14 19:06:00+00:00
705791,18-24,F,Housing,Web,Northeast,0,4.8338,2023-05-08 19:52:00+00:00
705801,25-34,F,Housing,Web,Northeast,1,14.5,2023-06-20 02:50:00+00:00
705805,35-44,F,Housing,Tablet,Midwest,0,12.54,2023-02-22 16:24:00+00:00
705813,18-24,F,Housing,Mobile,Northeast,1,2.2775,2023-04-13 06:57:00+00:00
705834,18-24,F,Housing,Tablet,Northeast,0,5.1338,2023-05-08 19:09:00+00:00
705851,25-34,F,Housing,Tablet,Northeast,1,10.66,2023-02-08 02:39:00+00:00
705854,18-24,F,Housing,Mobile,Northeast,1,7.0625,2023-01-31 18:47:00+00:00
705859,18-24,F,Housing,Mobile,Northeast,1,10.9,2023-05-11 22:01:00+00:00
705875,18-24,F,Housing,Tablet,Northeast,0,6.69,2023-05-13 00:18:00+00:00
705880,35-44,F,Housing,Tablet,Midwest,1,15.06,2023-02-28 10:16:00+00:00
705886,55+,F,Housing,Web,South,1,14.44,2023-03-29 03:46:00+00:00
705894,35-44,F,Housing,Web,Midwest,0,0.9375,2023-03-12 22:27:00+00:00
705895,18-24,F,Housing,Mobile,Northeast,1,5.6,2023-01-06 05:26:00+00:00
705901,25-34,F,Housing,Web,Northeast,0,14.6,2023-02-05 23:22:00+00:00
705944,18-24,F,Housing,Mobile,Northeast,0,8.6762,2023-03-03 13:08:00+00:00
705951,25-34,F,Housing,Mobile,Northeast,0,9.48,2023-01-20 07:28:00+00:00
705962,55+,F,Housing,Web,South,0,6.3662,2023-02-03 21:39:00+00:00
705968,55+,F,Housing,Web,South,0,11.9512,2023-01-22 09:54:00+00:00
705976,35-44,F,Housing,Web,Midwest,0,12.54,2023-04-03 08:13:00+00:00
705990,18-24,F,Housing,Web,Northeast,0,4.2825,2023-01-07 18:26:00+00:00
705993,35-44,F,Housing,Web,Midwest,1,7.1225,2023-04-09 02:05:00+00:00
705999,18-24,F,Housing,Mobile,Northeast,0,0.92,2023-03-18 16:36:00+00:00
706001,25-34,F,Housing,Mobile,Northeast,0,13.92,2023-05-22 09:54:00+00:00
706005,18-24,F,Housing,Tablet,Northeast,0,8.36,2023-03-30 16:29:00+00:00
706009,18-24,F,Housing,Web,Northeast,0,9.48,2023-05-20 19:54:00+00:00
706037,55+,F,Housing,Mobile,South,1,3.2738,2023-06-29 11:08:00+00:00
706046,35-44,F,Housing,Web,Midwest,0,5.6275,2023-03-04 14:43:00+00:00
706049,18-24,F,Housing,Web,Northeast,0,8.0575,2023-01-07 06:43:00+00:00
706051,25-34,F,Housing,Web,Northeast,0,9.18,2023-03-26 12:29:00+00:00
706071,55+,F,Housing,Tablet,South,0,3.2262,2023-02-11 05:14:00+00:00
706089,55+,F,Housing,Web,South,1,11.7112,2023-01-10 09:18:00+00:00
706101,25-34,F,Housing,Tablet,Northeast,0,10.18,2023-02-04 10:47:00+00:00
706109,55+,F,Housing,Mobile,South,0,7.965,2023-06-02 20:04:00+00:00
706114,18-24,F,Housing,Mobile,Northeast,0,6.5,2023-04-21 14:50:00+00:00
706116,55+,F,Housing,Web,South,0,6.23,2023-03-06 16:26:00+00:00
706123,55+,F,Housing,Tablet,South,0,15.48,2023-01-20 19:45:00+00:00
706138,55+,F,Housing,Tablet,South,0,10.2,2023-02-25 07:50:00+00:00
706141,18-24,F,Housing,Tablet,Northeast,0,6.86,2023-03-10 20:09:00+00:00
706151,25-34,F,Housing,Tablet,Northeast,0,14.3,2023-01-01 12:51:00+00:00
706166,18-24,F,Housing,Mobile,Northeast,1,5.4988,2023-03-01 23:42:00+00:00
706169,55+,F,Housing,Web,South,1,0.7087,2023-01-28 15:46:00+00:00
706184,18-24,F,Housing,Mobile,Northeast,1,1.9475,2023-06-28 22:16:00+00:00
706187,55+,F,Housing,Web,South,1,1.9875,2023-03-12 22:52:00+00:00
706196,55+,F,Housing,Web,South,1,0.535,2023-04-19 12:32:00+00:00
706201,25-34,F,Housing,Web,Northeast,0,13.12,2023-04-12 17:40:00+00:00
706211,55+,F,Housing,Tablet,South,0,2.9287,2023-06-13 07:06:00+00:00
706213,18-24,F,Housing,Mobile,Northeast,1,11.58,2023-06-14 20:23:00+00:00
706219,35-44,F,Housing,Web,Midwest,0,5.76,2023-05-14 01:27:00+00:00
706237,55+,F,Housing,Mobile,South,0,11.76,2023-05-14 01:01:00+00:00
706251,25-34,F,Housing,Tablet,Northeast,0,11.3,2023-01-11 10:52:00+00:00
706261,55+,F,Housing,Web,South,0,10.88,2023-01-30 17:12:00+00:00
706266,18-24,F,Housing,Mobile,Northeast,1,1.41,2023-02-18 00:32:00+00:00
706289,55+,F,Housing,Tablet,South,0,8.21,2023-02-18 00:32:00+00:00
706290,18-24,F,Housing,Mobile,Northeast,0,5.5275,2023-05-23 22:20:00+00:00
706294,18-24,F,Housing,Tablet,Northeast,0,13.88,2023-04-10 15:22:00+00:00
706299,35-44,F,Housing,Web,Midwest,1,11.9175,2023-04-05 22:04:00+00:00
706301,25-34,F,Housing,Mobile,Northeast,0,14.4,2023-02-15 21:23:00+00:00
706312,18-24,F,Housing,Web,Northeast,0,5.82,2023-02-26 20:25:00+00:00
706327,55+,F,Housing,Tablet,South,0,7.94,2023-06-12 06:31:00+00:00
706330,18-24,F,Housing,Tablet,Northeast,0,8.38,2023-03-06 16:34:00+00:00
706351,25-34,F,Housing,Mobile,Northeast,0,10.98,2023-04-05 22:47:00+00:00
706361,35-44,F,Housing,Web,Midwest,1,8.295,2023-04-27 20:50:00+00:00
706362,35-44,F,Housing,Tablet,Midwest,0,10.4175,2023-02-04 22:04:00+00:00
706387,18-24,F,Housing,Web,Northeast,0,10.38,2023-03-06 16:52:00+00:00
706389,35-44,F,Housing,Tablet,Midwest,0,0.9263,2023-04-12 05:40:00+00:00
706401,25-34,F,Housing,Mobile,Northeast,1,12.32,2023-03-03 13:51:00+00:00
706407,35-44,F,Housing,Tablet,Midwest,0,9.7175,2023-01-15 14:02:00+00:00
706414,55+,F,Housing,Tablet,South,0,7.06,2023-06-08 02:56:00+00:00
706418,55+,F,Housing,Mobile,South,1,0.8538,2023-05-04 03:43:00+00:00
706428,35-44,F,Housing,Web,Midwest,0,1.3712,2023-02-07 01:31:00+00:00
706450,18-24,F,Housing,Web,Northeast,0,11.26,2023-01-29 04:21:00+00:00
706451,25-34,F,Housing,Mobile,Northeast,1,5.72,2023-06-01 19:47:00+00:00
706454,18-24,F,Housing,Web,Northeast,0,11.26,2023-01-09 08:44:00+00:00
706493,35-44,F,Housing,Mobile,Midwest,0,12.2225,2023-03-20 18:19:00+00:00
706501,25-34,F,Housing,Tablet,Northeast,0,8.4,2023-01-06 05:17:00+00:00
706511,55+,F,Housing,Web,South,0,2.9388,2023-02-21 15:50:00+00:00
706518,35-44,F,Housing,Web,Midwest,1,4.4087,2023-04-18 23:15:00+00:00
706524,18-24,F,Housing,Tablet,Northeast,1,2.8588,2023-03-29 15:46:00+00:00
706537,35-44,F,Housing,Web,Midwest,0,11.8,2023-04-26 19:50:00+00:00
706538,18-24,F,Housing,Tablet,Northeast,0,1.7138,2023-01-12 11:18:00+00:00
706551,25-34,F,Housing,Tablet,Northeast,0,11.5,2023-03-02 00:25:00+00:00
706570,55+,F,Housing,Mobile,South,1,10.68,2023-03-21 19:19:00+00:00
706577,35-44,F,Housing,Web,Midwest,0,9.8775,2023-03-24 22:20:00+00:00
706583,18-24,F,Housing,Web,Northeast,0,1.9975,2023-03-20 06:28:00+00:00
706596,55+,F,Housing,Tablet,South,0,3.8763,2023-01-02 13:34:00+00:00
706601,25-34,F,Housing,Tablet,Northeast,0,11.16,2023-05-24 23:46:00+00:00
706607,18-24,F,Housing,Web,Northeast,1,12.69,2023-05-13 00:53:00+00:00
706622,18-24,F,Housing,Web,Northeast,0,3.1525,2023-05-23 10:37:00+00:00
706625,55+,F,Housing,Tablet,South,1,6.9013,2023-04-12 17:48:00+00:00
706633,18-24,F,Housing,Mobile,Northeast,1,6.12,2023-04-22 15:50:00+00:00
706651,25-34,F,Housing,Mobile,Northeast,0,14.5,2023-03-12 10:27:00+00:00
706656,18-24,F,Housing,Web,Northeast,1,6.0987,2023-03-01 23:34:00+00:00
706657,35-44,F,Housing,Web,Midwest,1,9.0,2023-02-25 07:59:00+00:00
706666,18-24,F,Housing,Web,Northeast,0,13.6,2023-06-15 09:49:00+00:00
706669,55+,F,Housing,Mobile,South,0,14.24,2023-04-08 01:31:00+00:00
706671,35-44,F,Housing,Tablet,Midwest,0,11.0525,2023-01-23 10:03:00+00:00
706683,55+,F,Housing,Mobile,South,1,6.2562,2023-06-15 21:49:00+00:00
706701,25-34,F,Housing,Mobile,Northeast,0,14.7,2023-06-10 16:14:00+00:00
706705,55+,F,Housing,Mobile,South,1,6.74,2023-05-03 14:43:00+00:00
706714,18-24,F,Housing,Tablet,Northeast,0,7.48,2023-04-10 03:57:00+00:00
706722,35-44,F,Housing,Tablet,Midwest,1,12.0563,2023-05-26 13:37:00+00:00
706728,55+,F,Housing,Tablet,South,0,12.9887,2023-02-21 15:41:00+00:00
706732,55+,F,Housing,Mobile,South,0,12.06,2023-03-10 08:44:00+00:00
706734,35-44,F,Housing,Web,Midwest,1,12.5575,2023-05-07 06:35:00+00:00
706746,35-44,F,Housing,Web,Midwest,1,0.5325,2023-04-17 10:32:00+00:00
706747,55+,F,Housing,Web,South,0,12.56,2023-02-23 05:24:00+00:00
706751,25-34,F,Housing,Mobile,Northeast,0,12.6,2023-06-05 23:22:00+00:00
706756,18-24,F,Housing,Tablet,Northeast,0,7.84,2023-03-19 05:45:00+00:00
706775,35-44,F,Housing,Mobile,Midwest,1,3.1175,2023-05-15 14:10:00+00:00
706781,18-24,F,Housing,Web,Northeast,1,4.4213,2023-01-18 17:45:00+00:00
706801,25-34,F,Housing,Tablet,Northeast,0,14.48,2023-01-30 17:21:00+00:00
706810,55+,F,Housing,Web,South,0,14.44,2023-05-28 03:55:00+00:00
706813,18-24,F,Housing,Tablet,Northeast,0,11.78,2023-04-25 06:59:00+00:00
706819,18-24,F,Housing,Tablet,Northeast,0,9.36,2023-06-23 17:59:00+00:00
706827,18-24,F,Housing,Tablet,Northeast,1,2.6288,2023-05-04 15:00:00+00:00
706831,18-24,F,Housing,Tablet,Northeast,1,10.56,2023-02-23 17:41:00+00:00
706837,18-24,F,Housing,Mobile,Northeast,0,12.24,2023-02-27 09:16:00+00:00
706839,55+,F,Housing,Mobile,South,0,1.9275,2023-05-23 22:28:00+00:00
706841,35-44,F,Housing,Tablet,Midwest,0,4.1638,2023-06-01 19:13:00+00:00
706851,25-34,F,Housing,Web,Northeast,0,6.7,2023-05-21 20:37:00+00:00
706853,35-44,F,Housing,Tablet,Midwest,0,4.2462,2023-04-28 21:51:00+00:00
706877,55+,F,Housing,Tablet,South,1,3.9888,2023-05-12 23:18:00+00:00
706879,18-24,F,Housing,Web,Northeast,0,7.28,2023-05-10 09:01:00+00:00
706894,18-24,F,Housing,Tablet,Northeast,1,10.4,2023-01-26 01:12:00+00:00
706901,25-34,F,Housing,Mobile,Northeast,1,8.68,2023-06-29 23:08:00+00:00
706920,55+,F,Housing,Tablet,South,0,6.0587,2023-04-18 23:32:00+00:00
706921,18-24,F,Housing,Mobile,Northeast,1,12.72,2023-05-22 09:20:00+00:00
706931,18-24,F,Housing,Tablet,Northeast,0,1.6175,2023-05-15 14:36:00+00:00
706939,18-24,F,Housing,Mobile,Northeast,1,7.82,2023-03-18 16:45:00+00:00
706941,55+,F,Housing,Web,South,0,9.6825,2023-06-16 10:23:00+00:00
706951,25-34,F,Housing,Tablet,Northeast,0,8.34,2023-06-12 06:40:00+00:00
706973,18-24,F,Housing,Mobile,Northeast,0,6.8775,2023-03-24 22:28:00+00:00
707001,25-34,F,Housing,Web,Northeast,1,8.16,2023-02-03 09:30:00+00:00
707003,55+,F,Housing,Mobile,South,0,6.0687,2023-03-17 15:19:00+00:00
707014,18-24,F,Housing,Tablet,Northeast,0,14.12,2023-06-21 03:41:00+00:00
707015,55+,F,Housing,Tablet,South,0,6.1975,2023-05-19 06:02:00+00:00
707017,18-24,F,Housing,Mobile,Northeast,1,13.62,2023-03-28 02:03:00+00:00
707042,18-24,F,Housing,Tablet,Northeast,0,2.31,2023-03-30 16:55:00+00:00
707047,18-24,F,Housing,Tablet,Northeast,0,13.74,2023-06-22 16:16:00+00:00
707051,25-34,F,Housing,Tablet,Northeast,1,7.3,2023-06-20 14:41:00+00:00
707066,18-24,F,Housing,Web,Northeast,0,12.1913,2023-05-14 01:36:00+00:00
707076,55+,F,Housing,Mobile,South,0,12.9038,2023-03-25 11:20:00+00:00
707077,35-44,F,Housing,Tablet,Midwest,1,8.58,2023-06-24 06:24:00+00:00
707079,35-44,F,Housing,Web,Midwest,0,0.5337,2023-05-08 19:01:00+00:00
707080,55+,F,Housing,Web,South,0,11.18,2023-03-06 16:09:00+00:00
707086,35-44,F,Housing,Mobile,Midwest,0,12.08,2023-03-11 21:44:00+00:00
707101,25-34,F,Housing,Mobile,Northeast,0,8.52,2023-04-02 07:38:00+00:00
707112,18-24,F,Housing,Tablet,Northeast,0,8.0675,2023-06-24 06:33:00+00:00
707118,35-44,F,Housing,Web,Midwest,0,8.8025,2023-05-23 10:28:00+00:00
707151,25-34,F,Housing,Tablet,Northeast,0,12.04,2023-05-08 07:09:00+00:00
707163,35-44,F,Housing,Web,Midwest,0,7.91,2023-06-18 00:41:00+00:00
707167,35-44,F,Housing,Web,Midwest,0,14.36,2023-05-04 15:34:00+00:00
707174,18-24,F,Housing,Mobile,Northeast,0,7.5038,2023-03-05 03:09:00+00:00
707185,35-44,F,Housing,Tablet,Midwest,0,7.3,2023-04-21 02:24:00+00:00
707188,55+,F,Housing,Web,South,1,15.4,2023-02-25 07:42:00+00:00
707190,55+,F,Housing,Web,South,0,11.8012,2023-03-23 09:11:00+00:00
707201,25-34,F,Housing,Mobile,Northeast,0,11.94,2023-01-03 02:43:00+00:00
707209,55+,F,Housing,Web,South,0,5.64,2023-03-29 03:55:00+00:00
707228,18-24,F,Housing,Web,Northeast,0,6.3675,2023-06-04 22:13:00+00:00
707250,35-44,F,Housing,Tablet,Midwest,1,4.27,2023-04-07 00:30:00+00:00
707251,25-34,F,Housing,Web,Northeast,1,12.98,2023-06-04 22:56:00+00:00
707269,18-24,F,Housing,Mobile,Northeast,1,12.08,2023-05-10 21:27:00+00:00
707282,18-24,F,Housing,Web,Northeast,1,10.88,2023-01-25 00:03:00+00:00
707301,25-34,F,Housing,Web,Northeast,0,5.6,2023-06-15 09:57:00+00:00
707302,35-44,F,Housing,Mobile,Midwest,0,13.92,2023-05-02 01:43:00+00:00
707325,55+,F,Housing,Tablet,South,1,4.5637,2023-04-22 03:41:00+00:00
707340,18-24,F,Housing,Web,Northeast,0,0.6525,2023-05-23 10:46:00+00:00
707347,35-44,F,Housing,Web,Midwest,0,6.8,2023-05-26 01:55:00+00:00
707348,18-24,F,Housing,Mobile,Northeast,0,10.0262,2023-02-11 05:14:00+00:00
707349,18-24,F,Housing,Tablet,Northeast,0,11.7238,2023-02-09 03:14:00+00:00
707351,25-34,F,Housing,Mobile,Northeast,0,8.92,2023-02-21 15:41:00+00:00
707365,55+,F,Housing,Tablet,South,1,9.14,2023-04-13 18:48:00+00:00
707381,35-44,F,Housing,Mobile,Midwest,0,1.1275,2023-02-12 06:23:00+00:00
707385,35-44,F,Housing,Tablet,Midwest,0,7.8262,2023-02-11 05:31:00+00:00
707389,55+,F,Housing,Mobile,South,0,14.92,2023-02-01 19:04:00+00:00
707401,25-34,F,Housing,Tablet,Northeast,0,13.08,2023-01-20 07:02:00+00:00
707417,18-24,F,Housing,Tablet,Northeast,0,7.4275,2023-03-24 22:37:00+00:00
707422,35-44,F,Housing,Web,Midwest,0,11.6,2023-05-26 13:03:00+00:00
707432,55+,F,Housing,Tablet,South,0,3.7325,2023-02-16 10:23:00+00:00
707442,35-44,F,Housing,Web,Midwest,0,0.7963,2023-03-19 05:28:00+00:00
707451,25-34,F,Housing,Web,Northeast,0,11.38,2023-06-04 22:30:00+00:00
707454,35-44,F,Housing,Web,Midwest,0,1.7012,2023-01-22 09:37:00+00:00
707460,55+,F,Housing,Mobile,South,1,6.1087,2023-03-09 07:52:00+00:00
707463,18-24,F,Housing,Web,Northeast,0,7.56,2023-02-18 00:06:00+00:00
707469,55+,F,Housing,Web,South,0,5.6113,2023-05-10 09:52:00+00:00
707489,18-24,F,Housing,Web,Northeast,0,10.6687,2023-03-17 15:45:00+00:00
707501,25-34,F,Housing,Tablet,Northeast,1,15.1,2023-02-10 04:48:00+00:00
707547,55+,F,Housing,Tablet,South,0,5.4425,2023-04-05 10:13:00+00:00
707549,18-24,F,Housing,Tablet,Northeast,1,8.57,2023-06-06 00:30:00+00:00
707551,25-34,F,Housing,Mobile,Northeast,0,13.92,2023-03-03 01:25:00+00:00
707552,18-24,F,Housing,Mobile,Northeast,0,9.2775,2023-01-23 22:20:00+00:00
707562,18-24,F,Housing,Mobile,Northeast,1,12.25,2023-05-21 08:28:00+00:00
707583,18-24,F,Housing,Tablet,Northeast,0,4.2275,2023-02-12 06:23:00+00:00
707585,55+,F,Housing,Tablet,South,0,7.3937,2023-06-25 19:16:00+00:00
707588,55+,F,Housing,Web,South,0,2.315,2023-01-13 12:27:00+00:00
707592,18-24,F,Housing,Mobile,Northeast,0,10.9437,2023-04-06 11:05:00+00:00
707600,55+,F,Housing,Tablet,South,0,7.72,2023-04-07 00:30:00+00:00
707601,25-34,F,Housing,Web,Northeast,0,11.8,2023-06-05 23:05:00+00:00
707604,55+,F,Housing,Mobile,South,0,4.605,2023-02-14 20:06:00+00:00
707620,18-24,F,Housing,Web,Northeast,0,9.52,2023-03-23 21:03:00+00:00
707623,18-24,F,Housing,Web,Northeast,0,6.68,2023-04-10 15:48:00+00:00
707626,35-44,F,Housing,Mobile,Midwest,1,13.32,2023-01-12 11:35:00+00:00
707628,18-24,F,Housing,Web,Northeast,0,3.1325,2023-01-07 18:26:00+00:00
707633,55+,F,Housing,Web,South,0,1.1975,2023-06-08 14:22:00+00:00
707651,25-34,F,Housing,Web,Northeast,1,9.34,2023-06-02 08:30:00+00:00
707660,55+,F,Housing,Mobile,South,0,2.13,2023-05-25 00:29:00+00:00
707673,18-24,F,Housing,Tablet,Northeast,1,6.0012,2023-02-11 17:40:00+00:00
707688,35-44,F,Housing,Web,Midwest,1,1.1625,2023-01-31 18:21:00+00:00
707690,55+,F,Housing,Tablet,South,1,9.5425,2023-01-15 02:36:00+00:00
707699,55+,F,Housing,Tablet,South,0,7.565,2023-04-23 04:16:00+00:00
707701,25-34,F,Housing,Web,Northeast,1,15.06,2023-01-19 06:02:00+00:00
707712,35-44,F,Housing,Web,Midwest,0,10.0638,2023-02-21 03:41:00+00:00
707717,55+,F,Housing,Web,South,1,2.995,2023-02-06 12:22:00+00:00
707751,25-34,F,Housing,Web,Northeast,0,12.82,2023-03-08 18:26:00+00:00
707756,35-44,F,Housing,Tablet,Midwest,0,12.6188,2023-05-16 15:45:00+00:00
707783,18-24,F,Housing,Tablet,Northeast,0,4.9875,2023-05-31 06:55:00+00:00
707784,55+,F,Housing,Tablet,South,0,8.275,2023-02-10 04:48:00+00:00
707801,25-34,F,Housing,Tablet,Northeast,1,6.88,2023-05-30 05:12:00+00:00
707807,35-44,F,Housing,Tablet,Midwest,0,3.1975,2023-01-19 06:19:00+00:00
707816,35-44,F,Housing,Tablet,Midwest,0,11.2325,2023-04-17 10:49:00+00:00
707819,35-44,F,Housing,Tablet,Midwest,0,6.7462,2023-05-18 05:19:00+00:00
707820,55+,F,Housing,Tablet,South,0,6.5175,2023-06-04 22:47:00+00:00
707826,55+,F,Housing,Mobile,South,0,10.22,2023-05-17 16:36:00+00:00
707827,18-24,F,Housing,Tablet,Northeast,0,13.9,2023-04-11 04:14:00+00:00
707832,18-24,F,Housing,Tablet,Northeast,0,5.7012,2023-03-23 09:11:00+00:00
707851,25-34,F,Housing,Web,Northeast,0,14.18,2023-04-05 10:22:00+00:00
707852,55+,F,Housing,Mobile,South,0,6.3037,2023-06-13 19:14:00+00:00
707870,18-24,F,Housing,Mobile,Northeast,0,3.1325,2023-02-16 10:49:00+00:00
707877,18-24,F,Housing,Mobile,Northeast,1,9.8225,2023-04-09 02:14:00+00:00
707887,35-44,F,Housing,Mobile,Midwest,0,8.36,2023-05-04 15:43:00+00:00
707890,55+,F,Housing,Mobile,South,0,12.62,2023-03-18 16:28:00+00:00
707899,35-44,F,Housing,Mobile,Midwest,0,9.22,2023-04-17 22:23:00+00:00
707901,25-34,F,Housing,Web,Northeast,0,6.44,2023-02-17 23:23:00+00:00
707902,35-44,F,Housing,Mobile,Midwest,0,9.62,2023-06-16 10:58:00+00:00
707906,55+,F,Housing,Web,South,0,7.9425,2023-04-05 10:39:00+00:00
707944,35-44,F,Housing,Tablet,Midwest,0,15.18,2023-05-05 16:17:00+00:00
707951,25-34,F,Housing,Mobile,Northeast,0,8.76,2023-06-13 19:23:00+00:00
707959,35-44,F,Housing,Tablet,Midwest,0,14.84,2023-05-28 03:46:00+00:00
707961,18-24,F,Housing,Mobile,Northeast,1,10.2775,2023-04-13 06:48:00+00:00
707964,18-24,F,Housing,Tablet,Northeast,0,12.1463,2023-04-28 21:08:00+00:00
707967,55+,F,Housing,Mobile,South,0,4.71,2023-06-18 00:49:00+00:00
707968,55+,F,Housing,Mobile,South,0,8.72,2023-01-22 21:54:00+00:00
707971,35-44,F,Housing,Mobile,Midwest,0,10.72,2023-01-02 13:17:00+00:00
707990,35-44,F,Housing,Mobile,Midwest,0,7.6137,2023-03-13 11:44:00+00:00
707996,35-44,F,Housing,Mobile,Midwest,0,6.31,2023-03-10 08:35:00+00:00
707998,18-24,F,Housing,Tablet,Northeast,1,7.94,2023-05-03 02:26:00+00:00
708001,25-34,F,Housing,Web,Northeast,0,10.62,2023-02-06 00:56:00+00:00
708015,18-24,F,Housing,Mobile,Northeast,0,4.035,2023-03-30 04:12:00+00:00
708033,35-44,F,Housing,Web,Midwest,0,9.5862,2023-05-10 21:18:00+00:00
708034,18-24,F,Housing,Mobile,Northeast,0,13.56,2023-03-25 11:54:00+00:00
708051,25-34,F,Housing,Mobile,Northeast,0,5.68,2023-01-30 05:21:00+00:00
708059,18-24,F,Housing,Tablet,Northeast,0,7.2962,2023-06-07 13:13:00+00:00
708060,18-24,F,Housing,Web,Northeast,0,5.1738,2023-04-30 11:17:00+00:00
708079,55+,F,Housing,Tablet,South,0,7.22,2023-05-27 14:20:00+00:00
708086,18-24,F,Housing,Tablet,Northeast,0,9.2063,2023-03-07 05:00:00+00:00
708100,55+,F,Housing,Mobile,South,0,9.26,2023-01-09 20:18:00+00:00
708101,25-34,F,Housing,Mobile,Northeast,1,15.02,2023-01-17 16:36:00+00:00
708111,35-44,F,Housing,Web,Midwest,0,7.475,2023-01-01 12:25:00+00:00
708113,18-24,F,Housing,Tablet,Northeast,0,5.12,2023-03-18 16:10:00+00:00
708123,35-44,F,Housing,Tablet,Midwest,0,4.5925,2023-04-25 18:59:00+00:00
708140,55+,F,Housing,Mobile,South,0,1.5562,2023-03-07 05:35:00+00:00
708144,35-44,F,Housing,Mobile,Midwest,0,12.8775,2023-03-04 14:17:00+00:00
708147,55+,F,Housing,Tablet,South,1,12.89,2023-01-13 00:44:00+00:00
708151,25-34,F,Housing,Web,Northeast,0,9.28,2023-04-20 13:41:00+00:00
708155,35-44,F,Housing,Web,Midwest,0,6.8288,2023-01-04 15:00:00+00:00
708156,35-44,F,Housing,Mobile,Midwest,0,7.5438,2023-02-25 19:25:00+00:00
708157,55+,F,Housing,Tablet,South,0,8.44,2023-03-29 03:38:00+00:00
708158,18-24,F,Housing,Mobile,Northeast,0,4.775,2023-01-01 12:51:00+00:00
708184,18-24,F,Housing,Web,Northeast,0,6.34,2023-03-24 10:37:00+00:00
708201,25-34,F,Housing,Tablet,Northeast,1,10.44,2023-04-18 23:15:00+00:00
708209,55+,F,Housing,Mobile,South,1,4.54,2023-04-23 16:50:00+00:00
708210,55+,F,Housing,Tablet,South,1,3.2912,2023-02-03 09:30:00+00:00
708215,18-24,F,Housing,Web,Northeast,0,1.3313,2023-05-26 01:46:00+00:00
708216,18-24,F,Housing,Mobile,Northeast,0,1.9863,2023-03-11 21:52:00+00:00
708218,35-44,F,Housing,Mobile,Midwest,0,2.2975,2023-06-08 14:39:00+00:00
708225,55+,F,Housing,Web,South,0,12.8575,2023-04-17 22:15:00+00:00
708236,55+,F,Housing,Tablet,South,0,3.0075,2023-03-28 14:46:00+00:00
708241,18-24,F,Housing,Mobile,Northeast,1,8.66,2023-03-20 06:19:00+00:00
708244,35-44,F,Housing,Mobile,Midwest,0,6.06,2023-01-09 20:52:00+00:00
708251,25-34,F,Housing,Web,Northeast,1,11.98,2023-05-05 04:00:00+00:00
708257,35-44,F,Housing,Web,Midwest,0,9.0638,2023-04-02 19:13:00+00:00
708262,55+,F,Housing,Web,South,0,8.14,2023-04-23 16:50:00+00:00
708267,55+,F,Housing,Web,South,1,0.6975,2023-06-08 14:56:00+00:00
708272,18-24,F,Housing,Tablet,Northeast,1,1.89,2023-03-14 00:27:00+00:00
708278,55+,F,Housing,Mobile,South,0,2.5288,2023-01-24 23:11:00+00:00
708300,35-44,F,Housing,Web,Midwest,0,5.2062,2023-03-27 13:03:00+00:00
708301,25-34,F,Housing,Web,Northeast,1,11.04,2023-02-07 01:22:00+00:00
708309,18-24,F,Housing,Web,Northeast,0,0.9863,2023-02-19 13:24:00+00:00
708315,55+,F,Housing,Mobile,South,0,1.0212,2023-02-07 01:13:00+00:00
708316,55+,F,Housing,Mobile,South,0,8.22,2023-06-26 20:16:00+00:00
708326,18-24,F,Housing,Tablet,Northeast,0,4.2462,2023-06-27 21:51:00+00:00
708351,25-34,F,Housing,Web,Northeast,0,14.24,2023-05-18 05:28:00+00:00
708360,35-44,F,Housing,Mobile,Midwest,0,10.31,2023-01-09 08:52:00+00:00
708371,35-44,F,Housing,Mobile,Midwest,1,4.0463,2023-04-28 21:08:00+00:00
708390,55+,F,Housing,Mobile,South,0,7.9075,2023-03-28 14:55:00+00:00
708401,25-34,F,Housing,Mobile,Northeast,0,6.6,2023-01-16 15:27:00+00:00
708405,55+,F,Housing,Mobile,South,0,7.9512,2023-01-02 01:51:00+00:00
708409,35-44,F,Housing,Tablet,Midwest,1,6.84,2023-03-29 15:21:00+00:00
708413,18-24,F,Housing,Tablet,Northeast,0,6.5862,2023-05-30 05:12:00+00:00
708439,18-24,F,Housing,Mobile,Northeast,0,13.8,2023-02-25 07:42:00+00:00
708441,18-24,F,Housing,Tablet,Northeast,0,8.2237,2023-01-20 19:54:00+00:00
708447,18-24,F,Housing,Tablet,Northeast,0,7.3812,2023-01-06 17:43:00+00:00
708449,35-44,F,Housing,Mobile,Midwest,0,1.5725,2023-01-19 18:28:00+00:00
708451,25-34,F,Housing,Mobile,Northeast,0,7.22,2023-01-27 14:03:00+00:00
708462,55+,F,Housing,Web,South,0,2.915,2023-04-03 20:56:00+00:00
708486,55+,F,Housing,Web,South,0,7.3637,2023-03-13 11:35:00+00:00
708501,25-34,F,Housing,Mobile,Northeast,0,15.26,2023-03-30 04:46:00+00:00
708530,18-24,F,Housing,Tablet,Northeast,0,3.8525,2023-04-13 18:14:00+00:00
708540,55+,F,Housing,Mobile,South,0,11.675,2023-05-01 12:34:00+00:00
708551,25-34,F,Housing,Tablet,Northeast,0,11.3,2023-01-11 10:01:00+00:00
708561,18-24,F,Housing,Tablet,Northeast,1,1.2525,2023-02-12 18:57:00+00:00
708570,35-44,F,Housing,Tablet,Midwest,1,12.7513,2023-02-11 17:05:00+00:00
708594,18-24,F,Housing,Mobile,Northeast,0,9.63,2023-01-25 00:46:00+00:00
708597,35-44,F,Housing,Mobile,Midwest,0,11.6775,2023-03-24 22:28:00+00:00
708601,25-34,F,Housing,Tablet,Northeast,0,10.4,2023-02-15 09:40:00+00:00
708604,55+,F,Housing,Web,South,1,11.22,2023-04-17 22:32:00+00:00
708623,55+,F,Housing,Mobile,South,0,4.6212,2023-03-19 17:45:00+00:00
708632,55+,F,Housing,Mobile,South,1,2.5425,2023-02-24 18:16:00+00:00
708651,25-34,F,Housing,Mobile,Northeast,0,11.14,2023-03-04 14:17:00+00:00
708665,18-24,F,Housing,Web,Northeast,0,8.9087,2023-05-08 07:43:00+00:00
708701,25-34,F,Housing,Web,Northeast,0,11.72,2023-02-21 03:33:00+00:00
708710,18-24,F,Housing,Mobile,Northeast,0,12.79,2023-03-14 00:10:00+00:00
708729,35-44,F,Housing,Mobile,Midwest,0,1.9312,2023-01-06 17:17:00+00:00
708738,55+,F,Housing,Web,South,1,2.9038,2023-01-24 11:11:00+00:00
708747,55+,F,Housing,Tablet,South,0,12.8025,2023-06-12 18:40:00+00:00
708751,25-34,F,Housing,Mobile,Northeast,1,10.12,2023-04-02 19:04:00+00:00
708764,35-44,F,Housing,Web,Midwest,1,6.1562,2023-01-06 05:26:00+00:00
708784,35-44,F,Housing,Tablet,Midwest,0,13.4,2023-02-05 23:30:00+00:00
708792,35-44,F,Housing,Mobile,Midwest,0,1.7188,2023-04-06 23:47:00+00:00
708798,18-24,F,Housing,Web,Northeast,0,4.7525,2023-05-23 10:54:00+00:00
708801,25-34,F,Housing,Mobile,Northeast,0,6.38,2023-01-05 04:09:00+00:00
708810,35-44,F,Housing,Tablet,Midwest,1,0.5913,2023-01-14 01:44:00+00:00
708827,18-24,F,Housing,Mobile,Northeast,0,9.3863,2023-01-30 05:04:00+00:00
708828,55+,F,Housing,Mobile,South,0,3.5288,2023-04-14 07:31:00+00:00
708833,18-24,F,Housing,Web,Northeast,0,9.01,2023-01-09 08:18:00+00:00
708840,55+,F,Housing,Mobile,South,0,0.9075,2023-03-28 14:55:00+00:00
708851,25-34,F,Housing,Tablet,Northeast,0,7.6,2023-01-26 01:12:00+00:00
708854,55+,F,Housing,Web,South,0,5.6675,2023-01-15 14:44:00+00:00
708856,35-44,F,Housing,Tablet,Midwest,0,12.12,2023-02-21 15:07:00+00:00
708878,55+,F,Housing,Web,South,0,3.3188,2023-01-16 15:36:00+00:00
708898,35-44,F,Housing,Web,Midwest,0,12.72,2023-04-12 17:40:00+00:00
708901,25-34,F,Housing,Tablet,Northeast,1,13.52,2023-03-23 09:45:00+00:00
708931,35-44,F,Housing,Web,Midwest,1,9.14,2023-05-23 22:20:00+00:00
708939,18-24,F,Housing,Tablet,Northeast,0,3.115,2023-04-23 04:24:00+00:00
708940,35-44,F,Housing,Mobile,Midwest,0,11.74,2023-04-03 20:38:00+00:00
708946,35-44,F,Housing,Tablet,Midwest,0,10.28,2023-06-09 15:05:00+00:00
708951,25-34,F,Housing,Tablet,Northeast,0,14.46,2023-03-10 20:26:00+00:00
708952,35-44,F,Housing,Tablet,Midwest,1,7.84,2023-04-28 09:33:00+00:00
708956,55+,F,Housing,Tablet,South,0,5.65,2023-03-02 00:51:00+00:00
708958,35-44,F,Housing,Mobile,Midwest,0,8.04,2023-06-17 23:32:00+00:00
708978,55+,F,Housing,Web,South,0,12.6862,2023-05-10 21:52:00+00:00
708985,35-44,F,Housing,Tablet,Midwest,0,8.68,2023-02-09 03:05:00+00:00
708993,18-24,F,Housing,Mobile,Northeast,0,2.6913,2023-04-24 17:33:00+00:00
709001,25-34,F,Housing,Web,Northeast,1,14.18,2023-06-24 18:50:00+00:00
709007,18-24,F,Housing,Web,Northeast,0,12.95,2023-06-10 16:48:00+00:00
709032,55+,F,Housing,Web,South,0,1.8413,2023-04-24 17:24:00+00:00
709034,55+,F,Housing,Tablet,South,0,3.1562,2023-06-15 21:15:00+00:00
709041,35-44,F,Housing,Web,Midwest,1,7.4425,2023-02-24 18:16:00+00:00
709051,25-34,F,Housing,Mobile,Northeast,0,15.46,2023-06-28 22:51:00+00:00
709053,35-44,F,Housing,Web,Midwest,0,4.9088,2023-06-17 23:41:00+00:00
709057,35-44,F,Housing,Web,Midwest,1,12.54,2023-03-14 00:44:00+00:00
709063,18-24,F,Housing,Web,Northeast,0,14.64,2023-06-07 13:39:00+00:00
709101,25-34,F,Housing,Web,Northeast,1,7.4,2023-04-26 19:50:00+00:00
709105,55+,F,Housing,Web,South,1,8.5,2023-01-31 18:30:00+00:00
709114,35-44,F,Housing,Mobile,Midwest,1,8.7,2023-01-21 20:02:00+00:00
709119,55+,F,Housing,Web,South,0,10.35,2023-06-10 16:57:00+00:00
709129,35-44,F,Housing,Mobile,Midwest,0,15.06,2023-02-28 22:08:00+00:00
709130,35-44,F,Housing,Tablet,Midwest,0,5.3362,2023-03-11 21:52:00+00:00
709138,35-44,F,Housing,Tablet,Midwest,1,8.7,2023-02-10 16:48:00+00:00
709148,55+,F,Housing,Tablet,South,0,7.1775,2023-05-03 14:43:00+00:00
709151,25-34,F,Housing,Tablet,Northeast,0,6.22,2023-01-17 04:19:00+00:00
709154,18-24,F,Housing,Mobile,Northeast,0,1.575,2023-02-10 04:22:00+00:00
709162,35-44,F,Housing,Tablet,Midwest,0,6.28,2023-01-20 07:37:00+00:00
709163,18-24,F,Housing,Web,Northeast,1,0.6388,2023-05-12 23:27:00+00:00
709174,55+,F,Housing,Tablet,South,0,10.06,2023-06-18 00:41:00+00:00
709180,18-24,F,Housing,Mobile,Northeast,0,8.4,2023-03-07 17:43:00+00:00
709182,35-44,F,Housing,Mobile,Midwest,0,5.9488,2023-05-20 07:28:00+00:00
709201,25-34,F,Housing,Tablet,Northeast,0,13.78,2023-01-15 02:27:00+00:00
709221,55+,F,Housing,Web,South,1,2.3613,2023-05-30 17:29:00+00:00
709247,55+,F,Housing,Tablet,South,0,8.0738,2023-01-20 19:28:00+00:00
709251,25-34,F,Housing,Mobile,Northeast,0,8.36,2023-06-13 07:14:00+00:00
709259,55+,F,Housing,Mobile,South,1,11.5337,2023-01-28 03:38:00+00:00
709260,55+,F,Housing,Mobile,South,0,2.2437,2023-06-05 11:47:00+00:00
709274,35-44,F,Housing,Web,Midwest,0,9.9688,2023-04-06 23:30:00+00:00
709281,35-44,F,Housing,Mobile,Midwest,1,11.1512,2023-04-12 17:48:00+00:00
709289,18-24,F,Housing,Tablet,Northeast,0,11.695,2023-04-07 12:39:00+00:00
709296,35-44,F,Housing,Tablet,Midwest,0,4.3912,2023-05-14 01:44:00+00:00
709301,25-34,F,Housing,Web,Northeast,0,13.96,2023-02-13 07:49:00+00:00
709302,55+,F,Housing,Web,South,1,7.375,2023-02-10 04:14:00+00:00
709316,55+,F,Housing,Web,South,0,6.5137,2023-06-01 19:38:00+00:00
709319,35-44,F,Housing,Web,Midwest,0,12.0512,2023-01-02 01:08:00+00:00
709328,18-24,F,Housing,Web,Northeast,0,11.1937,2023-01-16 03:53:00+00:00
709350,55+,F,Housing,Mobile,South,0,4.0275,2023-05-03 14:34:00+00:00
709351,25-34,F,Housing,Web,Northeast,0,10.0,2023-05-26 01:29:00+00:00
709363,55+,F,Housing,Tablet,South,0,9.96,2023-02-13 19:06:00+00:00
709367,35-44,F,Housing,Mobile,Midwest,1,7.6487,2023-06-29 23:25:00+00:00
709374,18-24,F,Housing,Web,Northeast,0,7.4175,2023-04-25 06:59:00+00:00
709377,18-24,F,Housing,Web,Northeast,0,8.2625,2023-01-31 18:12:00+00:00
709396,18-24,F,Housing,Tablet,Northeast,0,13.3,2023-01-11 22:01:00+00:00
709401,25-34,F,Housing,Tablet,Northeast,0,12.28,2023-01-20 07:45:00+00:00
709415,18-24,F,Housing,Tablet,Northeast,0,2.5425,2023-05-15 02:10:00+00:00
709422,18-24,F,Housing,Tablet,Northeast,0,11.9588,2023-06-17 23:06:00+00:00
709451,25-34,F,Housing,Web,Northeast,0,15.2,2023-05-26 13:29:00+00:00
709457,18-24,F,Housing,Tablet,Northeast,0,7.6625,2023-06-20 02:50:00+00:00
709470,18-24,F,Housing,Web,Northeast,0,8.5375,2023-05-31 06:04:00+00:00
709474,35-44,F,Housing,Mobile,Midwest,0,14.66,2023-05-19 06:36:00+00:00
709480,18-24,F,Housing,Mobile,Northeast,1,13.58,2023-01-05 16:43:00+00:00
709490,55+,F,Housing,Tablet,South,0,12.4275,2023-04-13 06:57:00+00:00
709501,25-34,F,Housing,Web,Northeast,0,12.42,2023-03-08 18:09:00+00:00
709509,55+,F,Housing,Tablet,South,0,12.1625,2023-04-01 18:21:00+00:00
709510,18-24,F,Housing,Web,Northeast,1,13.64,2023-03-29 15:29:00+00:00
709522,55+,F,Housing,Web,South,0,7.88,2023-06-29 23:08:00+00:00
709551,25-34,F,Housing,Web,Northeast,1,11.52,2023-01-02 13:00:00+00:00
709557,18-24,F,Housing,Mobile,Northeast,0,9.0738,2023-06-09 03:22:00+00:00
709558,55+,F,Housing,Web,South,0,7.8,2023-05-16 03:53:00+00:00
709585,35-44,F,Housing,Tablet,Midwest,0,15.02,2023-06-26 08:42:00+00:00
709599,18-24,F,Housing,Mobile,Northeast,1,7.06,2023-03-30 16:55:00+00:00
709601,25-34,F,Housing,Mobile,Northeast,0,10.38,2023-06-14 20:14:00+00:00
709612,18-24,F,Housing,Mobile,Northeast,1,8.92,2023-01-12 11:10:00+00:00
709614,18-24,F,Housing,Tablet,Northeast,1,2.06,2023-05-09 08:26:00+00:00
709628,35-44,F,Housing,Tablet,Midwest,0,6.7012,2023-01-22 09:37:00+00:00
709640,35-44,F,Housing,Tablet,Midwest,0,7.9962,2023-05-18 05:02:00+00:00
709642,18-24,F,Housing,Mobile,Northeast,0,5.74,2023-04-23 04:41:00+00:00
709651,25-34,F,Housing,Mobile,Northeast,0,10.24,2023-05-18 17:45:00+00:00
709661,55+,F,Housing,Mobile,South,0,12.9987,2023-04-10 15:57:00+00:00
709677,55+,F,Housing,Web,South,0,8.1125,2023-04-21 02:50:00+00:00
709681,35-44,F,Housing,Web,Midwest,1,13.4,2023-01-16 15:10:00+00:00
709685,35-44,F,Housing,Web,Midwest,1,8.155,2023-01-05 04:26:00+00:00
709701,25-34,F,Housing,Web,Northeast,0,13.9,2023-04-11 04:05:00+00:00
709711,18-24,F,Housing,Web,Northeast,0,7.52,2023-03-23 21:03:00+00:00
709729,18-24,F,Housing,Web,Northeast,0,11.74,2023-03-14 12:01:00+00:00
709748,18-24,F,Housing,Mobile,Northeast,0,11.5262,2023-02-11 05:57:00+00:00
709751,25-34,F,Housing,Tablet,Northeast,0,8.78,2023-02-14 08:32:00+00:00
709755,55+,F,Housing,Mobile,South,1,1.4375,2023-06-20 14:07:00+00:00
709763,18-24,F,Housing,Web,Northeast,0,11.2025,2023-02-12 18:23:00+00:00
709778,18-24,F,Housing,Web,Northeast,0,6.26,2023-03-30 16:55:00+00:00
709779,55+,F,Housing,Web,South,0,9.1713,2023-02-07 01:31:00+00:00
709786,18-24,F,Housing,Web,Northeast,0,6.76,2023-06-13 19:06:00+00:00
709788,55+,F,Housing,Web,South,0,6.905,2023-06-14 20:57:00+00:00
709790,35-44,F,Housing,Tablet,Midwest,1,0.8825,2023-03-08 18:00:00+00:00
709801,25-34,F,Housing,Mobile,Northeast,0,13.68,2023-01-30 17:04:00+00:00
709807,18-24,F,Housing,Tablet,Northeast,1,14.68,2023-06-29 11:42:00+00:00
709809,18-24,F,Housing,Web,Northeast,0,8.635,2023-03-10 20:26:00+00:00
709811,18-24,F,Housing,Tablet,Northeast,0,12.515,2023-03-14 12:18:00+00:00
709816,18-24,F,Housing,Web,Northeast,0,8.08,2023-03-11 21:35:00+00:00
709817,35-44,F,Housing,Web,Midwest,1,4.4825,2023-01-27 02:20:00+00:00
709819,18-24,F,Housing,Tablet,Northeast,0,11.56,2023-03-25 23:20:00+00:00
709827,55+,F,Housing,Web,South,0,12.73,2023-04-15 08:14:00+00:00
709830,55+,F,Housing,Web,South,0,8.5062,2023-06-15 21:57:00+00:00
709832,55+,F,Housing,Mobile,South,0,1.1763,2023-03-03 13:34:00+00:00
709840,18-24,F,Housing,Mobile,Northeast,1,12.46,2023-01-29 16:55:00+00:00
709848,55+,F,Housing,Web,South,0,1.0613,2023-06-19 01:49:00+00:00
709851,25-34,F,Housing,Mobile,Northeast,0,12.02,2023-04-17 10:32:00+00:00
709852,55+,F,Housing,Mobile,South,1,10.14,2023-06-02 20:04:00+00:00
709877,55+,F,Housing,Web,South,0,3.7963,2023-03-19 05:28:00+00:00
709883,35-44,F,Housing,Tablet,Midwest,1,9.6438,2023-02-05 11:30:00+00:00
709896,35-44,F,Housing,Mobile,Midwest,0,8.975,2023-06-10 04:14:00+00:00
709901,25-34,F,Housing,Tablet,Northeast,0,7.78,2023-04-05 22:30:00+00:00
709911,18-24,F,Housing,Web,Northeast,0,4.5263,2023-01-22 21:11:00+00:00
709920,18-24,F,Housing,Web,Northeast,0,6.4313,2023-06-15 09:23:00+00:00
709935,55+,F,Housing,Web,South,0,6.1225,2023-05-19 18:11:00+00:00
709938,35-44,F,Housing,Mobile,Midwest,0,11.3588,2023-03-09 07:01:00+00:00
709951,25-34,F,Housing,Mobile,Northeast,1,5.54,2023-03-04 14:17:00+00:00
709961,35-44,F,Housing,Web,Midwest,0,5.5462,2023-03-19 05:11:00+00:00
709984,18-24,F,Housing,Tablet,Northeast,1,12.8,2023-05-06 05:00:00+00:00
709987,35-44,F,Housing,Mobile,Midwest,0,14.22,2023-04-27 20:33:00+00:00
709994,18-24,F,Housing,Mobile,Northeast,1,11.3987,2023-04-30 23:25:00+00:00
710001,25-34,F,Housing,Web,Northeast,0,6.24,2023-04-28 21:33:00+00:00
710012,18-24,F,Housing,Web,Northeast,0,2.5663,2023-02-23 05:41:00+00:00
710023,55+,F,Housing,Mobile,South,0,12.06,2023-05-29 16:55:00+00:00
710051,25-34,F,Housing,Web,Northeast,1,12.72,2023-01-22 09:03:00+00:00
710054,35-44,F,Housing,Web,Midwest,1,10.3737,2023-02-09 03:05:00+00:00
710055,55+,F,Housing,Tablet,South,1,7.8812,2023-06-15 09:40:00+00:00
710061,35-44,F,Housing,Mobile,Midwest,0,10.715,2023-03-14 12:36:00+00:00
710077,18-24,F,Housing,Web,Northeast,1,13.88,2023-01-20 07:11:00+00:00
710081,18-24,F,Housing,Mobile,Northeast,1,7.7175,2023-01-15 14:10:00+00:00
710087,18-24,F,Housing,Web,Northeast,0,3.11,2023-04-19 00:41:00+00:00
710101,25-34,F,Housing,Web,Northeast,1,6.46,2023-05-09 20:26:00+00:00
710106,18-24,F,Housing,Tablet,Northeast,0,3.1175,2023-03-16 14:02:00+00:00
710108,35-44,F,Housing,Web,Midwest,1,4.3037,2023-05-24 11:54:00+00:00
710114,55+,F,Housing,Mobile,South,0,3.8388,2023-01-12 23:35:00+00:00
710118,55+,F,Housing,Mobile,South,0,7.8487,2023-06-09 15:22:00+00:00
710120,35-44,F,Housing,Mobile,Midwest,0,11.7525,2023-01-23 10:54:00+00:00
710123,55+,F,Housing,Tablet,South,0,5.305,2023-02-14 20:06:00+00:00
710133,35-44,F,Housing,Web,Midwest,0,2.9375,2023-06-20 14:32:00+00:00
710136,35-44,F,Housing,Web,Midwest,0,12.7238,2023-06-09 03:57:00+00:00
710144,18-24,F,Housing,Mobile,Northeast,0,4.8738,2023-03-21 19:19:00+00:00
710150,18-24,F,Housing,Tablet,Northeast,0,3.455,2023-04-15 20:57:00+00:00
710151,25-34,F,Housing,Mobile,Northeast,0,10.56,2023-03-15 13:19:00+00:00
710155,55+,F,Housing,Tablet,South,0,9.02,2023-06-06 12:30:00+00:00
710156,35-44,F,Housing,Tablet,Midwest,0,8.355,2023-03-26 12:29:00+00:00
710158,55+,F,Housing,Mobile,South,0,11.88,2023-04-10 15:48:00+00:00
710172,18-24,F,Housing,Mobile,Northeast,0,10.5288,2023-06-13 07:23:00+00:00
710175,35-44,F,Housing,Web,Midwest,1,9.02,2023-04-07 00:48:00+00:00
710201,25-34,F,Housing,Tablet,Northeast,0,8.54,2023-02-02 20:38:00+00:00
710208,18-24,F,Housing,Web,Northeast,1,3.4038,2023-01-04 03:00:00+00:00
710225,18-24,F,Housing,Web,Northeast,1,6.5775,2023-05-23 22:03:00+00:00
710229,55+,F,Housing,Tablet,South,1,7.3288,2023-06-13 07:23:00+00:00
710251,25-34,F,Housing,Web,Northeast,0,14.56,2023-02-03 21:13:00+00:00
710260,55+,F,Housing,Web,South,0,8.46,2023-03-10 20:26:00+00:00
710262,55+,F,Housing,Web,South,0,3.7837,2023-05-08 19:35:00+00:00
710264,35-44,F,Housing,Web,Midwest,0,2.08,2023-03-06 16:17:00+00:00
710279,55+,F,Housing,Web,South,0,9.2775,2023-03-04 14:34:00+00:00
710294,18-24,F,Housing,Tablet,Northeast,0,1.9587,2023-04-18 23:32:00+00:00
710297,18-24,F,Housing,Tablet,Northeast,1,4.6975,2023-04-29 22:34:00+00:00
710301,25-34,F,Housing,Mobile,Northeast,1,15.04,2023-03-19 17:11:00+00:00
710315,35-44,F,Housing,Tablet,Midwest,1,4.6662,2023-06-03 21:56:00+00:00
710339,18-24,F,Housing,Tablet,Northeast,1,7.3463,2023-01-18 05:36:00+00:00
710341,18-24,F,Housing,Web,Northeast,0,13.02,2023-04-27 20:25:00+00:00
710351,25-34,F,Housing,Web,Northeast,0,7.84,2023-02-07 13:13:00+00:00
710354,18-24,F,Housing,Web,Northeast,0,4.4287,2023-02-13 07:06:00+00:00
710394,18-24,F,Housing,Mobile,Northeast,0,3.0488,2023-05-20 07:54:00+00:00
710395,18-24,F,Housing,Web,Northeast,0,12.72,2023-03-23 09:11:00+00:00
710398,35-44,F,Housing,Web,Midwest,0,14.86,2023-03-10 20:35:00+00:00
710401,25-34,F,Housing,Mobile,Northeast,1,7.08,2023-04-10 15:31:00+00:00
710404,55+,F,Housing,Web,South,1,8.88,2023-05-10 21:09:00+00:00
710417,35-44,F,Housing,Mobile,Midwest,0,12.9787,2023-06-13 07:31:00+00:00
710438,55+,F,Housing,Mobile,South,0,12.0512,2023-02-11 17:57:00+00:00
710439,18-24,F,Housing,Mobile,Northeast,0,3.7175,2023-01-15 14:10:00+00:00
710448,55+,F,Housing,Tablet,South,0,2.5938,2023-02-05 11:39:00+00:00
710451,25-34,F,Housing,Web,Northeast,0,8.6,2023-02-05 11:13:00+00:00
710471,55+,F,Housing,Web,South,0,4.08,2023-03-26 00:46:00+00:00
710478,35-44,F,Housing,Tablet,Midwest,1,11.9787,2023-06-13 07:23:00+00:00
710481,35-44,F,Housing,Mobile,Midwest,0,10.0712,2023-04-28 09:33:00+00:00
710491,35-44,F,Housing,Tablet,Midwest,0,10.26,2023-02-28 10:16:00+00:00
710492,18-24,F,Housing,Mobile,Northeast,0,3.8813,2023-05-26 01:03:00+00:00
710498,55+,F,Housing,Tablet,South,0,11.845,2023-02-06 12:30:00+00:00
710500,55+,F,Housing,Web,South,0,8.52,2023-06-01 19:55:00+00:00
710501,25-34,F,Housing,Mobile,Northeast,1,15.38,2023-03-16 14:27:00+00:00
710505,18-24,F,Housing,Mobile,Northeast,0,8.7613,2023-01-10 09:18:00+00:00
710517,55+,F,Housing,Mobile,South,1,9.6775,2023-05-03 14:43:00+00:00
710518,18-24,F,Housing,Tablet,Northeast,0,9.1,2023-01-21 08:45:00+00:00
710521,35-44,F,Housing,Tablet,Midwest,0,6.96,2023-04-24 05:07:00+00:00
710522,55+,F,Housing,Tablet,South,0,7.6475,2023-04-09 14:22:00+00:00
710523,55+,F,Housing,Mobile,South,0,3.7262,2023-01-22 21:03:00+00:00
710526,35-44,F,Housing,Web,Midwest,0,4.5563,2023-06-15 21:23:00+00:00
710548,18-24,F,Housing,Web,Northeast,0,11.58,2023-03-06 04:52:00+00:00
710551,25-34,F,Housing,Web,Northeast,0,11.66,2023-05-29 04:38:00+00:00
710554,35-44,F,Housing,Tablet,Midwest,0,5.88,2023-04-30 23:42:00+00:00
710559,35-44,F,Housing,Mobile,Midwest,1,3.7338,2023-03-29 03:38:00+00:00
710565,55+,F,Housing,Mobile,South,0,2.74,2023-01-13 00:27:00+00:00
710575,18-24,F,Housing,Mobile,Northeast,0,15.4,2023-03-17 15:27:00+00:00
710601,25-34,F,Housing,Mobile,Northeast,1,14.46,2023-06-18 00:58:00+00:00
710610,18-24,F,Housing,Web,Northeast,0,12.0525,2023-01-23 10:11:00+00:00
710621,18-24,F,Housing,Web,Northeast,0,10.2413,2023-04-04 09:56:00+00:00
710643,18-24,F,Housing,Tablet,Northeast,0,7.7475,2023-06-08 14:14:00+00:00
710651,25-34,F,Housing,Tablet,Northeast,0,7.1,2023-04-11 16:57:00+00:00
710652,18-24,F,Housing,Mobile,Northeast,0,2.3213,2023-01-18 17:19:00+00:00
710671,35-44,F,Housing,Mobile,Midwest,0,11.76,2023-06-23 17:07:00+00:00
710673,18-24,F,Housing,Mobile,Northeast,0,9.2275,2023-03-24 22:46:00+00:00
710680,35-44,F,Housing,Mobile,Midwest,0,5.6,2023-02-15 09:40:00+00:00
710681,35-44,F,Housing,Web,Midwest,0,8.0325,2023-05-07 18:52:00+00:00
710697,35-44,F,Housing,Tablet,Midwest,0,2.5938,2023-06-25 19:42:00+00:00
710701,25-34,F,Housing,Mobile,Northeast,0,12.74,2023-03-04 02:08:00+00:00
710707,55+,F,Housing,Web,South,0,9.28,2023-01-10 21:01:00+00:00
710712,18-24,F,Housing,Mobile,Northeast,1,0.7188,2023-02-05 23:47:00+00:00
710734,35-44,F,Housing,Mobile,Midwest,0,12.02,2023-02-16 22:49:00+00:00
710749,35-44,F,Housing,Mobile,Midwest,0,6.02,2023-03-28 02:46:00+00:00
710751,25-34,F,Housing,Tablet,Northeast,1,9.36,2023-06-03 21:13:00+00:00
710755,18-24,F,Housing,Mobile,Northeast,0,8.28,2023-01-20 19:37:00+00:00
710759,18-24,F,Housing,Web,Northeast,1,12.275,2023-02-10 04:40:00+00:00
710762,35-44,F,Housing,Tablet,Midwest,0,4.9088,2023-03-09 07:35:00+00:00
710773,55+,F,Housing,Web,South,0,11.84,2023-01-18 17:19:00+00:00
710783,18-24,F,Housing,Mobile,Northeast,0,4.1338,2023-04-18 11:49:00+00:00
710786,18-24,F,Housing,Web,Northeast,1,4.2112,2023-03-11 09:01:00+00:00
710787,18-24,F,Housing,Mobile,Northeast,0,1.1925,2023-05-15 02:27:00+00:00
710788,35-44,F,Housing,Web,Midwest,1,8.16,2023-03-15 13:10:00+00:00
710793,18-24,F,Housing,Web,Northeast,0,10.8125,2023-01-31 18:12:00+00:00
710795,18-24,F,Housing,Web,Northeast,1,3.655,2023-06-14 20:06:00+00:00
710796,55+,F,Housing,Mobile,South,1,12.9437,2023-04-26 19:07:00+00:00
710801,25-34,F,Housing,Mobile,Northeast,0,11.82,2023-06-26 20:08:00+00:00
710810,55+,F,Housing,Web,South,1,12.4313,2023-03-07 17:43:00+00:00
710839,55+,F,Housing,Tablet,South,0,11.08,2023-02-09 15:05:00+00:00
710851,25-34,F,Housing,Web,Northeast,0,9.16,2023-05-24 23:37:00+00:00
710866,55+,F,Housing,Tablet,South,0,11.08,2023-04-30 11:34:00+00:00
710868,18-24,F,Housing,Mobile,Northeast,0,10.7662,2023-01-14 13:01:00+00:00
710901,25-34,F,Housing,Tablet,Northeast,0,13.28,2023-01-10 21:09:00+00:00
710911,55+,F,Housing,Mobile,South,0,12.04,2023-03-09 19:52:00+00:00
710920,35-44,F,Housing,Mobile,Midwest,0,13.3,2023-03-12 22:01:00+00:00
710934,18-24,F,Housing,Web,Northeast,0,12.78,2023-06-14 08:49:00+00:00
710937,35-44,F,Housing,Tablet,Midwest,1,5.4562,2023-04-16 21:57:00+00:00
710941,35-44,F,Housing,Tablet,Midwest,1,9.56,2023-05-04 03:00:00+00:00
710951,25-34,F,Housing,Tablet,Northeast,1,12.88,2023-05-30 17:47:00+00:00
710961,55+,F,Housing,Mobile,South,0,3.8375,2023-05-31 06:21:00+00:00
710967,18-24,F,Housing,Tablet,Northeast,0,12.6975,2023-03-20 06:02:00+00:00
710973,35-44,F,Housing,Mobile,Midwest,0,3.7412,2023-03-15 01:44:00+00:00
710988,18-24,F,Housing,Tablet,Northeast,0,7.065,2023-04-23 04:16:00+00:00
710996,18-24,F,Housing,Mobile,Northeast,1,2.1425,2023-04-25 18:07:00+00:00
711001,25-34,F,Housing,Tablet,Northeast,0,14.36,2023-02-13 19:57:00+00:00
711006,55+,F,Housing,Tablet,South,0,4.7175,2023-02-24 06:42:00+00:00
711008,35-44,F,Housing,Web,Midwest,0,2.2912,2023-04-04 09:56:00+00:00
711020,35-44,F,Housing,Tablet,Midwest,0,0.7863,2023-01-10 21:52:00+00:00
711026,55+,F,Housing,Web,South,0,5.3338,2023-06-17 11:49:00+00:00
711031,55+,F,Housing,Web,South,1,11.1,2023-03-22 20:45:00+00:00
711047,55+,F,Housing,Tablet,South,1,9.5,2023-05-01 00:08:00+00:00
711050,18-24,F,Housing,Tablet,Northeast,1,6.5713,2023-01-18 17:45:00+00:00
711051,25-34,F,Housing,Web,Northeast,0,14.22,2023-04-07 00:39:00+00:00
711062,55+,F,Housing,Tablet,South,1,9.45,2023-05-01 00:25:00+00:00
711064,35-44,F,Housing,Tablet,Midwest,0,11.52,2023-01-02 01:51:00+00:00
711066,35-44,F,Housing,Web,Midwest,0,4.4987,2023-06-09 15:22:00+00:00
711069,18-24,F,Housing,Tablet,Northeast,0,5.3675,2023-05-15 14:10:00+00:00
711078,55+,F,Housing,Mobile,South,1,1.9912,2023-01-14 01:19:00+00:00
711084,55+,F,Housing,Web,South,0,5.045,2023-02-06 12:39:00+00:00
711101,25-34,F,Housing,Mobile,Northeast,0,6.18,2023-06-04 10:04:00+00:00
711131,35-44,F,Housing,Mobile,Midwest,0,7.7488,2023-02-09 15:22:00+00:00
711134,18-24,F,Housing,Web,Northeast,0,12.5363,2023-02-19 13:41:00+00:00
711151,25-34,F,Housing,Tablet,Northeast,0,9.08,2023-03-01 11:17:00+00:00
711156,18-24,F,Housing,Tablet,Northeast,0,10.8837,2023-02-17 11:49:00+00:00
711157,18-24,F,Housing,Web,Northeast,0,14.82,2023-02-16 10:15:00+00:00
711158,55+,F,Housing,Mobile,South,0,5.4825,2023-05-07 18:43:00+00:00
711167,55+,F,Housing,Web,South,0,12.9213,2023-01-18 17:45:00+00:00
711173,55+,F,Housing,Tablet,South,0,12.11,2023-03-10 08:01:00+00:00
711177,55+,F,Housing,Web,South,0,5.57,2023-04-27 08:33:00+00:00
711178,18-24,F,Housing,Mobile,Northeast,0,12.46,2023-02-18 12:15:00+00:00
711189,55+,F,Housing,Web,South,1,11.22,2023-06-06 00:05:00+00:00
711192,18-24,F,Housing,Web,Northeast,0,1.6725,2023-04-09 02:14:00+00:00
711199,35-44,F,Housing,Tablet,Midwest,0,7.7,2023-02-20 02:15:00+00:00
711201,25-34,F,Housing,Tablet,Northeast,1,13.78,2023-03-16 02:19:00+00:00
711208,18-24,F,Housing,Tablet,Northeast,0,6.7,2023-02-10 04:05:00+00:00
711216,35-44,F,Housing,Mobile,Midwest,0,11.8413,2023-04-04 09:47:00+00:00
711223,35-44,F,Housing,Mobile,Midwest,1,8.84,2023-05-28 15:55:00+00:00
711230,55+,F,Housing,Mobile,South,1,7.7188,2023-05-16 15:45:00+00:00
711248,55+,F,Housing,Mobile,South,0,1.0425,2023-02-24 18:42:00+00:00
711251,25-34,F,Housing,Mobile,Northeast,0,7.44,2023-04-08 01:05:00+00:00
711265,55+,F,Housing,Mobile,South,1,11.9,2023-01-01 12:51:00+00:00
711275,35-44,F,Housing,Web,Midwest,1,4.4875,2023-01-11 22:35:00+00:00
711276,35-44,F,Housing,Web,Midwest,1,5.465,2023-01-13 12:27:00+00:00
711286,35-44,F,Housing,Web,Midwest,0,10.02,2023-03-28 02:29:00+00:00
711301,25-34,F,Housing,Tablet,Northeast,0,9.36,2023-02-03 21:04:00+00:00
711302,35-44,F,Housing,Web,Midwest,1,9.9525,2023-06-12 18:06:00+00:00
711309,18-24,F,Housing,Mobile,Northeast,0,11.4537,2023-01-24 11:11:00+00:00
711351,25-34,F,Housing,Mobile,Northeast,0,9.32,2023-02-01 19:47:00+00:00
711366,35-44,F,Housing,Mobile,Midwest,0,1.2437,2023-02-25 19:25:00+00:00
711369,55+,F,Housing,Web,South,1,1.4587,2023-01-08 07:26:00+00:00
711375,18-24,F,Housing,Mobile,Northeast,0,9.9125,2023-04-01 18:47:00+00:00
711401,25-34,F,Housing,Tablet,Northeast,0,14.22,2023-05-17 16:45:00+00:00
711408,18-24,F,Housing,Web,Northeast,1,3.71,2023-01-09 08:44:00+00:00
711413,18-24,F,Housing,Tablet,Northeast,0,12.095,2023-06-06 12:39:00+00:00
711414,18-24,F,Housing,Mobile,Northeast,0,10.0775,2023-04-13 06:06:00+00:00
711424,35-44,F,Housing,Mobile,Midwest,1,7.6,2023-05-26 13:55:00+00:00
711430,35-44,F,Housing,Mobile,Midwest,0,14.64,2023-04-28 09:59:00+00:00
711432,35-44,F,Housing,Mobile,Midwest,0,6.1525,2023-06-12 18:14:00+00:00
711436,35-44,F,Housing,Web,Midwest,0,6.7,2023-05-21 20:37:00+00:00
711437,55+,F,Housing,Tablet,South,0,2.75,2023-06-10 16:40:00+00:00
711445,18-24,F,Housing,Tablet,Northeast,1,11.36,2023-04-24 17:07:00+00:00
711446,18-24,F,Housing,Mobile,Northeast,1,5.495,2023-02-06 12:56:00+00:00
711449,35-44,F,Housing,Mobile,Midwest,0,7.6338,2023-03-09 19:01:00+00:00
711451,25-34,F,Housing,Mobile,Northeast,0,8.6,2023-06-05 11:05:00+00:00
711455,18-24,F,Housing,Web,Northeast,1,12.3262,2023-03-23 21:54:00+00:00
711459,55+,F,Housing,Mobile,South,0,7.0075,2023-04-17 22:06:00+00:00
711489,55+,F,Housing,Mobile,South,1,12.7063,2023-03-07 05:09:00+00:00
711497,18-24,F,Housing,Web,Northeast,1,3.1938,2023-04-26 19:59:00+00:00
711501,25-34,F,Housing,Web,Northeast,1,14.36,2023-01-24 11:11:00+00:00
711504,18-24,F,Housing,Tablet,Northeast,0,4.335,2023-05-09 20:35:00+00:00
711507,55+,F,Housing,Web,South,1,9.5638,2023-06-21 03:33:00+00:00
711511,55+,F,Housing,Tablet,South,0,11.46,2023-06-28 22:51:00+00:00
711538,55+,F,Housing,Web,South,0,5.68,2023-03-11 21:18:00+00:00
711540,35-44,F,Housing,Web,Midwest,0,9.1487,2023-06-09 15:14:00+00:00
711542,18-24,F,Housing,Tablet,Northeast,0,11.0375,2023-01-11 22:01:00+00:00
711550,18-24,F,Housing,Mobile,Northeast,1,10.58,2023-06-24 06:07:00+00:00
711551,25-34,F,Housing,Mobile,Northeast,1,8.84,2023-02-17 23:06:00+00:00
711562,18-24,F,Housing,Mobile,Northeast,0,7.6,2023-03-27 01:29:00+00:00
711582,18-24,F,Housing,Web,Northeast,0,2.2412,2023-06-23 17:33:00+00:00
711593,55+,F,Housing,Web,South,1,2.7237,2023-03-01 11:59:00+00:00
711594,55+,F,Housing,Mobile,South,1,11.1438,2023-01-16 03:19:00+00:00
711601,25-34,F,Housing,Web,Northeast,0,9.3,2023-05-31 18:12:00+00:00
711610,35-44,F,Housing,Mobile,Midwest,1,9.86,2023-02-28 10:16:00+00:00
711612,35-44,F,Housing,Mobile,Midwest,0,0.9175,2023-03-16 14:27:00+00:00
711613,18-24,F,Housing,Mobile,Northeast,0,6.44,2023-01-08 19:26:00+00:00
711625,18-24,F,Housing,Mobile,Northeast,0,7.86,2023-04-09 14:22:00+00:00
711651,25-34,F,Housing,Mobile,Northeast,0,12.6,2023-06-05 23:47:00+00:00
711658,55+,F,Housing,Tablet,South,0,8.2,2023-03-17 03:36:00+00:00
711669,55+,F,Housing,Mobile,South,0,8.8087,2023-03-09 07:09:00+00:00
711701,25-34,F,Housing,Tablet,Northeast,1,8.64,2023-04-08 13:13:00+00:00
711709,35-44,F,Housing,Web,Midwest,0,8.68,2023-06-29 11:42:00+00:00
711715,18-24,F,Housing,Tablet,Northeast,1,11.38,2023-02-04 10:13:00+00:00
711732,35-44,F,Housing,Tablet,Midwest,1,10.3763,2023-03-23 21:37:00+00:00
711733,35-44,F,Housing,Mobile,Midwest,0,6.34,2023-03-04 02:00:00+00:00
711735,18-24,F,Housing,Mobile,Northeast,0,1.885,2023-03-30 04:04:00+00:00
711751,25-34,F,Housing,Web,Northeast,0,8.42,2023-02-16 22:40:00+00:00
711754,35-44,F,Housing,Mobile,Midwest,0,13.98,2023-02-14 08:57:00+00:00
711755,18-24,F,Housing,Mobile,Northeast,0,12.7312,2023-04-16 09:15:00+00:00
711758,55+,F,Housing,Tablet,South,0,10.7275,2023-01-23 22:11:00+00:00
711766,18-24,F,Housing,Web,Northeast,0,13.54,2023-04-13 18:40:00+00:00
711801,25-34,F,Housing,Tablet,Northeast,0,12.68,2023-06-29 23:08:00+00:00
711802,35-44,F,Housing,Web,Midwest,0,11.38,2023-02-24 06:42:00+00:00
711804,35-44,F,Housing,Web,Midwest,0,6.3875,2023-04-01 06:04:00+00:00
711805,55+,F,Housing,Web,South,0,13.58,2023-03-26 00:29:00+00:00
711817,55+,F,Housing,Mobile,South,0,13.7,2023-04-01 06:55:00+00:00
711823,55+,F,Housing,Web,South,1,7.52,2023-01-22 09:20:00+00:00
711835,35-44,F,Housing,Mobile,Midwest,0,11.3,2023-05-11 22:35:00+00:00
711837,35-44,F,Housing,Tablet,Midwest,0,12.8338,2023-05-28 03:46:00+00:00
711851,25-34,F,Housing,Tablet,Northeast,0,12.98,2023-04-25 18:24:00+00:00
711865,35-44,F,Housing,Web,Midwest,0,11.08,2023-04-30 23:17:00+00:00
711866,55+,F,Housing,Web,South,0,4.7538,2023-03-25 11:46:00+00:00
711890,55+,F,Housing,Web,South,0,6.2512,2023-05-02 01:08:00+00:00
711901,25-34,F,Housing,Mobile,Northeast,0,15.48,2023-02-09 15:05:00+00:00
711914,18-24,F,Housing,Tablet,Northeast,0,11.6775,2023-05-23 22:03:00+00:00
711922,35-44,F,Housing,Tablet,Midwest,0,9.94,2023-01-03 02:51:00+00:00
711951,25-34,F,Housing,Mobile,Northeast,0,8.16,2023-05-14 01:44:00+00:00
711956,55+,F,Housing,Tablet,South,0,5.3738,2023-01-20 19:54:00+00:00
711966,35-44,F,Housing,Mobile,Midwest,1,3.6713,2023-02-27 09:16:00+00:00
711981,55+,F,Housing,Tablet,South,1,4.705,2023-01-05 04:34:00+00:00
711982,18-24,F,Housing,Mobile,Northeast,0,11.84,2023-04-08 13:05:00+00:00
711986,35-44,F,Housing,Mobile,Midwest,1,1.575,2023-02-10 04:14:00+00:00
712001,25-34,F,Housing,Web,Northeast,1,10.0,2023-05-26 01:55:00+00:00
712005,55+,F,Housing,Mobile,South,0,4.9887,2023-06-21 15:41:00+00:00
712017,18-24,F,Housing,Mobile,Northeast,0,7.165,2023-06-02 20:13:00+00:00
712031,35-44,F,Housing,Mobile,Midwest,0,7.8788,2023-04-14 07:23:00+00:00
712051,25-34,F,Housing,Web,Northeast,1,11.94,2023-05-03 02:43:00+00:00
712052,55+,F,Housing,Mobile,South,1,3.4725,2023-06-28 10:42:00+00:00
712058,35-44,F,Housing,Mobile,Midwest,0,8.5087,2023-01-28 15:21:00+00:00
712065,35-44,F,Housing,Mobile,Midwest,0,9.5,2023-01-01 00:34:00+00:00
712066,55+,F,Housing,Mobile,South,0,6.96,2023-06-23 05:07:00+00:00
712078,55+,F,Housing,Mobile,South,0,9.28,2023-01-10 09:35:00+00:00
712101,25-34,F,Housing,Mobile,Northeast,0,6.14,2023-02-02 08:21:00+00:00
712104,55+,F,Housing,Tablet,South,1,6.6875,2023-06-20 14:15:00+00:00
712122,55+,F,Housing,Mobile,South,1,1.8775,2023-04-13 06:06:00+00:00
712127,18-24,F,Housing,Tablet,Northeast,0,3.7275,2023-05-03 14:51:00+00:00
712135,18-24,F,Housing,Web,Northeast,1,13.6,2023-02-15 21:57:00+00:00
712143,35-44,F,Housing,Tablet,Midwest,0,10.8562,2023-05-06 05:35:00+00:00
712151,25-34,F,Housing,Mobile,Northeast,1,13.54,2023-03-24 22:54:00+00:00
712153,35-44,F,Housing,Tablet,Midwest,0,6.9,2023-02-20 14:41:00+00:00
712155,55+,F,Housing,Mobile,South,1,7.4512,2023-01-02 01:34:00+00:00
712164,18-24,F,Housing,Mobile,Northeast,1,5.1013,2023-06-11 17:48:00+00:00
712200,35-44,F,Housing,Web,Midwest,0,0.7662,2023-03-15 13:36:00+00:00
712201,25-34,F,Housing,Web,Northeast,0,13.72,2023-02-01 19:30:00+00:00
712238,55+,F,Housing,Tablet,South,0,9.5025,2023-05-23 10:46:00+00:00
712240,55+,F,Housing,Mobile,South,0,14.0,2023-02-15 09:57:00+00:00
712251,25-34,F,Housing,Mobile,Northeast,0,8.72,2023-01-02 01:25:00+00:00
712263,55+,F,Housing,Mobile,South,0,5.12,2023-06-06 00:48:00+00:00
712274,18-24,F,Housing,Web,Northeast,0,2.9663,2023-05-14 13:27:00+00:00
712276,55+,F,Housing,Web,South,0,8.02,2023-01-07 18:35:00+00:00
712285,35-44,F,Housing,Web,Midwest,1,6.58,2023-06-24 06:24:00+00:00
712293,35-44,F,Housing,Mobile,Midwest,0,1.6525,2023-05-03 02:51:00+00:00
712294,55+,F,Housing,Mobile,South,1,10.02,2023-01-07 18:18:00+00:00
712300,35-44,F,Housing,Mobile,Midwest,1,6.36,2023-02-13 07:40:00+00:00
712301,25-34,F,Housing,Tablet,Northeast,0,8.62,2023-04-27 20:16:00+00:00
712351,25-34,F,Housing,Tablet,Northeast,0,11.52,2023-03-03 13:25:00+00:00
712370,35-44,F,Housing,Mobile,Midwest,0,12.05,2023-03-02 00:17:00+00:00
712381,35-44,F,Housing,Web,Midwest,0,8.48,2023-03-11 21:44:00+00:00
712401,25-34,F,Housing,Tablet,Northeast,0,10.38,2023-04-15 08:57:00+00:00
712408,35-44,F,Housing,Web,Midwest,0,8.7,2023-05-21 08:20:00+00:00
712437,55+,F,Housing,Mobile,South,0,11.9087,2023-02-17 23:41:00+00:00
712451,25-34,F,Housing,Web,Northeast,0,13.36,2023-04-04 09:04:00+00:00
712457,55+,F,Housing,Web,South,0,8.78,2023-06-14 08:06:00+00:00
712458,35-44,F,Housing,Tablet,Midwest,1,6.3163,2023-06-03 21:39:00+00:00
712466,18-24,F,Housing,Tablet,Northeast,0,10.325,2023-05-21 20:02:00+00:00
712470,55+,F,Housing,Tablet,South,0,11.28,2023-06-14 08:40:00+00:00
712485,35-44,F,Housing,Web,Midwest,0,5.8575,2023-01-07 06:43:00+00:00
712497,18-24,F,Housing,Tablet,Northeast,0,2.0613,2023-05-30 17:38:00+00:00
712501,25-34,F,Housing,Web,Northeast,1,5.9,2023-01-01 12:00:00+00:00
712508,55+,F,Housing,Mobile,South,1,3.545,2023-01-17 04:10:00+00:00
712520,35-44,F,Housing,Mobile,Midwest,1,7.3587,2023-01-28 15:38:00+00:00
712538,35-44,F,Housing,Tablet,Midwest,1,9.8462,2023-06-07 13:05:00+00:00
712541,55+,F,Housing,Tablet,South,0,7.0537,2023-03-25 11:54:00+00:00
712551,25-34,F,Housing,Web,Northeast,1,6.4,2023-03-07 05:26:00+00:00
712578,18-24,F,Housing,Mobile,Northeast,0,4.655,2023-03-26 12:20:00+00:00
712583,55+,F,Housing,Web,South,1,4.215,2023-06-22 04:50:00+00:00
712599,35-44,F,Housing,Tablet,Midwest,0,5.4,2023-06-10 16:31:00+00:00
712601,25-34,F,Housing,Web,Northeast,0,8.2,2023-06-05 23:47:00+00:00
712603,18-24,F,Housing,Tablet,Northeast,0,10.64,2023-06-07 13:05:00+00:00
712605,35-44,F,Housing,Mobile,Midwest,0,3.8237,2023-03-01 11:17:00+00:00
712614,55+,F,Housing,Web,South,0,6.51,2023-03-10 08:18:00+00:00
712617,18-24,F,Housing,Mobile,Northeast,1,2.945,2023-03-18 04:10:00+00:00
712624,35-44,F,Housing,Web,Midwest,0,8.16,2023-04-24 17:07:00+00:00
712639,35-44,F,Housing,Tablet,Midwest,0,6.9,2023-03-12 22:44:00+00:00
712651,25-34,F,Housing,Tablet,Northeast,0,8.98,2023-06-04 22:04:00+00:00
712657,18-24,F,Housing,Mobile,Northeast,0,9.04,2023-04-28 09:59:00+00:00
712663,55+,F,Housing,Web,South,0,8.18,2023-02-24 18:59:00+00:00
712667,55+,F,Housing,Mobile,South,0,1.3013,2023-02-11 17:14:00+00:00
712677,18-24,F,Housing,Mobile,Northeast,0,7.1925,2023-06-24 18:50:00+00:00
712681,55+,F,Housing,Web,South,0,6.12,2023-04-02 19:47:00+00:00
712691,55+,F,Housing,Tablet,South,0,5.8487,2023-01-20 07:28:00+00:00
712693,35-44,F,Housing,Tablet,Midwest,1,8.48,2023-03-31 05:04:00+00:00
712697,18-24,F,Housing,Tablet,Northeast,0,11.0575,2023-01-07 06:09:00+00:00
712699,18-24,F,Housing,Tablet,Northeast,0,6.86,2023-01-09 08:18:00+00:00
712700,35-44,F,Housing,Mobile,Midwest,0,6.1612,2023-03-31 17:29:00+00:00
712701,25-34,F,Housing,Mobile,Northeast,0,15.4,2023-05-16 15:53:00+00:00
712707,55+,F,Housing,Mobile,South,0,10.015,2023-06-02 20:30:00+00:00
712710,18-24,F,Housing,Tablet,Northeast,1,11.0663,2023-05-14 13:01:00+00:00
712724,55+,F,Housing,Mobile,South,0,9.0188,2023-02-25 07:59:00+00:00
712726,55+,F,Housing,Tablet,South,0,7.82,2023-06-06 00:13:00+00:00
712751,25-34,F,Housing,Web,Northeast,1,9.2,2023-05-06 05:26:00+00:00
712766,35-44,F,Housing,Mobile,Midwest,0,2.9013,2023-03-23 09:28:00+00:00
712772,18-24,F,Housing,Web,Northeast,1,2.3862,2023-01-10 21:35:00+00:00
712775,18-24,F,Housing,Web,Northeast,0,3.76,2023-05-09 08:52:00+00:00
712780,35-44,F,Housing,Tablet,Midwest,0,14.1,2023-04-21 14:07:00+00:00
712787,55+,F,Housing,Tablet,South,0,9.26,2023-03-10 08:01:00+00:00
712794,55+,F,Housing,Tablet,South,0,11.8038,2023-03-05 03:00:00+00:00
712801,25-34,F,Housing,Web,Northeast,0,13.6,2023-03-07 05:43:00+00:00
712806,55+,F,Housing,Web,South,1,8.05,2023-06-10 16:31:00+00:00
712830,55+,F,Housing,Mobile,South,0,7.5163,2023-01-14 13:44:00+00:00
712833,55+,F,Housing,Web,South,0,2.5312,2023-05-26 01:29:00+00:00
712839,35-44,F,Housing,Tablet,Midwest,1,10.8063,2023-06-15 21:49:00+00:00
712851,25-34,F,Housing,Tablet,Northeast,0,7.56,2023-01-04 15:00:00+00:00
712859,18-24,F,Housing,Web,Northeast,0,11.6475,2023-02-08 14:39:00+00:00
712860,35-44,F,Housing,Mobile,Midwest,1,9.335,2023-03-30 04:38:00+00:00
712873,35-44,F,Housing,Mobile,Midwest,0,12.84,2023-05-08 19:09:00+00:00
712876,55+,F,Housing,Tablet,South,0,6.76,2023-04-14 19:40:00+00:00
712889,18-24,F,Housing,Mobile,Northeast,1,12.6762,2023-02-11 05:23:00+00:00
712891,35-44,F,Housing,Tablet,Midwest,0,9.18,2023-01-05 04:34:00+00:00
712895,55+,F,Housing,Tablet,South,1,9.005,2023-05-05 04:17:00+00:00
712900,18-24,F,Housing,Tablet,Northeast,0,10.12,2023-01-12 11:27:00+00:00
712901,25-34,F,Housing,Web,Northeast,1,10.06,2023-05-09 08:09:00+00:00
712902,55+,F,Housing,Web,South,1,8.2413,2023-03-15 01:10:00+00:00
712903,35-44,F,Housing,Web,Midwest,0,13.46,2023-02-08 14:31:00+00:00
712906,18-24,F,Housing,Tablet,Northeast,0,11.78,2023-04-05 10:04:00+00:00
712907,35-44,F,Housing,Tablet,Midwest,0,8.7163,2023-03-15 13:27:00+00:00
712910,18-24,F,Housing,Tablet,Northeast,0,1.7288,2023-06-13 07:06:00+00:00
712918,55+,F,Housing,Tablet,South,0,13.02,2023-06-26 20:33:00+00:00
712930,35-44,F,Housing,Mobile,Midwest,1,5.7,2023-06-20 02:50:00+00:00
712942,55+,F,Housing,Mobile,South,0,11.32,2023-02-01 19:04:00+00:00
712945,18-24,F,Housing,Tablet,Northeast,0,15.3,2023-04-01 06:21:00+00:00
712951,25-34,F,Housing,Web,Northeast,0,12.36,2023-05-24 11:03:00+00:00
712962,35-44,F,Housing,Mobile,Midwest,0,9.0038,2023-01-24 11:54:00+00:00
712976,55+,F,Housing,Mobile,South,0,8.7713,2023-06-07 01:31:00+00:00
712993,35-44,F,Housing,Mobile,Midwest,0,15.26,2023-03-10 20:44:00+00:00
712996,55+,F,Housing,Web,South,1,15.18,2023-03-06 04:17:00+00:00
713001,25-34,F,Housing,Tablet,Northeast,1,8.6,2023-04-06 23:05:00+00:00
713015,18-24,F,Housing,Web,Northeast,0,11.6925,2023-06-24 18:33:00+00:00
713031,35-44,F,Housing,Web,Midwest,1,0.7362,2023-01-10 21:01:00+00:00
713039,18-24,F,Housing,Web,Northeast,0,7.2575,2023-01-07 06:43:00+00:00
713046,18-24,F,Housing,Mobile,Northeast,0,2.9112,2023-01-30 17:38:00+00:00
713051,25-34,F,Housing,Mobile,Northeast,0,7.22,2023-03-28 02:20:00+00:00
713061,55+,F,Housing,Web,South,0,11.52,2023-03-18 16:02:00+00:00
713080,18-24,F,Housing,Web,Northeast,0,11.3,2023-02-20 02:41:00+00:00
713082,18-24,F,Housing,Mobile,Northeast,0,5.2438,2023-01-16 03:02:00+00:00
713084,55+,F,Housing,Web,South,0,2.7725,2023-02-08 02:39:00+00:00
713087,18-24,F,Housing,Web,Northeast,0,7.0125,2023-04-01 18:12:00+00:00
713093,18-24,F,Housing,Web,Northeast,0,1.5337,2023-03-09 19:52:00+00:00
713099,55+,F,Housing,Mobile,South,0,12.59,2023-02-22 16:33:00+00:00
713101,25-34,F,Housing,Web,Northeast,1,11.98,2023-02-14 08:32:00+00:00
713108,55+,F,Housing,Web,South,1,1.0488,2023-02-09 15:57:00+00:00
713114,18-24,F,Housing,Mobile,Northeast,1,2.8937,2023-02-05 11:05:00+00:00
713119,55+,F,Housing,Web,South,0,7.5,2023-03-22 20:28:00+00:00
713137,55+,F,Housing,Tablet,South,1,13.72,2023-06-01 07:30:00+00:00
713151,25-34,F,Housing,Web,Northeast,0,12.32,2023-06-11 05:23:00+00:00
713154,55+,F,Housing,Web,South,1,6.8887,2023-01-12 23:53:00+00:00
713172,55+,F,Housing,Web,South,0,4.8762,2023-02-11 05:05:00+00:00
713185,18-24,F,Housing,Mobile,Northeast,0,11.38,2023-02-24 18:59:00+00:00
713193,55+,F,Housing,Web,South,0,6.4313,2023-01-26 01:55:00+00:00
713201,25-34,F,Housing,Mobile,Northeast,0,13.06,2023-02-28 22:42:00+00:00
713206,18-24,F,Housing,Mobile,Northeast,1,11.68,2023-05-10 21:52:00+00:00
713212,18-24,F,Housing,Tablet,Northeast,1,7.14,2023-03-04 14:26:00+00:00
713213,55+,F,Housing,Mobile,South,1,4.7025,2023-06-12 18:23:00+00:00
713244,18-24,F,Housing,Web,Northeast,0,11.7637,2023-06-21 03:15:00+00:00
713245,35-44,F,Housing,Web,Midwest,0,13.46,2023-05-19 18:28:00+00:00
713250,18-24,F,Housing,Web,Northeast,0,6.76,2023-01-09 08:26:00+00:00
713251,25-34,F,Housing,Web,Northeast,0,5.9,2023-01-21 08:28:00+00:00
713252,18-24,F,Housing,Mobile,Northeast,1,5.5462,2023-02-07 13:13:00+00:00
713257,35-44,F,Housing,Tablet,Midwest,1,8.66,2023-02-28 22:51:00+00:00
713262,18-24,F,Housing,Mobile,Northeast,1,11.7575,2023-05-07 06:00:00+00:00
713277,18-24,F,Housing,Tablet,Northeast,0,4.1688,2023-02-25 07:25:00+00:00
713281,55+,F,Housing,Tablet,South,0,12.0,2023-01-06 17:26:00+00:00
713285,35-44,F,Housing,Tablet,Midwest,1,2.4725,2023-03-20 18:36:00+00:00
713287,18-24,F,Housing,Mobile,Northeast,1,6.46,2023-05-29 16:29:00+00:00
713301,25-34,F,Housing,Web,Northeast,1,6.8,2023-04-16 09:06:00+00:00
713306,35-44,F,Housing,Mobile,Midwest,0,10.9887,2023-03-13 23:53:00+00:00
713311,55+,F,Housing,Mobile,South,0,7.94,2023-04-13 18:57:00+00:00
713327,18-24,F,Housing,Web,Northeast,0,11.5625,2023-05-31 18:04:00+00:00
713330,35-44,F,Housing,Web,Midwest,1,11.2238,2023-05-20 19:37:00+00:00
713331,18-24,F,Housing,Mobile,Northeast,0,12.255,2023-01-25 12:46:00+00:00
713335,35-44,F,Housing,Web,Midwest,1,13.16,2023-03-25 23:37:00+00:00
713340,18-24,F,Housing,Tablet,Northeast,0,5.65,2023-05-21 08:02:00+00:00
713342,55+,F,Housing,Mobile,South,0,3.0762,2023-06-11 05:48:00+00:00
713344,35-44,F,Housing,Web,Midwest,0,14.64,2023-02-07 01:05:00+00:00
713347,55+,F,Housing,Tablet,South,0,9.7,2023-04-01 06:04:00+00:00
713351,25-34,F,Housing,Tablet,Northeast,0,12.0,2023-03-27 01:20:00+00:00
713355,35-44,F,Housing,Mobile,Midwest,0,9.1813,2023-03-07 17:26:00+00:00
713367,35-44,F,Housing,Tablet,Midwest,1,8.3637,2023-05-12 11:27:00+00:00
713369,55+,F,Housing,Web,South,1,7.225,2023-05-01 12:25:00+00:00
713370,18-24,F,Housing,Tablet,Northeast,0,6.2237,2023-02-09 03:57:00+00:00
713373,18-24,F,Housing,Web,Northeast,1,0.9287,2023-01-24 23:29:00+00:00
713391,35-44,F,Housing,Web,Midwest,0,12.1025,2023-03-04 02:34:00+00:00
713393,35-44,F,Housing,Mobile,Midwest,0,10.5825,2023-01-07 18:43:00+00:00
713401,25-34,F,Housing,Tablet,Northeast,0,15.0,2023-02-05 23:39:00+00:00
713405,35-44,F,Housing,Tablet,Midwest,0,1.095,2023-06-06 12:30:00+00:00
713412,35-44,F,Housing,Web,Midwest,0,12.6312,2023-03-07 17:35:00+00:00
713419,18-24,F,Housing,Web,Northeast,1,11.06,2023-03-20 18:11:00+00:00
713451,25-34,F,Housing,Tablet,Northeast,0,6.88,2023-04-20 01:32:00+00:00
713465,35-44,F,Housing,Tablet,Midwest,0,0.9175,2023-02-24 06:24:00+00:00
713480,18-24,F,Housing,Mobile,Northeast,0,2.61,2023-05-09 08:44:00+00:00
713481,55+,F,Housing,Mobile,South,0,8.4138,2023-05-12 11:18:00+00:00
713492,18-24,F,Housing,Web,Northeast,0,8.0425,2023-06-04 10:04:00+00:00
713497,18-24,F,Housing,Web,Northeast,0,7.62,2023-01-07 06:35:00+00:00
713501,25-34,F,Housing,Tablet,Northeast,1,6.92,2023-02-21 15:58:00+00:00
713512,35-44,F,Housing,Mobile,Midwest,0,11.96,2023-01-24 23:54:00+00:00
713529,55+,F,Housing,Tablet,South,1,12.7163,2023-01-14 13:10:00+00:00
713530,35-44,F,Housing,Mobile,Midwest,0,11.88,2023-06-09 15:22:00+00:00
713532,55+,F,Housing,Mobile,South,0,9.5838,2023-01-08 19:35:00+00:00
713551,25-34,F,Housing,Web,Northeast,0,10.78,2023-02-14 20:06:00+00:00
713565,18-24,F,Housing,Web,Northeast,0,5.085,2023-06-18 12:41:00+00:00
713578,18-24,F,Housing,Web,Northeast,0,12.68,2023-06-09 15:14:00+00:00
713600,18-24,F,Housing,Tablet,Northeast,0,5.855,2023-04-15 20:57:00+00:00
713601,25-34,F,Housing,Tablet,Northeast,1,10.4,2023-02-15 09:49:00+00:00
713612,55+,F,Housing,Mobile,South,0,12.3812,2023-03-27 01:55:00+00:00
713613,35-44,F,Housing,Tablet,Midwest,0,9.0512,2023-03-03 01:25:00+00:00
713622,18-24,F,Housing,Web,Northeast,1,1.2775,2023-02-12 06:31:00+00:00
713627,18-24,F,Housing,Web,Northeast,1,12.135,2023-03-10 20:52:00+00:00
713641,35-44,F,Housing,Tablet,Midwest,0,13.28,2023-05-30 17:12:00+00:00
713651,25-34,F,Housing,Mobile,Northeast,0,14.76,2023-06-13 07:14:00+00:00
713654,35-44,F,Housing,Web,Midwest,1,9.4763,2023-03-03 13:34:00+00:00
713675,55+,F,Housing,Tablet,South,0,3.6063,2023-06-15 21:40:00+00:00
713688,35-44,F,Housing,Tablet,Midwest,0,8.0663,2023-04-04 21:04:00+00:00
713698,55+,F,Housing,Mobile,South,0,9.2,2023-03-27 13:37:00+00:00
713700,35-44,F,Housing,Mobile,Midwest,0,3.3575,2023-06-16 22:58:00+00:00
713701,25-34,F,Housing,Tablet,Northeast,1,10.92,2023-04-22 15:50:00+00:00
713712,55+,F,Housing,Web,South,0,5.6612,2023-02-19 01:41:00+00:00
713737,18-24,F,Housing,Mobile,Northeast,1,12.48,2023-05-10 21:35:00+00:00
713740,35-44,F,Housing,Tablet,Midwest,1,13.66,2023-05-29 16:55:00+00:00
713744,35-44,F,Housing,Web,Midwest,0,4.6612,2023-05-30 17:04:00+00:00
713747,35-44,F,Housing,Tablet,Midwest,0,6.1425,2023-06-04 10:47:00+00:00
713750,35-44,F,Housing,Mobile,Midwest,0,12.9913,2023-06-03 09:39:00+00:00
713751,25-34,F,Housing,Tablet,Northeast,0,6.0,2023-01-06 05:35:00+00:00
713761,55+,F,Housing,Tablet,South,0,8.54,2023-04-23 04:58:00+00:00
713787,35-44,F,Housing,Tablet,Midwest,1,9.5913,2023-04-04 09:04:00+00:00
713801,25-34,F,Housing,Web,Northeast,0,13.9,2023-05-01 00:42:00+00:00
713823,18-24,F,Housing,Web,Northeast,0,8.4437,2023-02-25 19:50:00+00:00
713833,35-44,F,Housing,Mobile,Midwest,0,11.12,2023-04-12 17:14:00+00:00
713851,25-34,F,Housing,Web,Northeast,1,13.02,2023-02-26 20:33:00+00:00
713874,55+,F,Housing,Web,South,0,9.1337,2023-03-29 03:03:00+00:00
713883,35-44,F,Housing,Web,Midwest,0,12.8812,2023-04-16 09:32:00+00:00
713884,18-24,F,Housing,Tablet,Northeast,0,6.42,2023-05-07 06:18:00+00:00
713886,18-24,F,Housing,Web,Northeast,0,7.5388,2023-06-21 15:50:00+00:00
713895,35-44,F,Housing,Mobile,Midwest,0,12.5687,2023-04-06 23:39:00+00:00
713901,25-34,F,Housing,Web,Northeast,0,8.96,2023-06-23 05:16:00+00:00
713945,35-44,F,Housing,Tablet,Midwest,0,11.9825,2023-02-16 10:40:00+00:00
713949,35-44,F,Housing,Web,Midwest,0,5.0938,2023-01-16 03:10:00+00:00
713951,25-34,F,Housing,Mobile,Northeast,0,8.92,2023-04-22 03:33:00+00:00
713955,35-44,F,Housing,Tablet,Midwest,0,3.445,2023-06-06 12:13:00+00:00
713984,35-44,F,Housing,Mobile,Midwest,1,12.5738,2023-01-20 19:54:00+00:00
713986,35-44,F,Housing,Tablet,Midwest,0,15.4,2023-04-26 19:25:00+00:00
713990,18-24,F,Housing,Tablet,Northeast,1,12.565,2023-06-02 20:47:00+00:00
713992,35-44,F,Housing,Tablet,Midwest,0,10.98,2023-05-15 14:19:00+00:00
713995,55+,F,Housing,Mobile,South,1,8.46,2023-01-09 20:01:00+00:00
713999,55+,F,Housing,Mobile,South,0,11.6725,2023-06-08 02:05:00+00:00
714001,25-34,F,Housing,Web,Northeast,0,14.8,2023-01-26 13:03:00+00:00
714003,35-44,F,Housing,Mobile,Midwest,1,5.7387,2023-02-01 07:47:00+00:00
714006,35-44,F,Housing,Mobile,Midwest,0,1.9875,2023-02-20 14:32:00+00:00
714007,35-44,F,Housing,Web,Midwest,0,14.08,2023-05-30 05:21:00+00:00
714008,18-24,F,Housing,Web,Northeast,0,5.3113,2023-05-10 09:35:00+00:00
714013,35-44,F,Housing,Web,Midwest,0,9.66,2023-04-19 12:49:00+00:00
714019,35-44,F,Housing,Mobile,Midwest,1,13.58,2023-05-05 04:09:00+00:00
714038,35-44,F,Housing,Tablet,Midwest,0,7.1225,2023-02-28 10:34:00+00:00
714045,18-24,F,Housing,Web,Northeast,0,4.4275,2023-06-12 06:06:00+00:00
714051,25-34,F,Housing,Web,Northeast,0,9.32,2023-02-21 15:07:00+00:00
714064,18-24,F,Housing,Web,Northeast,0,6.88,2023-05-10 09:18:00+00:00
714070,55+,F,Housing,Tablet,South,0,10.88,2023-04-20 13:41:00+00:00
714079,35-44,F,Housing,Web,Midwest,0,6.6,2023-04-06 23:47:00+00:00
714086,55+,F,Housing,Tablet,South,1,5.3063,2023-03-07 05:09:00+00:00
714099,18-24,F,Housing,Web,Northeast,1,11.9588,2023-03-29 15:55:00+00:00
714101,25-34,F,Housing,Web,Northeast,0,9.96,2023-04-14 07:06:00+00:00
714102,35-44,F,Housing,Tablet,Midwest,0,7.4262,2023-05-02 13:25:00+00:00
714129,18-24,F,Housing,Tablet,Northeast,0,0.8,2023-06-10 16:48:00+00:00
714131,35-44,F,Housing,Web,Midwest,1,3.3213,2023-02-07 01:31:00+00:00
714138,35-44,F,Housing,Mobile,Midwest,1,9.3138,2023-02-21 03:33:00+00:00
714140,35-44,F,Housing,Web,Midwest,0,6.4638,2023-01-12 11:53:00+00:00
714149,18-24,F,Housing,Mobile,Northeast,0,1.705,2023-06-14 20:40:00+00:00
714151,25-34,F,Housing,Web,Northeast,0,7.46,2023-03-20 18:45:00+00:00
714155,18-24,F,Housing,Tablet,Northeast,0,8.99,2023-06-02 08:21:00+00:00
714157,55+,F,Housing,Tablet,South,0,9.32,2023-02-01 19:38:00+00:00
714169,55+,F,Housing,Mobile,South,0,6.94,2023-01-13 00:53:00+00:00
714201,25-34,F,Housing,Tablet,Northeast,1,10.2,2023-03-17 15:19:00+00:00
714206,55+,F,Housing,Tablet,South,1,7.115,2023-06-22 04:58:00+00:00
714210,18-24,F,Housing,Mobile,Northeast,1,12.68,2023-01-25 00:46:00+00:00
714228,18-24,F,Housing,Tablet,Northeast,0,1.925,2023-05-01 12:25:00+00:00
714230,35-44,F,Housing,Tablet,Midwest,0,7.3113,2023-01-10 09:09:00+00:00
714247,55+,F,Housing,Tablet,South,0,15.48,2023-04-30 23:51:00+00:00
714251,25-34,F,Housing,Tablet,Northeast,0,5.78,2023-05-15 02:36:00+00:00
714254,35-44,F,Housing,Mobile,Midwest,0,1.9563,2023-05-06 05:52:00+00:00
714263,55+,F,Housing,Web,South,0,12.5237,2023-06-29 11:25:00+00:00
714285,18-24,F,Housing,Web,Northeast,0,2.0163,2023-06-23 05:50:00+00:00
714301,25-34,F,Housing,Tablet,Northeast,1,11.56,2023-03-25 23:20:00+00:00
714319,35-44,F,Housing,Tablet,Midwest,0,12.98,2023-05-15 14:36:00+00:00
714334,18-24,F,Housing,Tablet,Northeast,0,10.74,2023-03-24 22:03:00+00:00
714337,35-44,F,Housing,Web,Midwest,0,5.7,2023-04-01 18:38:00+00:00
714341,55+,F,Housing,Tablet,South,0,0.6425,2023-03-16 02:36:00+00:00
714346,18-24,F,Housing,Mobile,Northeast,0,10.74,2023-05-23 10:46:00+00:00
714351,25-34,F,Housing,Mobile,Northeast,0,9.76,2023-06-23 17:24:00+00:00
714383,35-44,F,Housing,Tablet,Midwest,0,8.6625,2023-03-12 10:18:00+00:00
714387,18-24,F,Housing,Mobile,Northeast,0,10.9537,2023-04-14 19:49:00+00:00
714401,25-34,F,Housing,Mobile,Northeast,0,9.56,2023-03-05 03:51:00+00:00
714402,35-44,F,Housing,Web,Midwest,0,3.9162,2023-01-14 13:53:00+00:00
714408,18-24,F,Housing,Tablet,Northeast,0,0.7762,2023-05-02 13:34:00+00:00
714412,18-24,F,Housing,Tablet,Northeast,0,14.78,2023-03-06 16:43:00+00:00
714440,55+,F,Housing,Web,South,1,2.3125,2023-01-31 18:04:00+00:00
714441,55+,F,Housing,Tablet,South,0,9.4775,2023-06-12 06:14:00+00:00
714451,25-34,F,Housing,Mobile,Northeast,0,6.88,2023-05-10 21:27:00+00:00
714458,35-44,F,Housing,Web,Midwest,0,11.425,2023-01-21 20:28:00+00:00
714461,55+,F,Housing,Web,South,0,4.1787,2023-03-25 23:54:00+00:00
714469,18-24,F,Housing,Web,Northeast,0,5.54,2023-03-24 10:11:00+00:00
714474,55+,F,Housing,Tablet,South,1,2.525,2023-03-22 20:45:00+00:00
714487,18-24,F,Housing,Mobile,Northeast,0,12.14,2023-03-14 12:36:00+00:00
714492,55+,F,Housing,Tablet,South,0,9.9525,2023-04-13 18:48:00+00:00
714494,55+,F,Housing,Tablet,South,1,8.5463,2023-02-07 13:13:00+00:00
714500,35-44,F,Housing,Tablet,Midwest,1,8.99,2023-03-14 00:10:00+00:00
714501,25-34,F,Housing,Tablet,Northeast,0,11.42,2023-01-17 16:10:00+00:00
714514,55+,F,Housing,Web,South,1,13.98,2023-03-26 12:12:00+00:00
714532,55+,F,Housing,Web,South,0,6.36,2023-06-13 19:31:00+00:00
714542,18-24,F,Housing,Web,Northeast,0,12.5262,2023-02-11 05:05:00+00:00
714547,35-44,F,Housing,Web,Midwest,1,15.22,2023-06-16 22:32:00+00:00
714551,25-34,F,Housing,Tablet,Northeast,1,12.16,2023-02-23 05:16:00+00:00
714552,35-44,F,Housing,Web,Midwest,0,9.0125,2023-01-11 10:10:00+00:00
714568,35-44,F,Housing,Web,Midwest,0,13.42,2023-01-17 16:02:00+00:00
714569,18-24,F,Housing,Mobile,Northeast,0,1.6725,2023-03-20 18:45:00+00:00
714572,35-44,F,Housing,Tablet,Midwest,0,2.5125,2023-03-12 10:52:00+00:00
714596,35-44,F,Housing,Mobile,Midwest,0,8.5013,2023-03-23 09:54:00+00:00
714601,25-34,F,Housing,Tablet,Northeast,0,7.76,2023-03-15 01:19:00+00:00
714621,18-24,F,Housing,Mobile,Northeast,0,7.57,2023-06-06 00:13:00+00:00
714623,55+,F,Housing,Web,South,0,3.8712,2023-01-18 17:11:00+00:00
714632,18-24,F,Housing,Web,Northeast,0,3.0612,2023-01-10 09:09:00+00:00
714639,35-44,F,Housing,Mobile,Midwest,0,1.5825,2023-01-27 02:12:00+00:00
714641,18-24,F,Housing,Mobile,Northeast,1,2.2525,2023-05-03 02:17:00+00:00
714646,18-24,F,Housing,Tablet,Northeast,0,12.82,2023-01-07 06:43:00+00:00
714648,18-24,F,Housing,Mobile,Northeast,0,10.4413,2023-06-23 17:59:00+00:00
714651,25-34,F,Housing,Mobile,Northeast,1,12.36,2023-05-24 11:54:00+00:00
714663,18-24,F,Housing,Web,Northeast,0,5.385,2023-03-30 04:55:00+00:00
714674,35-44,F,Housing,Tablet,Midwest,0,10.0738,2023-06-09 03:14:00+00:00
714689,35-44,F,Housing,Tablet,Midwest,0,4.1075,2023-03-08 06:43:00+00:00
714697,35-44,F,Housing,Mobile,Midwest,0,7.2,2023-01-26 13:29:00+00:00
714701,25-34,F,Housing,Mobile,Northeast,1,7.28,2023-02-19 01:49:00+00:00
714703,18-24,F,Housing,Web,Northeast,0,7.78,2023-03-16 02:19:00+00:00
714704,55+,F,Housing,Mobile,South,0,6.7213,2023-01-18 17:19:00+00:00
714718,18-24,F,Housing,Web,Northeast,1,6.5,2023-02-20 02:41:00+00:00
714735,35-44,F,Housing,Tablet,Midwest,0,3.72,2023-02-06 00:30:00+00:00
714741,18-24,F,Housing,Mobile,Northeast,0,8.4175,2023-06-24 06:07:00+00:00
714747,18-24,F,Housing,Mobile,Northeast,0,11.3025,2023-03-24 10:46:00+00:00
714751,25-34,F,Housing,Web,Northeast,0,10.22,2023-04-27 08:25:00+00:00
714755,18-24,F,Housing,Web,Northeast,0,9.6237,2023-05-20 19:54:00+00:00
714761,18-24,F,Housing,Tablet,Northeast,0,8.3262,2023-05-02 13:17:00+00:00
714763,18-24,F,Housing,Mobile,Northeast,0,9.64,2023-02-17 23:15:00+00:00
714767,55+,F,Housing,Mobile,South,1,10.835,2023-04-19 12:24:00+00:00
714797,55+,F,Housing,Tablet,South,1,9.8362,2023-03-31 05:47:00+00:00
714801,25-34,F,Housing,Tablet,Northeast,0,14.72,2023-05-02 13:43:00+00:00
714809,18-24,F,Housing,Mobile,Northeast,1,11.505,2023-05-25 12:29:00+00:00
714824,35-44,F,Housing,Web,Midwest,0,6.9413,2023-04-04 09:30:00+00:00
714826,35-44,F,Housing,Tablet,Midwest,0,8.38,2023-03-26 00:12:00+00:00
714834,18-24,F,Housing,Web,Northeast,1,11.73,2023-05-25 00:54:00+00:00
714844,55+,F,Housing,Tablet,South,0,13.82,2023-03-18 16:10:00+00:00
714851,25-34,F,Housing,Web,Northeast,1,6.38,2023-01-25 00:03:00+00:00
714855,18-24,F,Housing,Tablet,Northeast,1,10.3912,2023-06-03 09:39:00+00:00
714867,55+,F,Housing,Web,South,0,8.1125,2023-01-11 10:01:00+00:00
714891,55+,F,Housing,Tablet,South,0,3.36,2023-04-19 00:15:00+00:00
714900,18-24,F,Housing,Web,Northeast,0,2.8937,2023-01-16 03:19:00+00:00
714901,25-34,F,Housing,Mobile,Northeast,0,10.52,2023-01-12 23:27:00+00:00
714908,55+,F,Housing,Mobile,South,1,2.6888,2023-05-12 23:53:00+00:00
714912,18-24,F,Housing,Web,Northeast,0,10.4325,2023-05-07 18:35:00+00:00
714918,18-24,F,Housing,Web,Northeast,0,8.875,2023-05-21 20:11:00+00:00
714926,35-44,F,Housing,Web,Midwest,1,11.3125,2023-01-11 10:52:00+00:00
714929,55+,F,Housing,Mobile,South,0,4.2788,2023-06-13 07:49:00+00:00
714942,35-44,F,Housing,Mobile,Midwest,0,9.95,2023-01-01 00:17:00+00:00
714949,35-44,F,Housing,Tablet,Midwest,0,14.66,2023-05-19 06:45:00+00:00
714951,25-34,F,Housing,Web,Northeast,0,9.62,2023-05-27 02:03:00+00:00
714957,35-44,F,Housing,Tablet,Midwest,0,9.3637,2023-02-21 03:07:00+00:00
714974,55+,F,Housing,Web,South,0,12.1463,2023-05-18 05:45:00+00:00
714977,55+,F,Housing,Mobile,South,0,9.1237,2023-06-09 03:39:00+00:00
714978,18-24,F,Housing,Tablet,Northeast,0,9.5988,2023-03-01 23:25:00+00:00
714985,18-24,F,Housing,Web,Northeast,0,11.78,2023-06-04 22:04:00+00:00
714990,18-24,F,Housing,Mobile,Northeast,1,4.3338,2023-03-09 19:52:00+00:00
715001,25-34,F,Housing,Mobile,Northeast,0,10.56,2023-01-14 13:53:00+00:00
715008,35-44,F,Housing,Web,Midwest,0,8.2,2023-05-01 00:17:00+00:00
715012,55+,F,Housing,Web,South,0,15.16,2023-03-25 23:46:00+00:00
715027,18-24,F,Housing,Web,Northeast,0,6.96,2023-04-04 09:30:00+00:00
715028,55+,F,Housing,Mobile,South,0,4.4375,2023-03-12 22:27:00+00:00
715038,18-24,F,Housing,Tablet,Northeast,0,8.395,2023-01-17 04:02:00+00:00
715051,25-34,F,Housing,Mobile,Northeast,0,8.32,2023-06-11 17:05:00+00:00
715056,18-24,F,Housing,Web,Northeast,0,2.6,2023-05-21 08:11:00+00:00
715067,35-44,F,Housing,Mobile,Midwest,0,4.6775,2023-03-04 14:34:00+00:00
715068,55+,F,Housing,Web,South,0,1.3988,2023-03-01 23:25:00+00:00
715084,35-44,F,Housing,Mobile,Midwest,0,11.34,2023-01-13 00:36:00+00:00
715095,55+,F,Housing,Mobile,South,0,9.9512,2023-06-11 17:31:00+00:00
715099,55+,F,Housing,Tablet,South,0,15.14,2023-04-13 06:23:00+00:00
715101,25-34,F,Housing,Web,Northeast,1,10.44,2023-03-09 07:43:00+00:00
715102,55+,F,Housing,Tablet,South,0,11.28,2023-05-30 17:12:00+00:00
715110,55+,F,Housing,Mobile,South,1,12.145,2023-02-26 20:42:00+00:00
715114,35-44,F,Housing,Web,Midwest,0,7.98,2023-06-14 08:32:00+00:00
715116,55+,F,Housing,Tablet,South,1,12.1925,2023-02-24 18:42:00+00:00
715118,18-24,F,Housing,Mobile,Northeast,1,5.1137,2023-06-01 19:21:00+00:00
715125,35-44,F,Housing,Tablet,Midwest,0,11.235,2023-05-29 04:04:00+00:00
715131,18-24,F,Housing,Tablet,Northeast,0,11.2175,2023-05-15 14:27:00+00:00
715150,35-44,F,Housing,Web,Midwest,0,9.1,2023-05-21 20:11:00+00:00
715151,25-34,F,Housing,Tablet,Northeast,0,14.8,2023-04-16 21:40:00+00:00
715160,18-24,F,Housing,Tablet,Northeast,0,9.5188,2023-02-05 23:30:00+00:00
715164,18-24,F,Housing,Tablet,Northeast,0,4.7287,2023-03-25 23:11:00+00:00
715182,55+,F,Housing,Web,South,1,2.5013,2023-04-12 17:23:00+00:00
715195,55+,F,Housing,Mobile,South,0,8.3,2023-03-22 08:54:00+00:00
715201,25-34,F,Housing,Web,Northeast,0,13.36,2023-04-24 05:41:00+00:00
715204,35-44,F,Housing,Tablet,Midwest,0,10.38,2023-02-14 20:40:00+00:00
715206,18-24,F,Housing,Tablet,Northeast,0,1.23,2023-03-06 16:26:00+00:00
715219,18-24,F,Housing,Tablet,Northeast,0,12.06,2023-04-19 12:32:00+00:00
715231,55+,F,Housing,Mobile,South,1,13.76,2023-03-15 01:19:00+00:00
715245,18-24,F,Housing,Mobile,Northeast,0,5.375,2023-01-21 20:11:00+00:00
715251,25-34,F,Housing,Web,Northeast,0,14.78,2023-01-05 04:00:00+00:00
715260,55+,F,Housing,Web,South,0,5.41,2023-04-19 00:32:00+00:00
715261,55+,F,Housing,Mobile,South,1,13.58,2023-01-25 12:20:00+00:00
715262,55+,F,Housing,Mobile,South,1,1.5925,2023-01-15 02:10:00+00:00
715268,18-24,F,Housing,Web,Northeast,1,10.6913,2023-04-04 09:04:00+00:00
715278,35-44,F,Housing,Tablet,Midwest,1,6.3113,2023-01-30 17:21:00+00:00
715290,18-24,F,Housing,Web,Northeast,0,4.6875,2023-03-12 22:18:00+00:00
715301,25-34,F,Housing,Web,Northeast,0,11.12,2023-01-02 13:25:00+00:00
715320,55+,F,Housing,Web,South,0,9.395,2023-04-07 12:30:00+00:00
715338,18-24,F,Housing,Mobile,Northeast,1,12.7075,2023-04-17 22:40:00+00:00
715342,55+,F,Housing,Web,South,0,15.24,2023-02-17 11:58:00+00:00
715351,25-34,F,Housing,Web,Northeast,0,11.48,2023-02-09 03:39:00+00:00
715376,18-24,F,Housing,Mobile,Northeast,0,1.3025,2023-02-12 18:14:00+00:00
715396,35-44,F,Housing,Mobile,Midwest,0,11.72,2023-06-21 15:07:00+00:00
715401,25-34,F,Housing,Tablet,Northeast,0,6.34,2023-05-03 14:26:00+00:00
715418,35-44,F,Housing,Mobile,Midwest,0,12.7088,2023-06-17 23:23:00+00:00
715425,18-24,F,Housing,Web,Northeast,0,9.1237,2023-03-01 11:17:00+00:00
715427,55+,F,Housing,Mobile,South,0,12.1075,2023-03-28 14:46:00+00:00
715432,35-44,F,Housing,Tablet,Midwest,1,8.98,2023-04-25 06:24:00+00:00
715436,55+,F,Housing,Web,South,0,8.47,2023-04-07 00:13:00+00:00
715440,35-44,F,Housing,Tablet,Midwest,0,1.1387,2023-04-02 07:21:00+00:00
715451,25-34,F,Housing,Web,Northeast,1,6.16,2023-02-03 09:13:00+00:00
715470,35-44,F,Housing,Web,Midwest,0,6.3438,2023-05-16 03:27:00+00:00
715486,18-24,F,Housing,Tablet,Northeast,0,12.56,2023-04-04 21:04:00+00:00
715491,35-44,F,Housing,Mobile,Midwest,0,9.5862,2023-04-20 13:32:00+00:00
715496,55+,F,Housing,Tablet,South,0,5.5912,2023-03-15 01:53:00+00:00
715501,25-34,F,Housing,Tablet,Northeast,1,9.02,2023-06-26 20:59:00+00:00
715502,55+,F,Housing,Mobile,South,0,8.4962,2023-02-07 13:13:00+00:00
715513,35-44,F,Housing,Tablet,Midwest,1,14.82,2023-03-28 14:12:00+00:00
715543,18-24,F,Housing,Web,Northeast,0,12.32,2023-01-22 21:54:00+00:00
715551,25-34,F,Housing,Tablet,Northeast,0,15.12,2023-03-03 13:08:00+00:00
715555,18-24,F,Housing,Web,Northeast,0,10.22,2023-06-06 12:22:00+00:00
715566,35-44,F,Housing,Tablet,Midwest,0,6.92,2023-03-18 16:10:00+00:00
715575,18-24,F,Housing,Mobile,Northeast,1,6.1375,2023-05-11 22:18:00+00:00
715583,55+,F,Housing,Web,South,1,2.3738,2023-06-29 11:25:00+00:00
715586,18-24,F,Housing,Tablet,Northeast,0,4.7062,2023-05-06 05:43:00+00:00
715587,18-24,F,Housing,Web,Northeast,1,8.4488,2023-06-29 23:42:00+00:00
715601,25-34,F,Housing,Web,Northeast,1,8.14,2023-04-03 08:56:00+00:00
715606,55+,F,Housing,Tablet,South,1,9.9,2023-04-11 04:48:00+00:00
715611,18-24,F,Housing,Mobile,Northeast,1,10.9213,2023-01-18 17:02:00+00:00
715613,18-24,F,Housing,Mobile,Northeast,0,1.015,2023-01-13 12:44:00+00:00
715622,55+,F,Housing,Web,South,0,6.1813,2023-05-06 17:17:00+00:00
715643,35-44,F,Housing,Web,Midwest,0,3.5275,2023-01-03 14:26:00+00:00
715651,25-34,F,Housing,Web,Northeast,1,7.5,2023-05-21 08:20:00+00:00
715698,55+,F,Housing,Web,South,0,9.4162,2023-01-14 13:10:00+00:00
715701,25-34,F,Housing,Web,Northeast,0,12.82,2023-05-27 02:38:00+00:00
715718,55+,F,Housing,Web,South,1,12.3,2023-01-21 08:28:00+00:00
715723,35-44,F,Housing,Mobile,Midwest,0,5.72,2023-06-21 03:24:00+00:00
715727,18-24,F,Housing,Tablet,Northeast,1,11.23,2023-06-14 08:49:00+00:00
715734,55+,F,Housing,Mobile,South,0,6.7213,2023-05-18 17:45:00+00:00
715751,25-34,F,Housing,Web,Northeast,0,13.56,2023-06-13 07:14:00+00:00
715758,18-24,F,Housing,Mobile,Northeast,0,11.1837,2023-03-09 19:43:00+00:00
715769,55+,F,Housing,Tablet,South,0,7.6988,2023-02-09 15:05:00+00:00
715775,55+,F,Housing,Tablet,South,0,7.4475,2023-06-08 14:05:00+00:00
715788,55+,F,Housing,Tablet,South,1,0.7013,2023-06-11 17:23:00+00:00
715792,35-44,F,Housing,Web,Midwest,0,8.34,2023-01-03 02:43:00+00:00
715800,35-44,F,Housing,Web,Midwest,1,12.46,2023-06-18 00:15:00+00:00
715801,25-34,F,Housing,Mobile,Northeast,0,5.86,2023-04-29 10:59:00+00:00
715814,35-44,F,Housing,Tablet,Midwest,1,8.6613,2023-01-30 17:38:00+00:00
715826,35-44,F,Housing,Web,Midwest,0,12.5325,2023-03-08 18:43:00+00:00
715828,35-44,F,Housing,Web,Midwest,0,10.14,2023-04-03 20:56:00+00:00
715845,35-44,F,Housing,Tablet,Midwest,1,6.7412,2023-02-03 09:13:00+00:00
715851,25-34,F,Housing,Web,Northeast,0,9.94,2023-02-12 18:23:00+00:00
715858,35-44,F,Housing,Tablet,Midwest,0,13.0,2023-05-16 15:45:00+00:00
715874,55+,F,Housing,Mobile,South,1,2.1425,2023-04-25 18:33:00+00:00
715878,55+,F,Housing,Mobile,South,0,6.9275,2023-03-24 22:37:00+00:00
715890,18-24,F,Housing,Tablet,Northeast,0,12.5663,2023-02-23 05:59:00+00:00
715901,25-34,F,Housing,Web,Northeast,0,11.4,2023-02-05 11:56:00+00:00
715904,35-44,F,Housing,Tablet,Midwest,0,8.7737,2023-03-01 11:59:00+00:00
715910,35-44,F,Housing,Mobile,Midwest,0,7.0987,2023-03-21 07:11:00+00:00
715924,35-44,F,Housing,Mobile,Midwest,0,13.48,2023-04-10 03:39:00+00:00
715946,35-44,F,Housing,Mobile,Midwest,0,12.17,2023-06-06 00:13:00+00:00
715951,25-34,F,Housing,Tablet,Northeast,1,10.86,2023-02-18 00:58:00+00:00
715962,35-44,F,Housing,Mobile,Midwest,0,3.5387,2023-01-12 23:35:00+00:00
715965,55+,F,Housing,Tablet,South,0,3.3225,2023-03-20 18:11:00+00:00
715966,55+,F,Housing,Tablet,South,0,9.26,2023-05-29 04:29:00+00:00
715968,18-24,F,Housing,Tablet,Northeast,0,2.365,2023-06-02 20:30:00+00:00
715971,35-44,F,Housing,Tablet,Midwest,0,0.56,2023-01-09 08:26:00+00:00
715973,35-44,F,Housing,Web,Midwest,0,4.7825,2023-01-27 02:46:00+00:00
715980,18-24,F,Housing,Web,Northeast,1,9.8025,2023-05-03 02:00:00+00:00
715986,55+,F,Housing,Web,South,1,11.7625,2023-05-11 10:52:00+00:00
715996,18-24,F,Housing,Tablet,Northeast,0,9.96,2023-03-25 11:11:00+00:00
716001,25-34,F,Housing,Mobile,Northeast,1,10.38,2023-04-15 20:14:00+00:00
716015,18-24,F,Housing,Mobile,Northeast,1,5.4088,2023-01-08 07:26:00+00:00
716023,55+,F,Housing,Tablet,South,0,9.06,2023-02-28 22:59:00+00:00
716034,55+,F,Housing,Mobile,South,0,10.4913,2023-06-23 17:59:00+00:00
716035,55+,F,Housing,Mobile,South,0,8.14,2023-05-13 12:27:00+00:00
716038,55+,F,Housing,Web,South,0,9.84,2023-04-08 01:13:00+00:00
716039,35-44,F,Housing,Mobile,Midwest,0,5.115,2023-06-02 20:47:00+00:00
716041,35-44,F,Housing,Tablet,Midwest,0,8.04,2023-05-08 07:18:00+00:00
716047,55+,F,Housing,Web,South,0,10.22,2023-02-06 12:22:00+00:00
716051,25-34,F,Housing,Tablet,Northeast,0,9.96,2023-01-24 11:03:00+00:00
716056,35-44,F,Housing,Mobile,Midwest,0,14.72,2023-03-03 13:25:00+00:00
716066,18-24,F,Housing,Web,Northeast,0,7.3875,2023-01-31 06:30:00+00:00
716068,18-24,F,Housing,Web,Northeast,1,7.3,2023-05-11 10:35:00+00:00
716074,35-44,F,Housing,Mobile,Midwest,0,6.58,2023-04-25 06:33:00+00:00
716078,55+,F,Housing,Tablet,South,0,9.53,2023-05-05 16:52:00+00:00
716101,25-34,F,Housing,Tablet,Northeast,0,7.08,2023-06-09 03:22:00+00:00
716106,18-24,F,Housing,Mobile,Northeast,0,1.305,2023-02-14 20:57:00+00:00
716115,55+,F,Housing,Mobile,South,0,6.9975,2023-04-09 14:14:00+00:00
716116,18-24,F,Housing,Web,Northeast,0,12.88,2023-02-19 13:58:00+00:00
716138,18-24,F,Housing,Mobile,Northeast,0,5.715,2023-03-14 12:44:00+00:00
716151,25-34,F,Housing,Web,Northeast,0,12.14,2023-04-03 20:13:00+00:00
716164,18-24,F,Housing,Mobile,Northeast,1,8.28,2023-04-30 23:42:00+00:00
716167,55+,F,Housing,Web,South,0,12.9,2023-02-20 14:32:00+00:00
716169,35-44,F,Housing,Web,Midwest,1,8.2075,2023-04-17 22:40:00+00:00
716173,18-24,F,Housing,Web,Northeast,0,13.12,2023-02-11 05:48:00+00:00
716176,35-44,F,Housing,Tablet,Midwest,0,9.12,2023-06-11 17:40:00+00:00
716197,18-24,F,Housing,Tablet,Northeast,0,7.24,2023-03-09 07:09:00+00:00
716201,25-34,F,Housing,Web,Northeast,0,10.4,2023-01-06 17:09:00+00:00
716203,18-24,F,Housing,Tablet,Northeast,0,9.1,2023-05-21 20:11:00+00:00
716218,35-44,F,Housing,Mobile,Midwest,0,6.58,2023-04-05 22:22:00+00:00
716228,35-44,F,Housing,Web,Midwest,1,1.9425,2023-01-15 02:02:00+00:00
716229,55+,F,Housing,Web,South,1,5.2912,2023-04-24 17:50:00+00:00
716240,18-24,F,Housing,Mobile,Northeast,1,5.6075,2023-03-28 14:20:00+00:00
716251,25-34,F,Housing,Web,Northeast,0,12.0,2023-02-15 09:06:00+00:00
716258,18-24,F,Housing,Mobile,Northeast,0,3.175,2023-06-10 04:14:00+00:00
716269,35-44,F,Housing,Web,Midwest,1,8.66,2023-03-20 06:19:00+00:00
716274,55+,F,Housing,Web,South,0,7.0563,2023-01-26 13:12:00+00:00
716278,35-44,F,Housing,Tablet,Midwest,0,10.36,2023-01-24 11:03:00+00:00
716281,35-44,F,Housing,Tablet,Midwest,0,12.54,2023-04-03 08:56:00+00:00
716291,35-44,F,Housing,Tablet,Midwest,0,8.8138,2023-04-22 03:07:00+00:00
716292,35-44,F,Housing,Tablet,Midwest,0,10.5762,2023-04-12 05:40:00+00:00
716301,25-34,F,Housing,Mobile,Northeast,0,7.4,2023-06-25 19:16:00+00:00
716321,55+,F,Housing,Mobile,South,0,11.3187,2023-03-17 15:19:00+00:00
716322,18-24,F,Housing,Mobile,Northeast,0,9.835,2023-06-18 12:32:00+00:00
716323,35-44,F,Housing,Web,Midwest,0,8.56,2023-04-04 09:13:00+00:00
716329,35-44,F,Housing,Web,Midwest,0,15.0,2023-06-05 23:39:00+00:00
716341,35-44,F,Housing,Web,Midwest,0,10.64,2023-01-18 05:02:00+00:00
716342,18-24,F,Housing,Web,Northeast,1,4.8312,2023-04-16 09:32:00+00:00
716348,18-24,F,Housing,Mobile,Northeast,0,0.9663,2023-03-15 13:10:00+00:00
716351,25-34,F,Housing,Tablet,Northeast,0,13.48,2023-03-01 23:51:00+00:00
716358,55+,F,Housing,Mobile,South,0,8.6387,2023-04-02 07:21:00+00:00
716362,55+,F,Housing,Web,South,0,6.06,2023-03-10 20:52:00+00:00
716371,55+,F,Housing,Tablet,South,0,11.18,2023-02-14 20:32:00+00:00
716372,55+,F,Housing,Web,South,0,10.3875,2023-01-11 22:18:00+00:00
716391,35-44,F,Housing,Web,Midwest,0,1.63,2023-03-06 16:09:00+00:00
716401,25-34,F,Housing,Tablet,Northeast,1,13.42,2023-04-07 00:22:00+00:00
716402,18-24,F,Housing,Mobile,Northeast,0,3.6987,2023-04-10 15:05:00+00:00
716412,18-24,F,Housing,Web,Northeast,1,7.075,2023-06-10 04:57:00+00:00
716427,18-24,F,Housing,Mobile,Northeast,0,2.185,2023-05-29 04:38:00+00:00
716434,35-44,F,Housing,Tablet,Midwest,0,14.76,2023-06-13 07:06:00+00:00
716451,25-34,F,Housing,Tablet,Northeast,0,11.58,2023-04-15 20:32:00+00:00
716455,55+,F,Housing,Mobile,South,1,13.72,2023-06-01 19:38:00+00:00
716456,35-44,F,Housing,Tablet,Midwest,0,10.6325,2023-04-17 10:15:00+00:00
716457,55+,F,Housing,Tablet,South,0,12.665,2023-06-22 04:58:00+00:00
716460,55+,F,Housing,Tablet,South,0,10.6937,2023-02-25 19:50:00+00:00
716467,18-24,F,Housing,Mobile,Northeast,0,12.66,2023-01-19 18:45:00+00:00
716470,18-24,F,Housing,Tablet,Northeast,0,13.32,2023-04-22 15:15:00+00:00
716480,55+,F,Housing,Tablet,South,0,0.5713,2023-03-19 17:11:00+00:00
716484,55+,F,Housing,Tablet,South,0,11.32,2023-02-06 00:22:00+00:00
716489,18-24,F,Housing,Mobile,Northeast,0,12.4262,2023-01-02 13:00:00+00:00
716501,25-34,F,Housing,Web,Northeast,0,8.52,2023-06-21 03:07:00+00:00
716508,18-24,F,Housing,Tablet,Northeast,0,5.2862,2023-05-30 05:29:00+00:00
716528,18-24,F,Housing,Mobile,Northeast,0,0.83,2023-03-26 00:12:00+00:00
716551,25-34,F,Housing,Web,Northeast,1,11.5,2023-02-10 16:14:00+00:00
716567,18-24,F,Housing,Tablet,Northeast,0,3.4725,2023-04-09 02:31:00+00:00
716573,35-44,F,Housing,Tablet,Midwest,0,4.5925,2023-02-24 18:42:00+00:00
716586,18-24,F,Housing,Tablet,Northeast,0,5.3288,2023-05-04 15:26:00+00:00
716598,55+,F,Housing,Web,South,1,11.2737,2023-06-09 03:39:00+00:00
716601,25-34,F,Housing,Mobile,Northeast,0,12.42,2023-04-17 22:40:00+00:00
716615,55+,F,Housing,Web,South,0,1.6775,2023-04-13 06:31:00+00:00
716638,55+,F,Housing,Tablet,South,0,13.44,2023-01-18 05:36:00+00:00
716646,55+,F,Housing,Tablet,South,0,7.5075,2023-03-08 06:09:00+00:00
716648,55+,F,Housing,Tablet,South,0,5.29,2023-04-03 08:56:00+00:00
716651,25-34,F,Housing,Web,Northeast,0,7.14,2023-04-13 18:40:00+00:00
716668,35-44,F,Housing,Web,Midwest,0,7.68,2023-05-30 17:47:00+00:00
716681,35-44,F,Housing,Mobile,Midwest,0,4.6537,2023-05-04 03:09:00+00:00
716683,18-24,F,Housing,Mobile,Northeast,1,10.52,2023-05-12 11:10:00+00:00
716696,18-24,F,Housing,Mobile,Northeast,1,7.7713,2023-03-19 17:11:00+00:00
716699,35-44,F,Housing,Web,Midwest,0,1.6038,2023-03-05 03:09:00+00:00
716701,25-34,F,Housing,Tablet,Northeast,0,13.64,2023-03-29 15:21:00+00:00
716716,35-44,F,Housing,Web,Midwest,0,8.62,2023-03-18 04:28:00+00:00
716722,18-24,F,Housing,Tablet,Northeast,1,13.88,2023-01-20 19:19:00+00:00
716751,25-34,F,Housing,Tablet,Northeast,0,13.26,2023-04-19 00:06:00+00:00
716763,35-44,F,Housing,Mobile,Midwest,0,1.2887,2023-05-12 23:01:00+00:00
716773,18-24,F,Housing,Tablet,Northeast,1,13.9,2023-04-11 16:31:00+00:00
716774,18-24,F,Housing,Tablet,Northeast,0,5.415,2023-05-13 12:01:00+00:00
716777,55+,F,Housing,Tablet,South,0,12.7775,2023-01-23 22:46:00+00:00
716781,18-24,F,Housing,Web,Northeast,1,7.0912,2023-04-04 09:56:00+00:00
716789,18-24,F,Housing,Tablet,Northeast,0,2.33,2023-05-25 00:54:00+00:00
716796,35-44,F,Housing,Web,Midwest,0,4.7425,2023-06-04 10:22:00+00:00
716801,25-34,F,Housing,Tablet,Northeast,1,8.66,2023-06-28 22:59:00+00:00
716806,18-24,F,Housing,Mobile,Northeast,0,11.92,2023-02-11 17:05:00+00:00
716815,55+,F,Housing,Tablet,South,0,10.04,2023-06-17 11:32:00+00:00
716827,35-44,F,Housing,Web,Midwest,0,12.22,2023-02-26 08:59:00+00:00
716832,55+,F,Housing,Tablet,South,0,9.36,2023-02-18 00:24:00+00:00
716839,18-24,F,Housing,Mobile,Northeast,1,13.04,2023-02-27 09:16:00+00:00
716851,25-34,F,Housing,Mobile,Northeast,0,12.82,2023-01-07 18:09:00+00:00
716857,18-24,F,Housing,Web,Northeast,0,8.76,2023-01-04 15:17:00+00:00
716874,55+,F,Housing,Web,South,0,6.9212,2023-02-07 01:05:00+00:00
716901,25-34,F,Housing,Web,Northeast,0,12.3,2023-02-10 16:22:00+00:00
716907,55+,F,Housing,Web,South,0,9.3725,2023-02-28 10:59:00+00:00
716914,18-24,F,Housing,Web,Northeast,0,11.16,2023-01-04 03:26:00+00:00
716926,55+,F,Housing,Web,South,0,9.5,2023-01-01 12:51:00+00:00
716941,55+,F,Housing,Mobile,South,0,10.64,2023-02-07 01:56:00+00:00
716951,25-34,F,Housing,Mobile,Northeast,0,7.18,2023-04-15 20:06:00+00:00
716955,18-24,F,Housing,Mobile,Northeast,0,4.4962,2023-03-19 05:53:00+00:00
716966,18-24,F,Housing,Tablet,Northeast,1,9.2788,2023-04-14 07:57:00+00:00
716970,55+,F,Housing,Tablet,South,0,9.5563,2023-02-15 21:49:00+00:00
716973,18-24,F,Housing,Mobile,Northeast,0,10.4975,2023-06-08 14:39:00+00:00
717001,25-34,F,Housing,Mobile,Northeast,0,9.42,2023-01-17 04:28:00+00:00
717002,55+,F,Housing,Mobile,South,0,8.4213,2023-03-19 17:02:00+00:00
717010,18-24,F,Housing,Web,Northeast,0,10.1,2023-01-11 22:27:00+00:00
717022,18-24,F,Housing,Tablet,Northeast,0,11.86,2023-04-29 22:16:00+00:00
717038,35-44,F,Housing,Web,Midwest,0,8.9425,2023-04-25 18:16:00+00:00
717043,35-44,F,Housing,Tablet,Midwest,0,14.86,2023-04-19 00:58:00+00:00
717051,25-34,F,Housing,Mobile,Northeast,0,9.36,2023-02-03 09:56:00+00:00
717059,35-44,F,Housing,Mobile,Midwest,0,9.0437,2023-02-25 19:50:00+00:00
717062,35-44,F,Housing,Tablet,Midwest,0,3.7662,2023-02-03 21:39:00+00:00
717077,18-24,F,Housing,Web,Northeast,1,9.0312,2023-03-27 01:55:00+00:00
717083,18-24,F,Housing,Tablet,Northeast,0,4.625,2023-06-10 04:57:00+00:00
717084,55+,F,Housing,Mobile,South,0,4.5637,2023-02-21 03:15:00+00:00
717087,55+,F,Housing,Mobile,South,0,11.4887,2023-04-22 15:33:00+00:00
717098,18-24,F,Housing,Mobile,Northeast,0,2.9388,2023-04-22 15:07:00+00:00
717101,25-34,F,Housing,Tablet,Northeast,0,8.3,2023-06-10 04:48:00+00:00
717116,35-44,F,Housing,Web,Midwest,0,10.7425,2023-06-24 18:33:00+00:00
717119,35-44,F,Housing,Web,Midwest,1,7.7,2023-03-02 00:17:00+00:00
717127,18-24,F,Housing,Web,Northeast,0,11.5,2023-01-21 08:11:00+00:00
717131,18-24,F,Housing,Mobile,Northeast,0,3.8262,2023-03-23 21:20:00+00:00
717151,25-34,F,Housing,Mobile,Northeast,0,6.78,2023-05-25 00:12:00+00:00
717154,35-44,F,Housing,Web,Midwest,0,8.24,2023-05-18 05:11:00+00:00
717161,35-44,F,Housing,Mobile,Midwest,0,9.26,2023-01-09 08:18:00+00:00
717166,35-44,F,Housing,Tablet,Midwest,1,9.94,2023-01-23 22:03:00+00:00
717177,18-24,F,Housing,Mobile,Northeast,0,6.6738,2023-04-10 03:31:00+00:00
717191,35-44,F,Housing,Web,Midwest,0,6.625,2023-06-10 04:40:00+00:00
717199,35-44,F,Housing,Web,Midwest,0,12.02,2023-04-17 22:06:00+00:00
717201,25-34,F,Housing,Tablet,Northeast,1,15.18,2023-03-06 16:34:00+00:00
717202,35-44,F,Housing,Mobile,Midwest,1,7.08,2023-06-29 23:25:00+00:00
717207,55+,F,Housing,Web,South,0,12.4575,2023-01-27 14:38:00+00:00
717220,55+,F,Housing,Mobile,South,1,7.94,2023-06-12 06:23:00+00:00
717231,35-44,F,Housing,Mobile,Midwest,0,10.3287,2023-01-04 15:43:00+00:00
717240,18-24,F,Housing,Tablet,Northeast,0,7.67,2023-06-26 08:42:00+00:00
717251,25-34,F,Housing,Tablet,Northeast,0,13.7,2023-04-21 02:24:00+00:00
717262,55+,F,Housing,Tablet,South,0,10.32,2023-03-03 13:51:00+00:00
717266,55+,F,Housing,Mobile,South,1,4.6975,2023-06-28 22:16:00+00:00
717277,55+,F,Housing,Web,South,0,14.06,2023-01-09 08:35:00+00:00
717282,18-24,F,Housing,Web,Northeast,0,7.8863,2023-02-19 13:07:00+00:00
717289,18-24,F,Housing,Tablet,Northeast,0,11.74,2023-04-03 08:30:00+00:00
717291,55+,F,Housing,Mobile,South,1,5.0637,2023-02-01 19:13:00+00:00
717294,35-44,F,Housing,Tablet,Midwest,0,6.8887,2023-02-21 15:50:00+00:00
717297,18-24,F,Housing,Web,Northeast,1,8.21,2023-03-30 16:46:00+00:00
717301,25-34,F,Housing,Mobile,Northeast,0,13.62,2023-05-07 18:26:00+00:00
717317,55+,F,Housing,Mobile,South,1,2.4025,2023-01-03 02:08:00+00:00
717340,18-24,F,Housing,Mobile,Northeast,0,14.92,2023-04-22 15:41:00+00:00
717346,18-24,F,Housing,Mobile,Northeast,0,15.42,2023-01-17 16:10:00+00:00
717351,25-34,F,Housing,Tablet,Northeast,0,14.84,2023-03-29 03:38:00+00:00
717356,55+,F,Housing,Web,South,0,3.8025,2023-01-23 10:11:00+00:00
717366,35-44,F,Housing,Tablet,Midwest,1,2.2637,2023-06-01 19:04:00+00:00
717382,55+,F,Housing,Tablet,South,0,10.4,2023-05-26 13:03:00+00:00
717385,55+,F,Housing,Tablet,South,0,12.26,2023-02-28 22:51:00+00:00
717386,35-44,F,Housing,Mobile,Midwest,0,1.4287,2023-03-05 15:43:00+00:00
717388,18-24,F,Housing,Web,Northeast,0,15.4,2023-04-06 23:05:00+00:00
717399,35-44,F,Housing,Mobile,Midwest,0,10.7425,2023-04-05 10:39:00+00:00
717401,25-34,F,Housing,Tablet,Northeast,0,7.88,2023-04-10 15:39:00+00:00
717408,18-24,F,Housing,Web,Northeast,0,5.8863,2023-02-19 13:41:00+00:00
717410,55+,F,Housing,Tablet,South,0,1.87,2023-01-17 16:45:00+00:00
717421,55+,F,Housing,Tablet,South,0,14.88,2023-05-10 21:09:00+00:00
717427,55+,F,Housing,Web,South,0,15.36,2023-03-15 13:19:00+00:00
717430,35-44,F,Housing,Web,Midwest,0,12.22,2023-02-06 00:13:00+00:00
717438,55+,F,Housing,Mobile,South,0,2.475,2023-04-11 04:05:00+00:00
717444,35-44,F,Housing,Tablet,Midwest,0,3.2225,2023-05-19 18:54:00+00:00
717448,35-44,F,Housing,Tablet,Midwest,0,6.34,2023-01-03 02:51:00+00:00
717451,25-34,F,Housing,Tablet,Northeast,0,11.28,2023-05-30 17:21:00+00:00
717459,18-24,F,Housing,Tablet,Northeast,0,11.4213,2023-01-18 17:28:00+00:00
717463,55+,F,Housing,Mobile,South,0,12.5,2023-03-12 10:52:00+00:00
717485,55+,F,Housing,Web,South,0,11.925,2023-01-21 20:20:00+00:00
717490,18-24,F,Housing,Tablet,Northeast,0,14.18,2023-06-24 06:33:00+00:00
717491,18-24,F,Housing,Tablet,Northeast,1,0.52,2023-04-27 08:42:00+00:00
717501,25-34,F,Housing,Web,Northeast,0,6.04,2023-05-28 15:03:00+00:00
717528,18-24,F,Housing,Tablet,Northeast,0,11.595,2023-04-07 12:22:00+00:00
717536,18-24,F,Housing,Web,Northeast,0,11.0825,2023-01-27 02:03:00+00:00
717551,25-34,F,Housing,Mobile,Northeast,0,12.42,2023-04-17 10:49:00+00:00
717560,35-44,F,Housing,Web,Midwest,0,1.645,2023-03-18 04:10:00+00:00
717573,55+,F,Housing,Mobile,South,0,2.0525,2023-06-12 18:48:00+00:00
717586,35-44,F,Housing,Mobile,Midwest,0,6.12,2023-05-12 11:01:00+00:00
717590,55+,F,Housing,Web,South,0,6.1075,2023-01-07 06:43:00+00:00
717601,25-34,F,Housing,Mobile,Northeast,1,9.36,2023-03-15 01:36:00+00:00
717611,18-24,F,Housing,Mobile,Northeast,0,10.6862,2023-01-30 05:12:00+00:00
717623,55+,F,Housing,Mobile,South,0,10.5463,2023-06-07 13:22:00+00:00
717628,18-24,F,Housing,Tablet,Northeast,0,14.7,2023-05-21 20:28:00+00:00
717646,18-24,F,Housing,Web,Northeast,0,10.86,2023-06-18 00:41:00+00:00
717651,25-34,F,Housing,Tablet,Northeast,1,13.7,2023-01-31 06:12:00+00:00
717661,35-44,F,Housing,Mobile,Midwest,0,12.2,2023-03-17 03:19:00+00:00
717664,55+,F,Housing,Web,South,1,8.22,2023-04-07 12:13:00+00:00
717667,18-24,F,Housing,Web,Northeast,0,14.26,2023-04-09 14:56:00+00:00
717692,35-44,F,Housing,Web,Midwest,0,6.8075,2023-04-17 22:49:00+00:00
717701,25-34,F,Housing,Mobile,Northeast,1,12.98,2023-04-25 18:50:00+00:00
717702,55+,F,Housing,Web,South,0,8.3212,2023-02-27 09:33:00+00:00
717734,55+,F,Housing,Web,South,0,4.8925,2023-04-05 10:30:00+00:00
717738,55+,F,Housing,Mobile,South,0,9.3262,2023-01-02 13:43:00+00:00
717748,35-44,F,Housing,Mobile,Midwest,0,6.16,2023-02-03 21:04:00+00:00
717751,25-34,F,Housing,Tablet,Northeast,0,13.82,2023-05-17 04:02:00+00:00
717755,18-24,F,Housing,Mobile,Northeast,0,11.3262,2023-02-11 05:40:00+00:00
717772,18-24,F,Housing,Web,Northeast,1,15.16,2023-06-13 07:23:00+00:00
717799,55+,F,Housing,Web,South,0,9.78,2023-02-04 10:39:00+00:00
717801,25-34,F,Housing,Mobile,Northeast,0,10.36,2023-03-25 23:29:00+00:00
717803,55+,F,Housing,Web,South,1,6.5263,2023-03-03 13:17:00+00:00
717839,18-24,F,Housing,Tablet,Northeast,1,4.9437,2023-02-25 19:33:00+00:00
717851,25-34,F,Housing,Mobile,Northeast,0,13.68,2023-01-10 21:52:00+00:00
717853,55+,F,Housing,Mobile,South,1,11.38,2023-04-05 10:22:00+00:00
717854,55+,F,Housing,Web,South,1,1.4312,2023-05-26 01:03:00+00:00
717860,35-44,F,Housing,Mobile,Midwest,1,1.1538,2023-02-13 19:14:00+00:00
717897,18-24,F,Housing,Mobile,Northeast,1,0.53,2023-05-25 00:29:00+00:00
717901,25-34,F,Housing,Mobile,Northeast,0,9.9,2023-02-10 04:48:00+00:00
717905,55+,F,Housing,Tablet,South,1,12.9462,2023-05-18 05:02:00+00:00
717909,55+,F,Housing,Mobile,South,0,5.725,2023-06-10 04:14:00+00:00
717911,18-24,F,Housing,Mobile,Northeast,0,5.89,2023-04-23 16:24:00+00:00
717915,18-24,F,Housing,Mobile,Northeast,0,9.5388,2023-04-22 15:07:00+00:00
717919,55+,F,Housing,Tablet,South,1,14.8,2023-05-06 17:35:00+00:00
717920,55+,F,Housing,Mobile,South,0,9.825,2023-03-22 20:28:00+00:00
717925,18-24,F,Housing,Mobile,Northeast,1,9.98,2023-01-25 00:29:00+00:00
717930,55+,F,Housing,Mobile,South,0,4.0663,2023-04-24 05:07:00+00:00
717931,18-24,F,Housing,Web,Northeast,1,12.48,2023-01-30 17:29:00+00:00
717949,55+,F,Housing,Tablet,South,1,15.12,2023-01-02 01:25:00+00:00
717951,25-34,F,Housing,Web,Northeast,0,8.16,2023-06-23 17:33:00+00:00
717952,55+,F,Housing,Tablet,South,0,14.22,2023-04-07 12:22:00+00:00
717965,55+,F,Housing,Tablet,South,0,7.0412,2023-06-23 17:50:00+00:00
717967,55+,F,Housing,Web,South,0,5.58,2023-05-05 04:52:00+00:00
717979,35-44,F,Housing,Tablet,Midwest,1,15.44,2023-06-07 01:05:00+00:00
717980,35-44,F,Housing,Mobile,Midwest,0,2.1475,2023-05-19 06:45:00+00:00
718001,25-34,F,Housing,Tablet,Northeast,1,14.26,2023-01-19 18:28:00+00:00
718002,55+,F,Housing,Mobile,South,0,9.9062,2023-05-06 05:17:00+00:00
718008,35-44,F,Housing,Tablet,Midwest,0,2.025,2023-01-21 20:37:00+00:00
718023,35-44,F,Housing,Mobile,Midwest,0,9.3262,2023-04-12 05:23:00+00:00
718051,25-34,F,Housing,Mobile,Northeast,0,9.2,2023-04-16 09:15:00+00:00
718053,18-24,F,Housing,Tablet,Northeast,0,2.9337,2023-02-17 11:32:00+00:00
718082,35-44,F,Housing,Web,Midwest,0,3.4388,2023-01-12 23:27:00+00:00
718085,35-44,F,Housing,Tablet,Midwest,1,0.855,2023-02-14 20:23:00+00:00
718101,25-34,F,Housing,Web,Northeast,0,6.7,2023-03-02 00:51:00+00:00
718110,55+,F,Housing,Web,South,0,10.635,2023-05-29 04:21:00+00:00
718113,55+,F,Housing,Tablet,South,1,7.3513,2023-03-03 01:17:00+00:00
718121,35-44,F,Housing,Tablet,Midwest,1,1.545,2023-05-17 04:28:00+00:00
718124,55+,F,Housing,Web,South,1,2.2525,2023-02-12 18:06:00+00:00
718131,35-44,F,Housing,Web,Midwest,1,4.475,2023-03-02 12:51:00+00:00
718142,18-24,F,Housing,Mobile,Northeast,0,7.6662,2023-04-04 21:21:00+00:00
718151,25-34,F,Housing,Web,Northeast,1,9.32,2023-01-12 11:18:00+00:00
718154,55+,F,Housing,Mobile,South,0,0.9712,2023-04-28 09:42:00+00:00
718155,35-44,F,Housing,Tablet,Midwest,0,7.18,2023-01-05 16:26:00+00:00
718157,35-44,F,Housing,Web,Midwest,0,11.0363,2023-05-30 05:21:00+00:00
718177,55+,F,Housing,Web,South,0,9.36,2023-06-23 17:24:00+00:00
718200,35-44,F,Housing,Tablet,Midwest,0,4.9075,2023-04-17 22:40:00+00:00
718201,25-34,F,Housing,Web,Northeast,1,8.62,2023-05-17 16:10:00+00:00
718245,55+,F,Housing,Tablet,South,1,8.62,2023-01-17 16:10:00+00:00
718251,25-34,F,Housing,Tablet,Northeast,1,10.7,2023-03-02 12:42:00+00:00
718266,35-44,F,Housing,Mobile,Midwest,0,5.5537,2023-05-04 03:00:00+00:00
718289,35-44,F,Housing,Tablet,Midwest,0,1.5112,2023-02-19 01:58:00+00:00
718292,18-24,F,Housing,Tablet,Northeast,0,10.7387,2023-02-01 07:30:00+00:00
718301,25-34,F,Housing,Web,Northeast,0,5.66,2023-05-09 08:44:00+00:00
718302,35-44,F,Housing,Mobile,Midwest,0,6.2025,2023-02-12 18:31:00+00:00
718304,18-24,F,Housing,Tablet,Northeast,1,1.2675,2023-04-25 06:16:00+00:00
718318,18-24,F,Housing,Tablet,Northeast,1,7.14,2023-04-13 18:23:00+00:00
718330,35-44,F,Housing,Tablet,Midwest,0,9.48,2023-04-30 11:51:00+00:00
718332,35-44,F,Housing,Mobile,Midwest,0,10.15,2023-05-01 00:42:00+00:00
718338,18-24,F,Housing,Mobile,Northeast,1,7.305,2023-01-25 12:54:00+00:00
718344,18-24,F,Housing,Web,Northeast,0,5.9562,2023-03-27 13:37:00+00:00
718351,25-34,F,Housing,Web,Northeast,0,13.94,2023-01-23 10:20:00+00:00
718354,35-44,F,Housing,Tablet,Midwest,0,7.08,2023-04-10 15:31:00+00:00
718361,55+,F,Housing,Mobile,South,1,12.355,2023-03-26 12:03:00+00:00
718366,55+,F,Housing,Mobile,South,0,9.28,2023-03-31 17:29:00+00:00
718373,55+,F,Housing,Mobile,South,1,7.6212,2023-06-27 09:08:00+00:00
718375,18-24,F,Housing,Mobile,Northeast,0,6.0,2023-05-26 13:03:00+00:00
718376,35-44,F,Housing,Tablet,Midwest,0,6.2512,2023-03-03 01:17:00+00:00
718388,55+,F,Housing,Tablet,South,0,3.6325,2023-06-16 10:15:00+00:00
718401,25-34,F,Housing,Web,Northeast,0,9.3,2023-03-12 22:10:00+00:00
718406,18-24,F,Housing,Mobile,Northeast,0,10.0925,2023-02-24 18:16:00+00:00
718416,35-44,F,Housing,Tablet,Midwest,0,9.3313,2023-01-26 01:29:00+00:00
718451,25-34,F,Housing,Tablet,Northeast,0,13.7,2023-01-11 10:35:00+00:00
718454,55+,F,Housing,Mobile,South,0,9.56,2023-04-19 00:41:00+00:00
718465,35-44,F,Housing,Web,Midwest,0,10.98,2023-04-05 22:39:00+00:00
718470,55+,F,Housing,Tablet,South,0,12.54,2023-06-22 16:58:00+00:00
718482,18-24,F,Housing,Web,Northeast,0,3.765,2023-05-13 12:44:00+00:00
718497,35-44,F,Housing,Web,Midwest,0,6.4975,2023-04-09 14:14:00+00:00
718501,25-34,F,Housing,Web,Northeast,0,6.06,2023-03-30 04:55:00+00:00
718526,55+,F,Housing,Tablet,South,0,1.45,2023-04-11 16:22:00+00:00
718532,35-44,F,Housing,Web,Midwest,1,10.2325,2023-03-08 18:43:00+00:00
718536,55+,F,Housing,Mobile,South,0,10.5913,2023-06-03 09:21:00+00:00
718541,35-44,F,Housing,Tablet,Midwest,0,2.7313,2023-05-06 17:52:00+00:00
718546,55+,F,Housing,Mobile,South,1,11.18,2023-06-14 08:23:00+00:00
718549,55+,F,Housing,Web,South,1,10.5,2023-04-21 02:58:00+00:00
718551,25-34,F,Housing,Tablet,Northeast,0,12.04,2023-03-29 03:12:00+00:00
718565,35-44,F,Housing,Web,Midwest,0,7.7488,2023-06-29 23:34:00+00:00
718574,55+,F,Housing,Tablet,South,0,7.8063,2023-06-15 21:15:00+00:00
718580,35-44,F,Housing,Web,Midwest,0,6.8675,2023-06-04 22:47:00+00:00
718581,18-24,F,Housing,Mobile,Northeast,0,7.1475,2023-06-28 22:34:00+00:00
718582,18-24,F,Housing,Tablet,Northeast,1,7.86,2023-06-08 14:05:00+00:00
718601,25-34,F,Housing,Mobile,Northeast,0,12.9,2023-01-31 06:38:00+00:00
718602,18-24,F,Housing,Tablet,Northeast,0,0.6225,2023-03-20 18:11:00+00:00
718625,55+,F,Housing,Mobile,South,0,12.5975,2023-05-19 06:36:00+00:00
718639,35-44,F,Housing,Mobile,Midwest,0,12.54,2023-02-22 16:33:00+00:00
718642,18-24,F,Housing,Web,Northeast,0,11.96,2023-01-04 15:34:00+00:00
718643,35-44,F,Housing,Mobile,Midwest,0,6.405,2023-03-06 04:00:00+00:00
718651,25-34,F,Housing,Tablet,Northeast,0,6.22,2023-05-17 04:28:00+00:00
718662,35-44,F,Housing,Web,Midwest,0,11.6037,2023-04-14 19:23:00+00:00
718672,35-44,F,Housing,Mobile,Midwest,0,7.82,2023-02-06 00:30:00+00:00
718675,55+,F,Housing,Mobile,South,0,7.48,2023-05-20 07:19:00+00:00
718701,25-34,F,Housing,Tablet,Northeast,0,10.52,2023-03-13 11:01:00+00:00
718740,35-44,F,Housing,Tablet,Midwest,0,4.95,2023-02-10 16:05:00+00:00
718743,18-24,F,Housing,Web,Northeast,0,11.3725,2023-05-19 18:19:00+00:00
718751,25-34,F,Housing,Tablet,Northeast,0,6.3,2023-01-01 12:34:00+00:00
718753,55+,F,Housing,Web,South,0,14.62,2023-06-06 12:22:00+00:00
718758,55+,F,Housing,Mobile,South,1,8.3863,2023-01-10 21:44:00+00:00
718764,18-24,F,Housing,Web,Northeast,0,4.36,2023-03-10 08:18:00+00:00
718781,35-44,F,Housing,Mobile,Midwest,0,4.61,2023-05-09 08:01:00+00:00
718782,55+,F,Housing,Web,South,0,1.7063,2023-03-27 13:46:00+00:00
718788,55+,F,Housing,Mobile,South,0,9.2975,2023-02-08 14:31:00+00:00
718800,55+,F,Housing,Web,South,1,4.9062,2023-05-06 05:43:00+00:00
718801,25-34,F,Housing,Web,Northeast,0,9.38,2023-03-16 02:44:00+00:00
718818,18-24,F,Housing,Tablet,Northeast,0,6.7088,2023-03-09 07:52:00+00:00
718819,35-44,F,Housing,Web,Midwest,1,15.08,2023-01-20 19:11:00+00:00
718824,18-24,F,Housing,Tablet,Northeast,0,7.9287,2023-05-24 23:37:00+00:00
718836,18-24,F,Housing,Tablet,Northeast,0,6.83,2023-04-15 08:06:00+00:00
718840,35-44,F,Housing,Mobile,Midwest,0,8.52,2023-06-21 03:24:00+00:00
718851,25-34,F,Housing,Mobile,Northeast,0,10.68,2023-01-20 07:54:00+00:00
718862,55+,F,Housing,Web,South,0,7.6612,2023-03-31 17:04:00+00:00
718882,18-24,F,Housing,Web,Northeast,1,12.28,2023-06-09 15:22:00+00:00
718893,55+,F,Housing,Web,South,0,4.2562,2023-03-07 05:17:00+00:00
718897,55+,F,Housing,Mobile,South,0,13.74,2023-02-02 08:04:00+00:00
718901,25-34,F,Housing,Tablet,Northeast,1,12.76,2023-02-13 19:31:00+00:00
718903,18-24,F,Housing,Mobile,Northeast,0,12.66,2023-06-28 10:16:00+00:00
718917,35-44,F,Housing,Mobile,Midwest,0,3.5337,2023-01-28 03:46:00+00:00
718924,18-24,F,Housing,Tablet,Northeast,1,8.08,2023-01-30 05:04:00+00:00
718935,35-44,F,Housing,Tablet,Midwest,0,11.535,2023-05-29 04:38:00+00:00
718936,18-24,F,Housing,Web,Northeast,1,7.34,2023-02-22 16:07:00+00:00
718951,25-34,F,Housing,Web,Northeast,0,11.74,2023-03-14 00:01:00+00:00
719001,25-34,F,Housing,Tablet,Northeast,0,8.08,2023-03-31 17:29:00+00:00
719002,35-44,F,Housing,Tablet,Midwest,0,15.42,2023-06-06 12:39:00+00:00
719005,18-24,F,Housing,Tablet,Northeast,0,6.56,2023-02-23 05:24:00+00:00
719006,18-24,F,Housing,Mobile,Northeast,0,10.24,2023-04-03 08:38:00+00:00
719020,35-44,F,Housing,Tablet,Midwest,1,8.1,2023-02-20 02:15:00+00:00
719023,18-24,F,Housing,Web,Northeast,0,13.48,2023-06-09 03:39:00+00:00
719038,35-44,F,Housing,Mobile,Midwest,0,6.42,2023-06-16 22:40:00+00:00
719051,25-34,F,Housing,Web,Northeast,0,13.56,2023-05-04 15:00:00+00:00
719058,18-24,F,Housing,Web,Northeast,0,9.455,2023-03-06 04:17:00+00:00
719063,35-44,F,Housing,Tablet,Midwest,1,2.0725,2023-05-19 18:36:00+00:00
719088,18-24,F,Housing,Tablet,Northeast,0,6.8163,2023-04-04 21:21:00+00:00
719094,55+,F,Housing,Web,South,0,4.9713,2023-01-18 17:36:00+00:00
719096,18-24,F,Housing,Web,Northeast,0,7.1775,2023-03-04 14:26:00+00:00
719101,25-34,F,Housing,Mobile,Northeast,0,7.26,2023-04-19 00:58:00+00:00
719104,35-44,F,Housing,Mobile,Midwest,0,8.08,2023-04-20 01:32:00+00:00
719116,55+,F,Housing,Web,South,0,7.84,2023-02-07 13:31:00+00:00
719128,55+,F,Housing,Mobile,South,0,14.7,2023-06-10 04:05:00+00:00
719147,35-44,F,Housing,Tablet,Midwest,0,0.6312,2023-03-07 17:09:00+00:00
719151,25-34,F,Housing,Web,Northeast,0,5.58,2023-01-25 12:29:00+00:00
719158,55+,F,Housing,Tablet,South,1,12.9,2023-04-21 14:41:00+00:00
719159,18-24,F,Housing,Web,Northeast,0,8.5025,2023-05-03 02:17:00+00:00
719177,35-44,F,Housing,Tablet,Midwest,0,11.82,2023-03-18 16:10:00+00:00
719187,35-44,F,Housing,Tablet,Midwest,0,1.0562,2023-05-26 13:46:00+00:00
719193,35-44,F,Housing,Web,Midwest,1,4.7088,2023-06-17 23:49:00+00:00
719197,55+,F,Housing,Tablet,South,0,9.54,2023-01-23 10:46:00+00:00
719201,25-34,F,Housing,Mobile,Northeast,0,12.58,2023-02-04 10:39:00+00:00
719206,35-44,F,Housing,Mobile,Midwest,0,9.1,2023-05-01 12:00:00+00:00
719207,18-24,F,Housing,Mobile,Northeast,0,0.7637,2023-01-12 11:53:00+00:00
719212,55+,F,Housing,Mobile,South,0,12.8,2023-04-16 09:49:00+00:00
719215,55+,F,Housing,Mobile,South,0,11.72,2023-06-01 19:47:00+00:00
719222,55+,F,Housing,Web,South,0,0.9387,2023-04-02 07:38:00+00:00
719235,18-24,F,Housing,Web,Northeast,0,10.3513,2023-01-22 09:45:00+00:00
719242,18-24,F,Housing,Tablet,Northeast,1,10.2,2023-06-05 11:56:00+00:00
719244,18-24,F,Housing,Mobile,Northeast,1,7.6425,2023-02-24 18:16:00+00:00
719247,55+,F,Housing,Tablet,South,0,4.8463,2023-05-18 05:45:00+00:00
719251,25-34,F,Housing,Web,Northeast,0,7.2,2023-03-27 13:20:00+00:00
719260,35-44,F,Housing,Web,Midwest,0,9.4,2023-02-25 07:42:00+00:00
719266,18-24,F,Housing,Mobile,Northeast,0,14.7,2023-03-22 20:20:00+00:00
719286,35-44,F,Housing,Tablet,Midwest,1,12.9362,2023-06-19 13:49:00+00:00
719301,25-34,F,Housing,Mobile,Northeast,0,14.84,2023-03-29 03:03:00+00:00
719303,35-44,F,Housing,Tablet,Midwest,0,9.9025,2023-01-23 10:11:00+00:00
719316,55+,F,Housing,Mobile,South,0,9.96,2023-06-18 00:58:00+00:00
719323,35-44,F,Housing,Web,Midwest,1,8.04,2023-05-28 15:12:00+00:00
719325,35-44,F,Housing,Web,Midwest,0,10.5325,2023-05-27 02:38:00+00:00
719336,55+,F,Housing,Mobile,South,0,9.5687,2023-06-25 07:59:00+00:00
719338,55+,F,Housing,Mobile,South,0,13.04,2023-04-08 13:48:00+00:00
719347,18-24,F,Housing,Mobile,Northeast,1,10.32,2023-03-23 21:45:00+00:00
719349,35-44,F,Housing,Web,Midwest,1,6.4638,2023-02-21 03:58:00+00:00
719351,25-34,F,Housing,Web,Northeast,0,7.36,2023-02-23 17:41:00+00:00
719356,55+,F,Housing,Tablet,South,0,9.66,2023-05-09 20:26:00+00:00
719371,55+,F,Housing,Web,South,0,6.22,2023-04-07 12:13:00+00:00
719377,18-24,F,Housing,Web,Northeast,0,14.88,2023-01-10 09:09:00+00:00
719382,18-24,F,Housing,Tablet,Northeast,1,1.9338,2023-05-08 19:26:00+00:00
719401,25-34,F,Housing,Mobile,Northeast,0,13.62,2023-01-07 06:18:00+00:00
719403,35-44,F,Housing,Web,Midwest,0,10.4962,2023-04-08 13:48:00+00:00
719409,55+,F,Housing,Mobile,South,0,1.88,2023-03-26 00:46:00+00:00
719414,55+,F,Housing,Tablet,South,1,1.4788,2023-06-13 07:31:00+00:00
719419,18-24,F,Housing,Tablet,Northeast,0,13.44,2023-05-18 17:53:00+00:00
719420,55+,F,Housing,Web,South,0,2.4363,2023-06-19 13:58:00+00:00
719421,55+,F,Housing,Mobile,South,0,12.895,2023-04-07 12:56:00+00:00
719434,35-44,F,Housing,Tablet,Midwest,0,5.92,2023-03-03 01:25:00+00:00
719450,55+,F,Housing,Web,South,1,1.4125,2023-01-31 18:04:00+00:00
719451,25-34,F,Housing,Web,Northeast,0,13.06,2023-04-09 02:39:00+00:00
719485,55+,F,Housing,Web,South,0,11.22,2023-03-08 06:52:00+00:00
719487,35-44,F,Housing,Mobile,Midwest,1,1.705,2023-01-05 04:52:00+00:00
719494,35-44,F,Housing,Tablet,Midwest,0,9.08,2023-04-10 15:05:00+00:00
719501,25-34,F,Housing,Mobile,Northeast,1,14.7,2023-04-11 04:48:00+00:00
719506,55+,F,Housing,Mobile,South,0,8.24,2023-04-28 21:25:00+00:00
719520,35-44,F,Housing,Web,Midwest,1,4.8312,2023-05-26 01:12:00+00:00
719523,35-44,F,Housing,Tablet,Midwest,0,11.9838,2023-03-29 03:12:00+00:00
719524,35-44,F,Housing,Mobile,Midwest,1,6.84,2023-05-28 15:46:00+00:00
719535,55+,F,Housing,Web,South,0,4.075,2023-05-01 12:08:00+00:00
719538,18-24,F,Housing,Tablet,Northeast,1,1.6125,2023-05-31 18:04:00+00:00
719551,25-34,F,Housing,Mobile,Northeast,0,6.96,2023-02-23 05:59:00+00:00
719556,35-44,F,Housing,Web,Midwest,0,10.1837,2023-05-08 19:43:00+00:00
719557,55+,F,Housing,Web,South,0,10.5,2023-04-21 14:07:00+00:00
719570,55+,F,Housing,Mobile,South,0,11.1625,2023-04-01 18:47:00+00:00
719571,18-24,F,Housing,Web,Northeast,1,9.345,2023-06-06 12:05:00+00:00
719590,55+,F,Housing,Web,South,1,9.7,2023-01-11 22:44:00+00:00
719598,55+,F,Housing,Tablet,South,0,4.4838,2023-01-08 19:43:00+00:00
719601,25-34,F,Housing,Mobile,Northeast,1,11.2,2023-03-07 17:17:00+00:00
719624,55+,F,Housing,Web,South,0,1.4775,2023-05-03 14:26:00+00:00
719626,55+,F,Housing,Web,South,0,10.28,2023-04-10 03:39:00+00:00
719633,55+,F,Housing,Tablet,South,1,3.085,2023-04-19 12:06:00+00:00
719644,35-44,F,Housing,Web,Midwest,1,7.4,2023-02-05 11:30:00+00:00
719651,25-34,F,Housing,Mobile,Northeast,1,12.42,2023-02-16 10:06:00+00:00
719653,35-44,F,Housing,Tablet,Midwest,0,7.96,2023-05-24 23:46:00+00:00
719661,55+,F,Housing,Tablet,South,1,10.7875,2023-01-31 06:04:00+00:00
719664,18-24,F,Housing,Mobile,Northeast,1,8.2737,2023-02-09 03:48:00+00:00
719667,18-24,F,Housing,Tablet,Northeast,1,4.3987,2023-02-09 15:57:00+00:00
719673,55+,F,Housing,Mobile,South,1,5.215,2023-01-13 12:53:00+00:00
719679,55+,F,Housing,Web,South,0,1.535,2023-05-09 20:52:00+00:00
719682,35-44,F,Housing,Web,Midwest,0,4.815,2023-04-03 20:21:00+00:00
719701,25-34,F,Housing,Mobile,Northeast,0,7.7,2023-05-31 06:55:00+00:00
719702,35-44,F,Housing,Web,Midwest,0,2.0688,2023-03-17 15:19:00+00:00
719705,35-44,F,Housing,Mobile,Midwest,1,5.3137,2023-05-12 11:10:00+00:00
719709,55+,F,Housing,Mobile,South,0,12.9775,2023-01-23 22:37:00+00:00
719718,35-44,F,Housing,Tablet,Midwest,0,9.7562,2023-03-27 13:55:00+00:00
719725,35-44,F,Housing,Mobile,Midwest,0,14.88,2023-04-20 01:49:00+00:00
719751,25-34,F,Housing,Web,Northeast,0,5.88,2023-01-20 07:11:00+00:00
719759,55+,F,Housing,Mobile,South,0,6.255,2023-02-14 20:06:00+00:00
719772,55+,F,Housing,Web,South,1,3.3712,2023-01-18 17:02:00+00:00
719777,55+,F,Housing,Mobile,South,0,5.3838,2023-06-17 11:23:00+00:00
719786,18-24,F,Housing,Web,Northeast,0,11.375,2023-01-21 20:54:00+00:00
719787,35-44,F,Housing,Web,Midwest,0,2.4612,2023-03-31 17:04:00+00:00
719788,55+,F,Housing,Tablet,South,0,14.02,2023-03-08 18:35:00+00:00
719792,35-44,F,Housing,Mobile,Midwest,0,12.1088,2023-02-17 23:23:00+00:00
719801,25-34,F,Housing,Web,Northeast,1,13.0,2023-04-06 23:47:00+00:00
719810,55+,F,Housing,Web,South,0,5.175,2023-05-01 12:34:00+00:00
719812,55+,F,Housing,Web,South,0,12.62,2023-05-17 16:53:00+00:00
719813,55+,F,Housing,Mobile,South,0,6.34,2023-01-13 00:01:00+00:00
719851,25-34,F,Housing,Tablet,Northeast,0,15.16,2023-05-24 11:20:00+00:00
719854,18-24,F,Housing,Mobile,Northeast,0,7.78,2023-01-15 02:36:00+00:00
719855,55+,F,Housing,Tablet,South,0,8.755,2023-03-06 04:09:00+00:00
719859,55+,F,Housing,Web,South,1,2.9362,2023-06-19 13:24:00+00:00
719867,18-24,F,Housing,Web,Northeast,0,11.58,2023-05-05 16:17:00+00:00
719898,35-44,F,Housing,Web,Midwest,0,1.6213,2023-04-28 09:42:00+00:00
719900,18-24,F,Housing,Tablet,Northeast,0,7.8613,2023-06-19 01:58:00+00:00
719901,25-34,F,Housing,Tablet,Northeast,1,8.66,2023-04-29 22:42:00+00:00
719927,35-44,F,Housing,Web,Midwest,0,2.2038,2023-04-14 19:57:00+00:00
719933,35-44,F,Housing,Web,Midwest,0,4.255,2023-02-14 20:23:00+00:00
719951,25-34,F,Housing,Tablet,Northeast,1,6.68,2023-01-20 07:28:00+00:00
719992,18-24,F,Housing,Tablet,Northeast,0,10.6,2023-05-16 15:27:00+00:00
719993,55+,F,Housing,Tablet,South,0,2.6825,2023-01-27 02:46:00+00:00
719994,55+,F,Housing,Web,South,0,1.7663,2023-06-03 21:04:00+00:00
720001,25-34,F,Housing,Tablet,Northeast,0,6.66,2023-02-28 22:08:00+00:00
720010,55+,F,Housing,Mobile,South,0,11.44,2023-01-18 17:28:00+00:00
720030,35-44,F,Housing,Mobile,Midwest,0,2.2237,2023-02-09 03:48:00+00:00
720036,18-24,F,Housing,Mobile,Northeast,0,2.9762,2023-04-12 05:23:00+00:00
720045,18-24,F,Housing,Web,Northeast,0,5.5975,2023-05-19 06:19:00+00:00
720051,25-34,F,Housing,Web,Northeast,1,12.58,2023-06-04 10:30:00+00:00
720061,35-44,F,Housing,Tablet,Midwest,1,13.1,2023-06-10 16:05:00+00:00
720076,55+,F,Housing,Mobile,South,0,15.36,2023-05-14 01:44:00+00:00
720087,55+,F,Housing,Web,South,0,7.3312,2023-02-15 09:40:00+00:00
720099,55+,F,Housing,Tablet,South,0,5.2862,2023-06-19 13:41:00+00:00
720101,25-34,F,Housing,Web,Northeast,1,14.82,2023-04-17 22:40:00+00:00
720103,35-44,F,Housing,Tablet,Midwest,0,11.04,2023-02-07 01:39:00+00:00
720107,55+,F,Housing,Tablet,South,1,4.0862,2023-03-11 21:01:00+00:00
720134,55+,F,Housing,Tablet,South,0,11.3837,2023-05-08 19:52:00+00:00
720150,18-24,F,Housing,Web,Northeast,0,10.4663,2023-04-24 05:59:00+00:00
720151,25-34,F,Housing,Web,Northeast,0,15.44,2023-02-27 21:25:00+00:00
720158,35-44,F,Housing,Web,Midwest,0,8.575,2023-05-01 12:34:00+00:00
720165,18-24,F,Housing,Web,Northeast,1,5.5025,2023-03-04 02:17:00+00:00
720178,55+,F,Housing,Tablet,South,1,9.26,2023-03-10 20:18:00+00:00
720182,35-44,F,Housing,Web,Midwest,0,0.96,2023-02-18 00:24:00+00:00
720190,18-24,F,Housing,Web,Northeast,0,8.72,2023-04-12 05:23:00+00:00
720201,25-34,F,Housing,Tablet,Northeast,0,10.98,2023-02-04 10:22:00+00:00
720207,18-24,F,Housing,Web,Northeast,0,9.55,2023-05-01 00:25:00+00:00
720209,55+,F,Housing,Web,South,1,10.1875,2023-01-31 06:30:00+00:00
720233,35-44,F,Housing,Mobile,Midwest,0,3.6313,2023-02-15 09:06:00+00:00
720236,55+,F,Housing,Mobile,South,0,7.9437,2023-03-17 03:45:00+00:00
720245,55+,F,Housing,Tablet,South,1,0.85,2023-05-21 08:20:00+00:00
720251,25-34,F,Housing,Tablet,Northeast,0,15.12,2023-06-11 17:57:00+00:00
720259,18-24,F,Housing,Mobile,Northeast,0,10.66,2023-02-28 10:51:00+00:00
720265,55+,F,Housing,Tablet,South,0,7.32,2023-02-01 07:04:00+00:00
720268,55+,F,Housing,Web,South,0,9.26,2023-06-18 12:58:00+00:00
720275,35-44,F,Housing,Tablet,Midwest,0,3.19,2023-02-02 08:04:00+00:00
720279,35-44,F,Housing,Tablet,Midwest,0,4.1675,2023-04-25 06:16:00+00:00
720293,18-24,F,Housing,Tablet,Northeast,0,4.5838,2023-01-08 19:43:00+00:00
720297,18-24,F,Housing,Web,Northeast,1,5.6988,2023-03-21 07:19:00+00:00
720301,25-34,F,Housing,Mobile,Northeast,0,14.26,2023-04-09 02:48:00+00:00
720323,55+,F,Housing,Mobile,South,0,10.66,2023-03-30 16:04:00+00:00
720338,18-24,F,Housing,Mobile,Northeast,0,4.9887,2023-06-01 07:55:00+00:00
720350,35-44,F,Housing,Tablet,Midwest,1,11.7688,2023-02-05 23:22:00+00:00
720351,25-34,F,Housing,Tablet,Northeast,0,11.22,2023-01-07 18:52:00+00:00
720352,55+,F,Housing,Web,South,0,12.18,2023-02-24 06:07:00+00:00
720353,18-24,F,Housing,Tablet,Northeast,0,6.0762,2023-03-23 21:03:00+00:00
720364,18-24,F,Housing,Web,Northeast,0,12.22,2023-01-17 04:53:00+00:00
720373,35-44,F,Housing,Tablet,Midwest,1,13.36,2023-05-14 13:01:00+00:00
720399,18-24,F,Housing,Web,Northeast,0,12.9462,2023-06-07 13:31:00+00:00
720401,25-34,F,Housing,Tablet,Northeast,0,8.64,2023-03-19 05:02:00+00:00
720411,55+,F,Housing,Web,South,1,12.6638,2023-06-21 03:41:00+00:00
720413,35-44,F,Housing,Tablet,Midwest,1,2.455,2023-06-14 20:23:00+00:00
720414,55+,F,Housing,Mobile,South,1,0.74,2023-04-23 16:33:00+00:00
720426,35-44,F,Housing,Mobile,Midwest,0,11.4362,2023-02-19 13:15:00+00:00
720427,18-24,F,Housing,Web,Northeast,0,7.42,2023-02-06 00:30:00+00:00
720438,35-44,F,Housing,Mobile,Midwest,0,2.5213,2023-04-08 01:39:00+00:00
720451,25-34,F,Housing,Tablet,Northeast,0,15.18,2023-01-05 04:52:00+00:00
720465,55+,F,Housing,Mobile,South,0,7.4737,2023-03-21 19:37:00+00:00
720467,55+,F,Housing,Mobile,South,1,4.6625,2023-03-12 10:18:00+00:00
720468,35-44,F,Housing,Tablet,Midwest,0,5.7438,2023-01-16 03:53:00+00:00
720470,18-24,F,Housing,Web,Northeast,1,12.33,2023-05-05 16:00:00+00:00
720479,18-24,F,Housing,Tablet,Northeast,0,5.9625,2023-01-11 10:44:00+00:00
720501,25-34,F,Housing,Web,Northeast,0,9.54,2023-02-12 18:23:00+00:00
720507,35-44,F,Housing,Mobile,Midwest,0,11.9,2023-06-10 16:57:00+00:00
720517,18-24,F,Housing,Web,Northeast,1,6.9,2023-01-11 22:01:00+00:00
720520,55+,F,Housing,Mobile,South,0,14.1,2023-02-20 14:07:00+00:00
720521,55+,F,Housing,Mobile,South,0,2.8325,2023-03-28 02:03:00+00:00
720524,35-44,F,Housing,Tablet,Midwest,1,5.8225,2023-02-08 02:56:00+00:00
720541,35-44,F,Housing,Mobile,Midwest,0,10.54,2023-04-23 04:50:00+00:00
720548,18-24,F,Housing,Mobile,Northeast,1,9.4437,2023-05-16 03:02:00+00:00
720551,25-34,F,Housing,Tablet,Northeast,0,12.08,2023-03-31 05:21:00+00:00
720578,35-44,F,Housing,Tablet,Midwest,0,9.9038,2023-03-25 11:37:00+00:00
720584,35-44,F,Housing,Tablet,Midwest,1,5.0713,2023-03-19 17:11:00+00:00
720593,55+,F,Housing,Mobile,South,0,11.5687,2023-06-05 23:39:00+00:00
720601,25-34,F,Housing,Mobile,Northeast,0,9.8,2023-06-25 07:42:00+00:00
720615,35-44,F,Housing,Tablet,Midwest,1,10.1775,2023-03-04 14:17:00+00:00
720624,18-24,F,Housing,Tablet,Northeast,0,11.8987,2023-02-09 15:48:00+00:00
720639,35-44,F,Housing,Web,Midwest,1,7.6963,2023-05-18 05:36:00+00:00
720641,55+,F,Housing,Web,South,0,6.0938,2023-04-26 19:59:00+00:00
720651,25-34,F,Housing,Tablet,Northeast,1,13.4,2023-04-06 11:47:00+00:00
720661,18-24,F,Housing,Mobile,Northeast,1,6.26,2023-02-08 14:31:00+00:00
720669,55+,F,Housing,Tablet,South,1,7.8075,2023-03-08 06:26:00+00:00
720679,18-24,F,Housing,Web,Northeast,1,11.12,2023-01-22 09:54:00+00:00
720701,25-34,F,Housing,Mobile,Northeast,0,13.46,2023-05-19 18:36:00+00:00
720714,35-44,F,Housing,Tablet,Midwest,0,9.9825,2023-05-27 02:12:00+00:00
720720,35-44,F,Housing,Tablet,Midwest,1,4.2275,2023-01-23 22:46:00+00:00
720724,55+,F,Housing,Web,South,0,15.3,2023-06-20 02:24:00+00:00
720742,35-44,F,Housing,Mobile,Midwest,0,9.28,2023-01-10 09:01:00+00:00
720751,25-34,F,Housing,Web,Northeast,1,14.24,2023-04-08 01:48:00+00:00
720770,35-44,F,Housing,Mobile,Midwest,0,8.6188,2023-02-25 07:59:00+00:00
720781,55+,F,Housing,Mobile,South,1,11.06,2023-06-08 02:39:00+00:00
720782,55+,F,Housing,Web,South,1,10.82,2023-03-18 16:19:00+00:00
720785,35-44,F,Housing,Tablet,Midwest,0,2.655,2023-03-26 12:54:00+00:00
720796,35-44,F,Housing,Tablet,Midwest,1,12.1,2023-01-11 22:52:00+00:00
720801,25-34,F,Housing,Tablet,Northeast,0,10.98,2023-06-24 18:59:00+00:00
720821,18-24,F,Housing,Mobile,Northeast,0,8.7375,2023-01-31 06:21:00+00:00
720827,55+,F,Housing,Web,South,1,5.18,2023-03-26 00:46:00+00:00
720836,18-24,F,Housing,Tablet,Northeast,0,4.4463,2023-03-19 05:36:00+00:00
720841,35-44,F,Housing,Web,Midwest,0,11.92,2023-01-02 01:00:00+00:00
720851,25-34,F,Housing,Tablet,Northeast,0,8.46,2023-02-18 12:32:00+00:00
720855,35-44,F,Housing,Mobile,Midwest,0,4.27,2023-02-26 08:59:00+00:00
720856,55+,F,Housing,Mobile,South,1,8.1,2023-06-20 02:58:00+00:00
720863,55+,F,Housing,Mobile,South,0,12.1037,2023-06-13 19:31:00+00:00
720868,55+,F,Housing,Web,South,0,15.36,2023-02-23 17:16:00+00:00
720877,55+,F,Housing,Tablet,South,1,7.0,2023-04-26 07:25:00+00:00
720885,35-44,F,Housing,Tablet,Midwest,1,8.3238,2023-01-20 19:54:00+00:00
720886,18-24,F,Housing,Tablet,Northeast,0,8.62,2023-05-17 16:10:00+00:00
720888,35-44,F,Housing,Tablet,Midwest,0,3.2012,2023-01-02 01:25:00+00:00
720901,25-34,F,Housing,Web,Northeast,1,5.72,2023-04-02 19:13:00+00:00
720903,35-44,F,Housing,Mobile,Midwest,0,9.04,2023-04-23 16:58:00+00:00
720907,35-44,F,Housing,Mobile,Midwest,0,12.16,2023-06-23 17:24:00+00:00
720923,35-44,F,Housing,Web,Midwest,0,12.035,2023-05-29 04:38:00+00:00
720925,55+,F,Housing,Mobile,South,1,9.98,2023-04-15 08:40:00+00:00
720935,35-44,F,Housing,Mobile,Midwest,1,5.275,2023-03-22 20:54:00+00:00
720939,55+,F,Housing,Tablet,South,0,9.19,2023-02-02 08:47:00+00:00
720946,35-44,F,Housing,Web,Midwest,0,6.38,2023-04-15 08:14:00+00:00
720951,25-34,F,Housing,Tablet,Northeast,0,13.02,2023-04-27 20:33:00+00:00
720953,55+,F,Housing,Tablet,South,0,11.7413,2023-02-03 09:56:00+00:00
720956,55+,F,Housing,Web,South,0,4.5287,2023-03-25 23:20:00+00:00
720967,18-24,F,Housing,Tablet,Northeast,0,10.0,2023-05-06 17:09:00+00:00
720969,35-44,F,Housing,Web,Midwest,0,2.645,2023-02-06 12:05:00+00:00
720970,18-24,F,Housing,Mobile,Northeast,1,13.88,2023-01-20 19:37:00+00:00
720978,55+,F,Housing,Web,South,1,0.62,2023-02-26 08:59:00+00:00
720979,55+,F,Housing,Web,South,0,9.68,2023-03-31 17:04:00+00:00
720989,18-24,F,Housing,Tablet,Northeast,1,2.8062,2023-01-06 05:09:00+00:00
721001,25-34,F,Housing,Web,Northeast,0,14.7,2023-02-10 16:40:00+00:00
721015,55+,F,Housing,Mobile,South,1,6.08,2023-03-11 21:52:00+00:00
721016,18-24,F,Housing,Mobile,Northeast,0,10.1,2023-01-21 08:37:00+00:00
721024,18-24,F,Housing,Tablet,Northeast,0,7.88,2023-02-09 03:57:00+00:00
721028,55+,F,Housing,Tablet,South,0,12.9213,2023-06-07 01:22:00+00:00
721038,18-24,F,Housing,Web,Northeast,0,3.505,2023-05-25 12:46:00+00:00
721047,35-44,F,Housing,Tablet,Midwest,0,5.945,2023-03-18 04:36:00+00:00
721051,25-34,F,Housing,Web,Northeast,0,14.8,2023-06-15 21:40:00+00:00
721058,35-44,F,Housing,Tablet,Midwest,0,4.0862,2023-01-10 21:35:00+00:00
721062,18-24,F,Housing,Web,Northeast,1,9.6738,2023-03-21 19:19:00+00:00
721065,18-24,F,Housing,Web,Northeast,0,9.5325,2023-04-17 10:23:00+00:00
721079,55+,F,Housing,Mobile,South,0,10.2438,2023-06-25 19:07:00+00:00
721101,25-34,F,Housing,Mobile,Northeast,0,6.84,2023-02-17 11:32:00+00:00
721103,55+,F,Housing,Mobile,South,0,2.0312,2023-05-06 17:26:00+00:00
721112,18-24,F,Housing,Web,Northeast,0,3.63,2023-05-05 16:00:00+00:00
721126,18-24,F,Housing,Tablet,Northeast,0,10.66,2023-06-28 22:08:00+00:00
721129,18-24,F,Housing,Tablet,Northeast,1,7.26,2023-04-19 12:06:00+00:00
721141,35-44,F,Housing,Tablet,Midwest,0,5.9,2023-01-21 20:20:00+00:00
721143,35-44,F,Housing,Mobile,Midwest,0,0.5825,2023-06-16 10:58:00+00:00
721151,25-34,F,Housing,Web,Northeast,0,10.6,2023-03-17 15:36:00+00:00
721153,18-24,F,Housing,Tablet,Northeast,0,12.7,2023-05-21 20:02:00+00:00
721157,55+,F,Housing,Mobile,South,1,6.76,2023-03-10 08:44:00+00:00
721169,18-24,F,Housing,Mobile,Northeast,0,8.455,2023-03-26 12:54:00+00:00
721176,55+,F,Housing,Tablet,South,0,1.4487,2023-06-29 23:08:00+00:00
721178,18-24,F,Housing,Web,Northeast,0,9.2238,2023-06-09 03:39:00+00:00
721192,35-44,F,Housing,Tablet,Midwest,1,8.58,2023-04-25 18:07:00+00:00
721195,35-44,F,Housing,Web,Midwest,0,13.92,2023-04-12 05:05:00+00:00
721197,55+,F,Housing,Mobile,South,0,8.5213,2023-02-27 09:42:00+00:00
721198,55+,F,Housing,Mobile,South,0,10.12,2023-06-01 19:38:00+00:00
721201,25-34,F,Housing,Web,Northeast,0,5.8,2023-03-17 03:36:00+00:00
721235,35-44,F,Housing,Tablet,Midwest,0,4.995,2023-03-18 04:10:00+00:00
721246,18-24,F,Housing,Mobile,Northeast,1,13.6,2023-03-27 13:29:00+00:00
721251,25-34,F,Housing,Mobile,Northeast,0,7.6,2023-05-26 01:29:00+00:00
721260,55+,F,Housing,Mobile,South,0,2.1325,2023-01-07 18:52:00+00:00
721272,35-44,F,Housing,Tablet,Midwest,0,3.14,2023-06-02 08:21:00+00:00
721290,35-44,F,Housing,Web,Midwest,0,2.6688,2023-06-05 23:56:00+00:00
721293,18-24,F,Housing,Mobile,Northeast,0,11.38,2023-01-05 16:26:00+00:00
721301,25-34,F,Housing,Web,Northeast,1,7.94,2023-01-23 22:46:00+00:00
721302,18-24,F,Housing,Mobile,Northeast,0,7.5575,2023-01-07 06:00:00+00:00
721312,55+,F,Housing,Tablet,South,1,13.96,2023-06-13 19:57:00+00:00
721324,55+,F,Housing,Mobile,South,0,8.14,2023-04-03 20:47:00+00:00
721332,35-44,F,Housing,Mobile,Midwest,0,2.605,2023-06-14 20:57:00+00:00
721340,18-24,F,Housing,Tablet,Northeast,1,9.9375,2023-02-20 14:24:00+00:00
721341,55+,F,Housing,Web,South,1,11.3675,2023-02-04 22:04:00+00:00
721351,25-34,F,Housing,Tablet,Northeast,0,5.9,2023-05-21 20:02:00+00:00
721371,35-44,F,Housing,Web,Midwest,1,2.1638,2023-03-13 11:27:00+00:00
721372,35-44,F,Housing,Mobile,Midwest,0,15.34,2023-05-13 12:10:00+00:00
721394,18-24,F,Housing,Mobile,Northeast,0,7.6487,2023-02-09 15:57:00+00:00
721401,25-34,F,Housing,Tablet,Northeast,1,8.14,2023-06-22 16:16:00+00:00
721414,35-44,F,Housing,Tablet,Midwest,0,11.8,2023-05-16 03:36:00+00:00
721425,18-24,F,Housing,Web,Northeast,1,0.735,2023-03-30 04:21:00+00:00
721451,25-34,F,Housing,Web,Northeast,1,13.74,2023-06-22 04:16:00+00:00
721458,18-24,F,Housing,Web,Northeast,0,6.7162,2023-02-23 05:59:00+00:00
721462,35-44,F,Housing,Mobile,Midwest,0,14.9,2023-04-21 14:24:00+00:00
721464,18-24,F,Housing,Tablet,Northeast,1,10.2238,2023-04-10 03:05:00+00:00
721466,55+,F,Housing,Mobile,South,0,10.6062,2023-05-26 13:12:00+00:00
721474,18-24,F,Housing,Web,Northeast,1,13.02,2023-03-18 04:53:00+00:00
721485,18-24,F,Housing,Mobile,Northeast,0,10.1813,2023-06-15 09:06:00+00:00
721500,55+,F,Housing,Mobile,South,0,3.56,2023-05-29 16:04:00+00:00
721501,25-34,F,Housing,Tablet,Northeast,1,6.24,2023-04-28 09:16:00+00:00
721504,35-44,F,Housing,Mobile,Midwest,0,7.94,2023-04-13 18:57:00+00:00
721507,18-24,F,Housing,Tablet,Northeast,1,11.68,2023-01-10 21:01:00+00:00
721544,55+,F,Housing,Mobile,South,0,1.1113,2023-05-10 09:18:00+00:00
721546,18-24,F,Housing,Mobile,Northeast,1,12.34,2023-03-04 14:43:00+00:00
721549,35-44,F,Housing,Mobile,Midwest,0,5.86,2023-04-09 14:14:00+00:00
721551,25-34,F,Housing,Web,Northeast,0,9.94,2023-03-24 22:54:00+00:00
721559,35-44,F,Housing,Tablet,Midwest,0,8.0775,2023-01-03 14:51:00+00:00
721560,35-44,F,Housing,Tablet,Midwest,0,8.1612,2023-04-20 01:58:00+00:00
721566,18-24,F,Housing,Web,Northeast,0,12.6225,2023-02-08 02:31:00+00:00
721580,35-44,F,Housing,Mobile,Midwest,0,3.535,2023-01-09 20:01:00+00:00
721585,35-44,F,Housing,Web,Midwest,1,15.06,2023-06-28 22:51:00+00:00
721601,25-34,F,Housing,Tablet,Northeast,0,11.8,2023-06-25 07:16:00+00:00
721606,55+,F,Housing,Web,South,0,5.98,2023-03-26 00:54:00+00:00
721625,35-44,F,Housing,Mobile,Midwest,1,10.765,2023-06-22 04:24:00+00:00
721633,35-44,F,Housing,Mobile,Midwest,0,12.44,2023-03-29 15:03:00+00:00
721644,55+,F,Housing,Tablet,South,0,10.81,2023-01-29 16:46:00+00:00
721651,25-34,F,Housing,Mobile,Northeast,1,9.38,2023-06-04 22:47:00+00:00
721657,55+,F,Housing,Tablet,South,0,10.7,2023-03-22 08:28:00+00:00
721666,55+,F,Housing,Tablet,South,1,9.04,2023-05-18 05:11:00+00:00
721673,35-44,F,Housing,Web,Midwest,1,0.7588,2023-01-28 15:38:00+00:00
721681,55+,F,Housing,Tablet,South,0,7.22,2023-02-16 10:58:00+00:00
721697,35-44,F,Housing,Tablet,Midwest,0,12.6188,2023-04-26 07:07:00+00:00
721701,25-34,F,Housing,Web,Northeast,1,7.12,2023-03-23 09:45:00+00:00
721702,35-44,F,Housing,Mobile,Midwest,1,14.94,2023-05-13 00:27:00+00:00
721730,18-24,F,Housing,Mobile,Northeast,0,4.8025,2023-02-12 18:48:00+00:00
721731,18-24,F,Housing,Tablet,Northeast,0,8.6013,2023-03-23 09:03:00+00:00
721732,55+,F,Housing,Mobile,South,0,13.32,2023-06-01 07:47:00+00:00
721740,35-44,F,Housing,Mobile,Midwest,1,12.21,2023-03-10 08:01:00+00:00
721751,25-34,F,Housing,Mobile,Northeast,0,7.76,2023-04-24 17:59:00+00:00
721765,55+,F,Housing,Mobile,South,1,11.96,2023-03-05 03:26:00+00:00
721781,35-44,F,Housing,Mobile,Midwest,1,7.8475,2023-02-08 14:05:00+00:00
721785,35-44,F,Housing,Mobile,Midwest,1,2.4175,2023-02-04 22:39:00+00:00
721790,35-44,F,Housing,Mobile,Midwest,0,12.7837,2023-04-18 11:15:00+00:00
721796,55+,F,Housing,Mobile,South,1,12.0025,2023-05-23 10:28:00+00:00
721801,25-34,F,Housing,Web,Northeast,0,6.9,2023-03-12 22:18:00+00:00
721814,18-24,F,Housing,Web,Northeast,0,5.2112,2023-05-30 17:29:00+00:00
721830,35-44,F,Housing,Tablet,Midwest,0,0.5813,2023-03-27 01:29:00+00:00
721838,35-44,F,Housing,Mobile,Midwest,0,9.3537,2023-01-24 11:20:00+00:00
721851,25-34,F,Housing,Web,Northeast,0,5.6,2023-05-26 13:12:00+00:00
721858,35-44,F,Housing,Mobile,Midwest,0,15.26,2023-05-29 16:21:00+00:00
721897,18-24,F,Housing,Web,Northeast,0,9.8,2023-04-06 23:30:00+00:00
721898,35-44,F,Housing,Mobile,Midwest,1,9.28,2023-06-14 08:14:00+00:00
721901,25-34,F,Housing,Web,Northeast,1,14.48,2023-02-19 13:15:00+00:00
721940,35-44,F,Housing,Mobile,Midwest,1,8.4288,2023-02-13 07:49:00+00:00
721941,18-24,F,Housing,Web,Northeast,0,12.9238,2023-04-30 11:17:00+00:00
721949,55+,F,Housing,Mobile,South,1,9.8837,2023-05-08 19:01:00+00:00
721951,25-34,F,Housing,Tablet,Northeast,0,7.5,2023-01-21 20:54:00+00:00
721965,35-44,F,Housing,Web,Midwest,0,8.7075,2023-01-27 14:12:00+00:00
721980,55+,F,Housing,Mobile,South,0,8.755,2023-05-05 04:43:00+00:00
721990,35-44,F,Housing,Mobile,Midwest,0,14.12,2023-04-02 07:47:00+00:00
721999,55+,F,Housing,Web,South,0,8.68,2023-06-09 03:31:00+00:00
722001,25-34,F,Housing,Mobile,Northeast,0,11.46,2023-03-20 06:02:00+00:00
722018,55+,F,Housing,Tablet,South,1,6.2162,2023-06-23 05:33:00+00:00
722019,35-44,F,Housing,Mobile,Midwest,0,0.5962,2023-02-07 13:31:00+00:00
722026,55+,F,Housing,Web,South,0,6.22,2023-06-26 08:33:00+00:00
722051,25-34,F,Housing,Web,Northeast,0,6.14,2023-05-13 12:27:00+00:00
722057,35-44,F,Housing,Mobile,Midwest,0,9.7912,2023-05-14 01:10:00+00:00
722100,55+,F,Housing,Web,South,1,3.5663,2023-01-14 13:10:00+00:00
722101,25-34,F,Housing,Web,Northeast,0,15.32,2023-02-21 03:58:00+00:00
722106,55+,F,Housing,Web,South,0,5.605,2023-05-05 04:00:00+00:00
722115,18-24,F,Housing,Mobile,Northeast,0,7.04,2023-06-22 16:50:00+00:00
722126,18-24,F,Housing,Tablet,Northeast,0,6.8675,2023-02-24 06:33:00+00:00
722138,18-24,F,Housing,Tablet,Northeast,0,10.0038,2023-01-24 11:20:00+00:00
722147,35-44,F,Housing,Tablet,Midwest,0,9.9325,2023-03-08 18:18:00+00:00
722151,25-34,F,Housing,Web,Northeast,1,13.68,2023-06-19 01:15:00+00:00
722158,55+,F,Housing,Mobile,South,0,12.36,2023-05-24 11:37:00+00:00
722167,18-24,F,Housing,Web,Northeast,1,9.74,2023-01-13 12:44:00+00:00
722173,18-24,F,Housing,Tablet,Northeast,1,13.52,2023-03-03 13:34:00+00:00
722178,35-44,F,Housing,Mobile,Midwest,0,0.7312,2023-03-27 01:20:00+00:00
722190,55+,F,Housing,Tablet,South,1,8.2438,2023-06-25 19:16:00+00:00
722201,25-34,F,Housing,Tablet,Northeast,0,12.34,2023-06-12 06:23:00+00:00
722203,55+,F,Housing,Tablet,South,0,15.24,2023-03-09 19:09:00+00:00
722211,55+,F,Housing,Tablet,South,0,3.06,2023-01-09 08:44:00+00:00
722212,18-24,F,Housing,Mobile,Northeast,0,6.34,2023-06-12 18:57:00+00:00
722220,55+,F,Housing,Mobile,South,0,3.0213,2023-02-27 09:51:00+00:00
722223,18-24,F,Housing,Web,Northeast,0,2.0825,2023-03-08 18:00:00+00:00
722232,18-24,F,Housing,Web,Northeast,0,4.8362,2023-01-10 21:35:00+00:00
722233,35-44,F,Housing,Mobile,Midwest,1,8.12,2023-06-21 03:50:00+00:00
722235,18-24,F,Housing,Web,Northeast,0,3.2725,2023-02-08 02:56:00+00:00
722237,55+,F,Housing,Web,South,0,2.5375,2023-01-31 06:04:00+00:00
722251,25-34,F,Housing,Tablet,Northeast,0,13.06,2023-02-28 22:16:00+00:00
722264,18-24,F,Housing,Mobile,Northeast,1,4.8875,2023-05-31 06:04:00+00:00
722274,55+,F,Housing,Tablet,South,0,9.2,2023-04-11 16:48:00+00:00
722276,55+,F,Housing,Mobile,South,0,0.9463,2023-04-28 21:08:00+00:00
722281,18-24,F,Housing,Tablet,Northeast,1,11.14,2023-03-24 10:28:00+00:00
722298,55+,F,Housing,Tablet,South,0,5.9425,2023-06-24 18:16:00+00:00
722301,25-34,F,Housing,Web,Northeast,0,8.12,2023-02-21 03:33:00+00:00
722306,35-44,F,Housing,Mobile,Midwest,0,5.1312,2023-03-27 01:03:00+00:00
722314,35-44,F,Housing,Mobile,Midwest,0,9.08,2023-06-29 11:59:00+00:00
722334,18-24,F,Housing,Web,Northeast,0,7.5175,2023-06-24 06:59:00+00:00
722338,35-44,F,Housing,Web,Midwest,0,10.16,2023-02-03 21:13:00+00:00
722343,35-44,F,Housing,Mobile,Midwest,0,7.9325,2023-05-27 02:12:00+00:00
722350,55+,F,Housing,Tablet,South,0,11.98,2023-05-25 00:03:00+00:00
722351,25-34,F,Housing,Web,Northeast,1,9.34,2023-06-02 20:21:00+00:00
722369,35-44,F,Housing,Mobile,Midwest,1,1.5837,2023-01-08 19:09:00+00:00
722381,55+,F,Housing,Web,South,0,10.0125,2023-02-20 02:50:00+00:00
722390,55+,F,Housing,Tablet,South,0,9.2525,2023-03-24 10:28:00+00:00
722398,18-24,F,Housing,Tablet,Northeast,1,14.06,2023-03-10 20:09:00+00:00
722400,35-44,F,Housing,Mobile,Midwest,1,3.0387,2023-03-13 23:53:00+00:00
722401,25-34,F,Housing,Tablet,Northeast,0,8.06,2023-01-29 16:46:00+00:00
722420,55+,F,Housing,Tablet,South,0,4.3238,2023-06-29 11:17:00+00:00
722445,55+,F,Housing,Web,South,0,9.28,2023-02-14 08:06:00+00:00
722451,25-34,F,Housing,Web,Northeast,0,14.78,2023-04-15 08:06:00+00:00
722455,55+,F,Housing,Web,South,0,13.02,2023-06-26 08:50:00+00:00
722463,35-44,F,Housing,Tablet,Midwest,0,6.8712,2023-02-07 01:13:00+00:00
722500,55+,F,Housing,Tablet,South,0,14.9,2023-04-21 14:15:00+00:00
722501,25-34,F,Housing,Mobile,Northeast,1,15.26,2023-01-09 20:01:00+00:00
722510,18-24,F,Housing,Tablet,Northeast,1,8.4975,2023-06-08 14:05:00+00:00
722512,35-44,F,Housing,Mobile,Midwest,0,13.6,2023-05-26 13:29:00+00:00
722521,55+,F,Housing,Tablet,South,0,13.08,2023-02-09 15:48:00+00:00
722545,35-44,F,Housing,Web,Midwest,0,7.24,2023-05-08 19:52:00+00:00
722551,25-34,F,Housing,Tablet,Northeast,1,14.68,2023-04-30 11:51:00+00:00
722554,55+,F,Housing,Web,South,0,11.48,2023-06-29 11:17:00+00:00
722601,25-34,F,Housing,Mobile,Northeast,1,13.06,2023-06-28 22:51:00+00:00
722606,55+,F,Housing,Web,South,0,7.5213,2023-01-18 17:45:00+00:00
722609,18-24,F,Housing,Tablet,Northeast,0,10.6975,2023-04-29 22:51:00+00:00
722612,55+,F,Housing,Mobile,South,0,4.9138,2023-02-01 19:47:00+00:00
722617,18-24,F,Housing,Mobile,Northeast,0,13.16,2023-01-24 11:37:00+00:00
722632,55+,F,Housing,Mobile,South,0,5.94,2023-05-23 10:11:00+00:00
722643,35-44,F,Housing,Mobile,Midwest,1,1.9625,2023-01-11 10:18:00+00:00
722645,55+,F,Housing,Web,South,0,3.28,2023-02-14 08:14:00+00:00
722651,25-34,F,Housing,Mobile,Northeast,0,10.64,2023-06-27 21:42:00+00:00
722652,35-44,F,Housing,Web,Midwest,1,12.1475,2023-03-20 06:19:00+00:00
722657,35-44,F,Housing,Mobile,Midwest,0,11.5825,2023-05-27 02:29:00+00:00
722660,35-44,F,Housing,Tablet,Midwest,1,11.9138,2023-05-12 11:35:00+00:00
722669,55+,F,Housing,Mobile,South,0,3.07,2023-01-17 16:02:00+00:00
722671,18-24,F,Housing,Mobile,Northeast,0,8.66,2023-06-28 22:51:00+00:00
722701,25-34,F,Housing,Mobile,Northeast,0,12.0,2023-03-27 01:46:00+00:00
722704,18-24,F,Housing,Tablet,Northeast,0,10.92,2023-04-22 03:41:00+00:00
722706,18-24,F,Housing,Mobile,Northeast,0,5.3087,2023-03-29 15:21:00+00:00
722709,18-24,F,Housing,Tablet,Northeast,0,6.54,2023-04-23 16:33:00+00:00
722726,55+,F,Housing,Mobile,South,0,3.8,2023-01-21 08:54:00+00:00
722730,55+,F,Housing,Web,South,0,1.3775,2023-01-03 14:34:00+00:00
722743,18-24,F,Housing,Mobile,Northeast,0,5.84,2023-05-18 17:36:00+00:00
722745,35-44,F,Housing,Tablet,Midwest,0,2.9638,2023-02-01 19:55:00+00:00
722747,55+,F,Housing,Mobile,South,0,12.2413,2023-04-04 09:39:00+00:00
722751,25-34,F,Housing,Web,Northeast,0,14.36,2023-06-13 19:06:00+00:00
722775,18-24,F,Housing,Tablet,Northeast,1,5.4413,2023-05-14 01:27:00+00:00
722785,55+,F,Housing,Mobile,South,1,14.48,2023-06-19 01:07:00+00:00
722801,25-34,F,Housing,Mobile,Northeast,0,10.64,2023-03-19 05:45:00+00:00
722815,35-44,F,Housing,Tablet,Midwest,0,14.8,2023-05-26 01:20:00+00:00
722822,55+,F,Housing,Tablet,South,1,7.6738,2023-01-20 19:02:00+00:00
722831,35-44,F,Housing,Tablet,Midwest,0,2.2938,2023-05-16 03:10:00+00:00
722837,18-24,F,Housing,Tablet,Northeast,0,12.08,2023-04-15 08:14:00+00:00
722850,35-44,F,Housing,Mobile,Midwest,1,6.005,2023-03-26 12:03:00+00:00
722851,25-34,F,Housing,Mobile,Northeast,0,11.02,2023-01-17 04:36:00+00:00
722855,18-24,F,Housing,Tablet,Northeast,0,2.0075,2023-05-27 14:20:00+00:00
722859,18-24,F,Housing,Mobile,Northeast,0,1.5063,2023-03-07 05:52:00+00:00
722863,35-44,F,Housing,Mobile,Midwest,0,10.52,2023-03-13 23:10:00+00:00
722864,55+,F,Housing,Web,South,0,10.605,2023-05-25 12:12:00+00:00
722883,55+,F,Housing,Tablet,South,1,11.2575,2023-05-27 14:20:00+00:00
722893,55+,F,Housing,Web,South,0,12.38,2023-05-25 00:29:00+00:00
722896,18-24,F,Housing,Tablet,Northeast,0,13.1,2023-05-21 20:37:00+00:00
722901,25-34,F,Housing,Web,Northeast,0,8.06,2023-01-09 20:44:00+00:00
722920,55+,F,Housing,Tablet,South,0,11.52,2023-02-11 17:14:00+00:00
722921,55+,F,Housing,Web,South,1,2.4312,2023-01-06 17:35:00+00:00
722924,35-44,F,Housing,Tablet,Midwest,0,2.0525,2023-02-12 18:23:00+00:00
722928,35-44,F,Housing,Tablet,Midwest,1,1.02,2023-01-17 16:53:00+00:00
722939,18-24,F,Housing,Web,Northeast,0,7.13,2023-06-14 08:14:00+00:00
722944,35-44,F,Housing,Tablet,Midwest,1,13.14,2023-05-23 10:11:00+00:00
722949,55+,F,Housing,Tablet,South,0,3.5688,2023-06-05 23:30:00+00:00
722951,25-34,F,Housing,Tablet,Northeast,0,7.9,2023-02-10 16:31:00+00:00
722956,35-44,F,Housing,Web,Midwest,1,10.04,2023-06-17 11:58:00+00:00
722960,55+,F,Housing,Mobile,South,0,11.7163,2023-02-23 05:16:00+00:00
722961,55+,F,Housing,Tablet,South,1,4.1125,2023-01-11 10:18:00+00:00
722977,55+,F,Housing,Web,South,0,6.7,2023-06-10 04:40:00+00:00
722988,18-24,F,Housing,Mobile,Northeast,1,12.285,2023-05-09 20:09:00+00:00
722998,35-44,F,Housing,Web,Midwest,0,10.78,2023-02-14 20:49:00+00:00
722999,35-44,F,Housing,Mobile,Midwest,0,11.085,2023-06-18 12:41:00+00:00
723001,25-34,F,Housing,Tablet,Northeast,1,12.86,2023-05-09 08:26:00+00:00
723006,35-44,F,Housing,Web,Midwest,0,7.375,2023-04-11 04:05:00+00:00
723011,18-24,F,Housing,Tablet,Northeast,1,5.9387,2023-05-12 23:27:00+00:00
723016,55+,F,Housing,Tablet,South,0,12.9,2023-03-12 22:44:00+00:00
723018,55+,F,Housing,Mobile,South,0,11.0437,2023-06-05 11:56:00+00:00
723020,18-24,F,Housing,Web,Northeast,0,12.5463,2023-04-08 13:56:00+00:00
723022,35-44,F,Housing,Tablet,Midwest,0,15.3,2023-06-20 02:15:00+00:00
723038,55+,F,Housing,Mobile,South,0,3.0787,2023-05-24 23:20:00+00:00
723044,35-44,F,Housing,Web,Midwest,0,5.21,2023-02-18 00:58:00+00:00
723046,55+,F,Housing,Mobile,South,0,6.1,2023-01-31 06:38:00+00:00
723051,25-34,F,Housing,Web,Northeast,0,14.36,2023-03-25 11:20:00+00:00
723052,55+,F,Housing,Mobile,South,0,7.94,2023-06-12 18:06:00+00:00
723074,18-24,F,Housing,Web,Northeast,0,1.88,2023-03-06 16:43:00+00:00
723077,55+,F,Housing,Web,South,0,6.475,2023-05-01 12:34:00+00:00
723082,35-44,F,Housing,Tablet,Midwest,1,13.16,2023-05-24 23:29:00+00:00
723088,35-44,F,Housing,Mobile,Midwest,1,14.34,2023-06-12 06:06:00+00:00
723098,35-44,F,Housing,Tablet,Midwest,1,1.7588,2023-05-28 15:46:00+00:00
723101,25-34,F,Housing,Tablet,Northeast,0,11.44,2023-02-07 13:13:00+00:00
723112,55+,F,Housing,Web,South,0,11.24,2023-01-08 07:26:00+00:00
723132,18-24,F,Housing,Web,Northeast,0,6.0512,2023-01-02 01:51:00+00:00
723151,25-34,F,Housing,Mobile,Northeast,0,8.26,2023-06-28 10:08:00+00:00
723162,55+,F,Housing,Tablet,South,0,0.8762,2023-05-22 21:20:00+00:00
723164,35-44,F,Housing,Tablet,Midwest,1,7.2825,2023-06-16 10:23:00+00:00
723180,55+,F,Housing,Web,South,0,7.095,2023-04-27 20:33:00+00:00
723185,18-24,F,Housing,Web,Northeast,1,12.18,2023-03-06 16:43:00+00:00
723196,18-24,F,Housing,Tablet,Northeast,0,8.06,2023-05-09 20:26:00+00:00
723201,25-34,F,Housing,Tablet,Northeast,1,14.58,2023-06-24 06:16:00+00:00
723205,18-24,F,Housing,Web,Northeast,0,10.88,2023-03-31 05:12:00+00:00
723216,18-24,F,Housing,Web,Northeast,0,9.6962,2023-04-28 21:16:00+00:00
723227,35-44,F,Housing,Mobile,Midwest,0,9.775,2023-04-11 04:22:00+00:00
723229,35-44,F,Housing,Web,Midwest,0,13.62,2023-04-17 10:40:00+00:00
723251,25-34,F,Housing,Mobile,Northeast,0,6.18,2023-04-05 10:22:00+00:00
723257,55+,F,Housing,Web,South,1,2.265,2023-02-02 20:04:00+00:00
723263,55+,F,Housing,Mobile,South,0,10.5738,2023-04-30 11:42:00+00:00
723267,18-24,F,Housing,Mobile,Northeast,0,12.66,2023-03-10 08:52:00+00:00
723277,18-24,F,Housing,Tablet,Northeast,0,11.34,2023-04-23 04:24:00+00:00
723280,35-44,F,Housing,Tablet,Midwest,0,7.86,2023-04-29 22:34:00+00:00
723282,18-24,F,Housing,Mobile,Northeast,0,8.1387,2023-06-21 15:58:00+00:00
723301,25-34,F,Housing,Web,Northeast,0,14.9,2023-06-20 02:58:00+00:00
723318,18-24,F,Housing,Tablet,Northeast,1,10.9812,2023-03-27 01:03:00+00:00
723328,18-24,F,Housing,Tablet,Northeast,1,14.86,2023-05-29 04:12:00+00:00
723335,18-24,F,Housing,Web,Northeast,0,1.1212,2023-05-18 17:36:00+00:00
723351,25-34,F,Housing,Web,Northeast,0,13.28,2023-04-20 13:32:00+00:00
723352,55+,F,Housing,Web,South,0,8.0,2023-05-06 05:52:00+00:00
723372,35-44,F,Housing,Web,Midwest,1,4.46,2023-05-29 16:46:00+00:00
723378,55+,F,Housing,Mobile,South,1,6.6175,2023-02-04 22:30:00+00:00
723384,55+,F,Housing,Tablet,South,0,5.3575,2023-04-17 22:15:00+00:00
723395,18-24,F,Housing,Mobile,Northeast,0,12.4475,2023-02-08 14:56:00+00:00
723401,25-34,F,Housing,Mobile,Northeast,1,9.16,2023-03-05 03:09:00+00:00
723404,35-44,F,Housing,Tablet,Midwest,1,7.255,2023-05-25 12:12:00+00:00
723408,35-44,F,Housing,Tablet,Midwest,0,11.7075,2023-05-27 14:03:00+00:00
723443,18-24,F,Housing,Mobile,Northeast,0,10.06,2023-02-18 00:32:00+00:00
723450,55+,F,Housing,Tablet,South,0,8.1175,2023-02-04 22:30:00+00:00
723451,25-34,F,Housing,Web,Northeast,1,9.98,2023-05-25 00:29:00+00:00
723459,55+,F,Housing,Web,South,0,7.7325,2023-01-27 02:38:00+00:00
723482,55+,F,Housing,Web,South,1,8.3625,2023-04-21 02:41:00+00:00
723490,35-44,F,Housing,Tablet,Midwest,0,6.6,2023-06-25 07:42:00+00:00
723494,55+,F,Housing,Web,South,0,5.7175,2023-02-24 06:50:00+00:00
723501,25-34,F,Housing,Web,Northeast,0,8.54,2023-03-14 00:18:00+00:00
723506,35-44,F,Housing,Tablet,Midwest,1,7.8063,2023-05-26 13:55:00+00:00
723519,35-44,F,Housing,Mobile,Midwest,0,2.7262,2023-01-22 21:45:00+00:00
723541,35-44,F,Housing,Web,Midwest,0,6.58,2023-05-15 02:02:00+00:00
723551,25-34,F,Housing,Mobile,Northeast,1,12.44,2023-03-09 07:26:00+00:00
723556,35-44,F,Housing,Tablet,Midwest,0,14.24,2023-03-19 17:02:00+00:00
723559,35-44,F,Housing,Web,Midwest,0,11.3,2023-06-20 02:24:00+00:00
723561,35-44,F,Housing,Tablet,Midwest,0,2.365,2023-04-23 04:07:00+00:00
723570,18-24,F,Housing,Web,Northeast,0,5.1513,2023-05-22 09:28:00+00:00
723574,35-44,F,Housing,Web,Midwest,0,10.9,2023-05-11 10:01:00+00:00
723580,55+,F,Housing,Mobile,South,0,13.44,2023-03-19 17:28:00+00:00
723587,35-44,F,Housing,Tablet,Midwest,1,10.7238,2023-03-01 11:51:00+00:00
723592,18-24,F,Housing,Mobile,Northeast,0,10.46,2023-01-29 16:12:00+00:00
723601,25-34,F,Housing,Web,Northeast,0,10.06,2023-05-09 20:26:00+00:00
723617,35-44,F,Housing,Mobile,Midwest,0,1.4788,2023-02-13 07:23:00+00:00
723618,55+,F,Housing,Tablet,South,1,11.8488,2023-02-09 15:39:00+00:00
723651,25-34,F,Housing,Mobile,Northeast,1,14.38,2023-05-05 16:17:00+00:00
723656,55+,F,Housing,Mobile,South,0,7.045,2023-06-06 12:30:00+00:00
723667,55+,F,Housing,Tablet,South,0,8.7,2023-06-10 04:14:00+00:00
723670,18-24,F,Housing,Mobile,Northeast,0,10.46,2023-02-18 12:58:00+00:00
723688,18-24,F,Housing,Tablet,Northeast,0,10.36,2023-05-04 15:09:00+00:00
723690,18-24,F,Housing,Web,Northeast,0,2.4688,2023-06-25 07:16:00+00:00
723693,18-24,F,Housing,Tablet,Northeast,0,11.9388,2023-04-02 07:47:00+00:00
723697,18-24,F,Housing,Web,Northeast,1,11.0,2023-01-16 03:27:00+00:00
723701,25-34,F,Housing,Tablet,Northeast,0,9.4,2023-02-25 19:59:00+00:00
723702,35-44,F,Housing,Tablet,Midwest,1,10.4512,2023-03-03 01:25:00+00:00
723707,18-24,F,Housing,Tablet,Northeast,0,6.4538,2023-03-25 11:54:00+00:00
723720,18-24,F,Housing,Tablet,Northeast,0,8.8562,2023-04-16 21:06:00+00:00
723729,35-44,F,Housing,Mobile,Midwest,0,8.9362,2023-01-10 21:09:00+00:00
723733,18-24,F,Housing,Tablet,Northeast,0,12.5,2023-04-01 06:21:00+00:00
723745,35-44,F,Housing,Tablet,Midwest,0,7.24,2023-03-29 15:29:00+00:00
723748,55+,F,Housing,Tablet,South,0,7.94,2023-03-04 02:26:00+00:00
723751,25-34,F,Housing,Mobile,Northeast,0,12.2,2023-05-16 15:02:00+00:00
723770,35-44,F,Housing,Mobile,Midwest,0,3.7388,2023-02-21 15:58:00+00:00
723779,35-44,F,Housing,Tablet,Midwest,1,5.02,2023-06-06 00:48:00+00:00
723781,55+,F,Housing,Tablet,South,0,10.1,2023-02-20 02:24:00+00:00
723784,55+,F,Housing,Web,South,0,7.82,2023-02-06 00:30:00+00:00
723794,55+,F,Housing,Web,South,0,10.02,2023-05-17 16:28:00+00:00
723801,25-34,F,Housing,Mobile,Northeast,0,6.6,2023-02-25 07:42:00+00:00
723827,35-44,F,Housing,Mobile,Midwest,0,0.8362,2023-03-11 21:27:00+00:00
723830,55+,F,Housing,Tablet,South,1,6.3987,2023-03-01 23:34:00+00:00
723842,35-44,F,Housing,Mobile,Midwest,1,11.5663,2023-06-03 21:04:00+00:00
723845,55+,F,Housing,Web,South,0,12.0675,2023-02-24 06:33:00+00:00
723847,18-24,F,Housing,Tablet,Northeast,0,7.32,2023-05-12 11:18:00+00:00
723851,25-34,F,Housing,Tablet,Northeast,0,9.14,2023-02-12 18:23:00+00:00
723861,55+,F,Housing,Mobile,South,0,9.9462,2023-06-27 21:16:00+00:00
723865,18-24,F,Housing,Web,Northeast,0,11.78,2023-03-16 02:36:00+00:00
723879,18-24,F,Housing,Web,Northeast,0,6.6775,2023-04-13 06:57:00+00:00
723881,18-24,F,Housing,Mobile,Northeast,0,10.5563,2023-05-26 13:12:00+00:00
723888,18-24,F,Housing,Web,Northeast,0,1.3125,2023-04-01 18:38:00+00:00
723899,18-24,F,Housing,Tablet,Northeast,0,6.5012,2023-06-11 17:48:00+00:00
723901,25-34,F,Housing,Mobile,Northeast,0,13.6,2023-01-26 13:46:00+00:00
723923,35-44,F,Housing,Tablet,Midwest,0,6.8412,2023-06-03 09:13:00+00:00
723926,18-24,F,Housing,Mobile,Northeast,0,6.5287,2023-03-25 23:54:00+00:00
723928,55+,F,Housing,Web,South,1,12.52,2023-04-02 19:04:00+00:00
723939,55+,F,Housing,Web,South,0,11.6463,2023-04-28 21:08:00+00:00
723942,18-24,F,Housing,Mobile,Northeast,0,5.7325,2023-06-16 10:32:00+00:00
723947,55+,F,Housing,Web,South,0,1.18,2023-02-14 08:32:00+00:00
723951,25-34,F,Housing,Web,Northeast,1,12.78,2023-03-06 16:34:00+00:00
723954,18-24,F,Housing,Tablet,Northeast,1,8.8025,2023-02-12 18:23:00+00:00
723969,35-44,F,Housing,Tablet,Midwest,0,6.305,2023-02-14 20:06:00+00:00
723983,55+,F,Housing,Tablet,South,0,10.7475,2023-01-19 06:36:00+00:00
723999,35-44,F,Housing,Web,Midwest,0,6.6738,2023-04-30 11:34:00+00:00
724001,25-34,F,Housing,Tablet,Northeast,0,13.5,2023-01-21 20:11:00+00:00
724002,55+,F,Housing,Mobile,South,0,4.5862,2023-04-20 13:15:00+00:00
724016,55+,F,Housing,Web,South,0,4.6013,2023-01-02 01:34:00+00:00
724023,18-24,F,Housing,Mobile,Northeast,0,11.1288,2023-05-04 15:51:00+00:00
724036,18-24,F,Housing,Mobile,Northeast,0,7.24,2023-01-08 19:09:00+00:00
724051,25-34,F,Housing,Mobile,Northeast,0,6.94,2023-06-22 16:50:00+00:00
724064,18-24,F,Housing,Web,Northeast,0,1.0987,2023-03-01 23:59:00+00:00
724072,18-24,F,Housing,Tablet,Northeast,0,7.22,2023-05-27 02:38:00+00:00
724101,25-34,F,Housing,Tablet,Northeast,0,9.96,2023-03-25 11:20:00+00:00
724151,25-34,F,Housing,Web,Northeast,0,13.62,2023-04-17 10:23:00+00:00
724152,35-44,F,Housing,Mobile,Midwest,0,12.885,2023-03-10 20:18:00+00:00
724153,18-24,F,Housing,Tablet,Northeast,0,14.38,2023-01-05 04:52:00+00:00
724163,18-24,F,Housing,Tablet,Northeast,0,6.7962,2023-02-07 13:13:00+00:00
724167,18-24,F,Housing,Mobile,Northeast,0,7.3662,2023-02-03 21:56:00+00:00
724183,18-24,F,Housing,Tablet,Northeast,0,14.4,2023-03-07 05:52:00+00:00
724190,18-24,F,Housing,Tablet,Northeast,0,5.3288,2023-04-14 07:49:00+00:00
724201,25-34,F,Housing,Tablet,Northeast,1,15.16,2023-06-13 19:57:00+00:00
724203,35-44,F,Housing,Tablet,Midwest,0,12.7225,2023-03-20 18:45:00+00:00
724204,18-24,F,Housing,Mobile,Northeast,1,7.02,2023-05-17 04:45:00+00:00
724205,18-24,F,Housing,Web,Northeast,0,10.4213,2023-03-19 17:28:00+00:00
724234,35-44,F,Housing,Tablet,Midwest,1,6.92,2023-06-01 07:04:00+00:00
724236,55+,F,Housing,Web,South,1,9.0225,2023-05-19 18:28:00+00:00
724251,25-34,F,Housing,Tablet,Northeast,0,13.12,2023-01-22 21:11:00+00:00
724292,18-24,F,Housing,Mobile,Northeast,0,8.0137,2023-02-21 03:33:00+00:00
724298,55+,F,Housing,Mobile,South,0,4.9275,2023-05-23 22:37:00+00:00
724299,35-44,F,Housing,Tablet,Midwest,0,4.0113,2023-01-30 17:38:00+00:00
724301,25-34,F,Housing,Tablet,Northeast,0,13.56,2023-03-25 11:46:00+00:00
724302,55+,F,Housing,Mobile,South,0,11.0925,2023-01-15 02:44:00+00:00
724317,55+,F,Housing,Mobile,South,1,11.2188,2023-06-25 07:50:00+00:00
724319,18-24,F,Housing,Tablet,Northeast,0,9.805,2023-01-05 04:17:00+00:00
724332,18-24,F,Housing,Web,Northeast,0,2.0562,2023-05-06 05:35:00+00:00
724335,18-24,F,Housing,Web,Northeast,1,3.9512,2023-04-12 17:40:00+00:00
724336,55+,F,Housing,Mobile,South,0,12.0,2023-01-06 17:35:00+00:00
724342,18-24,F,Housing,Mobile,Northeast,0,9.04,2023-05-18 17:19:00+00:00
724346,18-24,F,Housing,Tablet,Northeast,0,11.5587,2023-03-29 15:55:00+00:00
724347,55+,F,Housing,Web,South,0,0.6275,2023-05-23 22:28:00+00:00
724351,25-34,F,Housing,Web,Northeast,0,10.82,2023-01-07 18:00:00+00:00
724355,18-24,F,Housing,Web,Northeast,0,6.0488,2023-01-20 07:45:00+00:00
724368,55+,F,Housing,Tablet,South,0,3.5263,2023-06-11 05:05:00+00:00
724372,18-24,F,Housing,Tablet,Northeast,0,9.36,2023-05-14 13:01:00+00:00
724376,35-44,F,Housing,Mobile,Midwest,1,1.5125,2023-03-12 10:27:00+00:00
724382,18-24,F,Housing,Mobile,Northeast,0,8.3537,2023-05-24 11:29:00+00:00
724388,35-44,F,Housing,Web,Midwest,0,7.1762,2023-05-22 21:03:00+00:00
724389,18-24,F,Housing,Tablet,Northeast,0,1.0325,2023-04-17 10:58:00+00:00
724401,25-34,F,Housing,Tablet,Northeast,0,10.8,2023-01-26 13:46:00+00:00
724411,55+,F,Housing,Web,South,1,8.12,2023-02-01 19:30:00+00:00
724412,35-44,F,Housing,Web,Midwest,0,6.6738,2023-06-29 11:08:00+00:00
724414,55+,F,Housing,Tablet,South,0,7.44,2023-03-19 17:02:00+00:00
724419,55+,F,Housing,Web,South,0,11.46,2023-01-29 16:55:00+00:00
724430,18-24,F,Housing,Tablet,Northeast,0,3.8813,2023-05-06 17:35:00+00:00
724451,25-34,F,Housing,Mobile,Northeast,0,15.38,2023-04-25 06:33:00+00:00
724462,18-24,F,Housing,Web,Northeast,0,15.1,2023-02-10 04:57:00+00:00
724501,25-34,F,Housing,Mobile,Northeast,1,14.4,2023-01-26 01:29:00+00:00
724504,55+,F,Housing,Tablet,South,0,9.54,2023-03-24 10:37:00+00:00
724505,18-24,F,Housing,Tablet,Northeast,0,11.4925,2023-02-24 18:07:00+00:00
724512,35-44,F,Housing,Mobile,Midwest,1,4.105,2023-06-14 20:14:00+00:00
724515,18-24,F,Housing,Mobile,Northeast,0,4.9688,2023-06-25 07:59:00+00:00
724517,18-24,F,Housing,Web,Northeast,0,10.8325,2023-05-07 18:09:00+00:00
724524,55+,F,Housing,Web,South,0,9.0388,2023-02-21 15:24:00+00:00
724550,35-44,F,Housing,Mobile,Midwest,0,2.5488,2023-06-29 23:25:00+00:00
724551,25-34,F,Housing,Mobile,Northeast,1,12.6,2023-05-16 15:53:00+00:00
724554,18-24,F,Housing,Tablet,Northeast,0,1.835,2023-04-19 12:06:00+00:00
724555,35-44,F,Housing,Web,Midwest,0,9.36,2023-04-24 05:59:00+00:00
724579,18-24,F,Housing,Mobile,Northeast,0,6.08,2023-01-30 17:38:00+00:00
724580,55+,F,Housing,Tablet,South,0,12.3,2023-04-11 16:40:00+00:00
724582,18-24,F,Housing,Tablet,Northeast,1,10.74,2023-01-03 02:26:00+00:00
724595,35-44,F,Housing,Web,Midwest,0,5.1675,2023-05-15 14:19:00+00:00
724601,25-34,F,Housing,Mobile,Northeast,0,14.34,2023-04-13 18:14:00+00:00
724602,55+,F,Housing,Tablet,South,0,6.8712,2023-02-07 01:39:00+00:00
724608,55+,F,Housing,Web,South,0,8.605,2023-06-14 20:14:00+00:00
724613,18-24,F,Housing,Tablet,Northeast,1,7.4,2023-05-01 00:25:00+00:00
724628,55+,F,Housing,Tablet,South,0,2.4525,2023-02-12 18:31:00+00:00
724647,18-24,F,Housing,Tablet,Northeast,0,6.2213,2023-06-07 01:39:00+00:00
724651,25-34,F,Housing,Web,Northeast,0,10.42,2023-04-17 22:15:00+00:00
724652,18-24,F,Housing,Tablet,Northeast,0,3.2375,2023-06-20 14:32:00+00:00
724654,55+,F,Housing,Web,South,0,6.62,2023-02-06 00:48:00+00:00
724660,18-24,F,Housing,Tablet,Northeast,1,12.08,2023-04-20 13:24:00+00:00
724675,55+,F,Housing,Mobile,South,0,14.52,2023-02-01 19:30:00+00:00
724680,18-24,F,Housing,Web,Northeast,0,5.95,2023-05-01 00:51:00+00:00
724687,55+,F,Housing,Mobile,South,0,14.34,2023-01-03 02:17:00+00:00
724695,18-24,F,Housing,Mobile,Northeast,0,1.1887,2023-04-02 07:04:00+00:00
724701,25-34,F,Housing,Mobile,Northeast,1,5.96,2023-05-04 15:26:00+00:00
724710,35-44,F,Housing,Mobile,Midwest,0,2.8638,2023-04-02 19:38:00+00:00
724715,35-44,F,Housing,Mobile,Midwest,0,6.905,2023-02-14 20:32:00+00:00
724717,18-24,F,Housing,Mobile,Northeast,1,6.92,2023-02-01 07:30:00+00:00
724720,35-44,F,Housing,Tablet,Midwest,0,8.56,2023-02-23 05:24:00+00:00
724734,55+,F,Housing,Tablet,South,0,8.4088,2023-01-08 07:52:00+00:00
724751,25-34,F,Housing,Web,Northeast,0,8.06,2023-01-09 20:18:00+00:00
724764,55+,F,Housing,Mobile,South,0,3.335,2023-02-18 12:41:00+00:00
724770,35-44,F,Housing,Tablet,Midwest,0,10.0563,2023-04-16 21:23:00+00:00
724783,35-44,F,Housing,Tablet,Midwest,0,15.04,2023-02-07 13:22:00+00:00
724789,35-44,F,Housing,Web,Midwest,0,5.98,2023-01-05 04:17:00+00:00
724801,25-34,F,Housing,Tablet,Northeast,1,13.98,2023-01-05 16:43:00+00:00
724814,35-44,F,Housing,Mobile,Midwest,1,4.35,2023-03-22 08:28:00+00:00
724815,18-24,F,Housing,Mobile,Northeast,1,12.4925,2023-04-25 18:16:00+00:00
724822,55+,F,Housing,Tablet,South,0,14.16,2023-06-23 17:24:00+00:00
724825,35-44,F,Housing,Web,Midwest,0,11.38,2023-06-24 18:42:00+00:00
724829,35-44,F,Housing,Tablet,Midwest,0,11.6088,2023-01-28 15:38:00+00:00
724830,35-44,F,Housing,Tablet,Midwest,1,2.6387,2023-03-13 23:10:00+00:00
724832,35-44,F,Housing,Web,Midwest,0,8.5137,2023-04-22 03:07:00+00:00
724833,35-44,F,Housing,Tablet,Midwest,0,2.2637,2023-04-02 19:38:00+00:00
724836,55+,F,Housing,Web,South,1,1.0038,2023-03-05 03:26:00+00:00
724851,25-34,F,Housing,Mobile,Northeast,0,14.72,2023-06-11 17:40:00+00:00
724852,35-44,F,Housing,Web,Midwest,0,10.22,2023-02-26 20:25:00+00:00
724862,35-44,F,Housing,Mobile,Midwest,0,8.425,2023-05-21 20:02:00+00:00
724865,18-24,F,Housing,Web,Northeast,0,4.1538,2023-01-24 11:03:00+00:00
724875,18-24,F,Housing,Tablet,Northeast,0,5.4488,2023-01-20 07:02:00+00:00
724879,35-44,F,Housing,Web,Midwest,0,6.72,2023-01-22 21:28:00+00:00
724884,55+,F,Housing,Web,South,1,1.1562,2023-06-15 21:40:00+00:00
724901,25-34,F,Housing,Tablet,Northeast,0,12.3,2023-01-21 08:45:00+00:00
724919,55+,F,Housing,Web,South,0,6.0125,2023-06-20 02:07:00+00:00
724925,18-24,F,Housing,Web,Northeast,1,7.3487,2023-04-10 15:05:00+00:00
724938,35-44,F,Housing,Tablet,Midwest,1,10.2737,2023-05-20 19:54:00+00:00
724951,25-34,F,Housing,Web,Northeast,0,10.76,2023-02-13 19:14:00+00:00
724953,55+,F,Housing,Web,South,0,12.1288,2023-02-13 07:14:00+00:00
724961,55+,F,Housing,Mobile,South,0,10.21,2023-01-29 16:12:00+00:00
724970,35-44,F,Housing,Mobile,Midwest,0,5.8725,2023-06-08 02:48:00+00:00
724976,55+,F,Housing,Web,South,1,8.1537,2023-01-04 03:00:00+00:00
724996,35-44,F,Housing,Web,Midwest,1,9.12,2023-05-02 01:25:00+00:00
725001,25-34,F,Housing,Mobile,Northeast,0,7.26,2023-02-18 12:41:00+00:00
725005,18-24,F,Housing,Mobile,Northeast,0,12.38,2023-05-25 00:03:00+00:00
725010,35-44,F,Housing,Mobile,Midwest,1,7.3463,2023-03-19 05:11:00+00:00
725018,35-44,F,Housing,Mobile,Midwest,1,2.7788,2023-04-14 07:14:00+00:00
725033,55+,F,Housing,Tablet,South,0,9.5862,2023-01-30 05:21:00+00:00
725037,55+,F,Housing,Tablet,South,1,9.9663,2023-03-15 13:36:00+00:00
725045,35-44,F,Housing,Tablet,Midwest,1,7.7275,2023-01-23 22:11:00+00:00
725051,25-34,F,Housing,Web,Northeast,0,6.1,2023-05-11 22:35:00+00:00
725058,35-44,F,Housing,Web,Midwest,0,3.5838,2023-01-28 03:21:00+00:00
725060,35-44,F,Housing,Mobile,Midwest,0,2.8025,2023-05-23 10:28:00+00:00
725063,55+,F,Housing,Tablet,South,0,2.5888,2023-06-21 15:50:00+00:00
725068,55+,F,Housing,Web,South,1,10.56,2023-03-15 01:19:00+00:00
725075,35-44,F,Housing,Tablet,Midwest,0,5.8788,2023-01-24 23:03:00+00:00
725076,55+,F,Housing,Mobile,South,1,6.2025,2023-05-23 10:28:00+00:00
725079,18-24,F,Housing,Web,Northeast,1,1.4287,2023-03-05 15:17:00+00:00
725081,55+,F,Housing,Mobile,South,0,1.0537,2023-04-14 19:40:00+00:00
725097,55+,F,Housing,Mobile,South,0,9.9475,2023-01-19 06:11:00+00:00
725101,25-34,F,Housing,Tablet,Northeast,1,14.7,2023-02-10 16:57:00+00:00
725126,18-24,F,Housing,Tablet,Northeast,1,5.13,2023-01-05 16:52:00+00:00
725128,18-24,F,Housing,Mobile,Northeast,1,13.28,2023-04-20 13:07:00+00:00
725134,35-44,F,Housing,Web,Midwest,0,6.98,2023-02-24 06:24:00+00:00
725136,35-44,F,Housing,Tablet,Midwest,0,0.9625,2023-05-31 18:47:00+00:00
725138,55+,F,Housing,Web,South,0,11.8175,2023-05-15 14:10:00+00:00
725143,18-24,F,Housing,Web,Northeast,1,15.48,2023-03-21 19:02:00+00:00
725151,25-34,F,Housing,Mobile,Northeast,0,12.56,2023-04-04 09:56:00+00:00
725154,35-44,F,Housing,Mobile,Midwest,1,12.3112,2023-03-11 09:52:00+00:00
725158,18-24,F,Housing,Web,Northeast,0,13.74,2023-01-13 00:36:00+00:00
725182,35-44,F,Housing,Tablet,Midwest,0,9.48,2023-06-29 11:34:00+00:00
725201,25-34,F,Housing,Mobile,Northeast,0,6.24,2023-05-18 17:28:00+00:00
725220,55+,F,Housing,Web,South,0,1.1038,2023-02-13 19:57:00+00:00
725229,35-44,F,Housing,Mobile,Midwest,0,3.6463,2023-06-27 21:59:00+00:00
725231,35-44,F,Housing,Web,Midwest,0,7.2425,2023-05-15 02:10:00+00:00
725239,18-24,F,Housing,Tablet,Northeast,0,7.94,2023-03-04 02:00:00+00:00
725244,35-44,F,Housing,Tablet,Midwest,0,7.255,2023-03-26 12:37:00+00:00
725246,55+,F,Housing,Mobile,South,0,8.375,2023-03-22 20:28:00+00:00
725251,25-34,F,Housing,Tablet,Northeast,1,9.04,2023-02-07 13:48:00+00:00
725254,35-44,F,Housing,Tablet,Midwest,0,10.3,2023-03-02 00:08:00+00:00
725259,35-44,F,Housing,Tablet,Midwest,0,7.2838,2023-05-08 19:09:00+00:00
725273,55+,F,Housing,Mobile,South,0,7.7625,2023-01-31 18:38:00+00:00
725274,18-24,F,Housing,Mobile,Northeast,0,4.9725,2023-01-19 18:28:00+00:00
725282,18-24,F,Housing,Tablet,Northeast,1,10.4025,2023-01-03 02:43:00+00:00
725283,35-44,F,Housing,Web,Midwest,0,1.0613,2023-06-19 01:24:00+00:00
725286,35-44,F,Housing,Tablet,Midwest,0,7.2162,2023-06-03 21:30:00+00:00
725287,55+,F,Housing,Mobile,South,0,12.88,2023-02-19 01:49:00+00:00
725291,55+,F,Housing,Web,South,1,11.4588,2023-03-09 07:26:00+00:00
725301,25-34,F,Housing,Mobile,Northeast,1,10.72,2023-04-12 17:31:00+00:00
725319,55+,F,Housing,Tablet,South,0,2.355,2023-01-05 04:34:00+00:00
725333,18-24,F,Housing,Tablet,Northeast,0,10.5137,2023-04-02 19:13:00+00:00
725336,18-24,F,Housing,Mobile,Northeast,0,2.74,2023-01-13 00:44:00+00:00
725351,25-34,F,Housing,Mobile,Northeast,0,10.58,2023-02-24 18:59:00+00:00
725369,35-44,F,Housing,Web,Midwest,1,8.3425,2023-04-25 18:24:00+00:00
725384,18-24,F,Housing,Web,Northeast,0,0.5262,2023-03-23 21:11:00+00:00
725390,55+,F,Housing,Mobile,South,0,3.785,2023-02-18 12:32:00+00:00
725392,35-44,F,Housing,Tablet,Midwest,1,15.26,2023-03-10 08:09:00+00:00
725401,25-34,F,Housing,Tablet,Northeast,0,11.58,2023-01-05 04:34:00+00:00
725410,18-24,F,Housing,Mobile,Northeast,0,12.18,2023-06-24 06:50:00+00:00
725415,18-24,F,Housing,Tablet,Northeast,0,1.3562,2023-01-26 13:46:00+00:00
725425,35-44,F,Housing,Web,Midwest,1,5.92,2023-04-12 05:05:00+00:00
725438,35-44,F,Housing,Web,Midwest,0,5.5563,2023-05-06 05:43:00+00:00
725443,18-24,F,Housing,Web,Northeast,0,12.28,2023-03-01 11:25:00+00:00
725451,25-34,F,Housing,Tablet,Northeast,1,9.22,2023-05-07 06:00:00+00:00
725452,18-24,F,Housing,Tablet,Northeast,0,8.32,2023-02-11 05:05:00+00:00
725455,55+,F,Housing,Tablet,South,0,13.46,2023-02-28 22:51:00+00:00
725459,55+,F,Housing,Web,South,0,0.6937,2023-02-05 11:30:00+00:00
725468,35-44,F,Housing,Mobile,Midwest,0,0.87,2023-04-07 00:30:00+00:00
725474,55+,F,Housing,Web,South,0,7.525,2023-01-01 12:34:00+00:00
725475,18-24,F,Housing,Tablet,Northeast,0,2.15,2023-06-10 16:48:00+00:00
725482,18-24,F,Housing,Web,Northeast,0,9.12,2023-03-03 13:25:00+00:00
725483,55+,F,Housing,Mobile,South,0,11.5525,2023-03-24 10:37:00+00:00
725501,25-34,F,Housing,Tablet,Northeast,0,12.32,2023-01-22 09:03:00+00:00
725505,18-24,F,Housing,Web,Northeast,1,4.0175,2023-06-24 06:50:00+00:00
725520,18-24,F,Housing,Mobile,Northeast,0,11.1337,2023-01-08 19:43:00+00:00
725531,18-24,F,Housing,Mobile,Northeast,0,5.8688,2023-04-26 07:50:00+00:00
725544,35-44,F,Housing,Tablet,Midwest,1,3.0863,2023-01-30 05:38:00+00:00
725550,35-44,F,Housing,Tablet,Midwest,0,10.4675,2023-02-04 22:30:00+00:00
725551,25-34,F,Housing,Web,Northeast,0,13.82,2023-04-07 12:30:00+00:00
725557,55+,F,Housing,Mobile,South,0,13.5,2023-03-22 08:45:00+00:00
725558,55+,F,Housing,Web,South,1,1.4812,2023-01-06 17:52:00+00:00
725573,55+,F,Housing,Web,South,0,3.7487,2023-02-09 15:48:00+00:00
725582,35-44,F,Housing,Web,Midwest,1,4.5512,2023-05-02 01:25:00+00:00
725601,25-34,F,Housing,Tablet,Northeast,1,8.02,2023-04-17 22:06:00+00:00
725632,55+,F,Housing,Tablet,South,0,14.82,2023-03-28 02:20:00+00:00
725633,18-24,F,Housing,Tablet,Northeast,1,9.4787,2023-01-24 23:03:00+00:00
725637,55+,F,Housing,Tablet,South,0,7.6825,2023-03-28 02:12:00+00:00
725651,25-34,F,Housing,Web,Northeast,0,10.44,2023-06-17 23:32:00+00:00
725657,55+,F,Housing,Mobile,South,0,6.5237,2023-06-09 03:14:00+00:00
725666,55+,F,Housing,Tablet,South,0,10.0887,2023-03-13 23:27:00+00:00
725701,25-34,F,Housing,Mobile,Northeast,0,12.74,2023-05-23 22:28:00+00:00
725703,35-44,F,Housing,Tablet,Midwest,0,12.8775,2023-02-12 06:31:00+00:00
725708,18-24,F,Housing,Tablet,Northeast,0,8.2937,2023-01-16 03:10:00+00:00
725710,35-44,F,Housing,Web,Midwest,0,12.22,2023-02-06 00:13:00+00:00
725714,35-44,F,Housing,Mobile,Midwest,0,1.7112,2023-01-10 09:52:00+00:00
725721,35-44,F,Housing,Mobile,Midwest,0,4.535,2023-04-19 12:41:00+00:00
725738,18-24,F,Housing,Mobile,Northeast,1,12.5663,2023-04-04 21:47:00+00:00
725742,18-24,F,Housing,Web,Northeast,0,2.845,2023-06-26 20:59:00+00:00
725744,55+,F,Housing,Web,South,1,5.2412,2023-02-03 09:39:00+00:00
725748,18-24,F,Housing,Tablet,Northeast,0,5.4225,2023-01-19 18:54:00+00:00
725751,25-34,F,Housing,Mobile,Northeast,1,11.72,2023-02-21 15:58:00+00:00
725758,18-24,F,Housing,Tablet,Northeast,0,8.14,2023-06-02 20:38:00+00:00
725762,35-44,F,Housing,Web,Midwest,0,10.2975,2023-06-08 14:05:00+00:00
725781,18-24,F,Housing,Mobile,Northeast,1,8.1225,2023-06-08 02:22:00+00:00
725784,18-24,F,Housing,Mobile,Northeast,1,2.4912,2023-05-14 01:01:00+00:00
725785,35-44,F,Housing,Tablet,Midwest,0,12.5,2023-05-31 06:55:00+00:00
725800,35-44,F,Housing,Tablet,Midwest,0,14.18,2023-04-25 06:16:00+00:00
725801,25-34,F,Housing,Web,Northeast,1,5.84,2023-02-27 21:33:00+00:00
725807,55+,F,Housing,Mobile,South,0,8.9488,2023-05-20 07:11:00+00:00
725833,18-24,F,Housing,Tablet,Northeast,0,11.7,2023-02-20 14:41:00+00:00
725835,35-44,F,Housing,Tablet,Midwest,1,1.16,2023-01-29 16:21:00+00:00
725846,55+,F,Housing,Web,South,1,10.2287,2023-05-24 23:20:00+00:00
725851,25-34,F,Housing,Mobile,Northeast,1,14.68,2023-04-30 23:25:00+00:00
725865,55+,F,Housing,Tablet,South,0,10.2575,2023-05-07 06:09:00+00:00
725872,18-24,F,Housing,Tablet,Northeast,1,5.98,2023-01-05 16:52:00+00:00
725875,55+,F,Housing,Tablet,South,1,15.16,2023-03-05 03:17:00+00:00
725876,55+,F,Housing,Mobile,South,0,3.3487,2023-04-10 15:57:00+00:00
725881,18-24,F,Housing,Mobile,Northeast,1,13.14,2023-05-03 02:43:00+00:00
725896,18-24,F,Housing,Mobile,Northeast,0,11.16,2023-01-24 23:54:00+00:00
725901,25-34,F,Housing,Tablet,Northeast,1,8.08,2023-06-19 01:58:00+00:00
725925,18-24,F,Housing,Tablet,Northeast,0,1.895,2023-06-26 20:08:00+00:00
725941,18-24,F,Housing,Web,Northeast,0,9.74,2023-06-02 20:38:00+00:00
725951,25-34,F,Housing,Web,Northeast,0,14.22,2023-05-17 16:19:00+00:00
725954,35-44,F,Housing,Tablet,Midwest,1,9.8562,2023-01-26 13:12:00+00:00
725959,55+,F,Housing,Web,South,0,5.56,2023-02-13 19:23:00+00:00
725975,35-44,F,Housing,Mobile,Midwest,0,5.2275,2023-03-04 14:26:00+00:00
725977,18-24,F,Housing,Tablet,Northeast,0,6.64,2023-04-28 21:16:00+00:00
725984,55+,F,Housing,Web,South,0,11.805,2023-06-14 20:06:00+00:00
725987,55+,F,Housing,Web,South,0,4.65,2023-03-22 08:20:00+00:00
726001,25-34,F,Housing,Web,Northeast,1,13.84,2023-02-07 01:31:00+00:00
726002,35-44,F,Housing,Mobile,Midwest,0,3.8937,2023-06-25 19:42:00+00:00
726028,18-24,F,Housing,Web,Northeast,0,11.26,2023-04-19 00:32:00+00:00
726031,35-44,F,Housing,Mobile,Midwest,0,9.96,2023-01-04 03:26:00+00:00
726051,25-34,F,Housing,Tablet,Northeast,1,7.38,2023-03-16 14:19:00+00:00
726065,55+,F,Housing,Mobile,South,0,6.7412,2023-03-15 01:19:00+00:00
726090,18-24,F,Housing,Tablet,Northeast,1,12.1713,2023-02-07 01:05:00+00:00
726100,35-44,F,Housing,Mobile,Midwest,0,7.28,2023-01-10 21:35:00+00:00
726101,25-34,F,Housing,Mobile,Northeast,0,11.68,2023-06-19 13:41:00+00:00
726102,35-44,F,Housing,Web,Midwest,0,1.0587,2023-05-08 07:52:00+00:00
726113,55+,F,Housing,Web,South,0,11.9362,2023-03-31 05:55:00+00:00
726115,55+,F,Housing,Web,South,0,9.88,2023-05-20 07:02:00+00:00
726132,18-24,F,Housing,Web,Northeast,1,3.6938,2023-05-16 03:45:00+00:00
726146,55+,F,Housing,Mobile,South,0,5.0725,2023-06-08 02:14:00+00:00
726151,25-34,F,Housing,Web,Northeast,0,8.76,2023-06-13 07:31:00+00:00
726174,55+,F,Housing,Tablet,South,1,5.085,2023-01-29 04:21:00+00:00
726178,55+,F,Housing,Web,South,0,6.4,2023-03-27 01:12:00+00:00
726192,55+,F,Housing,Tablet,South,1,7.95,2023-01-21 08:11:00+00:00
726200,55+,F,Housing,Web,South,1,7.5838,2023-03-09 19:43:00+00:00
726201,25-34,F,Housing,Web,Northeast,0,10.88,2023-03-11 21:09:00+00:00
726204,18-24,F,Housing,Mobile,Northeast,0,5.8875,2023-06-20 14:24:00+00:00
726218,18-24,F,Housing,Mobile,Northeast,0,1.7263,2023-03-23 21:37:00+00:00
726227,55+,F,Housing,Web,South,0,9.9987,2023-04-30 23:51:00+00:00
726228,18-24,F,Housing,Tablet,Northeast,1,11.2713,2023-04-28 09:08:00+00:00
726245,35-44,F,Housing,Tablet,Midwest,0,11.2075,2023-01-07 06:09:00+00:00
726246,35-44,F,Housing,Mobile,Midwest,1,9.2525,2023-01-23 10:03:00+00:00
726251,25-34,F,Housing,Mobile,Northeast,1,9.44,2023-06-07 01:13:00+00:00
726254,35-44,F,Housing,Web,Midwest,0,7.015,2023-03-14 12:44:00+00:00
726261,18-24,F,Housing,Mobile,Northeast,0,3.07,2023-03-18 16:02:00+00:00
726274,35-44,F,Housing,Mobile,Midwest,0,7.96,2023-01-04 15:34:00+00:00
726276,35-44,F,Housing,Web,Midwest,0,7.075,2023-02-10 04:14:00+00:00
726279,35-44,F,Housing,Tablet,Midwest,1,4.295,2023-04-07 12:56:00+00:00
726288,35-44,F,Housing,Mobile,Midwest,0,3.625,2023-02-10 04:48:00+00:00
726299,55+,F,Housing,Mobile,South,0,0.675,2023-01-21 20:20:00+00:00
726301,25-34,F,Housing,Web,Northeast,0,14.74,2023-05-03 14:26:00+00:00
726303,35-44,F,Housing,Web,Midwest,0,5.3613,2023-01-10 09:01:00+00:00
726304,55+,F,Housing,Web,South,1,14.68,2023-06-09 15:57:00+00:00
726318,55+,F,Housing,Mobile,South,0,9.8725,2023-06-28 10:25:00+00:00
726323,35-44,F,Housing,Web,Midwest,0,1.0725,2023-03-20 18:02:00+00:00
726328,55+,F,Housing,Tablet,South,1,9.1,2023-05-01 12:08:00+00:00
726337,35-44,F,Housing,Web,Midwest,0,13.88,2023-06-09 15:14:00+00:00
726338,18-24,F,Housing,Web,Northeast,0,1.195,2023-02-26 20:50:00+00:00
726345,18-24,F,Housing,Tablet,Northeast,1,12.6638,2023-06-21 03:07:00+00:00
726347,18-24,F,Housing,Web,Northeast,0,4.53,2023-03-06 16:52:00+00:00
726351,25-34,F,Housing,Web,Northeast,0,11.4,2023-03-17 15:19:00+00:00
726353,35-44,F,Housing,Web,Midwest,0,8.7188,2023-06-05 23:30:00+00:00
726354,18-24,F,Housing,Web,Northeast,0,12.51,2023-02-18 00:24:00+00:00
726362,18-24,F,Housing,Web,Northeast,0,7.5862,2023-02-19 13:24:00+00:00
726372,18-24,F,Housing,Mobile,Northeast,0,7.2988,2023-04-10 15:14:00+00:00
726378,18-24,F,Housing,Mobile,Northeast,0,9.3562,2023-01-26 13:46:00+00:00
726390,35-44,F,Housing,Mobile,Midwest,0,5.625,2023-04-11 04:05:00+00:00
726397,35-44,F,Housing,Tablet,Midwest,0,11.86,2023-05-19 06:36:00+00:00
726401,25-34,F,Housing,Tablet,Northeast,0,7.02,2023-06-26 20:42:00+00:00
726422,35-44,F,Housing,Web,Midwest,0,9.3525,2023-05-23 10:54:00+00:00
726433,18-24,F,Housing,Mobile,Northeast,0,10.56,2023-06-23 17:16:00+00:00
726438,55+,F,Housing,Web,South,0,6.9875,2023-01-31 06:12:00+00:00
726447,35-44,F,Housing,Mobile,Midwest,0,7.9875,2023-05-31 06:30:00+00:00
726450,35-44,F,Housing,Mobile,Midwest,0,11.7625,2023-05-11 10:01:00+00:00
726451,25-34,F,Housing,Mobile,Northeast,1,6.06,2023-03-30 04:46:00+00:00
726452,35-44,F,Housing,Tablet,Midwest,0,12.9325,2023-05-07 18:18:00+00:00
726461,18-24,F,Housing,Tablet,Northeast,0,4.3825,2023-04-17 10:40:00+00:00
726467,18-24,F,Housing,Web,Northeast,0,12.8438,2023-04-06 11:13:00+00:00
726469,35-44,F,Housing,Mobile,Midwest,0,14.56,2023-01-14 13:01:00+00:00
726476,18-24,F,Housing,Mobile,Northeast,1,10.7863,2023-05-30 05:12:00+00:00
726477,18-24,F,Housing,Tablet,Northeast,1,5.435,2023-01-09 20:09:00+00:00
726487,35-44,F,Housing,Web,Midwest,0,7.88,2023-03-21 07:28:00+00:00
726489,35-44,F,Housing,Web,Midwest,0,2.6338,2023-03-09 19:52:00+00:00
726493,35-44,F,Housing,Mobile,Midwest,0,8.32,2023-05-02 01:00:00+00:00
726501,25-34,F,Housing,Web,Northeast,0,9.48,2023-06-09 03:31:00+00:00
726503,55+,F,Housing,Web,South,1,0.775,2023-05-01 12:17:00+00:00
726549,35-44,F,Housing,Web,Midwest,0,8.2462,2023-02-07 13:39:00+00:00
726551,25-34,F,Housing,Tablet,Northeast,0,6.86,2023-05-09 20:35:00+00:00
726556,55+,F,Housing,Mobile,South,1,7.56,2023-02-13 07:23:00+00:00
726561,55+,F,Housing,Mobile,South,0,8.9763,2023-03-23 21:28:00+00:00
726563,55+,F,Housing,Mobile,South,0,9.255,2023-03-06 04:26:00+00:00
726573,35-44,F,Housing,Mobile,Midwest,1,12.9563,2023-04-16 21:40:00+00:00
726580,35-44,F,Housing,Mobile,Midwest,0,13.74,2023-01-13 00:10:00+00:00
726583,55+,F,Housing,Web,South,1,11.2,2023-03-27 13:55:00+00:00
726601,25-34,F,Housing,Web,Northeast,0,10.04,2023-06-17 23:23:00+00:00
726621,35-44,F,Housing,Tablet,Midwest,0,11.0475,2023-04-29 22:34:00+00:00
726625,18-24,F,Housing,Tablet,Northeast,0,8.6,2023-01-16 15:02:00+00:00
726635,55+,F,Housing,Web,South,1,3.1488,2023-04-30 23:42:00+00:00
726651,25-34,F,Housing,Web,Northeast,0,12.48,2023-04-20 13:24:00+00:00
726652,18-24,F,Housing,Mobile,Northeast,0,11.88,2023-01-20 07:19:00+00:00
726662,18-24,F,Housing,Web,Northeast,0,5.5488,2023-02-09 15:48:00+00:00
726665,55+,F,Housing,Tablet,South,0,6.3875,2023-04-01 06:04:00+00:00
726669,55+,F,Housing,Web,South,1,2.5275,2023-01-03 14:43:00+00:00
726672,55+,F,Housing,Tablet,South,1,11.35,2023-03-02 00:08:00+00:00
726673,35-44,F,Housing,Web,Midwest,0,11.44,2023-01-18 05:02:00+00:00
726676,18-24,F,Housing,Mobile,Northeast,0,7.66,2023-03-10 08:44:00+00:00
726687,18-24,F,Housing,Tablet,Northeast,0,4.995,2023-04-27 20:33:00+00:00
726689,35-44,F,Housing,Tablet,Midwest,0,2.355,2023-04-15 20:14:00+00:00
726701,25-34,F,Housing,Tablet,Northeast,0,6.36,2023-05-24 11:46:00+00:00
726716,18-24,F,Housing,Tablet,Northeast,1,6.8863,2023-05-30 05:29:00+00:00
726730,55+,F,Housing,Web,South,1,5.88,2023-03-01 23:08:00+00:00
726751,25-34,F,Housing,Web,Northeast,0,9.64,2023-04-18 23:23:00+00:00
726752,35-44,F,Housing,Mobile,Midwest,0,8.1438,2023-04-26 19:07:00+00:00
726757,55+,F,Housing,Web,South,0,9.78,2023-04-25 18:07:00+00:00
726761,35-44,F,Housing,Tablet,Midwest,0,4.2888,2023-02-21 15:33:00+00:00
726794,55+,F,Housing,Mobile,South,0,2.3838,2023-05-08 19:18:00+00:00
726801,25-34,F,Housing,Web,Northeast,0,8.02,2023-01-27 14:12:00+00:00
726822,55+,F,Housing,Mobile,South,1,3.6575,2023-05-07 06:18:00+00:00
726833,35-44,F,Housing,Mobile,Midwest,0,4.6,2023-01-01 00:25:00+00:00
726834,35-44,F,Housing,Mobile,Midwest,0,0.74,2023-02-02 08:30:00+00:00
726851,25-34,F,Housing,Mobile,Northeast,0,8.66,2023-03-20 18:45:00+00:00
726873,35-44,F,Housing,Web,Midwest,0,3.3087,2023-05-28 15:46:00+00:00
726878,55+,F,Housing,Web,South,0,12.8287,2023-05-24 23:20:00+00:00
726886,18-24,F,Housing,Web,Northeast,1,10.26,2023-03-20 06:36:00+00:00
726891,35-44,F,Housing,Tablet,Midwest,0,11.6575,2023-05-07 06:00:00+00:00
726900,35-44,F,Housing,Mobile,Midwest,1,9.1512,2023-01-02 01:43:00+00:00
726901,25-34,F,Housing,Web,Northeast,0,5.68,2023-05-10 09:01:00+00:00
726910,55+,F,Housing,Web,South,0,11.58,2023-06-14 08:23:00+00:00
726915,55+,F,Housing,Tablet,South,0,2.3813,2023-01-06 17:00:00+00:00
726918,55+,F,Housing,Mobile,South,0,10.3812,2023-02-15 09:57:00+00:00
726936,18-24,F,Housing,Tablet,Northeast,0,8.1962,2023-06-27 21:33:00+00:00
726940,18-24,F,Housing,Web,Northeast,0,15.34,2023-04-23 04:33:00+00:00
726951,25-34,F,Housing,Web,Northeast,0,9.44,2023-05-18 05:45:00+00:00
726953,35-44,F,Housing,Mobile,Midwest,1,7.5075,2023-01-27 14:12:00+00:00
726954,18-24,F,Housing,Web,Northeast,1,2.1238,2023-06-09 03:31:00+00:00
726975,35-44,F,Housing,Web,Midwest,0,3.64,2023-05-13 00:10:00+00:00
726983,55+,F,Housing,Web,South,0,0.7388,2023-01-12 23:18:00+00:00
726988,18-24,F,Housing,Tablet,Northeast,0,13.36,2023-01-14 13:19:00+00:00
727000,55+,F,Housing,Tablet,South,0,13.5,2023-06-10 16:31:00+00:00
727001,25-34,F,Housing,Mobile,Northeast,0,10.76,2023-05-24 23:11:00+00:00
727036,18-24,F,Housing,Web,Northeast,1,5.8,2023-03-17 03:45:00+00:00
727037,35-44,F,Housing,Tablet,Midwest,0,8.5838,2023-03-09 19:35:00+00:00
727043,55+,F,Housing,Web,South,0,4.3887,2023-06-21 15:50:00+00:00
727051,25-34,F,Housing,Web,Northeast,1,10.68,2023-03-01 23:25:00+00:00
727057,35-44,F,Housing,Mobile,Midwest,0,11.66,2023-03-10 20:52:00+00:00
727063,55+,F,Housing,Tablet,South,0,8.08,2023-01-30 17:38:00+00:00
727072,18-24,F,Housing,Mobile,Northeast,1,8.18,2023-02-04 10:04:00+00:00
727090,18-24,F,Housing,Mobile,Northeast,1,12.92,2023-02-01 19:55:00+00:00
727100,35-44,F,Housing,Mobile,Midwest,0,5.9437,2023-04-26 19:16:00+00:00
727101,25-34,F,Housing,Tablet,Northeast,0,9.06,2023-06-08 02:05:00+00:00
727108,35-44,F,Housing,Tablet,Midwest,0,11.2,2023-05-06 05:00:00+00:00
727118,35-44,F,Housing,Web,Midwest,1,10.8438,2023-06-05 11:13:00+00:00
727121,18-24,F,Housing,Tablet,Northeast,1,4.5362,2023-03-31 05:29:00+00:00
727128,55+,F,Housing,Mobile,South,0,7.3613,2023-04-20 01:49:00+00:00
727134,35-44,F,Housing,Tablet,Midwest,0,7.2287,2023-03-25 23:54:00+00:00
727138,35-44,F,Housing,Tablet,Midwest,0,10.54,2023-06-02 08:38:00+00:00
727140,55+,F,Housing,Tablet,South,0,7.3037,2023-06-13 19:06:00+00:00
727149,35-44,F,Housing,Mobile,Midwest,0,2.0388,2023-06-21 15:41:00+00:00
727151,25-34,F,Housing,Web,Northeast,1,7.2,2023-03-07 05:00:00+00:00
727153,18-24,F,Housing,Web,Northeast,0,15.28,2023-02-19 13:15:00+00:00
727168,18-24,F,Housing,Mobile,Northeast,0,13.06,2023-06-28 10:42:00+00:00
727180,18-24,F,Housing,Mobile,Northeast,0,14.82,2023-02-16 22:49:00+00:00
727196,35-44,F,Housing,Tablet,Midwest,1,6.7438,2023-02-25 19:50:00+00:00
727201,25-34,F,Housing,Mobile,Northeast,1,11.48,2023-01-20 19:54:00+00:00
727215,55+,F,Housing,Tablet,South,0,3.7625,2023-03-12 10:27:00+00:00
727218,35-44,F,Housing,Mobile,Midwest,0,10.2725,2023-03-20 18:36:00+00:00
727248,18-24,F,Housing,Web,Northeast,0,10.0162,2023-04-04 21:21:00+00:00
727249,35-44,F,Housing,Web,Midwest,0,7.2,2023-04-16 09:32:00+00:00
727251,25-34,F,Housing,Mobile,Northeast,0,9.26,2023-05-29 04:04:00+00:00
727263,35-44,F,Housing,Mobile,Midwest,0,9.655,2023-04-15 20:57:00+00:00
727269,55+,F,Housing,Mobile,South,0,11.6037,2023-03-25 11:46:00+00:00
727291,18-24,F,Housing,Web,Northeast,0,6.54,2023-06-22 04:33:00+00:00
727294,35-44,F,Housing,Tablet,Midwest,0,8.88,2023-05-30 05:38:00+00:00
727301,25-34,F,Housing,Tablet,Northeast,0,12.44,2023-02-17 23:23:00+00:00
727308,18-24,F,Housing,Web,Northeast,0,4.0187,2023-04-06 23:56:00+00:00
727315,18-24,F,Housing,Mobile,Northeast,0,10.58,2023-05-15 14:27:00+00:00
727316,35-44,F,Housing,Mobile,Midwest,1,12.975,2023-06-10 04:57:00+00:00
727324,55+,F,Housing,Mobile,South,0,11.28,2023-01-30 05:04:00+00:00
727327,18-24,F,Housing,Mobile,Northeast,1,10.28,2023-04-10 15:48:00+00:00
727334,18-24,F,Housing,Mobile,Northeast,1,3.2788,2023-01-04 15:43:00+00:00
727338,55+,F,Housing,Mobile,South,0,9.1337,2023-01-08 19:35:00+00:00
727345,55+,F,Housing,Mobile,South,0,13.22,2023-04-17 22:23:00+00:00
727351,25-34,F,Housing,Tablet,Northeast,1,14.06,2023-06-18 00:41:00+00:00
727373,35-44,F,Housing,Tablet,Midwest,0,12.865,2023-06-02 20:04:00+00:00
727383,35-44,F,Housing,Tablet,Midwest,0,12.8712,2023-02-27 09:08:00+00:00
727385,18-24,F,Housing,Mobile,Northeast,0,1.865,2023-06-02 20:21:00+00:00
727387,35-44,F,Housing,Mobile,Midwest,0,11.02,2023-02-26 20:59:00+00:00
727390,55+,F,Housing,Tablet,South,1,7.76,2023-02-23 17:07:00+00:00
727398,55+,F,Housing,Tablet,South,0,5.1175,2023-01-15 14:19:00+00:00
727401,25-34,F,Housing,Tablet,Northeast,0,9.84,2023-05-18 05:02:00+00:00
727424,55+,F,Housing,Web,South,0,8.4187,2023-04-06 23:13:00+00:00
727433,18-24,F,Housing,Web,Northeast,0,7.1625,2023-01-31 18:47:00+00:00
727450,35-44,F,Housing,Mobile,Midwest,0,14.64,2023-04-08 13:22:00+00:00
727451,25-34,F,Housing,Tablet,Northeast,0,5.68,2023-03-11 21:52:00+00:00
727454,18-24,F,Housing,Mobile,Northeast,0,5.245,2023-04-27 20:59:00+00:00
727457,35-44,F,Housing,Tablet,Midwest,0,10.0813,2023-03-27 01:03:00+00:00
727459,18-24,F,Housing,Mobile,Northeast,0,11.04,2023-01-18 05:02:00+00:00
727461,55+,F,Housing,Web,South,0,8.7662,2023-05-14 13:10:00+00:00
727479,35-44,F,Housing,Mobile,Midwest,1,8.0625,2023-06-20 02:15:00+00:00
727487,35-44,F,Housing,Mobile,Midwest,0,7.5287,2023-03-05 15:17:00+00:00
727491,55+,F,Housing,Mobile,South,0,11.1025,2023-01-03 02:34:00+00:00
727501,25-34,F,Housing,Mobile,Northeast,0,12.14,2023-04-23 04:58:00+00:00
727507,55+,F,Housing,Web,South,0,8.86,2023-03-30 04:29:00+00:00
727525,35-44,F,Housing,Web,Midwest,0,14.7,2023-04-11 04:48:00+00:00
727543,18-24,F,Housing,Web,Northeast,1,6.94,2023-04-23 16:50:00+00:00
727548,18-24,F,Housing,Web,Northeast,0,10.8875,2023-01-11 22:35:00+00:00
727551,25-34,F,Housing,Mobile,Northeast,0,10.72,2023-01-02 13:34:00+00:00
727553,35-44,F,Housing,Web,Midwest,0,6.5137,2023-03-13 11:18:00+00:00
727556,18-24,F,Housing,Tablet,Northeast,0,7.3937,2023-02-25 19:25:00+00:00
727558,18-24,F,Housing,Mobile,Northeast,0,8.6,2023-05-16 03:53:00+00:00
727564,18-24,F,Housing,Web,Northeast,0,12.22,2023-03-18 16:28:00+00:00
727588,55+,F,Housing,Mobile,South,0,10.98,2023-04-25 06:24:00+00:00
727593,18-24,F,Housing,Web,Northeast,1,2.0325,2023-04-17 10:06:00+00:00
727595,55+,F,Housing,Mobile,South,0,8.4238,2023-05-20 19:11:00+00:00
727601,25-34,F,Housing,Tablet,Northeast,0,8.92,2023-01-12 11:27:00+00:00
727627,55+,F,Housing,Tablet,South,0,6.3,2023-03-02 00:42:00+00:00
727630,35-44,F,Housing,Mobile,Midwest,1,11.04,2023-05-18 05:45:00+00:00
727651,25-34,F,Housing,Mobile,Northeast,0,8.78,2023-03-06 04:34:00+00:00
727661,18-24,F,Housing,Web,Northeast,0,8.8187,2023-03-17 15:27:00+00:00
727667,35-44,F,Housing,Tablet,Midwest,1,7.4912,2023-06-23 17:16:00+00:00
727676,18-24,F,Housing,Tablet,Northeast,0,6.675,2023-02-10 04:31:00+00:00
727701,25-34,F,Housing,Web,Northeast,1,9.68,2023-05-30 05:38:00+00:00
727711,55+,F,Housing,Web,South,0,11.84,2023-05-18 17:11:00+00:00
727719,35-44,F,Housing,Tablet,Midwest,0,5.3913,2023-05-14 01:19:00+00:00
727722,35-44,F,Housing,Web,Midwest,0,9.6387,2023-04-02 07:21:00+00:00
727736,35-44,F,Housing,Web,Midwest,0,8.2963,2023-04-08 13:22:00+00:00
727751,25-34,F,Housing,Web,Northeast,0,12.64,2023-06-07 13:56:00+00:00
727753,18-24,F,Housing,Tablet,Northeast,0,15.26,2023-05-29 04:55:00+00:00
727755,18-24,F,Housing,Tablet,Northeast,0,6.0412,2023-04-24 17:59:00+00:00
727756,18-24,F,Housing,Mobile,Northeast,0,15.26,2023-05-09 20:26:00+00:00
727772,55+,F,Housing,Tablet,South,0,11.1725,2023-04-09 02:48:00+00:00
727777,55+,F,Housing,Tablet,South,1,12.26,2023-02-28 10:25:00+00:00
727796,55+,F,Housing,Web,South,0,5.1513,2023-02-11 17:57:00+00:00
727801,25-34,F,Housing,Mobile,Northeast,0,6.52,2023-02-01 07:13:00+00:00
727802,35-44,F,Housing,Web,Midwest,1,5.4912,2023-01-14 01:10:00+00:00
727813,55+,F,Housing,Mobile,South,0,10.92,2023-06-21 03:07:00+00:00
727817,55+,F,Housing,Mobile,South,0,1.3638,2023-01-12 11:44:00+00:00
727818,18-24,F,Housing,Tablet,Northeast,0,0.7688,2023-04-26 07:25:00+00:00
727819,55+,F,Housing,Web,South,1,10.12,2023-04-02 07:30:00+00:00
727823,55+,F,Housing,Tablet,South,0,3.7075,2023-04-17 22:06:00+00:00
727829,55+,F,Housing,Web,South,0,5.1437,2023-02-05 11:22:00+00:00
727833,35-44,F,Housing,Mobile,Midwest,1,11.9025,2023-05-03 02:51:00+00:00
727837,55+,F,Housing,Tablet,South,0,13.96,2023-03-05 15:00:00+00:00
727840,18-24,F,Housing,Mobile,Northeast,0,12.26,2023-04-09 14:39:00+00:00
727851,25-34,F,Housing,Tablet,Northeast,0,9.64,2023-01-28 03:29:00+00:00
727855,18-24,F,Housing,Web,Northeast,0,12.94,2023-02-02 20:04:00+00:00
727862,18-24,F,Housing,Tablet,Northeast,0,10.5437,2023-04-26 19:16:00+00:00
727884,55+,F,Housing,Mobile,South,0,12.2137,2023-02-01 19:21:00+00:00
727886,35-44,F,Housing,Mobile,Midwest,0,9.1975,2023-04-09 14:14:00+00:00
727888,18-24,F,Housing,Tablet,Northeast,0,7.46,2023-06-08 02:48:00+00:00
727901,25-34,F,Housing,Mobile,Northeast,0,8.92,2023-02-01 07:47:00+00:00
727907,18-24,F,Housing,Tablet,Northeast,1,2.9287,2023-04-14 07:14:00+00:00
727912,18-24,F,Housing,Mobile,Northeast,0,14.22,2023-05-17 16:19:00+00:00
727915,18-24,F,Housing,Web,Northeast,1,7.56,2023-03-05 15:26:00+00:00
727925,18-24,F,Housing,Tablet,Northeast,0,3.44,2023-02-02 08:13:00+00:00
727944,18-24,F,Housing,Web,Northeast,0,2.2675,2023-01-15 14:53:00+00:00
727951,25-34,F,Housing,Tablet,Northeast,1,8.08,2023-03-31 05:38:00+00:00
727967,35-44,F,Housing,Mobile,Midwest,0,6.1338,2023-06-17 11:41:00+00:00
727976,55+,F,Housing,Mobile,South,0,10.4362,2023-05-30 05:04:00+00:00
727983,55+,F,Housing,Web,South,0,1.31,2023-01-29 16:12:00+00:00
728001,25-34,F,Housing,Web,Northeast,0,12.52,2023-06-01 19:13:00+00:00
728004,55+,F,Housing,Mobile,South,0,7.0075,2023-04-17 22:32:00+00:00
728008,55+,F,Housing,Web,South,0,9.9,2023-01-21 08:45:00+00:00
728010,35-44,F,Housing,Web,Midwest,1,4.1525,2023-05-03 02:43:00+00:00
728013,18-24,F,Housing,Web,Northeast,1,9.3562,2023-03-07 05:43:00+00:00
728017,35-44,F,Housing,Mobile,Midwest,0,6.46,2023-03-30 16:04:00+00:00
728018,35-44,F,Housing,Tablet,Midwest,1,5.5875,2023-03-12 22:27:00+00:00
728025,55+,F,Housing,Tablet,South,0,3.6825,2023-01-07 18:35:00+00:00
728041,18-24,F,Housing,Tablet,Northeast,0,9.18,2023-05-05 16:52:00+00:00
728042,35-44,F,Housing,Mobile,Midwest,0,7.9538,2023-02-13 19:57:00+00:00
728049,18-24,F,Housing,Web,Northeast,1,2.4075,2023-02-16 22:06:00+00:00
728051,25-34,F,Housing,Web,Northeast,0,8.1,2023-01-11 22:52:00+00:00
728060,55+,F,Housing,Tablet,South,0,1.7512,2023-05-02 01:25:00+00:00
728082,18-24,F,Housing,Tablet,Northeast,0,7.8238,2023-06-29 11:34:00+00:00
728086,55+,F,Housing,Web,South,0,13.08,2023-04-10 15:57:00+00:00
728097,55+,F,Housing,Tablet,South,1,8.0687,2023-04-06 23:39:00+00:00
728101,25-34,F,Housing,Tablet,Northeast,0,9.54,2023-02-12 18:23:00+00:00
728105,18-24,F,Housing,Mobile,Northeast,0,2.1362,2023-06-19 13:49:00+00:00
728106,55+,F,Housing,Web,South,0,6.2775,2023-05-03 14:26:00+00:00
728112,18-24,F,Housing,Mobile,Northeast,0,7.92,2023-04-07 00:05:00+00:00
728122,35-44,F,Housing,Web,Midwest,0,10.06,2023-05-09 20:26:00+00:00
728129,35-44,F,Housing,Tablet,Midwest,0,12.9712,2023-01-18 17:36:00+00:00
728130,35-44,F,Housing,Tablet,Midwest,0,9.885,2023-06-18 12:06:00+00:00
728135,55+,F,Housing,Tablet,South,0,9.7837,2023-05-08 19:26:00+00:00
728143,55+,F,Housing,Tablet,South,0,11.06,2023-02-28 22:25:00+00:00
728151,25-34,F,Housing,Mobile,Northeast,0,10.94,2023-02-22 04:58:00+00:00
728171,35-44,F,Housing,Mobile,Midwest,0,7.4925,2023-03-16 02:36:00+00:00
728179,35-44,F,Housing,Tablet,Midwest,0,8.86,2023-03-10 20:35:00+00:00
728191,35-44,F,Housing,Mobile,Midwest,1,10.68,2023-03-21 19:19:00+00:00
728198,55+,F,Housing,Tablet,South,1,4.1263,2023-03-23 21:45:00+00:00
728201,25-34,F,Housing,Tablet,Northeast,1,15.04,2023-02-07 13:31:00+00:00
728203,55+,F,Housing,Mobile,South,0,10.68,2023-06-29 23:59:00+00:00
728208,35-44,F,Housing,Mobile,Midwest,1,12.6525,2023-05-23 10:20:00+00:00
728212,35-44,F,Housing,Web,Midwest,0,8.42,2023-03-28 02:20:00+00:00
728222,35-44,F,Housing,Web,Midwest,0,11.9462,2023-06-07 13:48:00+00:00
728225,35-44,F,Housing,Web,Midwest,1,5.2912,2023-05-14 01:01:00+00:00
728233,35-44,F,Housing,Tablet,Midwest,0,6.56,2023-03-15 01:10:00+00:00
728244,35-44,F,Housing,Mobile,Midwest,0,7.1712,2023-02-27 09:16:00+00:00
728247,18-24,F,Housing,Mobile,Northeast,1,0.8237,2023-01-20 19:45:00+00:00
728251,25-34,F,Housing,Tablet,Northeast,0,6.96,2023-06-03 09:47:00+00:00
728254,18-24,F,Housing,Tablet,Northeast,0,6.48,2023-01-30 05:04:00+00:00
728255,18-24,F,Housing,Mobile,Northeast,0,1.6387,2023-06-21 15:33:00+00:00
728264,35-44,F,Housing,Tablet,Midwest,0,12.055,2023-04-15 20:40:00+00:00
728270,35-44,F,Housing,Web,Midwest,1,11.0137,2023-02-01 19:30:00+00:00
728276,18-24,F,Housing,Tablet,Northeast,0,12.1975,2023-04-29 22:25:00+00:00
728297,35-44,F,Housing,Mobile,Midwest,1,1.5475,2023-04-29 22:42:00+00:00
728301,25-34,F,Housing,Tablet,Northeast,0,7.26,2023-03-10 20:52:00+00:00
728312,55+,F,Housing,Mobile,South,1,9.4138,2023-04-02 19:55:00+00:00
728318,55+,F,Housing,Web,South,0,1.48,2023-05-05 16:43:00+00:00
728320,55+,F,Housing,Mobile,South,1,13.04,2023-02-27 09:08:00+00:00
728324,55+,F,Housing,Tablet,South,0,11.355,2023-06-14 20:14:00+00:00
728331,35-44,F,Housing,Mobile,Midwest,1,11.575,2023-02-10 04:40:00+00:00
728339,55+,F,Housing,Tablet,South,0,4.715,2023-04-03 20:56:00+00:00
728351,25-34,F,Housing,Tablet,Northeast,0,7.22,2023-04-17 10:49:00+00:00
728352,55+,F,Housing,Web,South,1,10.655,2023-03-06 04:52:00+00:00
728379,18-24,F,Housing,Mobile,Northeast,0,2.81,2023-05-09 08:52:00+00:00
728381,55+,F,Housing,Tablet,South,0,6.2038,2023-04-14 19:14:00+00:00
728387,18-24,F,Housing,Web,Northeast,0,7.4125,2023-04-21 02:32:00+00:00
728390,55+,F,Housing,Mobile,South,0,1.77,2023-02-26 08:42:00+00:00
728393,55+,F,Housing,Tablet,South,0,12.5925,2023-05-15 02:10:00+00:00
728401,25-34,F,Housing,Mobile,Northeast,0,11.46,2023-02-08 02:48:00+00:00
728408,18-24,F,Housing,Mobile,Northeast,1,12.9113,2023-04-20 01:41:00+00:00
728414,55+,F,Housing,Tablet,South,0,7.7775,2023-01-23 22:11:00+00:00
728434,55+,F,Housing,Tablet,South,0,7.74,2023-04-03 08:56:00+00:00
728451,25-34,F,Housing,Mobile,Northeast,1,10.34,2023-05-03 14:43:00+00:00
728453,35-44,F,Housing,Tablet,Midwest,0,9.0663,2023-05-14 13:44:00+00:00
728465,55+,F,Housing,Web,South,0,10.34,2023-01-13 00:10:00+00:00
728466,35-44,F,Housing,Web,Midwest,0,8.72,2023-06-06 00:30:00+00:00
728495,35-44,F,Housing,Tablet,Midwest,1,3.1637,2023-05-12 11:44:00+00:00
728501,25-34,F,Housing,Mobile,Northeast,0,10.94,2023-06-02 20:04:00+00:00
728509,35-44,F,Housing,Web,Midwest,0,14.66,2023-03-20 06:02:00+00:00
728540,55+,F,Housing,Mobile,South,0,11.29,2023-04-03 08:04:00+00:00
728541,18-24,F,Housing,Mobile,Northeast,0,12.255,2023-01-25 12:54:00+00:00
728543,35-44,F,Housing,Mobile,Midwest,1,10.1562,2023-02-15 21:32:00+00:00
728551,25-34,F,Housing,Mobile,Northeast,0,7.98,2023-03-26 12:03:00+00:00
728554,18-24,F,Housing,Web,Northeast,0,12.02,2023-03-28 02:29:00+00:00
728561,35-44,F,Housing,Mobile,Midwest,1,9.47,2023-06-26 08:33:00+00:00
728573,35-44,F,Housing,Tablet,Midwest,0,11.7088,2023-01-08 07:09:00+00:00
728579,35-44,F,Housing,Mobile,Midwest,1,1.3013,2023-05-02 01:51:00+00:00
728581,35-44,F,Housing,Mobile,Midwest,0,9.16,2023-05-04 15:43:00+00:00
728582,55+,F,Housing,Web,South,0,4.69,2023-02-02 08:30:00+00:00
728584,35-44,F,Housing,Mobile,Midwest,1,13.12,2023-03-23 21:45:00+00:00
728586,18-24,F,Housing,Mobile,Northeast,0,10.5675,2023-02-24 06:24:00+00:00
728587,55+,F,Housing,Tablet,South,0,6.22,2023-03-18 16:36:00+00:00
728590,18-24,F,Housing,Web,Northeast,1,6.96,2023-05-14 13:01:00+00:00
728596,35-44,F,Housing,Web,Midwest,1,10.16,2023-01-14 13:19:00+00:00
728601,25-34,F,Housing,Mobile,Northeast,0,13.68,2023-01-10 09:44:00+00:00
728607,35-44,F,Housing,Web,Midwest,0,5.805,2023-01-25 12:03:00+00:00
728609,18-24,F,Housing,Web,Northeast,0,4.8863,2023-02-19 13:24:00+00:00
728624,35-44,F,Housing,Tablet,Midwest,0,3.5888,2023-06-21 15:41:00+00:00
728641,35-44,F,Housing,Mobile,Midwest,0,12.22,2023-04-07 12:22:00+00:00
728645,55+,F,Housing,Web,South,0,5.01,2023-01-29 16:38:00+00:00
728651,25-34,F,Housing,Mobile,Northeast,1,11.24,2023-02-17 11:06:00+00:00
728655,55+,F,Housing,Mobile,South,0,11.3875,2023-03-12 22:18:00+00:00
728663,18-24,F,Housing,Tablet,Northeast,1,10.4,2023-05-01 00:51:00+00:00
728670,55+,F,Housing,Web,South,1,7.935,2023-05-29 04:38:00+00:00
728675,55+,F,Housing,Tablet,South,0,9.3212,2023-05-18 17:28:00+00:00
728677,18-24,F,Housing,Mobile,Northeast,0,8.6,2023-02-25 07:25:00+00:00
728681,35-44,F,Housing,Tablet,Midwest,0,6.2663,2023-02-23 05:41:00+00:00
728682,55+,F,Housing,Mobile,South,1,1.6375,2023-01-11 22:01:00+00:00
728683,18-24,F,Housing,Mobile,Northeast,0,7.04,2023-04-28 21:59:00+00:00
728701,25-34,F,Housing,Mobile,Northeast,0,5.62,2023-04-17 22:06:00+00:00
728703,55+,F,Housing,Web,South,1,3.8262,2023-05-22 21:28:00+00:00
728716,55+,F,Housing,Mobile,South,0,7.12,2023-06-11 17:05:00+00:00
728718,35-44,F,Housing,Web,Midwest,0,6.9075,2023-03-28 14:20:00+00:00
728730,18-24,F,Housing,Web,Northeast,1,3.7912,2023-04-04 09:30:00+00:00
728741,18-24,F,Housing,Mobile,Northeast,0,12.6725,2023-04-09 02:05:00+00:00
728742,55+,F,Housing,Mobile,South,0,1.0413,2023-02-23 17:41:00+00:00
728751,25-34,F,Housing,Tablet,Northeast,0,12.5,2023-01-31 18:47:00+00:00
728755,35-44,F,Housing,Web,Midwest,1,11.82,2023-02-06 12:13:00+00:00
728756,35-44,F,Housing,Tablet,Midwest,1,3.9362,2023-04-20 13:58:00+00:00
728779,55+,F,Housing,Tablet,South,1,10.7,2023-05-21 08:28:00+00:00
728780,18-24,F,Housing,Tablet,Northeast,0,2.3062,2023-03-27 13:37:00+00:00
728790,18-24,F,Housing,Web,Northeast,0,3.5463,2023-03-19 05:36:00+00:00
728791,55+,F,Housing,Web,South,1,15.38,2023-04-05 10:04:00+00:00
728801,25-34,F,Housing,Tablet,Northeast,0,11.82,2023-04-07 12:05:00+00:00
728805,35-44,F,Housing,Mobile,Midwest,1,2.2275,2023-03-04 14:00:00+00:00
728813,35-44,F,Housing,Web,Midwest,0,4.7825,2023-06-16 10:40:00+00:00
728824,55+,F,Housing,Mobile,South,0,10.48,2023-05-10 21:35:00+00:00
728830,55+,F,Housing,Mobile,South,0,13.08,2023-04-30 11:34:00+00:00
728835,35-44,F,Housing,Web,Midwest,0,3.15,2023-05-01 00:34:00+00:00
728846,18-24,F,Housing,Web,Northeast,0,10.9625,2023-05-11 10:27:00+00:00
728851,25-34,F,Housing,Mobile,Northeast,0,6.78,2023-01-25 00:54:00+00:00
728853,55+,F,Housing,Web,South,0,9.535,2023-04-19 12:58:00+00:00
728856,55+,F,Housing,Mobile,South,0,3.7225,2023-05-19 18:02:00+00:00
728873,35-44,F,Housing,Tablet,Midwest,1,1.9663,2023-01-14 13:01:00+00:00
728885,35-44,F,Housing,Web,Midwest,0,7.57,2023-06-06 00:39:00+00:00
728886,35-44,F,Housing,Web,Midwest,0,9.2438,2023-06-25 19:33:00+00:00
728901,25-34,F,Housing,Mobile,Northeast,1,10.04,2023-05-28 15:12:00+00:00
728902,55+,F,Housing,Tablet,South,1,11.9,2023-05-21 08:02:00+00:00
728903,55+,F,Housing,Mobile,South,0,10.0675,2023-04-25 06:59:00+00:00
728920,55+,F,Housing,Tablet,South,1,8.86,2023-03-30 16:55:00+00:00
728922,35-44,F,Housing,Web,Midwest,0,12.005,2023-01-25 12:20:00+00:00
728924,18-24,F,Housing,Tablet,Northeast,0,4.1188,2023-04-26 07:25:00+00:00
728930,35-44,F,Housing,Tablet,Midwest,0,7.6513,2023-01-02 01:17:00+00:00
728939,18-24,F,Housing,Web,Northeast,0,8.3725,2023-03-20 18:45:00+00:00
728947,55+,F,Housing,Tablet,South,0,11.66,2023-01-29 16:46:00+00:00
728951,25-34,F,Housing,Web,Northeast,1,9.0,2023-04-06 11:05:00+00:00
728964,35-44,F,Housing,Web,Midwest,0,11.4375,2023-03-12 22:10:00+00:00
728966,55+,F,Housing,Web,South,0,6.1162,2023-06-03 21:04:00+00:00
728981,18-24,F,Housing,Tablet,Northeast,0,7.6475,2023-04-29 22:59:00+00:00
728988,18-24,F,Housing,Web,Northeast,0,0.8975,2023-02-08 14:48:00+00:00
729001,25-34,F,Housing,Tablet,Northeast,0,13.56,2023-01-24 23:46:00+00:00
729004,55+,F,Housing,Mobile,South,0,14.42,2023-03-28 14:29:00+00:00
729016,18-24,F,Housing,Web,Northeast,0,7.4,2023-02-05 11:13:00+00:00
729018,18-24,F,Housing,Tablet,Northeast,0,4.3087,2023-01-08 07:35:00+00:00
729026,35-44,F,Housing,Web,Midwest,0,3.5888,2023-06-21 15:24:00+00:00
729028,35-44,F,Housing,Tablet,Midwest,0,7.0,2023-06-25 07:07:00+00:00
729032,18-24,F,Housing,Web,Northeast,1,2.905,2023-05-25 12:46:00+00:00
729040,35-44,F,Housing,Mobile,Midwest,0,13.36,2023-06-03 09:56:00+00:00
729041,18-24,F,Housing,Web,Northeast,0,1.0975,2023-04-29 22:08:00+00:00
729044,35-44,F,Housing,Web,Midwest,0,3.3737,2023-03-01 11:17:00+00:00
729051,25-34,F,Housing,Tablet,Northeast,0,10.78,2023-01-25 12:29:00+00:00
729053,55+,F,Housing,Tablet,South,0,8.1475,2023-05-19 06:19:00+00:00
729057,55+,F,Housing,Web,South,0,1.5325,2023-03-28 02:03:00+00:00
729074,35-44,F,Housing,Mobile,Midwest,0,12.6325,2023-05-27 02:20:00+00:00
729085,35-44,F,Housing,Mobile,Midwest,1,9.68,2023-02-19 01:41:00+00:00
729101,25-34,F,Housing,Web,Northeast,1,13.38,2023-05-15 14:19:00+00:00
729102,35-44,F,Housing,Web,Midwest,0,1.4062,2023-03-07 05:52:00+00:00
729115,55+,F,Housing,Tablet,South,0,13.0,2023-03-17 15:10:00+00:00
729127,18-24,F,Housing,Web,Northeast,0,9.38,2023-02-24 06:07:00+00:00
729133,55+,F,Housing,Tablet,South,0,13.8,2023-04-06 11:05:00+00:00
729142,18-24,F,Housing,Tablet,Northeast,0,7.68,2023-02-19 01:32:00+00:00
729149,18-24,F,Housing,Web,Northeast,1,2.8112,2023-03-11 09:52:00+00:00
729151,25-34,F,Housing,Web,Northeast,1,10.66,2023-03-20 06:28:00+00:00
729157,55+,F,Housing,Web,South,0,12.9,2023-04-21 02:50:00+00:00
729164,55+,F,Housing,Web,South,1,8.7963,2023-02-27 21:16:00+00:00
729166,55+,F,Housing,Tablet,South,0,6.72,2023-03-03 01:08:00+00:00
729169,35-44,F,Housing,Tablet,Midwest,0,13.5,2023-06-10 16:14:00+00:00
729175,35-44,F,Housing,Web,Midwest,0,9.96,2023-05-04 03:17:00+00:00
729195,35-44,F,Housing,Web,Midwest,1,5.2038,2023-03-25 11:46:00+00:00
729199,18-24,F,Housing,Mobile,Northeast,1,7.44,2023-03-19 05:45:00+00:00
729201,25-34,F,Housing,Tablet,Northeast,0,6.68,2023-06-09 03:48:00+00:00
729203,35-44,F,Housing,Mobile,Midwest,1,12.19,2023-02-22 16:07:00+00:00
729249,55+,F,Housing,Mobile,South,0,5.5388,2023-06-01 07:55:00+00:00
729251,25-34,F,Housing,Mobile,Northeast,1,13.5,2023-05-01 12:25:00+00:00
729256,35-44,F,Housing,Web,Midwest,0,10.82,2023-03-08 06:09:00+00:00
729257,35-44,F,Housing,Web,Midwest,0,4.9863,2023-05-10 21:18:00+00:00
729267,55+,F,Housing,Tablet,South,0,1.5263,2023-04-12 05:40:00+00:00
729268,18-24,F,Housing,Web,Northeast,0,14.08,2023-03-11 21:52:00+00:00
729271,35-44,F,Housing,Web,Midwest,0,6.14,2023-01-13 00:53:00+00:00
729273,18-24,F,Housing,Tablet,Northeast,0,5.5775,2023-01-03 14:51:00+00:00
729282,18-24,F,Housing,Mobile,Northeast,0,5.2225,2023-06-28 10:51:00+00:00
729298,55+,F,Housing,Tablet,South,0,11.36,2023-04-24 17:07:00+00:00
729301,25-34,F,Housing,Tablet,Northeast,0,10.56,2023-04-24 05:07:00+00:00
729314,55+,F,Housing,Tablet,South,1,1.61,2023-01-09 08:18:00+00:00
729317,35-44,F,Housing,Tablet,Midwest,1,5.2663,2023-01-14 13:27:00+00:00
729324,55+,F,Housing,Web,South,1,10.3138,2023-02-01 19:38:00+00:00
729330,55+,F,Housing,Web,South,0,8.325,2023-05-21 20:02:00+00:00
729335,18-24,F,Housing,Mobile,Northeast,1,9.8925,2023-02-24 18:07:00+00:00
729348,55+,F,Housing,Mobile,South,1,10.3537,2023-01-04 03:43:00+00:00
729351,25-34,F,Housing,Web,Northeast,0,7.26,2023-01-29 04:12:00+00:00
729363,18-24,F,Housing,Mobile,Northeast,1,9.1725,2023-01-19 18:54:00+00:00
729373,35-44,F,Housing,Tablet,Midwest,0,7.0,2023-06-25 19:33:00+00:00
729375,55+,F,Housing,Mobile,South,1,2.6387,2023-04-02 07:55:00+00:00
729377,35-44,F,Housing,Tablet,Midwest,0,4.1587,2023-02-17 23:15:00+00:00
729378,35-44,F,Housing,Web,Midwest,0,2.1675,2023-04-25 06:24:00+00:00
729390,55+,F,Housing,Tablet,South,1,2.34,2023-04-03 08:21:00+00:00
729400,55+,F,Housing,Web,South,0,12.94,2023-06-02 20:21:00+00:00
729401,25-34,F,Housing,Mobile,Northeast,1,10.56,2023-04-04 21:30:00+00:00
729408,55+,F,Housing,Web,South,0,7.5725,2023-02-08 02:14:00+00:00
729413,18-24,F,Housing,Mobile,Northeast,1,4.7838,2023-05-28 03:46:00+00:00
729438,55+,F,Housing,Tablet,South,0,0.8787,2023-05-04 15:43:00+00:00
729439,55+,F,Housing,Mobile,South,0,11.74,2023-03-14 12:44:00+00:00
729451,25-34,F,Housing,Mobile,Northeast,0,10.98,2023-01-15 02:02:00+00:00
729455,18-24,F,Housing,Tablet,Northeast,0,2.9325,2023-05-27 02:12:00+00:00
729476,18-24,F,Housing,Tablet,Northeast,1,7.435,2023-01-29 04:04:00+00:00
729477,35-44,F,Housing,Tablet,Midwest,0,0.6338,2023-03-09 19:43:00+00:00
729488,55+,F,Housing,Tablet,South,0,7.6913,2023-01-14 01:10:00+00:00
729501,25-34,F,Housing,Tablet,Northeast,1,9.08,2023-03-01 11:25:00+00:00
729513,35-44,F,Housing,Mobile,Midwest,0,7.4013,2023-05-22 09:45:00+00:00
729531,55+,F,Housing,Web,South,0,7.265,2023-06-22 04:24:00+00:00
729534,18-24,F,Housing,Mobile,Northeast,0,4.1875,2023-05-11 22:27:00+00:00
729543,18-24,F,Housing,Tablet,Northeast,0,5.1275,2023-05-23 22:11:00+00:00
729544,35-44,F,Housing,Tablet,Midwest,0,6.98,2023-05-15 14:02:00+00:00
729550,35-44,F,Housing,Web,Midwest,1,13.68,2023-03-11 21:09:00+00:00
729551,25-34,F,Housing,Mobile,Northeast,1,8.1,2023-01-31 18:12:00+00:00
729554,55+,F,Housing,Tablet,South,0,8.2838,2023-01-08 19:18:00+00:00
729563,18-24,F,Housing,Mobile,Northeast,0,7.0838,2023-01-08 19:26:00+00:00
729564,18-24,F,Housing,Mobile,Northeast,0,10.9162,2023-06-03 21:04:00+00:00
729565,35-44,F,Housing,Mobile,Midwest,0,11.82,2023-04-07 00:39:00+00:00
729575,18-24,F,Housing,Tablet,Northeast,1,2.0,2023-01-01 00:34:00+00:00
729587,55+,F,Housing,Tablet,South,0,8.2713,2023-06-07 01:48:00+00:00
729588,55+,F,Housing,Tablet,South,0,3.9325,2023-01-27 02:29:00+00:00
729595,18-24,F,Housing,Web,Northeast,1,12.54,2023-02-02 20:21:00+00:00
729601,25-34,F,Housing,Mobile,Northeast,1,6.94,2023-06-22 04:07:00+00:00
729651,25-34,F,Housing,Web,Northeast,0,14.96,2023-06-23 05:59:00+00:00
729654,35-44,F,Housing,Tablet,Midwest,0,6.9662,2023-04-24 05:50:00+00:00
729662,55+,F,Housing,Tablet,South,0,12.95,2023-01-01 00:17:00+00:00
729663,55+,F,Housing,Web,South,0,9.0075,2023-04-17 22:40:00+00:00
729670,55+,F,Housing,Web,South,0,13.24,2023-03-09 07:01:00+00:00
729672,18-24,F,Housing,Web,Northeast,0,1.9013,2023-03-03 01:08:00+00:00
729687,18-24,F,Housing,Mobile,Northeast,0,2.7563,2023-01-26 13:46:00+00:00
729692,55+,F,Housing,Web,South,0,8.4037,2023-05-04 03:51:00+00:00
729701,25-34,F,Housing,Mobile,Northeast,1,7.82,2023-04-07 12:05:00+00:00
729705,55+,F,Housing,Tablet,South,0,10.4475,2023-04-09 14:48:00+00:00
729738,18-24,F,Housing,Tablet,Northeast,0,9.2363,2023-04-20 13:15:00+00:00
729751,25-34,F,Housing,Tablet,Northeast,1,15.46,2023-01-19 18:11:00+00:00
729761,18-24,F,Housing,Mobile,Northeast,0,5.4825,2023-04-17 10:23:00+00:00
729766,18-24,F,Housing,Web,Northeast,0,9.5,2023-03-02 12:25:00+00:00
729777,55+,F,Housing,Web,South,1,1.5875,2023-02-20 14:58:00+00:00
729778,55+,F,Housing,Tablet,South,0,14.32,2023-03-03 01:00:00+00:00
729801,25-34,F,Housing,Mobile,Northeast,0,5.88,2023-03-01 11:59:00+00:00
729804,35-44,F,Housing,Mobile,Midwest,0,2.9,2023-03-02 00:08:00+00:00
729843,35-44,F,Housing,Mobile,Midwest,0,4.11,2023-03-30 16:55:00+00:00
729847,18-24,F,Housing,Web,Northeast,1,7.52,2023-05-22 21:45:00+00:00
729851,25-34,F,Housing,Web,Northeast,0,10.08,2023-03-31 17:38:00+00:00
729855,55+,F,Housing,Web,South,0,12.0787,2023-02-13 07:31:00+00:00
729897,18-24,F,Housing,Mobile,Northeast,0,5.7375,2023-03-12 22:10:00+00:00
729901,25-34,F,Housing,Web,Northeast,0,12.48,2023-03-11 21:01:00+00:00
729910,35-44,F,Housing,Mobile,Midwest,0,6.46,2023-05-29 04:04:00+00:00
729922,55+,F,Housing,Mobile,South,1,7.22,2023-04-17 22:23:00+00:00
729923,55+,F,Housing,Mobile,South,0,12.6113,2023-01-10 09:44:00+00:00
729931,18-24,F,Housing,Mobile,Northeast,0,7.7,2023-03-12 22:44:00+00:00
729933,55+,F,Housing,Mobile,South,0,7.3637,2023-02-01 19:30:00+00:00
729951,25-34,F,Housing,Mobile,Northeast,0,9.12,2023-06-11 17:23:00+00:00
729959,55+,F,Housing,Tablet,South,0,8.7175,2023-04-25 06:33:00+00:00
729992,18-24,F,Housing,Tablet,Northeast,0,3.8138,2023-05-12 11:35:00+00:00
730001,25-34,F,Housing,Mobile,Northeast,0,14.1,2023-05-11 10:27:00+00:00
730016,55+,F,Housing,Mobile,South,1,11.7325,2023-05-07 18:35:00+00:00
730020,35-44,F,Housing,Tablet,Midwest,0,6.7075,2023-05-27 14:12:00+00:00
730025,35-44,F,Housing,Tablet,Midwest,0,8.9863,2023-02-19 13:32:00+00:00
730028,55+,F,Housing,Web,South,0,4.6875,2023-05-31 06:38:00+00:00
730045,18-24,F,Housing,Mobile,Northeast,1,12.8,2023-02-15 09:32:00+00:00
730051,25-34,F,Housing,Web,Northeast,1,7.14,2023-05-03 02:00:00+00:00
730055,35-44,F,Housing,Tablet,Midwest,0,3.37,2023-06-06 00:13:00+00:00
730066,35-44,F,Housing,Mobile,Midwest,0,6.16,2023-03-15 13:01:00+00:00
730093,18-24,F,Housing,Web,Northeast,0,8.32,2023-02-11 05:48:00+00:00
730101,25-34,F,Housing,Tablet,Northeast,0,13.88,2023-04-30 11:42:00+00:00
730102,18-24,F,Housing,Tablet,Northeast,0,7.08,2023-04-10 15:14:00+00:00
730114,18-24,F,Housing,Mobile,Northeast,1,13.82,2023-01-17 04:28:00+00:00
730129,35-44,F,Housing,Tablet,Midwest,0,9.84,2023-01-18 17:02:00+00:00
730135,55+,F,Housing,Mobile,South,0,11.56,2023-04-14 19:49:00+00:00
730138,55+,F,Housing,Web,South,0,8.56,2023-06-23 17:24:00+00:00
730151,25-34,F,Housing,Web,Northeast,0,13.26,2023-06-18 12:32:00+00:00
730158,35-44,F,Housing,Web,Midwest,1,1.9125,2023-05-31 18:55:00+00:00
730162,55+,F,Housing,Tablet,South,1,7.26,2023-03-30 04:04:00+00:00
730165,18-24,F,Housing,Web,Northeast,0,6.58,2023-04-05 22:04:00+00:00
730167,18-24,F,Housing,Tablet,Northeast,0,1.6663,2023-03-15 13:10:00+00:00
730175,55+,F,Housing,Web,South,0,4.0175,2023-01-15 14:53:00+00:00
730177,18-24,F,Housing,Web,Northeast,0,9.22,2023-01-07 06:09:00+00:00
730179,35-44,F,Housing,Web,Midwest,0,1.885,2023-01-29 04:29:00+00:00
730189,55+,F,Housing,Mobile,South,0,13.76,2023-06-03 09:56:00+00:00
730201,25-34,F,Housing,Tablet,Northeast,1,8.16,2023-05-14 13:36:00+00:00
730204,55+,F,Housing,Web,South,0,14.78,2023-06-14 08:49:00+00:00
730205,18-24,F,Housing,Mobile,Northeast,0,6.64,2023-06-02 08:13:00+00:00
730210,18-24,F,Housing,Tablet,Northeast,0,7.4,2023-06-05 11:30:00+00:00
730215,18-24,F,Housing,Tablet,Northeast,0,8.5188,2023-03-17 15:10:00+00:00
730224,35-44,F,Housing,Tablet,Midwest,0,3.2113,2023-05-10 09:18:00+00:00
730240,55+,F,Housing,Web,South,0,6.08,2023-05-10 21:52:00+00:00
730248,35-44,F,Housing,Web,Midwest,0,12.9763,2023-01-22 21:20:00+00:00
730251,25-34,F,Housing,Mobile,Northeast,0,13.86,2023-06-28 10:08:00+00:00
730273,35-44,F,Housing,Web,Midwest,1,7.84,2023-03-19 17:19:00+00:00
730281,18-24,F,Housing,Web,Northeast,0,12.3125,2023-04-21 02:58:00+00:00
730301,25-34,F,Housing,Mobile,Northeast,0,12.48,2023-01-10 21:52:00+00:00
730302,35-44,F,Housing,Tablet,Midwest,0,9.35,2023-01-21 08:45:00+00:00
730342,55+,F,Housing,Mobile,South,1,11.94,2023-05-23 10:37:00+00:00
730351,25-34,F,Housing,Mobile,Northeast,0,7.9,2023-01-01 12:42:00+00:00
730362,55+,F,Housing,Tablet,South,0,6.04,2023-04-03 08:21:00+00:00
730366,18-24,F,Housing,Mobile,Northeast,1,12.22,2023-06-26 20:59:00+00:00
730383,35-44,F,Housing,Mobile,Midwest,0,0.88,2023-06-14 08:32:00+00:00
730395,35-44,F,Housing,Web,Midwest,0,5.2175,2023-04-05 22:04:00+00:00
730401,25-34,F,Housing,Tablet,Northeast,0,13.32,2023-04-02 19:38:00+00:00
730411,18-24,F,Housing,Tablet,Northeast,1,14.12,2023-05-12 23:27:00+00:00
730420,35-44,F,Housing,Tablet,Midwest,0,14.22,2023-01-17 04:36:00+00:00
730442,18-24,F,Housing,Tablet,Northeast,1,4.5,2023-02-10 16:40:00+00:00
730451,25-34,F,Housing,Mobile,Northeast,1,14.84,2023-05-08 07:35:00+00:00
730457,55+,F,Housing,Mobile,South,1,10.2,2023-02-10 16:48:00+00:00
730465,18-24,F,Housing,Web,Northeast,0,6.16,2023-02-03 21:39:00+00:00
730477,55+,F,Housing,Web,South,1,7.66,2023-01-29 16:55:00+00:00
730481,55+,F,Housing,Mobile,South,0,10.675,2023-05-21 20:02:00+00:00
730501,25-34,F,Housing,Tablet,Northeast,1,10.24,2023-01-18 05:02:00+00:00
730509,35-44,F,Housing,Mobile,Midwest,1,1.2363,2023-05-30 05:38:00+00:00
730528,18-24,F,Housing,Mobile,Northeast,0,8.6,2023-02-05 11:13:00+00:00
730537,18-24,F,Housing,Mobile,Northeast,0,11.62,2023-03-28 02:03:00+00:00
730540,55+,F,Housing,Web,South,0,9.14,2023-06-12 18:06:00+00:00
730541,18-24,F,Housing,Web,Northeast,0,8.77,2023-02-26 08:50:00+00:00
730551,25-34,F,Housing,Web,Northeast,0,6.74,2023-04-13 18:57:00+00:00
730556,18-24,F,Housing,Tablet,Northeast,0,8.8225,2023-04-29 10:34:00+00:00
730566,18-24,F,Housing,Web,Northeast,0,1.0375,2023-01-31 06:12:00+00:00
730572,18-24,F,Housing,Mobile,Northeast,1,4.1363,2023-04-20 13:07:00+00:00
730580,18-24,F,Housing,Web,Northeast,0,4.68,2023-06-14 08:06:00+00:00
730589,18-24,F,Housing,Mobile,Northeast,0,8.2063,2023-01-26 13:03:00+00:00
730590,35-44,F,Housing,Tablet,Midwest,1,5.3913,2023-01-14 01:44:00+00:00
730601,25-34,F,Housing,Tablet,Northeast,0,12.26,2023-04-29 22:08:00+00:00
730620,35-44,F,Housing,Web,Midwest,0,8.2387,2023-04-22 15:24:00+00:00
730631,55+,F,Housing,Mobile,South,1,11.41,2023-03-10 08:35:00+00:00
730649,55+,F,Housing,Tablet,South,0,3.9188,2023-06-05 23:30:00+00:00
730651,25-34,F,Housing,Mobile,Northeast,1,6.46,2023-04-19 00:41:00+00:00
730661,55+,F,Housing,Tablet,South,0,11.7338,2023-02-17 11:49:00+00:00
730677,35-44,F,Housing,Tablet,Midwest,0,1.0663,2023-06-03 21:04:00+00:00
730687,18-24,F,Housing,Tablet,Northeast,1,12.72,2023-05-22 21:37:00+00:00
730690,35-44,F,Housing,Tablet,Midwest,0,8.36,2023-05-04 03:43:00+00:00
730692,18-24,F,Housing,Tablet,Northeast,0,4.1288,2023-04-14 07:06:00+00:00
730701,25-34,F,Housing,Mobile,Northeast,0,15.16,2023-06-13 07:40:00+00:00
730702,18-24,F,Housing,Mobile,Northeast,0,9.24,2023-05-08 07:43:00+00:00
730708,35-44,F,Housing,Mobile,Midwest,0,7.8,2023-06-05 11:30:00+00:00
730713,55+,F,Housing,Tablet,South,0,9.6275,2023-01-03 14:51:00+00:00
730717,55+,F,Housing,Tablet,South,0,9.7,2023-02-20 02:24:00+00:00
730719,18-24,F,Housing,Web,Northeast,0,8.85,2023-01-21 08:45:00+00:00
730723,18-24,F,Housing,Mobile,Northeast,0,14.48,2023-05-10 09:27:00+00:00
730727,55+,F,Housing,Web,South,0,8.5,2023-06-10 16:22:00+00:00
730736,55+,F,Housing,Web,South,0,8.9675,2023-04-05 22:39:00+00:00
730751,25-34,F,Housing,Tablet,Northeast,0,9.7,2023-01-31 06:21:00+00:00
730753,35-44,F,Housing,Mobile,Midwest,0,5.88,2023-04-30 11:34:00+00:00
730757,55+,F,Housing,Tablet,South,0,2.5525,2023-03-24 10:37:00+00:00
730759,18-24,F,Housing,Web,Northeast,1,6.44,2023-03-09 19:26:00+00:00
730769,18-24,F,Housing,Tablet,Northeast,0,9.63,2023-01-05 16:34:00+00:00
730781,18-24,F,Housing,Web,Northeast,0,5.2313,2023-03-27 01:03:00+00:00
730790,18-24,F,Housing,Tablet,Northeast,0,2.9025,2023-05-23 10:11:00+00:00
730801,25-34,F,Housing,Mobile,Northeast,0,8.06,2023-01-09 20:18:00+00:00
730806,55+,F,Housing,Mobile,South,1,8.98,2023-05-05 16:09:00+00:00
730811,35-44,F,Housing,Mobile,Midwest,0,3.7725,2023-05-19 18:45:00+00:00
730815,55+,F,Housing,Web,South,0,0.7163,2023-06-23 05:50:00+00:00
730819,18-24,F,Housing,Mobile,Northeast,0,12.56,2023-05-14 01:19:00+00:00
730828,55+,F,Housing,Mobile,South,0,14.5,2023-03-12 10:35:00+00:00
730837,35-44,F,Housing,Web,Midwest,0,12.82,2023-05-27 02:03:00+00:00
730839,55+,F,Housing,Mobile,South,0,7.7588,2023-02-17 23:58:00+00:00
730851,25-34,F,Housing,Web,Northeast,0,10.44,2023-05-28 03:29:00+00:00
730857,55+,F,Housing,Mobile,South,0,10.9087,2023-05-28 15:03:00+00:00
730860,18-24,F,Housing,Web,Northeast,0,2.1562,2023-02-15 21:57:00+00:00
730874,35-44,F,Housing,Tablet,Midwest,0,6.22,2023-04-27 08:16:00+00:00
730880,35-44,F,Housing,Tablet,Midwest,1,0.6162,2023-04-04 21:04:00+00:00
730890,18-24,F,Housing,Mobile,Northeast,0,12.6975,2023-03-20 06:45:00+00:00
730898,55+,F,Housing,Tablet,South,0,12.94,2023-04-23 16:33:00+00:00
730901,25-34,F,Housing,Tablet,Northeast,0,13.56,2023-01-24 11:54:00+00:00
730911,55+,F,Housing,Tablet,South,1,2.7325,2023-02-16 10:49:00+00:00
730945,35-44,F,Housing,Mobile,Midwest,0,9.72,2023-02-01 19:47:00+00:00
730948,18-24,F,Housing,Tablet,Northeast,0,5.56,2023-03-25 11:11:00+00:00
730951,25-34,F,Housing,Mobile,Northeast,0,11.16,2023-03-25 23:11:00+00:00
730971,18-24,F,Housing,Web,Northeast,0,7.0738,2023-03-21 19:11:00+00:00
730999,35-44,F,Housing,Web,Midwest,0,6.8,2023-01-06 17:35:00+00:00
731001,25-34,F,Housing,Tablet,Northeast,0,15.32,2023-02-21 15:15:00+00:00
731004,18-24,F,Housing,Mobile,Northeast,0,11.1363,2023-05-30 05:47:00+00:00
731018,18-24,F,Housing,Web,Northeast,0,7.4363,2023-05-30 05:12:00+00:00
731027,35-44,F,Housing,Mobile,Midwest,1,8.5913,2023-01-14 01:01:00+00:00
731034,18-24,F,Housing,Mobile,Northeast,0,10.7075,2023-01-07 06:09:00+00:00
731040,35-44,F,Housing,Web,Midwest,0,6.9413,2023-06-03 09:30:00+00:00
731051,25-34,F,Housing,Tablet,Northeast,1,12.7,2023-05-21 20:02:00+00:00
731052,55+,F,Housing,Mobile,South,0,6.5987,2023-04-10 15:05:00+00:00
731069,18-24,F,Housing,Mobile,Northeast,0,7.6363,2023-05-10 21:09:00+00:00
731077,18-24,F,Housing,Mobile,Northeast,0,12.3,2023-01-21 20:37:00+00:00
731078,55+,F,Housing,Web,South,0,9.7238,2023-03-01 11:59:00+00:00
731079,55+,F,Housing,Mobile,South,0,2.4725,2023-02-08 02:31:00+00:00
731086,18-24,F,Housing,Tablet,Northeast,1,14.36,2023-05-24 11:46:00+00:00
731098,35-44,F,Housing,Tablet,Midwest,1,11.3,2023-03-12 10:44:00+00:00
731101,25-34,F,Housing,Mobile,Northeast,0,13.68,2023-03-31 05:47:00+00:00
731108,35-44,F,Housing,Web,Midwest,0,12.1988,2023-06-29 23:34:00+00:00
731110,55+,F,Housing,Web,South,1,9.04,2023-02-27 21:42:00+00:00
731135,18-24,F,Housing,Tablet,Northeast,1,1.5075,2023-01-07 06:52:00+00:00
731139,35-44,F,Housing,Web,Midwest,0,2.9137,2023-06-01 19:38:00+00:00
731141,35-44,F,Housing,Web,Midwest,0,8.9663,2023-02-23 05:24:00+00:00
731151,25-34,F,Housing,Tablet,Northeast,0,9.66,2023-01-09 20:09:00+00:00
731160,35-44,F,Housing,Web,Midwest,0,1.6612,2023-03-11 09:01:00+00:00
731165,55+,F,Housing,Web,South,1,2.8287,2023-03-05 15:34:00+00:00
731167,18-24,F,Housing,Web,Northeast,0,5.64,2023-05-28 15:29:00+00:00
731175,18-24,F,Housing,Web,Northeast,0,2.0012,2023-01-22 09:45:00+00:00
731181,18-24,F,Housing,Tablet,Northeast,0,10.2912,2023-02-03 09:30:00+00:00
731186,18-24,F,Housing,Tablet,Northeast,0,5.5725,2023-01-19 18:19:00+00:00
731201,25-34,F,Housing,Web,Northeast,0,8.58,2023-01-15 02:02:00+00:00
731213,18-24,F,Housing,Tablet,Northeast,0,7.9275,2023-05-03 14:17:00+00:00
731216,18-24,F,Housing,Web,Northeast,0,4.2012,2023-01-22 09:11:00+00:00
731220,55+,F,Housing,Mobile,South,1,1.9775,2023-06-12 06:23:00+00:00
731224,35-44,F,Housing,Tablet,Midwest,0,14.14,2023-02-22 04:07:00+00:00
731238,55+,F,Housing,Tablet,South,0,7.8087,2023-05-28 15:12:00+00:00
731251,25-34,F,Housing,Tablet,Northeast,0,14.16,2023-04-04 21:21:00+00:00
731295,55+,F,Housing,Mobile,South,0,1.92,2023-06-06 00:48:00+00:00
731297,55+,F,Housing,Web,South,1,5.8438,2023-06-25 19:25:00+00:00
731301,25-34,F,Housing,Tablet,Northeast,0,10.9,2023-06-20 14:24:00+00:00
731308,18-24,F,Housing,Mobile,Northeast,1,14.34,2023-01-23 22:54:00+00:00
731320,35-44,F,Housing,Tablet,Midwest,0,11.38,2023-04-25 06:24:00+00:00
731335,55+,F,Housing,Web,South,0,9.86,2023-06-08 14:39:00+00:00
731346,55+,F,Housing,Tablet,South,0,11.9125,2023-05-31 18:12:00+00:00
731351,25-34,F,Housing,Mobile,Northeast,0,10.28,2023-04-10 15:39:00+00:00
731385,55+,F,Housing,Tablet,South,0,6.445,2023-02-26 20:33:00+00:00
731386,18-24,F,Housing,Tablet,Northeast,0,10.18,2023-01-15 02:02:00+00:00
731388,35-44,F,Housing,Tablet,Midwest,1,0.7188,2023-06-05 23:30:00+00:00
731389,55+,F,Housing,Mobile,South,0,15.16,2023-02-13 19:31:00+00:00
731400,18-24,F,Housing,Tablet,Northeast,1,10.9863,2023-03-11 21:44:00+00:00
731401,25-34,F,Housing,Tablet,Northeast,0,8.42,2023-01-07 06:52:00+00:00
731413,35-44,F,Housing,Web,Midwest,1,15.44,2023-02-07 13:13:00+00:00
731417,18-24,F,Housing,Web,Northeast,0,9.4938,2023-02-05 11:05:00+00:00
731428,35-44,F,Housing,Tablet,Midwest,0,15.34,2023-03-14 00:27:00+00:00
731447,18-24,F,Housing,Mobile,Northeast,0,12.2975,2023-06-28 22:08:00+00:00
731451,25-34,F,Housing,Tablet,Northeast,1,15.14,2023-04-13 18:23:00+00:00
731458,35-44,F,Housing,Tablet,Midwest,0,15.32,2023-02-01 07:47:00+00:00
731468,18-24,F,Housing,Web,Northeast,1,3.7725,2023-05-19 18:19:00+00:00
731472,35-44,F,Housing,Tablet,Midwest,0,11.405,2023-01-05 04:26:00+00:00
731483,18-24,F,Housing,Mobile,Northeast,0,12.5288,2023-01-24 23:54:00+00:00
731501,25-34,F,Housing,Mobile,Northeast,0,14.76,2023-05-04 15:09:00+00:00
731505,18-24,F,Housing,Mobile,Northeast,0,1.9538,2023-01-24 11:37:00+00:00
731509,35-44,F,Housing,Web,Midwest,0,11.68,2023-06-19 01:49:00+00:00
731537,35-44,F,Housing,Tablet,Midwest,0,7.785,2023-03-10 20:26:00+00:00
731548,55+,F,Housing,Web,South,0,15.04,2023-01-18 05:53:00+00:00
731551,25-34,F,Housing,Tablet,Northeast,0,13.48,2023-03-21 07:37:00+00:00
731562,35-44,F,Housing,Mobile,Midwest,0,3.7363,2023-05-30 05:55:00+00:00
731572,55+,F,Housing,Tablet,South,0,8.22,2023-04-07 00:05:00+00:00
731591,18-24,F,Housing,Mobile,Northeast,0,12.8438,2023-01-16 03:36:00+00:00
731601,25-34,F,Housing,Tablet,Northeast,0,13.96,2023-01-04 15:51:00+00:00
731609,55+,F,Housing,Web,South,1,1.5188,2023-02-05 23:13:00+00:00
731610,35-44,F,Housing,Web,Midwest,0,6.2962,2023-06-27 21:42:00+00:00
731620,55+,F,Housing,Mobile,South,0,13.9,2023-06-10 16:48:00+00:00
731625,55+,F,Housing,Tablet,South,0,5.2325,2023-06-16 10:58:00+00:00
731647,35-44,F,Housing,Web,Midwest,1,12.38,2023-02-14 20:40:00+00:00
731651,25-34,F,Housing,Web,Northeast,0,5.72,2023-02-01 07:55:00+00:00
731665,18-24,F,Housing,Tablet,Northeast,0,7.62,2023-03-28 02:38:00+00:00
731673,35-44,F,Housing,Web,Midwest,0,0.5475,2023-01-19 06:54:00+00:00
731676,18-24,F,Housing,Web,Northeast,0,0.84,2023-04-03 08:38:00+00:00
731683,55+,F,Housing,Tablet,South,0,11.04,2023-01-18 17:28:00+00:00
731701,25-34,F,Housing,Tablet,Northeast,0,6.18,2023-06-04 10:22:00+00:00
731724,55+,F,Housing,Mobile,South,0,9.1225,2023-06-28 10:59:00+00:00
731730,55+,F,Housing,Tablet,South,1,11.8387,2023-05-12 23:27:00+00:00
731737,55+,F,Housing,Web,South,0,6.52,2023-04-22 15:50:00+00:00
731751,25-34,F,Housing,Tablet,Northeast,1,9.56,2023-01-24 23:20:00+00:00
731779,35-44,F,Housing,Tablet,Midwest,0,5.62,2023-03-28 14:29:00+00:00
731783,35-44,F,Housing,Web,Midwest,0,8.2512,2023-02-11 17:23:00+00:00
731792,35-44,F,Housing,Mobile,Midwest,0,1.6075,2023-01-07 06:18:00+00:00
731801,25-34,F,Housing,Tablet,Northeast,0,11.96,2023-01-24 23:11:00+00:00
731811,35-44,F,Housing,Mobile,Midwest,1,2.12,2023-02-06 00:05:00+00:00
731823,35-44,F,Housing,Web,Midwest,1,1.3462,2023-04-28 21:16:00+00:00
731827,55+,F,Housing,Mobile,South,0,5.54,2023-05-03 14:26:00+00:00
731851,25-34,F,Housing,Tablet,Northeast,0,6.42,2023-01-27 14:12:00+00:00
731889,18-24,F,Housing,Mobile,Northeast,0,12.43,2023-01-25 00:12:00+00:00
731901,25-34,F,Housing,Tablet,Northeast,0,10.4,2023-06-15 21:49:00+00:00
731912,18-24,F,Housing,Web,Northeast,0,3.8662,2023-04-24 05:59:00+00:00
731915,35-44,F,Housing,Mobile,Midwest,0,6.865,2023-01-13 12:53:00+00:00
731919,35-44,F,Housing,Mobile,Midwest,1,2.6425,2023-06-04 10:47:00+00:00
731924,55+,F,Housing,Mobile,South,0,11.2112,2023-04-20 01:07:00+00:00
731930,18-24,F,Housing,Tablet,Northeast,0,4.8587,2023-03-09 07:18:00+00:00
731945,55+,F,Housing,Tablet,South,0,1.4062,2023-01-26 13:29:00+00:00
731946,35-44,F,Housing,Mobile,Midwest,0,9.8938,2023-04-06 11:13:00+00:00
731948,35-44,F,Housing,Mobile,Midwest,0,0.8037,2023-03-05 03:34:00+00:00
731951,25-34,F,Housing,Mobile,Northeast,0,8.68,2023-02-09 15:31:00+00:00
731968,55+,F,Housing,Web,South,0,11.0,2023-03-17 15:19:00+00:00
731984,35-44,F,Housing,Tablet,Midwest,0,6.535,2023-05-29 04:21:00+00:00
731986,18-24,F,Housing,Web,Northeast,0,14.46,2023-06-18 12:58:00+00:00
731997,55+,F,Housing,Web,South,1,1.2763,2023-06-11 05:40:00+00:00
731998,55+,F,Housing,Web,South,0,15.08,2023-02-09 15:57:00+00:00
732001,25-34,F,Housing,Tablet,Northeast,0,5.86,2023-04-29 10:25:00+00:00
732004,18-24,F,Housing,Tablet,Northeast,1,6.58,2023-03-16 14:02:00+00:00
732030,18-24,F,Housing,Tablet,Northeast,0,2.1812,2023-05-26 01:55:00+00:00
732051,25-34,F,Housing,Mobile,Northeast,0,6.16,2023-06-03 21:04:00+00:00
732052,35-44,F,Housing,Tablet,Midwest,0,7.82,2023-05-17 16:53:00+00:00
732054,18-24,F,Housing,Web,Northeast,0,11.1662,2023-05-14 13:19:00+00:00
732067,18-24,F,Housing,Tablet,Northeast,0,14.36,2023-01-04 03:43:00+00:00
732071,55+,F,Housing,Mobile,South,1,3.2662,2023-04-24 05:07:00+00:00
732072,55+,F,Housing,Tablet,South,0,3.1787,2023-05-24 23:11:00+00:00
732078,18-24,F,Housing,Tablet,Northeast,0,2.5463,2023-01-18 05:36:00+00:00
732091,18-24,F,Housing,Web,Northeast,1,11.02,2023-04-07 12:56:00+00:00
732101,25-34,F,Housing,Web,Northeast,0,9.06,2023-06-28 10:25:00+00:00
732104,55+,F,Housing,Tablet,South,0,1.72,2023-03-18 16:53:00+00:00
732107,18-24,F,Housing,Web,Northeast,0,5.0637,2023-02-21 03:07:00+00:00
732115,18-24,F,Housing,Web,Northeast,0,12.7,2023-06-10 16:31:00+00:00
732121,55+,F,Housing,Web,South,0,15.24,2023-06-17 11:15:00+00:00
732134,18-24,F,Housing,Mobile,Northeast,0,8.1363,2023-02-19 13:58:00+00:00
732143,55+,F,Housing,Web,South,0,4.2775,2023-05-23 22:03:00+00:00
732151,25-34,F,Housing,Tablet,Northeast,1,14.56,2023-04-24 17:50:00+00:00
732165,35-44,F,Housing,Tablet,Midwest,0,2.9225,2023-06-28 10:59:00+00:00
732173,35-44,F,Housing,Web,Midwest,0,6.9575,2023-03-08 06:35:00+00:00
732181,18-24,F,Housing,Tablet,Northeast,0,11.42,2023-06-26 20:08:00+00:00
732190,35-44,F,Housing,Mobile,Midwest,0,9.16,2023-03-05 15:26:00+00:00
732201,25-34,F,Housing,Tablet,Northeast,1,14.92,2023-05-12 23:27:00+00:00
732214,35-44,F,Housing,Mobile,Midwest,0,10.84,2023-02-17 23:06:00+00:00
732221,18-24,F,Housing,Mobile,Northeast,0,3.8613,2023-01-30 17:55:00+00:00
732246,55+,F,Housing,Mobile,South,0,10.4213,2023-04-08 01:56:00+00:00
732247,55+,F,Housing,Web,South,0,12.62,2023-01-17 16:36:00+00:00
732251,25-34,F,Housing,Web,Northeast,0,8.7,2023-04-11 04:22:00+00:00
732257,35-44,F,Housing,Web,Midwest,0,5.255,2023-05-05 04:09:00+00:00
732274,55+,F,Housing,Mobile,South,0,9.28,2023-01-30 17:29:00+00:00
732279,55+,F,Housing,Web,South,1,2.9737,2023-06-09 03:31:00+00:00
732288,18-24,F,Housing,Mobile,Northeast,0,4.9325,2023-01-07 18:43:00+00:00
732291,18-24,F,Housing,Mobile,Northeast,0,11.46,2023-01-09 08:35:00+00:00
732301,25-34,F,Housing,Tablet,Northeast,1,13.52,2023-05-22 21:28:00+00:00
732303,55+,F,Housing,Web,South,0,1.505,2023-06-14 20:32:00+00:00
732310,35-44,F,Housing,Mobile,Midwest,0,7.72,2023-05-12 11:18:00+00:00
732317,55+,F,Housing,Mobile,South,1,10.5475,2023-06-28 22:16:00+00:00
732328,55+,F,Housing,Tablet,South,0,12.94,2023-02-02 08:21:00+00:00
732340,55+,F,Housing,Mobile,South,1,6.94,2023-06-02 08:56:00+00:00
732341,18-24,F,Housing,Mobile,Northeast,0,3.0812,2023-02-15 09:40:00+00:00
732351,25-34,F,Housing,Mobile,Northeast,1,12.36,2023-01-24 11:20:00+00:00
732364,55+,F,Housing,Web,South,0,7.96,2023-01-24 11:54:00+00:00
732366,18-24,F,Housing,Web,Northeast,0,11.7487,2023-03-01 23:42:00+00:00
732378,18-24,F,Housing,Web,Northeast,0,8.165,2023-04-23 04:33:00+00:00
732386,55+,F,Housing,Tablet,South,0,1.9988,2023-03-21 07:54:00+00:00
732389,35-44,F,Housing,Tablet,Midwest,0,7.0388,2023-03-13 23:01:00+00:00
732394,18-24,F,Housing,Tablet,Northeast,1,11.6,2023-03-27 01:20:00+00:00
732401,25-34,F,Housing,Tablet,Northeast,1,12.22,2023-02-26 08:50:00+00:00
732420,18-24,F,Housing,Tablet,Northeast,0,7.07,2023-04-27 08:59:00+00:00
732438,55+,F,Housing,Mobile,South,0,5.94,2023-03-14 00:53:00+00:00
732442,18-24,F,Housing,Web,Northeast,0,9.4,2023-06-05 23:47:00+00:00
732443,55+,F,Housing,Web,South,0,1.66,2023-03-30 16:46:00+00:00
732447,35-44,F,Housing,Web,Midwest,1,9.6925,2023-04-05 10:56:00+00:00
732451,25-34,F,Housing,Mobile,Northeast,0,11.22,2023-04-17 10:58:00+00:00
732455,18-24,F,Housing,Mobile,Northeast,0,5.4313,2023-02-15 09:15:00+00:00
732470,35-44,F,Housing,Tablet,Midwest,0,11.2762,2023-01-22 21:11:00+00:00
732480,35-44,F,Housing,Web,Midwest,0,8.575,2023-01-21 20:11:00+00:00
732501,25-34,F,Housing,Mobile,Northeast,0,9.02,2023-04-07 00:39:00+00:00
732503,35-44,F,Housing,Mobile,Midwest,0,4.02,2023-05-17 16:36:00+00:00
732551,25-34,F,Housing,Tablet,Northeast,0,9.12,2023-02-11 17:31:00+00:00
732575,18-24,F,Housing,Web,Northeast,1,5.5675,2023-01-15 14:19:00+00:00
732596,35-44,F,Housing,Mobile,Midwest,1,12.1275,2023-01-03 14:43:00+00:00
732597,55+,F,Housing,Mobile,South,0,1.5288,2023-03-25 23:46:00+00:00
732601,25-34,F,Housing,Web,Northeast,0,11.6,2023-05-26 01:29:00+00:00
732623,35-44,F,Housing,Tablet,Midwest,0,10.565,2023-06-02 20:04:00+00:00
732624,55+,F,Housing,Web,South,0,7.2763,2023-01-22 21:28:00+00:00
732629,18-24,F,Housing,Tablet,Northeast,0,12.4787,2023-03-25 23:11:00+00:00
732635,55+,F,Housing,Web,South,0,4.19,2023-04-03 08:38:00+00:00
732651,25-34,F,Housing,Mobile,Northeast,0,14.08,2023-05-30 17:04:00+00:00
732657,55+,F,Housing,Web,South,0,7.0175,2023-04-05 22:13:00+00:00
732658,18-24,F,Housing,Web,Northeast,0,7.56,2023-02-13 19:14:00+00:00
732676,18-24,F,Housing,Tablet,Northeast,1,13.24,2023-02-17 23:41:00+00:00
732690,35-44,F,Housing,Mobile,Midwest,0,4.9275,2023-01-23 22:20:00+00:00
732695,35-44,F,Housing,Tablet,Midwest,0,8.9838,2023-03-29 03:46:00+00:00
732701,25-34,F,Housing,Tablet,Northeast,0,11.6,2023-01-26 13:55:00+00:00
732714,55+,F,Housing,Mobile,South,0,6.1262,2023-05-02 13:00:00+00:00
732733,35-44,F,Housing,Mobile,Midwest,0,6.2,2023-02-05 23:05:00+00:00
732735,55+,F,Housing,Tablet,South,0,4.8487,2023-01-20 07:02:00+00:00
732750,55+,F,Housing,Mobile,South,0,9.235,2023-01-09 20:26:00+00:00
732751,25-34,F,Housing,Mobile,Northeast,1,7.34,2023-04-23 16:07:00+00:00
732756,18-24,F,Housing,Tablet,Northeast,0,4.9138,2023-06-01 19:47:00+00:00
732771,35-44,F,Housing,Web,Midwest,1,11.1587,2023-03-29 15:55:00+00:00
732791,55+,F,Housing,Tablet,South,0,5.4112,2023-02-19 01:07:00+00:00
732801,25-34,F,Housing,Tablet,Northeast,1,13.18,2023-03-26 00:54:00+00:00
732804,18-24,F,Housing,Web,Northeast,1,11.395,2023-03-18 04:19:00+00:00
732808,55+,F,Housing,Mobile,South,0,8.26,2023-06-28 22:59:00+00:00
732809,55+,F,Housing,Tablet,South,0,9.9688,2023-05-16 15:45:00+00:00
732821,55+,F,Housing,Tablet,South,0,8.4588,2023-04-18 23:32:00+00:00
732835,55+,F,Housing,Tablet,South,0,14.58,2023-03-16 14:10:00+00:00
732850,55+,F,Housing,Mobile,South,0,12.44,2023-03-09 19:35:00+00:00
732851,25-34,F,Housing,Mobile,Northeast,0,9.82,2023-02-26 20:16:00+00:00
732855,55+,F,Housing,Mobile,South,0,6.9413,2023-05-14 01:01:00+00:00
732856,35-44,F,Housing,Web,Midwest,0,14.94,2023-04-23 16:58:00+00:00
732878,18-24,F,Housing,Tablet,Northeast,0,1.7275,2023-05-23 22:46:00+00:00
732880,18-24,F,Housing,Web,Northeast,0,11.26,2023-03-10 20:52:00+00:00
732894,55+,F,Housing,Web,South,0,0.5537,2023-04-14 19:14:00+00:00
732901,25-34,F,Housing,Web,Northeast,0,10.76,2023-06-13 07:57:00+00:00
732909,55+,F,Housing,Web,South,0,9.2188,2023-02-05 23:30:00+00:00
732918,18-24,F,Housing,Web,Northeast,0,1.4737,2023-06-29 11:08:00+00:00
732928,35-44,F,Housing,Mobile,Midwest,0,8.04,2023-02-17 11:49:00+00:00
732932,18-24,F,Housing,Mobile,Northeast,0,6.9713,2023-06-27 09:33:00+00:00
732951,25-34,F,Housing,Mobile,Northeast,0,15.16,2023-02-13 19:31:00+00:00
732953,35-44,F,Housing,Web,Midwest,0,7.5475,2023-04-29 22:59:00+00:00
732955,35-44,F,Housing,Mobile,Midwest,0,11.8,2023-05-16 03:27:00+00:00
732956,55+,F,Housing,Web,South,0,7.6825,2023-02-16 10:58:00+00:00
732966,55+,F,Housing,Tablet,South,1,5.3412,2023-05-14 01:19:00+00:00
732970,55+,F,Housing,Mobile,South,0,15.4,2023-03-17 03:19:00+00:00
732992,18-24,F,Housing,Tablet,Northeast,1,12.6925,2023-02-24 18:33:00+00:00
732994,18-24,F,Housing,Web,Northeast,1,12.62,2023-05-17 04:02:00+00:00
733001,25-34,F,Housing,Web,Northeast,1,14.1,2023-01-31 18:38:00+00:00
733010,18-24,F,Housing,Web,Northeast,0,4.7787,2023-05-24 23:20:00+00:00
733011,55+,F,Housing,Tablet,South,0,2.2788,2023-05-24 23:20:00+00:00
733012,18-24,F,Housing,Mobile,Northeast,0,13.54,2023-06-12 06:40:00+00:00
733051,25-34,F,Housing,Mobile,Northeast,1,8.34,2023-01-23 22:37:00+00:00
733054,35-44,F,Housing,Web,Midwest,1,13.02,2023-06-06 00:22:00+00:00
733074,18-24,F,Housing,Tablet,Northeast,0,1.96,2023-04-19 00:41:00+00:00
733082,18-24,F,Housing,Tablet,Northeast,0,4.4938,2023-04-06 11:30:00+00:00
733097,55+,F,Housing,Mobile,South,0,0.9238,2023-04-30 11:42:00+00:00
733101,25-34,F,Housing,Web,Northeast,0,10.16,2023-02-03 09:56:00+00:00
733140,55+,F,Housing,Tablet,South,0,9.9225,2023-04-29 10:34:00+00:00
733148,55+,F,Housing,Mobile,South,0,2.41,2023-01-09 08:52:00+00:00
733151,25-34,F,Housing,Mobile,Northeast,0,8.14,2023-02-02 20:56:00+00:00
733175,18-24,F,Housing,Tablet,Northeast,0,2.3213,2023-06-07 01:31:00+00:00
733177,18-24,F,Housing,Tablet,Northeast,1,10.58,2023-05-15 14:19:00+00:00
733192,35-44,F,Housing,Tablet,Midwest,1,14.02,2023-01-07 06:09:00+00:00
733195,18-24,F,Housing,Web,Northeast,0,13.28,2023-03-31 17:55:00+00:00
733201,25-34,F,Housing,Tablet,Northeast,0,13.42,2023-02-26 08:25:00+00:00
733205,35-44,F,Housing,Tablet,Midwest,0,11.8187,2023-06-25 07:33:00+00:00
733229,35-44,F,Housing,Tablet,Midwest,1,12.5563,2023-02-15 21:15:00+00:00
733236,35-44,F,Housing,Tablet,Midwest,0,9.0787,2023-01-04 15:26:00+00:00
733245,18-24,F,Housing,Mobile,Northeast,0,11.93,2023-05-25 00:03:00+00:00
733251,25-34,F,Housing,Web,Northeast,0,9.56,2023-03-05 15:34:00+00:00
733263,18-24,F,Housing,Web,Northeast,0,4.8987,2023-06-09 15:05:00+00:00
733265,35-44,F,Housing,Web,Midwest,0,3.9512,2023-01-02 01:43:00+00:00
733270,55+,F,Housing,Tablet,South,0,14.94,2023-06-02 08:38:00+00:00
733281,35-44,F,Housing,Tablet,Midwest,0,10.6675,2023-03-16 14:44:00+00:00
733284,55+,F,Housing,Web,South,0,9.0288,2023-05-24 23:54:00+00:00
733288,35-44,F,Housing,Tablet,Midwest,0,7.66,2023-02-18 00:06:00+00:00
733296,18-24,F,Housing,Tablet,Northeast,0,6.2975,2023-04-09 14:14:00+00:00
733301,25-34,F,Housing,Web,Northeast,0,14.88,2023-01-30 05:29:00+00:00
733304,55+,F,Housing,Mobile,South,0,11.5062,2023-01-06 05:17:00+00:00
733317,18-24,F,Housing,Mobile,Northeast,0,1.03,2023-05-05 16:52:00+00:00
733322,35-44,F,Housing,Tablet,Midwest,0,12.3925,2023-03-16 02:02:00+00:00
733323,55+,F,Housing,Mobile,South,0,7.8625,2023-04-01 18:47:00+00:00
733326,55+,F,Housing,Mobile,South,0,5.2075,2023-06-16 22:40:00+00:00
733351,25-34,F,Housing,Web,Northeast,0,7.68,2023-05-10 21:35:00+00:00
733352,55+,F,Housing,Mobile,South,1,3.205,2023-03-26 12:29:00+00:00
733355,55+,F,Housing,Web,South,0,6.9625,2023-01-31 18:21:00+00:00
733369,35-44,F,Housing,Tablet,Midwest,0,10.96,2023-06-23 05:24:00+00:00
733392,18-24,F,Housing,Web,Northeast,0,6.7325,2023-02-16 10:15:00+00:00
733401,25-34,F,Housing,Web,Northeast,0,11.18,2023-05-05 16:09:00+00:00
733422,55+,F,Housing,Tablet,South,0,2.0675,2023-04-25 06:33:00+00:00
733430,18-24,F,Housing,Web,Northeast,0,2.1037,2023-01-24 11:11:00+00:00
733431,55+,F,Housing,Tablet,South,1,11.7575,2023-05-07 06:52:00+00:00
733432,55+,F,Housing,Tablet,South,0,7.12,2023-06-11 05:31:00+00:00
733436,18-24,F,Housing,Tablet,Northeast,0,7.7075,2023-01-27 14:38:00+00:00
733440,35-44,F,Housing,Tablet,Midwest,0,11.9388,2023-01-12 23:10:00+00:00
733451,25-34,F,Housing,Web,Northeast,0,13.38,2023-02-04 22:47:00+00:00
733462,35-44,F,Housing,Web,Midwest,0,11.94,2023-05-23 10:37:00+00:00
733473,35-44,F,Housing,Mobile,Midwest,0,8.9012,2023-02-11 17:05:00+00:00
733476,55+,F,Housing,Tablet,South,1,5.9875,2023-01-31 06:38:00+00:00
733477,18-24,F,Housing,Mobile,Northeast,0,8.5,2023-01-11 22:18:00+00:00
733497,55+,F,Housing,Web,South,0,1.265,2023-05-13 12:27:00+00:00
733501,25-34,F,Housing,Tablet,Northeast,0,11.16,2023-01-24 23:46:00+00:00
733506,18-24,F,Housing,Tablet,Northeast,0,6.0163,2023-04-04 21:56:00+00:00
733520,35-44,F,Housing,Mobile,Midwest,0,5.445,2023-06-26 20:25:00+00:00
733522,18-24,F,Housing,Tablet,Northeast,0,14.0,2023-01-26 01:55:00+00:00
733526,55+,F,Housing,Mobile,South,0,3.5112,2023-04-20 01:41:00+00:00
733528,55+,F,Housing,Web,South,0,7.18,2023-06-14 20:32:00+00:00
733551,25-34,F,Housing,Web,Northeast,0,8.9,2023-06-20 14:32:00+00:00
733561,35-44,F,Housing,Web,Midwest,0,13.26,2023-05-29 04:12:00+00:00
733566,55+,F,Housing,Tablet,South,1,7.6463,2023-04-08 13:31:00+00:00
733570,18-24,F,Housing,Tablet,Northeast,0,7.8,2023-03-17 15:53:00+00:00
733591,55+,F,Housing,Tablet,South,1,10.0,2023-04-16 21:57:00+00:00
733601,25-34,F,Housing,Tablet,Northeast,0,9.98,2023-06-14 08:23:00+00:00
733605,55+,F,Housing,Web,South,0,4.1113,2023-05-10 09:01:00+00:00
733609,55+,F,Housing,Mobile,South,1,11.46,2023-04-29 10:34:00+00:00
733612,35-44,F,Housing,Web,Midwest,0,5.52,2023-04-12 17:48:00+00:00
733613,55+,F,Housing,Tablet,South,0,8.9712,2023-06-07 01:48:00+00:00
733651,25-34,F,Housing,Web,Northeast,0,5.88,2023-02-09 15:05:00+00:00
733661,18-24,F,Housing,Web,Northeast,0,5.9787,2023-03-05 15:00:00+00:00
733683,18-24,F,Housing,Web,Northeast,0,7.5388,2023-02-01 07:55:00+00:00
733692,18-24,F,Housing,Web,Northeast,0,10.21,2023-04-19 00:58:00+00:00
733693,55+,F,Housing,Mobile,South,0,6.86,2023-01-29 04:04:00+00:00
733696,18-24,F,Housing,Web,Northeast,0,8.46,2023-03-30 16:38:00+00:00
733701,25-34,F,Housing,Tablet,Northeast,0,12.24,2023-04-28 21:08:00+00:00
733717,55+,F,Housing,Web,South,1,13.22,2023-05-27 14:12:00+00:00
733718,18-24,F,Housing,Mobile,Northeast,0,5.7337,2023-01-08 19:09:00+00:00
733723,18-24,F,Housing,Mobile,Northeast,0,13.68,2023-05-30 05:38:00+00:00
733731,35-44,F,Housing,Web,Midwest,0,7.9025,2023-05-23 10:54:00+00:00
733732,18-24,F,Housing,Web,Northeast,0,10.6,2023-04-26 07:16:00+00:00
733749,35-44,F,Housing,Mobile,Midwest,0,4.0962,2023-06-07 13:31:00+00:00
733751,25-34,F,Housing,Tablet,Northeast,1,14.7,2023-03-22 20:45:00+00:00
733753,18-24,F,Housing,Mobile,Northeast,1,10.18,2023-03-16 02:53:00+00:00
733772,18-24,F,Housing,Web,Northeast,0,6.03,2023-01-25 00:03:00+00:00
733796,35-44,F,Housing,Tablet,Midwest,0,9.0288,2023-05-04 15:26:00+00:00
733801,25-34,F,Housing,Mobile,Northeast,0,12.38,2023-05-05 16:52:00+00:00
733802,55+,F,Housing,Tablet,South,0,3.6325,2023-01-07 18:52:00+00:00
733813,35-44,F,Housing,Mobile,Midwest,0,12.7,2023-01-21 20:45:00+00:00
733816,18-24,F,Housing,Web,Northeast,0,7.12,2023-05-22 21:45:00+00:00
733821,18-24,F,Housing,Web,Northeast,0,10.885,2023-05-29 04:29:00+00:00
733829,55+,F,Housing,Web,South,0,11.3825,2023-01-27 02:03:00+00:00
733848,18-24,F,Housing,Tablet,Northeast,0,9.1212,2023-04-28 09:08:00+00:00
733851,25-34,F,Housing,Mobile,Northeast,0,15.34,2023-03-14 12:36:00+00:00
733852,55+,F,Housing,Web,South,0,14.44,2023-03-29 15:29:00+00:00
733880,18-24,F,Housing,Web,Northeast,0,8.9563,2023-05-26 13:55:00+00:00
733896,35-44,F,Housing,Web,Midwest,0,9.2212,2023-06-07 01:22:00+00:00
733901,25-34,F,Housing,Mobile,Northeast,1,14.06,2023-01-29 04:04:00+00:00
733913,18-24,F,Housing,Web,Northeast,0,4.205,2023-02-14 20:40:00+00:00
733922,18-24,F,Housing,Mobile,Northeast,0,1.0663,2023-03-15 13:27:00+00:00
733931,35-44,F,Housing,Web,Midwest,0,11.5725,2023-04-09 02:14:00+00:00
733932,35-44,F,Housing,Mobile,Midwest,0,4.725,2023-06-10 04:14:00+00:00
733939,18-24,F,Housing,Mobile,Northeast,0,15.42,2023-02-26 20:25:00+00:00
733951,25-34,F,Housing,Web,Northeast,0,9.56,2023-02-13 19:31:00+00:00
733959,18-24,F,Housing,Tablet,Northeast,1,12.5775,2023-03-04 14:08:00+00:00
733961,55+,F,Housing,Tablet,South,0,4.9713,2023-06-27 09:42:00+00:00
733977,35-44,F,Housing,Web,Midwest,1,10.9637,2023-02-21 03:15:00+00:00
733982,18-24,F,Housing,Tablet,Northeast,0,9.6163,2023-04-04 21:04:00+00:00
733984,18-24,F,Housing,Tablet,Northeast,1,15.12,2023-05-22 09:03:00+00:00
733999,18-24,F,Housing,Web,Northeast,0,14.12,2023-04-02 07:55:00+00:00
734001,25-34,F,Housing,Tablet,Northeast,1,10.52,2023-06-01 19:30:00+00:00
734006,18-24,F,Housing,Tablet,Northeast,0,7.9638,2023-06-01 19:21:00+00:00
734027,18-24,F,Housing,Tablet,Northeast,0,10.845,2023-02-26 20:59:00+00:00
734031,18-24,F,Housing,Tablet,Northeast,0,1.8037,2023-02-13 19:49:00+00:00
734043,18-24,F,Housing,Mobile,Northeast,0,11.0813,2023-05-26 01:03:00+00:00
734051,25-34,F,Housing,Web,Northeast,1,7.72,2023-04-22 15:41:00+00:00
734064,55+,F,Housing,Mobile,South,0,8.8187,2023-03-17 15:53:00+00:00
734065,55+,F,Housing,Web,South,0,15.48,2023-02-09 03:31:00+00:00
734098,18-24,F,Housing,Web,Northeast,0,10.58,2023-04-05 22:47:00+00:00
734101,25-34,F,Housing,Mobile,Northeast,0,12.56,2023-06-23 17:16:00+00:00
734102,55+,F,Housing,Mobile,South,0,2.63,2023-01-05 16:09:00+00:00
734125,35-44,F,Housing,Mobile,Midwest,0,13.36,2023-04-04 21:21:00+00:00
734129,55+,F,Housing,Tablet,South,1,7.9212,2023-02-07 01:39:00+00:00
734135,18-24,F,Housing,Web,Northeast,1,9.9262,2023-01-02 13:25:00+00:00
734140,35-44,F,Housing,Mobile,Midwest,0,10.84,2023-05-28 15:29:00+00:00
734145,55+,F,Housing,Web,South,1,7.5775,2023-01-23 22:46:00+00:00
734151,25-34,F,Housing,Tablet,Northeast,0,14.3,2023-02-10 16:31:00+00:00
734153,18-24,F,Housing,Tablet,Northeast,1,1.565,2023-06-22 04:24:00+00:00
734154,35-44,F,Housing,Tablet,Midwest,0,3.2588,2023-05-28 15:46:00+00:00
734161,55+,F,Housing,Web,South,0,13.82,2023-02-06 12:48:00+00:00
734189,35-44,F,Housing,Web,Midwest,0,9.6113,2023-05-10 09:09:00+00:00
734201,25-34,F,Housing,Web,Northeast,0,12.04,2023-01-28 03:38:00+00:00
734231,18-24,F,Housing,Mobile,Northeast,0,1.7925,2023-06-04 10:39:00+00:00
734238,18-24,F,Housing,Mobile,Northeast,0,7.7175,2023-02-04 22:04:00+00:00
734251,25-34,F,Housing,Mobile,Northeast,1,8.94,2023-03-14 12:44:00+00:00
734253,35-44,F,Housing,Tablet,Midwest,0,6.585,2023-03-10 20:44:00+00:00
734266,18-24,F,Housing,Web,Northeast,0,9.32,2023-01-12 23:10:00+00:00
734290,55+,F,Housing,Mobile,South,1,6.24,2023-01-18 05:11:00+00:00
734301,25-34,F,Housing,Web,Northeast,0,9.92,2023-03-23 09:03:00+00:00
734302,35-44,F,Housing,Web,Midwest,1,7.68,2023-05-10 21:52:00+00:00
734321,55+,F,Housing,Web,South,1,8.56,2023-06-18 00:06:00+00:00
734322,55+,F,Housing,Tablet,South,1,6.8325,2023-04-17 10:23:00+00:00
734326,18-24,F,Housing,Web,Northeast,0,5.76,2023-04-04 21:47:00+00:00
734336,35-44,F,Housing,Web,Midwest,0,2.5875,2023-03-12 22:10:00+00:00
734348,35-44,F,Housing,Mobile,Midwest,0,6.735,2023-04-19 12:06:00+00:00
734349,18-24,F,Housing,Web,Northeast,0,4.4,2023-03-22 08:54:00+00:00
734351,25-34,F,Housing,Mobile,Northeast,0,8.0,2023-06-15 21:23:00+00:00
734355,55+,F,Housing,Tablet,South,0,10.1062,2023-04-16 21:23:00+00:00
734387,55+,F,Housing,Web,South,0,2.2663,2023-04-24 05:33:00+00:00
734396,18-24,F,Housing,Web,Northeast,1,9.8625,2023-02-20 02:41:00+00:00
734401,25-34,F,Housing,Web,Northeast,0,15.4,2023-04-26 07:33:00+00:00
734412,18-24,F,Housing,Tablet,Northeast,0,2.4387,2023-03-13 23:53:00+00:00
734445,35-44,F,Housing,Web,Midwest,0,9.115,2023-01-13 12:10:00+00:00
734449,18-24,F,Housing,Mobile,Northeast,0,13.28,2023-05-30 05:29:00+00:00
734451,25-34,F,Housing,Mobile,Northeast,0,12.62,2023-05-17 04:36:00+00:00
734466,18-24,F,Housing,Mobile,Northeast,1,11.0388,2023-04-22 15:58:00+00:00
734477,35-44,F,Housing,Web,Midwest,0,6.505,2023-03-26 12:46:00+00:00
734485,55+,F,Housing,Web,South,0,6.16,2023-06-03 09:30:00+00:00
734501,25-34,F,Housing,Tablet,Northeast,0,6.78,2023-04-15 08:14:00+00:00
734520,18-24,F,Housing,Tablet,Northeast,1,0.5288,2023-03-25 23:11:00+00:00
734526,55+,F,Housing,Mobile,South,0,7.93,2023-01-25 00:46:00+00:00
734542,18-24,F,Housing,Mobile,Northeast,0,11.3,2023-01-11 10:10:00+00:00
734546,55+,F,Housing,Web,South,0,3.9475,2023-06-28 22:42:00+00:00
734551,25-34,F,Housing,Web,Northeast,0,6.7,2023-03-22 08:02:00+00:00
734562,35-44,F,Housing,Web,Midwest,0,5.7787,2023-04-14 07:49:00+00:00
734563,35-44,F,Housing,Mobile,Midwest,1,14.14,2023-04-03 08:21:00+00:00
734568,35-44,F,Housing,Mobile,Midwest,0,2.2188,2023-06-05 23:56:00+00:00
734573,35-44,F,Housing,Mobile,Midwest,0,2.7325,2023-01-27 02:12:00+00:00
734575,35-44,F,Housing,Mobile,Midwest,0,13.18,2023-02-14 20:49:00+00:00
734601,25-34,F,Housing,Tablet,Northeast,0,5.58,2023-04-15 20:57:00+00:00
734603,35-44,F,Housing,Tablet,Midwest,1,8.6937,2023-01-16 03:02:00+00:00
734616,35-44,F,Housing,Tablet,Midwest,0,10.0825,2023-01-07 18:35:00+00:00
734618,35-44,F,Housing,Web,Midwest,0,2.8163,2023-05-14 13:36:00+00:00
734628,18-24,F,Housing,Mobile,Northeast,0,3.6725,2023-02-08 02:48:00+00:00
734650,55+,F,Housing,Mobile,South,0,5.76,2023-05-14 13:10:00+00:00
734651,25-34,F,Housing,Web,Northeast,0,6.32,2023-02-11 05:14:00+00:00
734652,18-24,F,Housing,Mobile,Northeast,0,7.2,2023-01-21 08:54:00+00:00
734679,55+,F,Housing,Mobile,South,0,4.6437,2023-04-06 11:47:00+00:00
734681,18-24,F,Housing,Web,Northeast,0,11.7487,2023-05-20 07:37:00+00:00
734689,18-24,F,Housing,Web,Northeast,0,6.42,2023-01-07 18:43:00+00:00
734691,35-44,F,Housing,Web,Midwest,1,4.2188,2023-04-06 23:30:00+00:00
734701,25-34,F,Housing,Tablet,Northeast,1,8.1,2023-05-11 22:44:00+00:00
734709,18-24,F,Housing,Mobile,Northeast,0,12.3987,2023-04-30 23:25:00+00:00
734723,35-44,F,Housing,Mobile,Midwest,0,4.8712,2023-02-07 01:56:00+00:00
734725,35-44,F,Housing,Mobile,Midwest,0,14.58,2023-05-15 02:44:00+00:00
734726,55+,F,Housing,Web,South,1,11.4288,2023-03-25 23:46:00+00:00
734728,55+,F,Housing,Tablet,South,0,14.14,2023-05-13 00:18:00+00:00
734734,55+,F,Housing,Mobile,South,0,8.6,2023-02-25 07:16:00+00:00
734744,35-44,F,Housing,Tablet,Midwest,0,6.3388,2023-04-02 07:21:00+00:00
734751,25-34,F,Housing,Mobile,Northeast,0,12.56,2023-05-14 13:27:00+00:00
734776,35-44,F,Housing,Web,Midwest,0,9.92,2023-03-03 13:51:00+00:00
734778,18-24,F,Housing,Mobile,Northeast,0,2.3875,2023-01-11 22:18:00+00:00
734800,55+,F,Housing,Web,South,1,11.22,2023-05-27 14:38:00+00:00
734801,25-34,F,Housing,Tablet,Northeast,1,11.4,2023-02-25 19:33:00+00:00
734819,18-24,F,Housing,Mobile,Northeast,0,0.9763,2023-02-11 05:23:00+00:00
734849,35-44,F,Housing,Web,Midwest,0,11.4875,2023-04-21 14:24:00+00:00
734851,25-34,F,Housing,Tablet,Northeast,0,7.9,2023-01-01 12:08:00+00:00
734887,18-24,F,Housing,Tablet,Northeast,1,10.24,2023-02-07 01:05:00+00:00
734888,35-44,F,Housing,Web,Midwest,0,6.63,2023-02-14 08:40:00+00:00
734901,25-34,F,Housing,Tablet,Northeast,0,6.2,2023-04-26 07:25:00+00:00
734904,18-24,F,Housing,Mobile,Northeast,0,0.8513,2023-01-22 09:28:00+00:00
734912,35-44,F,Housing,Web,Midwest,1,2.2325,2023-04-17 10:23:00+00:00
734919,18-24,F,Housing,Tablet,Northeast,0,9.075,2023-01-21 20:11:00+00:00
734923,55+,F,Housing,Tablet,South,1,11.82,2023-02-26 08:16:00+00:00
734927,35-44,F,Housing,Tablet,Midwest,1,4.6638,2023-01-12 11:01:00+00:00
734945,18-24,F,Housing,Web,Northeast,0,6.645,2023-06-26 20:16:00+00:00
734951,25-34,F,Housing,Mobile,Northeast,1,7.3,2023-01-31 18:04:00+00:00
734964,18-24,F,Housing,Mobile,Northeast,1,1.1713,2023-03-19 17:53:00+00:00
734973,35-44,F,Housing,Mobile,Midwest,0,9.4938,2023-02-05 11:30:00+00:00
734979,18-24,F,Housing,Mobile,Northeast,0,0.9812,2023-06-15 09:32:00+00:00
734991,35-44,F,Housing,Web,Midwest,1,1.4725,2023-04-09 02:56:00+00:00
734995,55+,F,Housing,Tablet,South,0,7.2,2023-01-26 13:37:00+00:00
735001,25-34,F,Housing,Tablet,Northeast,1,5.5,2023-04-11 16:22:00+00:00
735013,35-44,F,Housing,Tablet,Midwest,0,9.46,2023-04-09 14:56:00+00:00
735016,35-44,F,Housing,Tablet,Midwest,0,14.28,2023-05-20 19:19:00+00:00
735022,18-24,F,Housing,Tablet,Northeast,0,10.5,2023-05-31 06:55:00+00:00
735025,18-24,F,Housing,Web,Northeast,0,8.18,2023-06-04 10:39:00+00:00
735028,55+,F,Housing,Mobile,South,0,7.82,2023-04-07 12:30:00+00:00
735030,55+,F,Housing,Web,South,1,11.3187,2023-02-05 23:05:00+00:00
735033,18-24,F,Housing,Tablet,Northeast,1,5.2425,2023-06-24 18:24:00+00:00
735034,35-44,F,Housing,Web,Midwest,1,13.78,2023-04-25 18:50:00+00:00
735036,18-24,F,Housing,Mobile,Northeast,0,10.525,2023-03-02 12:00:00+00:00
735041,35-44,F,Housing,Tablet,Midwest,0,6.2763,2023-04-12 05:48:00+00:00
735044,18-24,F,Housing,Web,Northeast,0,4.3775,2023-01-23 22:46:00+00:00
735050,18-24,F,Housing,Mobile,Northeast,0,5.6437,2023-03-17 03:27:00+00:00
735051,25-34,F,Housing,Web,Northeast,0,8.3,2023-03-02 12:17:00+00:00
735069,18-24,F,Housing,Tablet,Northeast,0,11.665,2023-04-23 04:58:00+00:00
735073,55+,F,Housing,Web,South,0,11.1,2023-01-01 00:17:00+00:00
735101,25-34,F,Housing,Web,Northeast,1,11.0,2023-01-16 03:36:00+00:00
735107,18-24,F,Housing,Tablet,Northeast,0,7.985,2023-02-18 12:24:00+00:00
735108,35-44,F,Housing,Mobile,Midwest,1,9.8425,2023-04-05 10:39:00+00:00
735115,18-24,F,Housing,Tablet,Northeast,0,10.78,2023-01-05 04:17:00+00:00
735128,55+,F,Housing,Web,South,0,4.0612,2023-03-31 17:04:00+00:00
735146,35-44,F,Housing,Mobile,Midwest,0,1.4725,2023-06-28 10:42:00+00:00
735151,25-34,F,Housing,Mobile,Northeast,1,6.9,2023-01-11 10:18:00+00:00
735165,55+,F,Housing,Tablet,South,0,4.77,2023-02-26 08:59:00+00:00
735167,35-44,F,Housing,Mobile,Midwest,0,10.3163,2023-05-14 13:36:00+00:00
735168,18-24,F,Housing,Mobile,Northeast,1,2.2225,2023-06-28 10:34:00+00:00
735172,18-24,F,Housing,Mobile,Northeast,1,9.5,2023-04-11 04:57:00+00:00
735175,35-44,F,Housing,Web,Midwest,0,5.98,2023-01-05 16:43:00+00:00
735180,35-44,F,Housing,Tablet,Midwest,0,11.79,2023-06-02 08:38:00+00:00
735185,35-44,F,Housing,Tablet,Midwest,0,10.895,2023-06-06 12:56:00+00:00
735194,35-44,F,Housing,Web,Midwest,0,4.94,2023-02-22 16:24:00+00:00
735196,55+,F,Housing,Tablet,South,1,12.84,2023-01-08 07:52:00+00:00
735201,25-34,F,Housing,Web,Northeast,0,13.98,2023-03-06 04:00:00+00:00
735209,18-24,F,Housing,Tablet,Northeast,0,8.835,2023-03-10 20:52:00+00:00
735251,25-34,F,Housing,Web,Northeast,0,5.84,2023-06-07 13:48:00+00:00
735284,18-24,F,Housing,Tablet,Northeast,0,10.2662,2023-05-14 13:44:00+00:00
735285,35-44,F,Housing,Web,Midwest,0,7.915,2023-04-23 04:33:00+00:00
735288,35-44,F,Housing,Web,Midwest,1,2.4575,2023-01-07 06:26:00+00:00
735301,25-34,F,Housing,Mobile,Northeast,1,6.36,2023-04-14 07:40:00+00:00
735305,35-44,F,Housing,Web,Midwest,0,8.69,2023-01-13 00:18:00+00:00
735314,18-24,F,Housing,Tablet,Northeast,1,10.2287,2023-03-05 15:43:00+00:00
735316,55+,F,Housing,Web,South,0,8.14,2023-03-14 12:27:00+00:00
735322,18-24,F,Housing,Mobile,Northeast,1,5.74,2023-02-22 16:58:00+00:00
735326,55+,F,Housing,Tablet,South,0,8.2875,2023-03-12 22:01:00+00:00
735328,18-24,F,Housing,Mobile,Northeast,0,15.04,2023-06-07 01:05:00+00:00
735340,18-24,F,Housing,Mobile,Northeast,0,14.08,2023-04-20 13:15:00+00:00
735341,18-24,F,Housing,Web,Northeast,0,12.51,2023-04-19 00:41:00+00:00
735344,18-24,F,Housing,Web,Northeast,0,12.7363,2023-05-10 21:35:00+00:00
735351,25-34,F,Housing,Mobile,Northeast,0,9.12,2023-02-11 05:40:00+00:00
735357,55+,F,Housing,Mobile,South,1,8.0563,2023-05-06 05:26:00+00:00
735358,35-44,F,Housing,Tablet,Midwest,0,13.66,2023-02-18 12:06:00+00:00
735362,18-24,F,Housing,Mobile,Northeast,1,8.0113,2023-05-10 09:27:00+00:00
735367,18-24,F,Housing,Tablet,Northeast,0,13.04,2023-02-27 09:51:00+00:00
735373,55+,F,Housing,Tablet,South,0,6.0,2023-06-15 21:23:00+00:00
735380,18-24,F,Housing,Tablet,Northeast,1,4.95,2023-03-22 08:28:00+00:00
735382,35-44,F,Housing,Tablet,Midwest,0,6.14,2023-01-13 12:18:00+00:00
735393,35-44,F,Housing,Web,Midwest,1,5.5375,2023-06-20 14:24:00+00:00
735401,25-34,F,Housing,Web,Northeast,1,7.04,2023-02-27 21:33:00+00:00
735405,55+,F,Housing,Web,South,0,10.7762,2023-01-22 21:28:00+00:00
735408,18-24,F,Housing,Web,Northeast,1,5.9075,2023-03-08 06:35:00+00:00
735416,35-44,F,Housing,Tablet,Midwest,0,9.28,2023-05-05 16:00:00+00:00
735426,55+,F,Housing,Web,South,0,8.1487,2023-01-20 07:11:00+00:00
735451,25-34,F,Housing,Tablet,Northeast,0,8.26,2023-04-09 14:22:00+00:00
735460,18-24,F,Housing,Mobile,Northeast,0,14.26,2023-05-19 18:36:00+00:00
735467,35-44,F,Housing,Web,Midwest,0,1.9,2023-02-10 16:14:00+00:00
735469,35-44,F,Housing,Web,Midwest,0,5.64,2023-05-08 07:01:00+00:00
735470,55+,F,Housing,Tablet,South,0,7.6225,2023-04-29 10:08:00+00:00
735473,55+,F,Housing,Web,South,0,4.315,2023-01-13 12:18:00+00:00
735480,18-24,F,Housing,Web,Northeast,0,4.7425,2023-05-15 02:02:00+00:00
735485,55+,F,Housing,Mobile,South,0,3.2225,2023-01-19 18:28:00+00:00
735501,25-34,F,Housing,Web,Northeast,1,14.64,2023-06-27 09:51:00+00:00
735538,18-24,F,Housing,Tablet,Northeast,0,14.18,2023-02-04 22:47:00+00:00
735544,35-44,F,Housing,Web,Midwest,1,8.0,2023-02-15 09:40:00+00:00
735551,25-34,F,Housing,Tablet,Northeast,1,11.48,2023-04-10 03:22:00+00:00
735552,35-44,F,Housing,Tablet,Midwest,0,0.7137,2023-01-12 11:27:00+00:00
735594,55+,F,Housing,Tablet,South,1,4.3537,2023-03-25 11:37:00+00:00
735601,25-34,F,Housing,Mobile,Northeast,0,15.18,2023-02-14 20:32:00+00:00
735606,35-44,F,Housing,Mobile,Midwest,0,7.6238,2023-03-01 11:51:00+00:00
735608,55+,F,Housing,Mobile,South,0,10.3012,2023-05-02 01:51:00+00:00
735627,35-44,F,Housing,Web,Midwest,0,2.6675,2023-05-15 14:10:00+00:00
735631,18-24,F,Housing,Web,Northeast,0,12.92,2023-06-01 19:55:00+00:00
735637,55+,F,Housing,Mobile,South,0,6.04,2023-06-17 23:32:00+00:00
735639,55+,F,Housing,Tablet,South,0,1.615,2023-04-23 04:33:00+00:00
735641,55+,F,Housing,Web,South,0,2.5088,2023-03-09 07:09:00+00:00
735644,18-24,F,Housing,Tablet,Northeast,1,4.9337,2023-01-28 03:03:00+00:00
735651,25-34,F,Housing,Mobile,Northeast,0,10.5,2023-03-12 22:10:00+00:00
735658,35-44,F,Housing,Web,Midwest,0,8.74,2023-03-24 10:54:00+00:00
735666,55+,F,Housing,Tablet,South,0,5.855,2023-02-14 20:23:00+00:00
735681,55+,F,Housing,Tablet,South,0,2.105,2023-04-15 20:32:00+00:00
735687,55+,F,Housing,Mobile,South,0,5.0338,2023-01-08 19:09:00+00:00
735701,25-34,F,Housing,Mobile,Northeast,0,10.64,2023-06-27 21:08:00+00:00
735711,18-24,F,Housing,Web,Northeast,1,8.6913,2023-04-04 09:39:00+00:00
735712,35-44,F,Housing,Mobile,Midwest,0,8.78,2023-05-05 16:09:00+00:00
735731,18-24,F,Housing,Web,Northeast,0,0.9062,2023-01-06 05:17:00+00:00
735733,35-44,F,Housing,Web,Midwest,0,6.32,2023-04-12 05:14:00+00:00
735735,55+,F,Housing,Web,South,0,6.2912,2023-06-03 09:56:00+00:00
735738,18-24,F,Housing,Tablet,Northeast,0,4.6087,2023-04-18 23:49:00+00:00
735742,55+,F,Housing,Web,South,0,10.1,2023-01-11 10:10:00+00:00
735750,55+,F,Housing,Mobile,South,1,4.81,2023-04-19 00:49:00+00:00
735751,25-34,F,Housing,Tablet,Northeast,1,9.84,2023-05-18 17:36:00+00:00
735754,35-44,F,Housing,Mobile,Midwest,0,7.1,2023-01-21 08:11:00+00:00
735776,55+,F,Housing,Tablet,South,0,3.4487,2023-06-29 23:42:00+00:00
735780,55+,F,Housing,Tablet,South,1,7.5625,2023-02-20 02:07:00+00:00
735781,55+,F,Housing,Web,South,0,11.7,2023-04-01 06:30:00+00:00
735783,18-24,F,Housing,Web,Northeast,1,3.87,2023-06-06 00:56:00+00:00
735785,35-44,F,Housing,Tablet,Midwest,0,11.1638,2023-06-01 19:13:00+00:00
735795,55+,F,Housing,Mobile,South,0,7.8412,2023-05-14 01:53:00+00:00
735801,25-34,F,Housing,Mobile,Northeast,1,13.24,2023-01-28 15:29:00+00:00
735809,55+,F,Housing,Tablet,South,0,7.8125,2023-03-12 10:18:00+00:00
735816,18-24,F,Housing,Mobile,Northeast,0,5.54,2023-04-23 16:07:00+00:00
735831,18-24,F,Housing,Web,Northeast,0,7.47,2023-05-17 16:02:00+00:00
735837,55+,F,Housing,Web,South,1,6.1275,2023-06-12 06:40:00+00:00
735842,35-44,F,Housing,Tablet,Midwest,0,2.5888,2023-01-12 23:01:00+00:00
735851,25-34,F,Housing,Tablet,Northeast,0,14.14,2023-03-14 00:01:00+00:00
735860,35-44,F,Housing,Web,Midwest,0,2.4813,2023-02-15 09:32:00+00:00
735891,55+,F,Housing,Mobile,South,0,11.57,2023-03-18 16:28:00+00:00
735901,25-34,F,Housing,Tablet,Northeast,0,14.76,2023-02-13 19:49:00+00:00
735920,35-44,F,Housing,Mobile,Midwest,0,6.0925,2023-04-25 18:07:00+00:00
735921,55+,F,Housing,Tablet,South,1,12.5162,2023-05-14 13:10:00+00:00
735922,18-24,F,Housing,Mobile,Northeast,0,12.58,2023-02-24 18:50:00+00:00
735935,55+,F,Housing,Tablet,South,1,4.995,2023-06-06 12:39:00+00:00
735950,18-24,F,Housing,Tablet,Northeast,1,7.4612,2023-02-19 01:49:00+00:00
735951,25-34,F,Housing,Tablet,Northeast,0,14.4,2023-03-27 13:12:00+00:00
735972,18-24,F,Housing,Mobile,Northeast,0,8.4488,2023-06-09 15:31:00+00:00
735992,35-44,F,Housing,Mobile,Midwest,1,5.8125,2023-04-01 18:55:00+00:00
736001,25-34,F,Housing,Tablet,Northeast,0,7.54,2023-02-12 18:48:00+00:00
736002,55+,F,Housing,Web,South,0,2.5787,2023-01-04 15:00:00+00:00
736004,35-44,F,Housing,Tablet,Midwest,0,5.25,2023-03-02 00:42:00+00:00
736023,18-24,F,Housing,Mobile,Northeast,0,4.3863,2023-03-11 21:27:00+00:00
736051,25-34,F,Housing,Web,Northeast,0,10.18,2023-02-04 10:47:00+00:00
736055,55+,F,Housing,Web,South,0,11.5312,2023-03-07 17:17:00+00:00
736063,55+,F,Housing,Tablet,South,1,11.64,2023-02-17 23:06:00+00:00
736068,18-24,F,Housing,Tablet,Northeast,1,8.7112,2023-03-11 09:01:00+00:00
736083,55+,F,Housing,Web,South,0,10.2012,2023-01-22 09:37:00+00:00
736095,35-44,F,Housing,Web,Midwest,0,0.895,2023-06-26 20:33:00+00:00
736096,35-44,F,Housing,Tablet,Midwest,0,7.38,2023-01-15 02:36:00+00:00
736098,35-44,F,Housing,Web,Midwest,1,1.28,2023-03-26 00:46:00+00:00
736101,25-34,F,Housing,Web,Northeast,0,12.0,2023-02-15 21:40:00+00:00
736112,35-44,F,Housing,Tablet,Midwest,0,2.9225,2023-04-29 10:51:00+00:00
736113,55+,F,Housing,Web,South,1,7.6925,2023-04-05 10:56:00+00:00
736141,35-44,F,Housing,Tablet,Midwest,0,7.86,2023-02-08 14:05:00+00:00
736142,35-44,F,Housing,Web,Midwest,0,0.9875,2023-05-11 22:27:00+00:00
736151,25-34,F,Housing,Mobile,Northeast,1,15.3,2023-05-11 10:44:00+00:00
736155,55+,F,Housing,Web,South,0,12.1687,2023-06-05 23:39:00+00:00
736159,35-44,F,Housing,Tablet,Midwest,0,12.74,2023-01-03 14:26:00+00:00
736166,35-44,F,Housing,Web,Midwest,1,10.5312,2023-03-07 17:43:00+00:00
736172,18-24,F,Housing,Tablet,Northeast,1,1.3113,2023-04-20 01:07:00+00:00
736173,55+,F,Housing,Web,South,0,7.7838,2023-02-17 11:06:00+00:00
736177,35-44,F,Housing,Web,Midwest,0,7.48,2023-04-30 23:51:00+00:00
736182,55+,F,Housing,Web,South,0,11.2413,2023-03-15 01:44:00+00:00
736191,18-24,F,Housing,Web,Northeast,1,7.4775,2023-04-13 06:23:00+00:00
736193,35-44,F,Housing,Web,Midwest,0,11.8825,2023-01-27 02:46:00+00:00
736197,18-24,F,Housing,Mobile,Northeast,0,4.1837,2023-01-08 19:09:00+00:00
736201,25-34,F,Housing,Web,Northeast,1,12.68,2023-01-20 07:37:00+00:00
736215,18-24,F,Housing,Web,Northeast,1,6.3487,2023-05-20 07:45:00+00:00
736217,18-24,F,Housing,Web,Northeast,0,2.1625,2023-01-11 10:10:00+00:00
736219,35-44,F,Housing,Mobile,Midwest,0,12.4,2023-03-07 05:17:00+00:00
736225,35-44,F,Housing,Mobile,Midwest,0,9.9,2023-02-10 04:57:00+00:00
736235,18-24,F,Housing,Mobile,Northeast,0,11.1862,2023-01-10 21:01:00+00:00
736245,18-24,F,Housing,Mobile,Northeast,0,9.1037,2023-03-25 11:29:00+00:00
736249,35-44,F,Housing,Web,Midwest,0,5.6,2023-04-16 21:23:00+00:00
736250,18-24,F,Housing,Tablet,Northeast,0,8.21,2023-03-30 16:21:00+00:00
736251,25-34,F,Housing,Mobile,Northeast,0,11.86,2023-06-28 22:08:00+00:00
736259,18-24,F,Housing,Mobile,Northeast,0,1.49,2023-06-02 08:38:00+00:00
736260,35-44,F,Housing,Mobile,Midwest,0,7.6063,2023-04-16 21:57:00+00:00
736269,35-44,F,Housing,Tablet,Midwest,0,4.155,2023-01-25 12:29:00+00:00
736301,25-34,F,Housing,Web,Northeast,0,10.78,2023-05-05 16:00:00+00:00
736310,35-44,F,Housing,Tablet,Midwest,0,12.51,2023-05-29 16:12:00+00:00
736319,35-44,F,Housing,Mobile,Midwest,0,6.7562,2023-01-26 13:29:00+00:00
736333,18-24,F,Housing,Mobile,Northeast,0,10.4,2023-02-15 09:32:00+00:00
736335,35-44,F,Housing,Web,Midwest,1,8.5925,2023-04-25 18:16:00+00:00
736338,18-24,F,Housing,Tablet,Northeast,0,10.4087,2023-06-17 23:23:00+00:00
736341,35-44,F,Housing,Mobile,Midwest,0,3.1688,2023-06-05 23:05:00+00:00
736351,25-34,F,Housing,Web,Northeast,1,15.12,2023-05-22 09:20:00+00:00
736355,35-44,F,Housing,Web,Midwest,0,6.9313,2023-03-07 17:35:00+00:00
736357,18-24,F,Housing,Web,Northeast,0,14.36,2023-01-04 15:00:00+00:00
736362,55+,F,Housing,Web,South,0,8.6113,2023-03-11 09:35:00+00:00
736390,55+,F,Housing,Mobile,South,0,8.58,2023-05-15 02:36:00+00:00
736392,35-44,F,Housing,Mobile,Midwest,1,0.7063,2023-01-06 05:00:00+00:00
736400,35-44,F,Housing,Mobile,Midwest,0,9.6875,2023-01-31 06:04:00+00:00
736401,25-34,F,Housing,Tablet,Northeast,0,10.66,2023-04-29 10:25:00+00:00
736402,18-24,F,Housing,Web,Northeast,0,9.82,2023-01-17 04:36:00+00:00
736406,35-44,F,Housing,Web,Midwest,0,1.36,2023-03-10 08:35:00+00:00
736407,35-44,F,Housing,Tablet,Midwest,0,11.4875,2023-03-12 22:44:00+00:00
736424,55+,F,Housing,Web,South,0,2.375,2023-03-02 12:00:00+00:00
736435,55+,F,Housing,Web,South,0,12.3,2023-05-01 12:51:00+00:00
736451,25-34,F,Housing,Web,Northeast,0,6.86,2023-04-19 12:24:00+00:00
736455,18-24,F,Housing,Mobile,Northeast,0,2.0125,2023-04-21 02:15:00+00:00
736456,18-24,F,Housing,Web,Northeast,0,7.28,2023-01-30 05:29:00+00:00
736462,55+,F,Housing,Tablet,South,0,13.36,2023-06-03 09:04:00+00:00
736463,55+,F,Housing,Mobile,South,0,0.5663,2023-03-15 13:19:00+00:00
736467,55+,F,Housing,Tablet,South,0,3.2188,2023-04-06 23:05:00+00:00
736471,35-44,F,Housing,Tablet,Midwest,0,10.14,2023-04-23 04:33:00+00:00
736483,35-44,F,Housing,Web,Midwest,0,5.9,2023-05-01 00:08:00+00:00
736495,55+,F,Housing,Tablet,South,0,9.28,2023-01-10 09:52:00+00:00
736501,25-34,F,Housing,Web,Northeast,0,10.76,2023-03-05 03:00:00+00:00
736515,55+,F,Housing,Mobile,South,0,2.7738,2023-01-20 19:37:00+00:00
736544,18-24,F,Housing,Web,Northeast,0,9.385,2023-01-09 20:44:00+00:00
736549,35-44,F,Housing,Web,Midwest,0,7.46,2023-02-28 22:08:00+00:00
736551,25-34,F,Housing,Web,Northeast,0,5.78,2023-06-04 10:39:00+00:00
736561,18-24,F,Housing,Mobile,Northeast,1,11.16,2023-03-25 23:03:00+00:00
736565,18-24,F,Housing,Tablet,Northeast,0,2.205,2023-05-25 12:46:00+00:00
736570,35-44,F,Housing,Tablet,Midwest,0,7.32,2023-02-21 03:33:00+00:00
736587,18-24,F,Housing,Web,Northeast,0,5.0938,2023-01-16 03:36:00+00:00
736596,35-44,F,Housing,Web,Midwest,0,12.8825,2023-05-27 02:46:00+00:00
736601,25-34,F,Housing,Web,Northeast,0,12.56,2023-04-04 21:04:00+00:00
736604,55+,F,Housing,Mobile,South,1,9.305,2023-01-25 12:03:00+00:00
736606,55+,F,Housing,Mobile,South,0,7.16,2023-01-04 03:43:00+00:00
736628,18-24,F,Housing,Tablet,Northeast,0,8.0125,2023-01-11 10:18:00+00:00
736634,35-44,F,Housing,Web,Midwest,0,2.4538,2023-03-05 03:09:00+00:00
736635,35-44,F,Housing,Mobile,Midwest,0,3.7313,2023-05-26 01:20:00+00:00
736651,25-34,F,Housing,Mobile,Northeast,0,5.62,2023-02-16 10:15:00+00:00
736655,18-24,F,Housing,Mobile,Northeast,1,2.0688,2023-01-16 15:02:00+00:00
736661,55+,F,Housing,Tablet,South,0,1.22,2023-05-17 16:10:00+00:00
736682,35-44,F,Housing,Mobile,Midwest,0,7.935,2023-02-18 12:24:00+00:00
736701,25-34,F,Housing,Tablet,Northeast,0,12.22,2023-06-26 20:59:00+00:00
736735,55+,F,Housing,Mobile,South,0,15.4,2023-04-26 19:50:00+00:00
736736,35-44,F,Housing,Mobile,Midwest,1,9.67,2023-02-06 00:22:00+00:00
736751,25-34,F,Housing,Mobile,Northeast,1,6.48,2023-01-30 17:04:00+00:00
736777,18-24,F,Housing,Tablet,Northeast,1,9.94,2023-05-03 14:26:00+00:00
736778,35-44,F,Housing,Web,Midwest,0,5.605,2023-06-14 20:57:00+00:00
736782,35-44,F,Housing,Web,Midwest,0,11.1512,2023-02-11 17:48:00+00:00
736786,18-24,F,Housing,Web,Northeast,0,11.42,2023-01-17 04:45:00+00:00
736801,25-34,F,Housing,Mobile,Northeast,0,14.16,2023-06-03 21:04:00+00:00
736822,18-24,F,Housing,Tablet,Northeast,0,15.36,2023-06-23 17:07:00+00:00
736823,35-44,F,Housing,Web,Midwest,0,11.5675,2023-06-04 22:22:00+00:00
736829,18-24,F,Housing,Tablet,Northeast,0,0.7488,2023-03-01 23:42:00+00:00
736831,18-24,F,Housing,Mobile,Northeast,0,8.56,2023-04-04 21:30:00+00:00
736849,18-24,F,Housing,Tablet,Northeast,0,7.14,2023-01-23 22:28:00+00:00
736851,25-34,F,Housing,Mobile,Northeast,1,13.7,2023-01-11 22:44:00+00:00
736852,18-24,F,Housing,Web,Northeast,0,9.54,2023-06-12 18:48:00+00:00
736856,55+,F,Housing,Tablet,South,1,10.1375,2023-01-11 22:10:00+00:00
736872,18-24,F,Housing,Web,Northeast,0,3.7075,2023-05-07 06:52:00+00:00
736896,18-24,F,Housing,Mobile,Northeast,0,2.6412,2023-03-15 01:01:00+00:00
736899,18-24,F,Housing,Web,Northeast,0,7.1913,2023-02-03 09:30:00+00:00
736901,25-34,F,Housing,Mobile,Northeast,0,12.48,2023-01-30 17:29:00+00:00
736904,18-24,F,Housing,Mobile,Northeast,0,2.3762,2023-02-11 05:23:00+00:00
736923,18-24,F,Housing,Web,Northeast,0,0.83,2023-02-14 08:57:00+00:00
736945,18-24,F,Housing,Mobile,Northeast,0,6.12,2023-02-21 03:15:00+00:00
736951,25-34,F,Housing,Web,Northeast,0,9.8,2023-05-16 03:02:00+00:00
736976,35-44,F,Housing,Web,Midwest,0,6.4363,2023-05-30 05:47:00+00:00
736981,55+,F,Housing,Mobile,South,0,11.74,2023-04-03 08:30:00+00:00
736990,55+,F,Housing,Tablet,South,0,14.46,2023-04-19 00:32:00+00:00
736992,55+,F,Housing,Tablet,South,0,6.685,2023-05-29 04:21:00+00:00
736997,55+,F,Housing,Web,South,0,9.7863,2023-05-30 05:38:00+00:00
737000,55+,F,Housing,Tablet,South,1,3.5325,2023-01-07 18:35:00+00:00
737001,25-34,F,Housing,Web,Northeast,0,5.62,2023-01-07 06:35:00+00:00
737017,35-44,F,Housing,Web,Midwest,0,8.04,2023-04-18 11:06:00+00:00
737026,55+,F,Housing,Tablet,South,0,11.44,2023-06-27 21:25:00+00:00
737038,55+,F,Housing,Tablet,South,1,10.94,2023-03-14 00:10:00+00:00
737049,35-44,F,Housing,Web,Midwest,1,5.445,2023-01-17 04:02:00+00:00
737051,25-34,F,Housing,Tablet,Northeast,1,10.1,2023-06-20 14:58:00+00:00
737059,35-44,F,Housing,Mobile,Midwest,1,14.88,2023-03-11 09:18:00+00:00
737066,18-24,F,Housing,Tablet,Northeast,0,7.6437,2023-02-05 11:13:00+00:00
737073,35-44,F,Housing,Mobile,Midwest,0,6.1487,2023-02-09 15:05:00+00:00
737084,18-24,F,Housing,Tablet,Northeast,0,8.4363,2023-05-30 05:04:00+00:00
737101,25-34,F,Housing,Mobile,Northeast,0,12.32,2023-01-02 13:08:00+00:00
737104,55+,F,Housing,Tablet,South,1,13.14,2023-02-12 06:48:00+00:00
737105,18-24,F,Housing,Tablet,Northeast,1,7.2112,2023-03-31 17:12:00+00:00
737137,18-24,F,Housing,Mobile,Northeast,0,6.8,2023-01-06 05:43:00+00:00
737145,35-44,F,Housing,Tablet,Midwest,0,4.9725,2023-06-28 10:59:00+00:00
737147,35-44,F,Housing,Tablet,Midwest,1,3.7313,2023-04-16 09:49:00+00:00
737151,25-34,F,Housing,Tablet,Northeast,1,8.52,2023-06-21 15:07:00+00:00
737157,18-24,F,Housing,Web,Northeast,0,9.7688,2023-02-05 23:30:00+00:00
737158,18-24,F,Housing,Mobile,Northeast,0,6.04,2023-03-29 03:21:00+00:00
737160,55+,F,Housing,Tablet,South,0,1.4537,2023-05-24 11:37:00+00:00
737165,18-24,F,Housing,Tablet,Northeast,1,11.5025,2023-05-03 02:17:00+00:00
737167,18-24,F,Housing,Tablet,Northeast,0,10.84,2023-01-28 15:12:00+00:00
737182,55+,F,Housing,Tablet,South,1,12.06,2023-03-30 16:46:00+00:00
737191,35-44,F,Housing,Mobile,Midwest,0,12.84,2023-03-09 07:35:00+00:00
737201,25-34,F,Housing,Mobile,Northeast,0,9.76,2023-04-24 17:50:00+00:00
737225,35-44,F,Housing,Mobile,Midwest,0,8.3325,2023-06-16 10:32:00+00:00
737251,25-34,F,Housing,Web,Northeast,0,8.52,2023-02-21 15:41:00+00:00
737252,55+,F,Housing,Mobile,South,0,6.2862,2023-03-31 05:04:00+00:00
737265,18-24,F,Housing,Tablet,Northeast,0,3.52,2023-01-17 16:53:00+00:00
737271,55+,F,Housing,Mobile,South,0,12.1212,2023-03-19 17:02:00+00:00
737299,35-44,F,Housing,Web,Midwest,0,8.88,2023-05-30 05:04:00+00:00
737301,25-34,F,Housing,Mobile,Northeast,1,8.26,2023-04-09 14:14:00+00:00
737304,18-24,F,Housing,Web,Northeast,1,6.545,2023-01-17 04:53:00+00:00
737310,35-44,F,Housing,Tablet,Midwest,1,8.8012,2023-05-22 09:28:00+00:00
737315,18-24,F,Housing,Mobile,Northeast,0,1.5788,2023-03-05 15:43:00+00:00
737329,55+,F,Housing,Mobile,South,1,9.78,2023-03-16 14:36:00+00:00
737340,55+,F,Housing,Tablet,South,0,7.1588,2023-05-08 07:43:00+00:00
737350,55+,F,Housing,Mobile,South,1,14.78,2023-04-15 20:23:00+00:00
737351,25-34,F,Housing,Tablet,Northeast,0,7.58,2023-01-25 12:12:00+00:00
737373,35-44,F,Housing,Tablet,Midwest,0,6.5287,2023-04-14 07:23:00+00:00
737396,18-24,F,Housing,Mobile,Northeast,0,2.5362,2023-03-11 21:27:00+00:00
737400,55+,F,Housing,Mobile,South,0,7.1425,2023-06-24 18:42:00+00:00
737401,25-34,F,Housing,Mobile,Northeast,1,14.4,2023-01-26 13:37:00+00:00
737404,55+,F,Housing,Tablet,South,0,11.74,2023-01-13 12:10:00+00:00
737405,18-24,F,Housing,Web,Northeast,0,12.255,2023-03-06 04:00:00+00:00
737411,55+,F,Housing,Tablet,South,1,6.7538,2023-03-05 03:17:00+00:00
737427,55+,F,Housing,Mobile,South,1,0.6025,2023-03-24 10:28:00+00:00
737431,35-44,F,Housing,Mobile,Midwest,1,7.16,2023-06-13 07:06:00+00:00
737439,18-24,F,Housing,Mobile,Northeast,1,10.6675,2023-02-04 22:13:00+00:00
737440,18-24,F,Housing,Web,Northeast,0,8.74,2023-03-04 14:43:00+00:00
737442,18-24,F,Housing,Web,Northeast,0,2.9038,2023-04-14 19:06:00+00:00
737451,25-34,F,Housing,Web,Northeast,0,10.66,2023-04-29 10:51:00+00:00
737456,35-44,F,Housing,Mobile,Midwest,0,6.1175,2023-02-04 22:04:00+00:00
737460,35-44,F,Housing,Tablet,Midwest,0,8.0338,2023-01-28 03:55:00+00:00
737469,55+,F,Housing,Mobile,South,0,4.7588,2023-03-09 07:26:00+00:00
737474,55+,F,Housing,Tablet,South,0,2.0838,2023-01-28 03:38:00+00:00
737497,18-24,F,Housing,Mobile,Northeast,1,7.12,2023-02-11 17:57:00+00:00
737499,35-44,F,Housing,Mobile,Midwest,0,12.9113,2023-05-10 09:27:00+00:00
737501,25-34,F,Housing,Mobile,Northeast,1,9.5,2023-01-21 08:45:00+00:00
737511,55+,F,Housing,Mobile,South,0,7.2975,2023-03-20 06:36:00+00:00
737515,18-24,F,Housing,Tablet,Northeast,1,10.92,2023-03-13 11:27:00+00:00
737530,35-44,F,Housing,Mobile,Midwest,0,14.7,2023-05-21 08:37:00+00:00
737551,25-34,F,Housing,Web,Northeast,0,14.36,2023-03-05 15:09:00+00:00
737575,55+,F,Housing,Mobile,South,1,8.1,2023-01-31 06:21:00+00:00
737586,55+,F,Housing,Tablet,South,0,3.1075,2023-01-07 06:09:00+00:00
737590,18-24,F,Housing,Tablet,Northeast,0,9.26,2023-05-09 08:18:00+00:00
737596,35-44,F,Housing,Mobile,Midwest,0,14.6,2023-03-17 03:36:00+00:00
737601,25-34,F,Housing,Web,Northeast,1,11.48,2023-04-30 23:25:00+00:00
737607,55+,F,Housing,Web,South,0,4.2588,2023-02-17 23:06:00+00:00
737609,18-24,F,Housing,Web,Northeast,0,6.7925,2023-04-05 10:04:00+00:00
737621,18-24,F,Housing,Tablet,Northeast,0,8.2838,2023-05-08 19:35:00+00:00
737630,35-44,F,Housing,Web,Midwest,0,11.275,2023-04-11 04:57:00+00:00
737634,35-44,F,Housing,Tablet,Midwest,0,2.11,2023-01-09 08:18:00+00:00
737643,55+,F,Housing,Mobile,South,0,6.0963,2023-06-07 13:31:00+00:00
737651,25-34,F,Housing,Mobile,Northeast,0,6.72,2023-05-02 13:34:00+00:00
737658,18-24,F,Housing,Tablet,Northeast,0,5.475,2023-01-21 20:02:00+00:00
737660,55+,F,Housing,Web,South,0,4.15,2023-03-02 00:17:00+00:00
737667,18-24,F,Housing,Web,Northeast,0,10.1825,2023-05-27 02:55:00+00:00
737686,35-44,F,Housing,Web,Midwest,1,13.12,2023-02-11 05:14:00+00:00
737695,55+,F,Housing,Web,South,0,9.2,2023-01-26 01:37:00+00:00
737698,18-24,F,Housing,Mobile,Northeast,1,14.78,2023-02-14 20:14:00+00:00
737701,25-34,F,Housing,Web,Northeast,1,10.96,2023-06-23 05:41:00+00:00
737703,35-44,F,Housing,Tablet,Midwest,1,3.775,2023-05-01 12:42:00+00:00
737705,55+,F,Housing,Mobile,South,0,9.3475,2023-06-08 14:14:00+00:00
737707,35-44,F,Housing,Mobile,Midwest,1,8.04,2023-01-28 03:21:00+00:00
737721,18-24,F,Housing,Tablet,Northeast,0,2.1025,2023-05-23 10:20:00+00:00
737726,35-44,F,Housing,Web,Midwest,1,3.5938,2023-06-25 19:33:00+00:00
737728,18-24,F,Housing,Tablet,Northeast,0,11.56,2023-02-13 19:06:00+00:00
737745,35-44,F,Housing,Mobile,Midwest,0,3.15,2023-03-02 00:51:00+00:00
737746,55+,F,Housing,Mobile,South,0,11.0,2023-01-16 03:19:00+00:00
737748,35-44,F,Housing,Mobile,Midwest,1,3.83,2023-01-05 16:17:00+00:00
737751,25-34,F,Housing,Mobile,Northeast,0,13.28,2023-04-20 01:07:00+00:00
737760,18-24,F,Housing,Web,Northeast,0,5.0713,2023-02-07 01:56:00+00:00
737777,35-44,F,Housing,Tablet,Midwest,0,8.6925,2023-06-04 10:39:00+00:00
737779,55+,F,Housing,Tablet,South,0,7.28,2023-05-30 17:12:00+00:00
737782,55+,F,Housing,Mobile,South,1,7.08,2023-05-20 19:02:00+00:00
737796,18-24,F,Housing,Tablet,Northeast,0,10.3238,2023-03-01 11:51:00+00:00
737801,25-34,F,Housing,Mobile,Northeast,0,8.92,2023-02-01 19:30:00+00:00
737811,18-24,F,Housing,Web,Northeast,0,12.075,2023-01-01 12:42:00+00:00
737812,18-24,F,Housing,Tablet,Northeast,0,12.2,2023-05-16 03:10:00+00:00
737819,55+,F,Housing,Mobile,South,0,10.9138,2023-04-02 19:38:00+00:00
737831,35-44,F,Housing,Tablet,Midwest,0,5.955,2023-03-06 04:26:00+00:00
737851,25-34,F,Housing,Mobile,Northeast,0,12.76,2023-02-13 19:49:00+00:00
737852,55+,F,Housing,Tablet,South,0,11.585,2023-03-30 04:55:00+00:00
737860,55+,F,Housing,Web,South,0,9.5,2023-02-10 16:14:00+00:00
737881,35-44,F,Housing,Mobile,Midwest,1,5.78,2023-06-04 22:22:00+00:00
737882,35-44,F,Housing,Tablet,Midwest,0,7.0975,2023-02-28 22:34:00+00:00
737883,55+,F,Housing,Mobile,South,0,3.275,2023-03-02 12:25:00+00:00
737899,18-24,F,Housing,Web,Northeast,0,5.54,2023-03-24 10:11:00+00:00
737901,25-34,F,Housing,Tablet,Northeast,0,12.4,2023-05-06 17:00:00+00:00
737911,35-44,F,Housing,Web,Midwest,0,15.44,2023-01-18 17:11:00+00:00
737912,18-24,F,Housing,Web,Northeast,0,11.9887,2023-02-01 07:38:00+00:00
737913,18-24,F,Housing,Mobile,Northeast,0,8.0813,2023-06-15 09:15:00+00:00
737916,35-44,F,Housing,Mobile,Midwest,0,11.0787,2023-01-24 23:20:00+00:00
737937,18-24,F,Housing,Tablet,Northeast,1,3.075,2023-03-22 20:02:00+00:00
737945,18-24,F,Housing,Web,Northeast,0,9.25,2023-02-10 16:40:00+00:00
737951,25-34,F,Housing,Mobile,Northeast,0,11.12,2023-06-11 05:48:00+00:00
737961,55+,F,Housing,Web,South,1,5.3575,2023-03-08 06:52:00+00:00
738001,25-34,F,Housing,Mobile,Northeast,1,5.74,2023-04-03 08:56:00+00:00
738004,35-44,F,Housing,Tablet,Midwest,0,9.28,2023-03-11 21:27:00+00:00
738014,35-44,F,Housing,Tablet,Midwest,0,3.6637,2023-04-02 19:47:00+00:00
738024,55+,F,Housing,Web,South,0,9.1937,2023-01-16 03:02:00+00:00
738047,55+,F,Housing,Tablet,South,1,4.5725,2023-01-19 18:11:00+00:00
738050,55+,F,Housing,Web,South,0,3.1275,2023-05-23 22:20:00+00:00
738051,25-34,F,Housing,Tablet,Northeast,0,14.6,2023-06-25 19:42:00+00:00
738053,35-44,F,Housing,Mobile,Midwest,0,0.6425,2023-05-15 02:36:00+00:00
738061,18-24,F,Housing,Web,Northeast,0,7.4,2023-06-25 19:33:00+00:00
738063,55+,F,Housing,Mobile,South,1,10.085,2023-04-19 12:41:00+00:00
738078,35-44,F,Housing,Mobile,Midwest,1,10.7613,2023-01-30 17:12:00+00:00
738100,35-44,F,Housing,Web,Midwest,0,9.96,2023-03-25 11:03:00+00:00
738101,25-34,F,Housing,Web,Northeast,0,8.54,2023-05-13 00:53:00+00:00
738104,35-44,F,Housing,Mobile,Midwest,0,1.7188,2023-06-25 07:59:00+00:00
738106,35-44,F,Housing,Tablet,Midwest,0,8.12,2023-04-22 03:33:00+00:00
738108,55+,F,Housing,Tablet,South,1,6.9675,2023-05-15 14:27:00+00:00
738130,18-24,F,Housing,Mobile,Northeast,0,12.9,2023-06-20 02:15:00+00:00
738133,18-24,F,Housing,Mobile,Northeast,0,9.5,2023-03-02 00:00:00+00:00
738149,55+,F,Housing,Mobile,South,1,4.9713,2023-02-07 01:05:00+00:00
738151,25-34,F,Housing,Tablet,Northeast,0,14.26,2023-04-09 02:14:00+00:00
738159,55+,F,Housing,Tablet,South,1,12.07,2023-06-06 00:05:00+00:00
738169,55+,F,Housing,Tablet,South,1,7.94,2023-06-12 18:06:00+00:00
738196,18-24,F,Housing,Tablet,Northeast,0,5.58,2023-06-14 20:40:00+00:00
738201,25-34,F,Housing,Tablet,Northeast,0,11.2,2023-03-27 01:46:00+00:00
738212,18-24,F,Housing,Tablet,Northeast,0,11.9875,2023-04-21 14:24:00+00:00
738216,55+,F,Housing,Mobile,South,0,9.065,2023-04-03 20:30:00+00:00
738221,35-44,F,Housing,Tablet,Midwest,0,10.9525,2023-03-24 10:03:00+00:00
738235,18-24,F,Housing,Web,Northeast,1,15.14,2023-03-04 02:08:00+00:00
738238,55+,F,Housing,Mobile,South,0,10.92,2023-05-12 23:35:00+00:00
738243,35-44,F,Housing,Tablet,Midwest,0,5.7,2023-02-10 16:48:00+00:00
738250,55+,F,Housing,Web,South,0,8.08,2023-02-19 13:49:00+00:00
738251,25-34,F,Housing,Tablet,Northeast,1,8.62,2023-04-07 12:22:00+00:00
738254,55+,F,Housing,Web,South,0,8.8212,2023-02-07 01:39:00+00:00
738261,55+,F,Housing,Web,South,1,6.36,2023-01-29 16:21:00+00:00
738265,35-44,F,Housing,Web,Midwest,0,15.4,2023-06-25 19:33:00+00:00
738297,35-44,F,Housing,Tablet,Midwest,0,4.4488,2023-05-20 07:11:00+00:00
738301,25-34,F,Housing,Mobile,Northeast,0,5.6,2023-06-15 09:49:00+00:00
738309,18-24,F,Housing,Mobile,Northeast,0,7.355,2023-05-25 12:54:00+00:00
738351,25-34,F,Housing,Web,Northeast,0,9.76,2023-02-03 09:30:00+00:00
738357,55+,F,Housing,Mobile,South,1,5.2275,2023-03-24 22:37:00+00:00
738370,55+,F,Housing,Tablet,South,0,9.7,2023-05-11 22:18:00+00:00
738376,35-44,F,Housing,Tablet,Midwest,0,12.88,2023-02-19 01:15:00+00:00
738377,35-44,F,Housing,Web,Midwest,0,8.255,2023-05-05 04:09:00+00:00
738393,18-24,F,Housing,Tablet,Northeast,0,1.585,2023-03-30 04:46:00+00:00
738398,18-24,F,Housing,Web,Northeast,0,2.4263,2023-06-11 05:23:00+00:00
738399,35-44,F,Housing,Tablet,Midwest,1,2.4638,2023-05-12 11:01:00+00:00
738401,25-34,F,Housing,Web,Northeast,0,15.32,2023-06-21 03:24:00+00:00
738404,35-44,F,Housing,Web,Midwest,0,10.6888,2023-04-02 07:38:00+00:00
738407,35-44,F,Housing,Tablet,Midwest,0,12.5488,2023-05-20 07:45:00+00:00
738411,35-44,F,Housing,Mobile,Midwest,0,11.235,2023-04-19 12:32:00+00:00
738412,35-44,F,Housing,Mobile,Midwest,0,15.38,2023-02-24 06:16:00+00:00
738436,35-44,F,Housing,Mobile,Midwest,0,15.08,2023-04-10 15:48:00+00:00
738448,55+,F,Housing,Web,South,1,5.86,2023-02-08 14:39:00+00:00
738449,18-24,F,Housing,Tablet,Northeast,0,7.27,2023-02-06 00:48:00+00:00
738451,25-34,F,Housing,Web,Northeast,0,12.72,2023-02-11 17:57:00+00:00
738454,35-44,F,Housing,Mobile,Midwest,0,15.34,2023-02-22 16:41:00+00:00
738455,18-24,F,Housing,Mobile,Northeast,0,10.7375,2023-02-20 14:32:00+00:00
738488,18-24,F,Housing,Web,Northeast,0,6.415,2023-02-22 04:58:00+00:00
738501,25-34,F,Housing,Web,Northeast,0,9.68,2023-01-10 21:01:00+00:00
738509,35-44,F,Housing,Tablet,Midwest,0,5.2412,2023-03-15 01:19:00+00:00
738514,55+,F,Housing,Web,South,1,14.66,2023-01-19 18:02:00+00:00
738518,18-24,F,Housing,Web,Northeast,0,7.8863,2023-04-20 13:58:00+00:00
738529,55+,F,Housing,Tablet,South,0,15.24,2023-06-17 11:23:00+00:00
738532,18-24,F,Housing,Tablet,Northeast,0,13.68,2023-01-10 21:09:00+00:00
738546,18-24,F,Housing,Web,Northeast,0,4.6063,2023-04-16 21:15:00+00:00
738551,25-34,F,Housing,Tablet,Northeast,0,14.6,2023-06-25 07:50:00+00:00
738558,55+,F,Housing,Mobile,South,0,11.7475,2023-03-20 06:54:00+00:00
738559,35-44,F,Housing,Tablet,Midwest,0,8.16,2023-06-03 21:04:00+00:00
738561,55+,F,Housing,Tablet,South,1,11.1425,2023-04-05 10:56:00+00:00
738569,55+,F,Housing,Mobile,South,0,4.985,2023-01-29 04:46:00+00:00
738586,18-24,F,Housing,Mobile,Northeast,0,14.8,2023-03-27 01:46:00+00:00
738592,18-24,F,Housing,Web,Northeast,0,10.5,2023-02-20 14:50:00+00:00
738593,35-44,F,Housing,Web,Midwest,0,7.295,2023-01-17 04:28:00+00:00
738601,25-34,F,Housing,Mobile,Northeast,0,8.3,2023-03-22 08:11:00+00:00
738602,18-24,F,Housing,Web,Northeast,1,5.2438,2023-04-26 19:33:00+00:00
738604,55+,F,Housing,Web,South,1,9.0,2023-06-05 23:30:00+00:00
738605,18-24,F,Housing,Mobile,Northeast,1,4.7675,2023-06-04 22:56:00+00:00
738635,18-24,F,Housing,Tablet,Northeast,0,12.5325,2023-06-16 10:40:00+00:00
738636,55+,F,Housing,Mobile,South,0,0.73,2023-01-25 00:46:00+00:00
738641,18-24,F,Housing,Mobile,Northeast,0,9.7075,2023-06-16 22:58:00+00:00
738644,55+,F,Housing,Web,South,0,4.66,2023-01-29 16:29:00+00:00
738651,25-34,F,Housing,Mobile,Northeast,0,11.5,2023-03-22 20:37:00+00:00
738653,35-44,F,Housing,Web,Midwest,0,12.875,2023-05-21 20:02:00+00:00
738666,18-24,F,Housing,Web,Northeast,0,0.7225,2023-01-19 18:36:00+00:00
738669,35-44,F,Housing,Mobile,Midwest,0,2.285,2023-01-29 04:38:00+00:00
738672,55+,F,Housing,Mobile,South,0,8.29,2023-04-03 08:56:00+00:00
738677,35-44,F,Housing,Web,Midwest,1,2.7687,2023-01-16 15:19:00+00:00
738681,18-24,F,Housing,Tablet,Northeast,0,12.3438,2023-04-06 11:13:00+00:00
738696,35-44,F,Housing,Tablet,Midwest,0,7.9675,2023-05-15 14:44:00+00:00
738698,35-44,F,Housing,Web,Midwest,0,12.5712,2023-06-27 09:51:00+00:00
738701,25-34,F,Housing,Web,Northeast,1,9.74,2023-06-22 16:16:00+00:00
738716,55+,F,Housing,Mobile,South,0,11.5712,2023-06-27 09:59:00+00:00
738739,18-24,F,Housing,Web,Northeast,1,14.38,2023-01-05 04:17:00+00:00
738751,25-34,F,Housing,Mobile,Northeast,0,14.98,2023-02-04 22:04:00+00:00
738752,18-24,F,Housing,Tablet,Northeast,0,4.4912,2023-02-23 17:07:00+00:00
738760,35-44,F,Housing,Web,Midwest,0,15.04,2023-04-08 13:31:00+00:00
738767,55+,F,Housing,Web,South,1,2.9962,2023-01-18 05:02:00+00:00
738768,35-44,F,Housing,Web,Midwest,0,12.8375,2023-02-20 14:58:00+00:00
738777,18-24,F,Housing,Web,Northeast,0,8.01,2023-01-09 08:35:00+00:00
738781,35-44,F,Housing,Mobile,Midwest,0,12.12,2023-04-02 07:38:00+00:00
738782,35-44,F,Housing,Tablet,Midwest,1,6.7763,2023-03-23 21:54:00+00:00
738790,35-44,F,Housing,Web,Midwest,0,11.74,2023-02-02 20:30:00+00:00
738791,18-24,F,Housing,Web,Northeast,0,4.945,2023-05-17 04:45:00+00:00
738794,55+,F,Housing,Tablet,South,0,6.9688,2023-06-25 07:33:00+00:00
738800,18-24,F,Housing,Tablet,Northeast,0,3.9787,2023-03-25 23:54:00+00:00
738801,25-34,F,Housing,Web,Northeast,0,13.14,2023-03-04 02:00:00+00:00
738802,55+,F,Housing,Tablet,South,0,6.68,2023-06-29 11:59:00+00:00
738829,35-44,F,Housing,Mobile,Midwest,0,13.76,2023-04-04 09:21:00+00:00
738848,55+,F,Housing,Web,South,0,4.5275,2023-01-23 22:46:00+00:00
738851,25-34,F,Housing,Tablet,Northeast,0,12.44,2023-03-29 15:46:00+00:00
738852,35-44,F,Housing,Tablet,Midwest,0,2.6787,2023-04-14 07:14:00+00:00
738865,35-44,F,Housing,Tablet,Midwest,0,12.58,2023-05-15 02:02:00+00:00
738869,55+,F,Housing,Web,South,0,2.1763,2023-01-22 21:11:00+00:00
738884,55+,F,Housing,Mobile,South,0,11.5375,2023-04-01 06:30:00+00:00
738889,18-24,F,Housing,Mobile,Northeast,1,6.54,2023-06-22 16:16:00+00:00
738897,35-44,F,Housing,Tablet,Midwest,0,6.6575,2023-03-28 14:12:00+00:00
738898,55+,F,Housing,Tablet,South,0,14.92,2023-04-22 15:41:00+00:00
738901,25-34,F,Housing,Mobile,Northeast,1,7.24,2023-06-17 23:49:00+00:00
738908,35-44,F,Housing,Tablet,Midwest,0,3.1325,2023-05-07 18:09:00+00:00
738917,55+,F,Housing,Tablet,South,1,9.37,2023-03-18 16:53:00+00:00
738938,55+,F,Housing,Mobile,South,0,9.455,2023-03-06 04:43:00+00:00
738946,55+,F,Housing,Web,South,1,12.24,2023-06-27 21:59:00+00:00
738951,25-34,F,Housing,Mobile,Northeast,0,10.9,2023-05-11 10:01:00+00:00
738954,18-24,F,Housing,Mobile,Northeast,0,8.6062,2023-01-06 05:17:00+00:00
738958,55+,F,Housing,Mobile,South,0,14.02,2023-01-07 18:18:00+00:00
738959,35-44,F,Housing,Tablet,Midwest,0,7.8688,2023-06-05 23:39:00+00:00
738966,35-44,F,Housing,Web,Midwest,0,3.0863,2023-01-10 21:27:00+00:00
738972,55+,F,Housing,Mobile,South,1,2.425,2023-02-10 04:40:00+00:00
738977,55+,F,Housing,Tablet,South,0,0.87,2023-02-06 00:48:00+00:00
738979,18-24,F,Housing,Tablet,Northeast,1,14.44,2023-01-28 03:29:00+00:00
738985,18-24,F,Housing,Tablet,Northeast,0,5.66,2023-05-29 04:21:00+00:00
738989,35-44,F,Housing,Tablet,Midwest,0,3.1063,2023-05-26 13:12:00+00:00
738996,55+,F,Housing,Web,South,0,6.7725,2023-04-29 10:16:00+00:00
738999,18-24,F,Housing,Web,Northeast,1,5.745,2023-06-06 12:13:00+00:00
739001,25-34,F,Housing,Mobile,Northeast,0,10.46,2023-03-10 20:09:00+00:00
739006,18-24,F,Housing,Web,Northeast,0,12.18,2023-01-15 02:10:00+00:00
739007,55+,F,Housing,Web,South,1,8.2425,2023-02-24 18:16:00+00:00
739020,55+,F,Housing,Mobile,South,0,4.1925,2023-02-24 18:42:00+00:00
739051,25-34,F,Housing,Tablet,Northeast,1,11.58,2023-05-05 16:43:00+00:00
739058,55+,F,Housing,Mobile,South,1,5.9875,2023-04-21 14:32:00+00:00
739071,55+,F,Housing,Web,South,0,5.6037,2023-01-24 11:11:00+00:00
739073,35-44,F,Housing,Mobile,Midwest,1,9.675,2023-02-10 04:05:00+00:00
739075,55+,F,Housing,Tablet,South,0,14.64,2023-04-08 13:05:00+00:00
739079,35-44,F,Housing,Web,Midwest,0,7.84,2023-01-13 00:01:00+00:00
739086,55+,F,Housing,Mobile,South,1,10.6562,2023-05-26 13:37:00+00:00
739087,55+,F,Housing,Mobile,South,1,6.78,2023-01-25 12:03:00+00:00
739090,55+,F,Housing,Tablet,South,1,7.66,2023-03-10 20:26:00+00:00
739093,55+,F,Housing,Tablet,South,0,9.36,2023-05-14 13:01:00+00:00
739097,55+,F,Housing,Tablet,South,0,12.7338,2023-03-29 03:38:00+00:00
739101,25-34,F,Housing,Mobile,Northeast,0,13.72,2023-03-13 23:35:00+00:00
739118,35-44,F,Housing,Tablet,Midwest,0,8.8863,2023-03-31 05:38:00+00:00
739139,35-44,F,Housing,Mobile,Midwest,0,9.8812,2023-03-27 01:03:00+00:00
739144,55+,F,Housing,Tablet,South,1,9.08,2023-06-09 15:57:00+00:00
739151,25-34,F,Housing,Mobile,Northeast,0,10.56,2023-06-23 17:59:00+00:00
739154,55+,F,Housing,Web,South,0,6.6738,2023-06-09 03:48:00+00:00
739162,18-24,F,Housing,Tablet,Northeast,0,11.42,2023-06-06 00:48:00+00:00
739164,18-24,F,Housing,Mobile,Northeast,1,12.2888,2023-06-01 07:04:00+00:00
739172,18-24,F,Housing,Tablet,Northeast,0,11.2863,2023-04-20 13:41:00+00:00
739201,25-34,F,Housing,Web,Northeast,1,14.54,2023-03-14 12:27:00+00:00
739216,55+,F,Housing,Web,South,0,12.42,2023-05-07 18:43:00+00:00
739239,35-44,F,Housing,Tablet,Midwest,0,4.8362,2023-03-11 21:44:00+00:00
739251,25-34,F,Housing,Web,Northeast,0,7.22,2023-03-28 14:20:00+00:00
739253,18-24,F,Housing,Web,Northeast,0,7.9275,2023-04-13 06:57:00+00:00
739262,35-44,F,Housing,Web,Midwest,0,12.0875,2023-04-01 06:12:00+00:00
739266,55+,F,Housing,Tablet,South,0,6.165,2023-05-13 12:44:00+00:00
739273,35-44,F,Housing,Tablet,Midwest,1,13.76,2023-06-03 09:47:00+00:00
739298,18-24,F,Housing,Web,Northeast,0,5.7725,2023-04-29 10:42:00+00:00
739301,25-34,F,Housing,Tablet,Northeast,0,13.0,2023-02-05 23:47:00+00:00
739309,35-44,F,Housing,Web,Midwest,1,14.7,2023-03-22 08:28:00+00:00
739316,18-24,F,Housing,Web,Northeast,0,9.1813,2023-01-06 17:35:00+00:00
739335,35-44,F,Housing,Tablet,Midwest,0,5.9925,2023-04-25 18:16:00+00:00
739337,55+,F,Housing,Tablet,South,0,11.965,2023-04-03 20:21:00+00:00
739342,18-24,F,Housing,Mobile,Northeast,0,11.34,2023-02-22 16:41:00+00:00
739348,18-24,F,Housing,Mobile,Northeast,0,14.46,2023-01-09 08:44:00+00:00
739349,55+,F,Housing,Mobile,South,1,4.6738,2023-06-09 03:57:00+00:00
739351,25-34,F,Housing,Web,Northeast,0,9.84,2023-04-28 21:25:00+00:00
739365,35-44,F,Housing,Web,Midwest,0,8.8475,2023-03-20 06:36:00+00:00
739401,25-34,F,Housing,Tablet,Northeast,0,10.66,2023-01-19 06:36:00+00:00
739415,55+,F,Housing,Web,South,0,1.3188,2023-04-06 23:56:00+00:00
739418,18-24,F,Housing,Mobile,Northeast,0,12.6412,2023-05-14 01:53:00+00:00
739446,35-44,F,Housing,Tablet,Midwest,0,2.1225,2023-03-20 18:19:00+00:00
739451,25-34,F,Housing,Mobile,Northeast,0,6.76,2023-01-04 03:43:00+00:00
739452,18-24,F,Housing,Web,Northeast,1,5.8213,2023-06-27 09:25:00+00:00
739466,55+,F,Housing,Mobile,South,0,5.7575,2023-05-07 06:52:00+00:00
739468,18-24,F,Housing,Web,Northeast,0,10.1,2023-03-12 22:35:00+00:00
739470,55+,F,Housing,Mobile,South,1,5.6775,2023-04-13 06:48:00+00:00
739477,18-24,F,Housing,Tablet,Northeast,0,7.62,2023-01-27 02:46:00+00:00
739494,55+,F,Housing,Tablet,South,0,5.2038,2023-01-04 03:26:00+00:00
739496,35-44,F,Housing,Tablet,Midwest,0,8.18,2023-03-26 00:29:00+00:00
739500,18-24,F,Housing,Tablet,Northeast,1,3.5663,2023-04-04 21:13:00+00:00
739501,25-34,F,Housing,Tablet,Northeast,1,5.56,2023-03-25 11:03:00+00:00
739512,35-44,F,Housing,Mobile,Midwest,0,10.595,2023-03-18 04:36:00+00:00
739516,18-24,F,Housing,Mobile,Northeast,0,8.3,2023-03-02 12:25:00+00:00
739545,55+,F,Housing,Mobile,South,0,3.2313,2023-01-26 01:12:00+00:00
739546,18-24,F,Housing,Mobile,Northeast,1,9.3,2023-04-01 18:55:00+00:00
739551,25-34,F,Housing,Mobile,Northeast,0,11.36,2023-04-24 17:24:00+00:00
739563,55+,F,Housing,Web,South,0,4.7313,2023-05-26 01:12:00+00:00
739590,55+,F,Housing,Web,South,0,1.1775,2023-03-04 14:26:00+00:00
739601,25-34,F,Housing,Mobile,Northeast,1,9.7,2023-03-12 10:44:00+00:00
739602,18-24,F,Housing,Web,Northeast,0,12.9075,2023-03-08 06:18:00+00:00
739603,18-24,F,Housing,Mobile,Northeast,0,8.98,2023-04-25 18:33:00+00:00
739605,55+,F,Housing,Mobile,South,0,7.9938,2023-03-17 03:53:00+00:00
739646,55+,F,Housing,Mobile,South,0,8.5663,2023-06-03 21:39:00+00:00
739651,25-34,F,Housing,Tablet,Northeast,1,15.24,2023-05-28 03:55:00+00:00
739667,18-24,F,Housing,Web,Northeast,0,9.55,2023-03-22 08:28:00+00:00
739682,55+,F,Housing,Tablet,South,1,3.1225,2023-05-19 18:02:00+00:00
739692,55+,F,Housing,Mobile,South,1,1.69,2023-01-13 00:27:00+00:00
739698,18-24,F,Housing,Web,Northeast,0,0.5387,2023-02-01 07:47:00+00:00
739699,18-24,F,Housing,Mobile,Northeast,1,5.88,2023-02-09 03:22:00+00:00
739701,25-34,F,Housing,Tablet,Northeast,0,13.32,2023-06-01 07:04:00+00:00
739707,55+,F,Housing,Web,South,0,8.8575,2023-05-07 06:52:00+00:00
739710,18-24,F,Housing,Mobile,Northeast,1,5.835,2023-01-09 20:52:00+00:00
739718,35-44,F,Housing,Tablet,Midwest,0,4.085,2023-02-18 12:06:00+00:00
739727,35-44,F,Housing,Mobile,Midwest,0,10.7363,2023-03-31 05:04:00+00:00
739744,35-44,F,Housing,Tablet,Midwest,0,7.62,2023-05-07 18:09:00+00:00
739748,55+,F,Housing,Web,South,0,6.1063,2023-05-06 05:09:00+00:00
739751,25-34,F,Housing,Web,Northeast,0,10.58,2023-06-04 22:22:00+00:00
739771,18-24,F,Housing,Web,Northeast,1,8.42,2023-01-27 02:20:00+00:00
739776,35-44,F,Housing,Mobile,Midwest,0,10.0087,2023-05-08 07:35:00+00:00
739784,55+,F,Housing,Web,South,1,6.41,2023-03-30 16:38:00+00:00
739793,55+,F,Housing,Mobile,South,0,8.7688,2023-04-06 23:05:00+00:00
739798,55+,F,Housing,Web,South,0,10.76,2023-01-04 15:17:00+00:00
739801,25-34,F,Housing,Web,Northeast,0,6.04,2023-02-17 11:32:00+00:00
739802,35-44,F,Housing,Web,Midwest,0,0.7475,2023-03-20 06:11:00+00:00
739820,55+,F,Housing,Mobile,South,0,6.8887,2023-02-21 15:15:00+00:00
739822,35-44,F,Housing,Web,Midwest,1,5.52,2023-03-03 13:17:00+00:00
739827,35-44,F,Housing,Tablet,Midwest,0,8.5525,2023-02-12 18:31:00+00:00
739832,35-44,F,Housing,Mobile,Midwest,0,4.1063,2023-01-06 05:35:00+00:00
739843,18-24,F,Housing,Tablet,Northeast,0,15.22,2023-05-27 02:03:00+00:00
739845,35-44,F,Housing,Mobile,Midwest,0,11.4262,2023-01-02 13:08:00+00:00
739851,25-34,F,Housing,Mobile,Northeast,1,15.04,2023-01-18 17:28:00+00:00
739854,35-44,F,Housing,Mobile,Midwest,1,6.7425,2023-04-05 10:04:00+00:00
739867,35-44,F,Housing,Mobile,Midwest,0,8.72,2023-01-02 01:34:00+00:00
739872,18-24,F,Housing,Mobile,Northeast,0,2.8013,2023-01-02 01:43:00+00:00
739881,18-24,F,Housing,Web,Northeast,0,3.125,2023-05-21 20:20:00+00:00
739891,35-44,F,Housing,Tablet,Midwest,0,9.2,2023-03-07 17:43:00+00:00
739895,35-44,F,Housing,Mobile,Midwest,0,9.4313,2023-01-06 17:52:00+00:00
739901,25-34,F,Housing,Web,Northeast,0,8.64,2023-02-07 13:31:00+00:00
739907,55+,F,Housing,Web,South,0,6.21,2023-01-29 16:04:00+00:00
739910,35-44,F,Housing,Mobile,Midwest,0,3.5412,2023-02-03 09:13:00+00:00
739948,35-44,F,Housing,Tablet,Midwest,0,10.92,2023-03-13 23:53:00+00:00
739951,25-34,F,Housing,Mobile,Northeast,1,8.82,2023-01-27 14:46:00+00:00
739969,18-24,F,Housing,Mobile,Northeast,1,10.7,2023-05-21 20:28:00+00:00
739976,55+,F,Housing,Tablet,South,0,7.9088,2023-01-08 07:26:00+00:00
739992,55+,F,Housing,Tablet,South,1,12.8513,2023-01-02 01:08:00+00:00
739996,18-24,F,Housing,Tablet,Northeast,1,11.4,2023-02-25 19:50:00+00:00
739999,18-24,F,Housing,Tablet,Northeast,0,9.54,2023-01-03 14:08:00+00:00
740001,25-34,F,Housing,Web,Northeast,0,7.3,2023-04-01 06:21:00+00:00
740014,35-44,F,Housing,Tablet,Midwest,1,8.52,2023-06-01 07:55:00+00:00
740027,35-44,F,Housing,Tablet,Midwest,0,1.055,2023-02-14 20:23:00+00:00
740035,55+,F,Housing,Mobile,South,0,6.02,2023-03-08 06:18:00+00:00
740037,35-44,F,Housing,Mobile,Midwest,0,2.1587,2023-01-28 15:46:00+00:00
740046,18-24,F,Housing,Tablet,Northeast,0,5.3187,2023-06-25 07:07:00+00:00
740051,25-34,F,Housing,Tablet,Northeast,1,14.74,2023-05-03 02:00:00+00:00
740053,55+,F,Housing,Web,South,0,14.84,2023-05-08 07:35:00+00:00
740055,18-24,F,Housing,Mobile,Northeast,0,10.5062,2023-01-06 05:00:00+00:00
740101,25-34,F,Housing,Web,Northeast,1,11.22,2023-05-27 02:20:00+00:00
740108,35-44,F,Housing,Web,Midwest,0,5.9275,2023-05-23 22:20:00+00:00
740112,55+,F,Housing,Web,South,0,1.3025,2023-02-12 18:40:00+00:00
740124,18-24,F,Housing,Mobile,Northeast,0,11.185,2023-02-18 12:24:00+00:00
740144,55+,F,Housing,Tablet,South,0,1.46,2023-06-18 00:58:00+00:00
740149,55+,F,Housing,Web,South,1,13.9,2023-05-21 08:11:00+00:00
740151,25-34,F,Housing,Web,Northeast,1,12.38,2023-04-15 08:49:00+00:00
740161,18-24,F,Housing,Tablet,Northeast,0,11.24,2023-06-17 11:15:00+00:00
740171,55+,F,Housing,Tablet,South,0,10.1962,2023-02-07 13:31:00+00:00
740173,35-44,F,Housing,Web,Midwest,0,10.16,2023-05-14 01:01:00+00:00
740178,18-24,F,Housing,Mobile,Northeast,0,10.05,2023-03-02 00:34:00+00:00
740184,18-24,F,Housing,Mobile,Northeast,0,7.425,2023-05-01 12:00:00+00:00
740186,18-24,F,Housing,Tablet,Northeast,0,5.6075,2023-05-27 14:55:00+00:00
740195,55+,F,Housing,Mobile,South,0,2.4937,2023-06-05 11:30:00+00:00
740198,35-44,F,Housing,Mobile,Midwest,0,10.4738,2023-01-20 19:28:00+00:00
740201,25-34,F,Housing,Mobile,Northeast,1,15.02,2023-01-17 04:10:00+00:00
740215,18-24,F,Housing,Tablet,Northeast,0,8.78,2023-05-05 04:00:00+00:00
740222,35-44,F,Housing,Web,Midwest,0,1.035,2023-05-09 20:01:00+00:00
740230,35-44,F,Housing,Mobile,Midwest,0,6.54,2023-02-22 16:50:00+00:00
740234,18-24,F,Housing,Tablet,Northeast,0,7.2562,2023-02-15 21:15:00+00:00
740249,18-24,F,Housing,Mobile,Northeast,1,12.915,2023-04-03 20:56:00+00:00
740251,25-34,F,Housing,Tablet,Northeast,0,6.28,2023-01-20 19:28:00+00:00
740253,55+,F,Housing,Tablet,South,0,11.0337,2023-02-17 11:49:00+00:00
740255,55+,F,Housing,Tablet,South,0,3.3813,2023-05-06 17:17:00+00:00
740257,18-24,F,Housing,Web,Northeast,0,8.02,2023-03-08 06:09:00+00:00
740264,35-44,F,Housing,Mobile,Midwest,0,9.9588,2023-02-17 23:15:00+00:00
740274,35-44,F,Housing,Web,Midwest,0,12.965,2023-06-22 04:16:00+00:00
740281,18-24,F,Housing,Mobile,Northeast,1,5.54,2023-04-13 18:23:00+00:00
740301,25-34,F,Housing,Tablet,Northeast,0,11.74,2023-03-14 00:53:00+00:00
740310,55+,F,Housing,Tablet,South,0,12.8725,2023-06-08 02:31:00+00:00
740311,18-24,F,Housing,Tablet,Northeast,0,9.8,2023-03-17 15:53:00+00:00
740326,55+,F,Housing,Mobile,South,0,11.84,2023-03-19 17:28:00+00:00
740330,18-24,F,Housing,Tablet,Northeast,0,0.9763,2023-05-22 21:11:00+00:00
740331,35-44,F,Housing,Tablet,Midwest,0,9.545,2023-06-06 12:05:00+00:00
740337,35-44,F,Housing,Mobile,Midwest,0,6.5925,2023-02-24 18:59:00+00:00
740351,25-34,F,Housing,Mobile,Northeast,1,8.58,2023-06-04 10:13:00+00:00
740376,35-44,F,Housing,Tablet,Midwest,0,6.6463,2023-06-27 21:25:00+00:00
740380,55+,F,Housing,Mobile,South,0,11.34,2023-06-02 20:30:00+00:00
740382,55+,F,Housing,Tablet,South,0,11.9275,2023-06-12 06:40:00+00:00
740401,25-34,F,Housing,Tablet,Northeast,0,13.46,2023-04-29 10:34:00+00:00
740409,35-44,F,Housing,Tablet,Midwest,1,7.23,2023-06-14 08:14:00+00:00
740417,55+,F,Housing,Web,South,1,4.33,2023-03-06 16:26:00+00:00
740426,35-44,F,Housing,Mobile,Midwest,0,10.4075,2023-06-16 22:58:00+00:00
740433,35-44,F,Housing,Mobile,Midwest,0,8.3287,2023-03-05 15:00:00+00:00
740446,55+,F,Housing,Mobile,South,1,15.44,2023-01-18 17:02:00+00:00
740451,25-34,F,Housing,Web,Northeast,0,7.3,2023-02-20 14:50:00+00:00
740455,35-44,F,Housing,Web,Midwest,0,7.96,2023-05-24 11:46:00+00:00
740466,18-24,F,Housing,Tablet,Northeast,1,7.7812,2023-01-06 17:17:00+00:00
740478,55+,F,Housing,Web,South,0,6.9037,2023-01-04 03:34:00+00:00
740479,35-44,F,Housing,Tablet,Midwest,0,12.38,2023-04-15 08:32:00+00:00
740484,35-44,F,Housing,Tablet,Midwest,0,9.84,2023-04-23 16:16:00+00:00
740501,25-34,F,Housing,Tablet,Northeast,0,14.52,2023-01-12 23:18:00+00:00
740508,18-24,F,Housing,Web,Northeast,0,1.5788,2023-03-05 15:17:00+00:00
740521,35-44,F,Housing,Tablet,Midwest,1,9.5,2023-03-02 00:08:00+00:00
740522,55+,F,Housing,Mobile,South,0,0.6763,2023-02-11 05:23:00+00:00
740531,55+,F,Housing,Web,South,1,1.4937,2023-02-25 19:16:00+00:00
740532,35-44,F,Housing,Tablet,Midwest,0,7.4212,2023-02-27 09:16:00+00:00
740534,18-24,F,Housing,Tablet,Northeast,0,4.575,2023-03-02 12:42:00+00:00
740551,25-34,F,Housing,Tablet,Northeast,0,13.66,2023-05-29 16:29:00+00:00
740557,18-24,F,Housing,Mobile,Northeast,0,9.74,2023-02-22 04:24:00+00:00
740566,55+,F,Housing,Mobile,South,1,14.9,2023-04-01 18:38:00+00:00
740568,55+,F,Housing,Web,South,0,3.3375,2023-05-31 06:30:00+00:00
740569,55+,F,Housing,Mobile,South,1,12.86,2023-05-09 20:18:00+00:00
740574,55+,F,Housing,Tablet,South,0,2.7925,2023-03-16 02:19:00+00:00
740582,18-24,F,Housing,Mobile,Northeast,0,2.9875,2023-03-12 22:27:00+00:00
740594,18-24,F,Housing,Web,Northeast,0,7.48,2023-04-15 08:32:00+00:00
740596,18-24,F,Housing,Web,Northeast,0,6.42,2023-02-16 10:06:00+00:00
740601,25-34,F,Housing,Tablet,Northeast,1,8.82,2023-05-27 02:38:00+00:00
740615,18-24,F,Housing,Mobile,Northeast,1,9.2988,2023-04-30 23:17:00+00:00
740624,18-24,F,Housing,Mobile,Northeast,0,12.5887,2023-04-22 15:24:00+00:00
740627,18-24,F,Housing,Web,Northeast,0,1.5513,2023-06-11 17:05:00+00:00
740651,25-34,F,Housing,Web,Northeast,0,11.8,2023-03-17 15:02:00+00:00
740656,35-44,F,Housing,Web,Midwest,0,14.92,2023-02-01 07:47:00+00:00
740682,55+,F,Housing,Web,South,1,6.2375,2023-01-31 06:04:00+00:00
740701,25-34,F,Housing,Mobile,Northeast,0,5.52,2023-03-23 09:11:00+00:00
740703,18-24,F,Housing,Mobile,Northeast,0,10.7662,2023-06-03 21:39:00+00:00
740713,35-44,F,Housing,Tablet,Midwest,0,11.0,2023-06-05 11:39:00+00:00
740725,55+,F,Housing,Mobile,South,0,6.52,2023-06-01 19:38:00+00:00
740740,35-44,F,Housing,Mobile,Midwest,0,15.36,2023-01-14 13:44:00+00:00
740751,25-34,F,Housing,Mobile,Northeast,0,12.0,2023-04-16 21:32:00+00:00
740753,55+,F,Housing,Tablet,South,1,10.8775,2023-05-23 22:54:00+00:00
740761,55+,F,Housing,Tablet,South,1,9.78,2023-06-24 18:33:00+00:00
740767,18-24,F,Housing,Web,Northeast,0,8.28,2023-06-29 23:42:00+00:00
740770,55+,F,Housing,Mobile,South,0,13.14,2023-03-04 02:00:00+00:00
740790,55+,F,Housing,Mobile,South,0,1.9075,2023-02-16 22:49:00+00:00
740794,35-44,F,Housing,Tablet,Midwest,1,5.76,2023-03-15 13:27:00+00:00
740801,25-34,F,Housing,Mobile,Northeast,1,6.04,2023-02-17 23:32:00+00:00
740808,35-44,F,Housing,Tablet,Midwest,0,7.89,2023-04-23 16:16:00+00:00
740812,18-24,F,Housing,Web,Northeast,0,8.82,2023-04-17 10:49:00+00:00
740843,18-24,F,Housing,Tablet,Northeast,0,10.8112,2023-04-20 01:41:00+00:00
740851,25-34,F,Housing,Web,Northeast,0,15.16,2023-03-05 03:17:00+00:00
740861,55+,F,Housing,Tablet,South,0,3.185,2023-06-18 12:58:00+00:00
740895,35-44,F,Housing,Web,Midwest,0,9.9325,2023-04-17 10:23:00+00:00
740901,25-34,F,Housing,Mobile,Northeast,1,13.96,2023-03-05 03:09:00+00:00
740906,35-44,F,Housing,Web,Midwest,0,8.4013,2023-03-23 09:28:00+00:00
740908,35-44,F,Housing,Tablet,Midwest,0,8.42,2023-05-07 06:35:00+00:00
740916,18-24,F,Housing,Web,Northeast,0,5.235,2023-02-18 12:32:00+00:00
740925,55+,F,Housing,Web,South,1,11.6438,2023-02-25 19:33:00+00:00
740931,55+,F,Housing,Tablet,South,0,11.955,2023-01-25 12:03:00+00:00
740941,18-24,F,Housing,Tablet,Northeast,0,8.62,2023-02-06 12:05:00+00:00
740944,18-24,F,Housing,Tablet,Northeast,0,14.36,2023-06-13 19:14:00+00:00
740951,25-34,F,Housing,Web,Northeast,1,9.3,2023-01-11 22:27:00+00:00
740971,35-44,F,Housing,Mobile,Midwest,1,8.04,2023-01-28 15:46:00+00:00
740978,55+,F,Housing,Mobile,South,0,5.985,2023-06-18 12:41:00+00:00
740985,55+,F,Housing,Tablet,South,0,11.0262,2023-04-12 05:48:00+00:00
741001,25-34,F,Housing,Tablet,Northeast,1,9.46,2023-01-19 18:36:00+00:00
741021,35-44,F,Housing,Mobile,Midwest,1,10.395,2023-02-06 12:13:00+00:00
741023,18-24,F,Housing,Mobile,Northeast,1,0.7063,2023-02-15 21:57:00+00:00
741028,55+,F,Housing,Web,South,0,10.8,2023-05-26 01:37:00+00:00
741044,35-44,F,Housing,Mobile,Midwest,0,2.9487,2023-01-20 07:19:00+00:00
741046,18-24,F,Housing,Web,Northeast,0,13.72,2023-01-12 11:01:00+00:00
741051,25-34,F,Housing,Mobile,Northeast,0,10.14,2023-06-02 08:47:00+00:00
741052,18-24,F,Housing,Web,Northeast,1,8.7,2023-03-02 12:51:00+00:00
741075,35-44,F,Housing,Web,Midwest,0,9.1975,2023-02-08 14:22:00+00:00
741077,55+,F,Housing,Tablet,South,0,11.9725,2023-03-20 18:02:00+00:00
741088,55+,F,Housing,Web,South,0,8.02,2023-03-28 14:03:00+00:00
741096,35-44,F,Housing,Tablet,Midwest,1,3.9712,2023-05-18 17:53:00+00:00
741101,25-34,F,Housing,Mobile,Northeast,0,9.72,2023-02-01 07:04:00+00:00
741110,18-24,F,Housing,Tablet,Northeast,0,3.7563,2023-03-27 13:46:00+00:00
741112,18-24,F,Housing,Web,Northeast,0,11.98,2023-03-26 12:20:00+00:00
741114,55+,F,Housing,Tablet,South,1,12.2637,2023-04-22 03:58:00+00:00
741122,35-44,F,Housing,Tablet,Midwest,0,8.0925,2023-05-15 02:53:00+00:00
741131,55+,F,Housing,Tablet,South,0,11.7625,2023-02-20 02:58:00+00:00
741135,18-24,F,Housing,Mobile,Northeast,0,12.7225,2023-05-19 18:36:00+00:00
741138,55+,F,Housing,Web,South,0,4.4663,2023-01-14 13:44:00+00:00
741142,35-44,F,Housing,Mobile,Midwest,0,9.7,2023-01-31 06:47:00+00:00
741151,25-34,F,Housing,Mobile,Northeast,0,10.08,2023-03-31 17:38:00+00:00
741158,18-24,F,Housing,Web,Northeast,0,10.57,2023-02-06 00:22:00+00:00
741160,55+,F,Housing,Mobile,South,0,13.0,2023-06-25 07:25:00+00:00
741163,55+,F,Housing,Mobile,South,1,12.22,2023-01-17 16:02:00+00:00
741165,18-24,F,Housing,Mobile,Northeast,0,7.2,2023-01-21 08:11:00+00:00
741170,18-24,F,Housing,Mobile,Northeast,1,12.5087,2023-05-08 07:26:00+00:00
741184,18-24,F,Housing,Mobile,Northeast,0,6.22,2023-02-06 00:22:00+00:00
741189,18-24,F,Housing,Mobile,Northeast,0,7.64,2023-04-03 08:56:00+00:00
741201,25-34,F,Housing,Web,Northeast,0,11.9,2023-06-10 04:57:00+00:00
741216,35-44,F,Housing,Web,Midwest,0,5.4825,2023-02-16 10:58:00+00:00
741237,35-44,F,Housing,Mobile,Midwest,1,0.7525,2023-01-03 02:00:00+00:00
741251,25-34,F,Housing,Mobile,Northeast,0,13.46,2023-05-19 18:19:00+00:00
741267,18-24,F,Housing,Tablet,Northeast,1,4.8475,2023-01-19 06:45:00+00:00
741276,35-44,F,Housing,Mobile,Midwest,0,7.95,2023-03-02 00:42:00+00:00
741278,18-24,F,Housing,Web,Northeast,1,12.9763,2023-05-22 21:11:00+00:00
741291,35-44,F,Housing,Mobile,Midwest,0,8.63,2023-03-06 16:34:00+00:00
741297,55+,F,Housing,Web,South,1,12.4625,2023-01-31 18:38:00+00:00
741301,25-34,F,Housing,Web,Northeast,0,13.32,2023-02-01 07:04:00+00:00
741313,55+,F,Housing,Mobile,South,1,13.14,2023-01-23 10:46:00+00:00
741321,18-24,F,Housing,Tablet,Northeast,0,0.9587,2023-01-28 15:38:00+00:00
741334,18-24,F,Housing,Tablet,Northeast,0,9.2,2023-05-26 13:46:00+00:00
741351,25-34,F,Housing,Web,Northeast,0,9.98,2023-05-05 16:17:00+00:00
741353,35-44,F,Housing,Mobile,Midwest,1,10.1088,2023-04-18 23:41:00+00:00
741372,55+,F,Housing,Web,South,0,4.4912,2023-01-14 01:10:00+00:00
741381,18-24,F,Housing,Web,Northeast,0,5.0613,2023-05-10 09:52:00+00:00
741388,35-44,F,Housing,Web,Midwest,0,14.24,2023-03-19 17:19:00+00:00
741401,25-34,F,Housing,Web,Northeast,1,9.54,2023-06-12 18:06:00+00:00
741405,35-44,F,Housing,Tablet,Midwest,0,8.0762,2023-02-11 05:40:00+00:00
741421,55+,F,Housing,Tablet,South,0,11.46,2023-02-28 22:08:00+00:00
741437,35-44,F,Housing,Tablet,Midwest,1,10.7775,2023-03-04 14:43:00+00:00
741444,18-24,F,Housing,Tablet,Northeast,0,5.295,2023-06-06 12:48:00+00:00
741450,18-24,F,Housing,Web,Northeast,0,3.225,2023-02-10 04:57:00+00:00
741451,25-34,F,Housing,Tablet,Northeast,1,12.36,2023-04-14 07:31:00+00:00
741471,55+,F,Housing,Tablet,South,1,6.9962,2023-05-18 05:36:00+00:00
741483,35-44,F,Housing,Tablet,Midwest,0,5.1975,2023-04-29 22:34:00+00:00
741488,18-24,F,Housing,Web,Northeast,0,7.1537,2023-03-25 11:03:00+00:00
741501,25-34,F,Housing,Web,Northeast,0,10.46,2023-02-18 12:32:00+00:00
741524,35-44,F,Housing,Tablet,Midwest,0,1.8225,2023-06-08 02:05:00+00:00
741529,35-44,F,Housing,Mobile,Midwest,0,5.58,2023-03-26 00:03:00+00:00
741545,55+,F,Housing,Mobile,South,0,6.69,2023-02-22 16:24:00+00:00
741549,55+,F,Housing,Mobile,South,0,9.0288,2023-06-13 07:40:00+00:00
741551,25-34,F,Housing,Tablet,Northeast,0,6.82,2023-01-27 02:38:00+00:00
741552,18-24,F,Housing,Web,Northeast,0,10.9588,2023-01-08 07:18:00+00:00
741556,35-44,F,Housing,Tablet,Midwest,1,11.24,2023-05-08 19:18:00+00:00
741567,18-24,F,Housing,Tablet,Northeast,0,5.5175,2023-06-24 06:24:00+00:00
741577,18-24,F,Housing,Tablet,Northeast,0,11.16,2023-06-13 07:14:00+00:00
741579,18-24,F,Housing,Mobile,Northeast,0,1.08,2023-02-14 08:32:00+00:00
741590,55+,F,Housing,Mobile,South,1,7.455,2023-05-25 12:37:00+00:00
741591,18-24,F,Housing,Tablet,Northeast,0,2.3575,2023-05-07 06:18:00+00:00
741601,25-34,F,Housing,Mobile,Northeast,0,12.22,2023-04-27 08:25:00+00:00
741607,55+,F,Housing,Mobile,South,0,14.2,2023-04-06 11:05:00+00:00
741610,18-24,F,Housing,Mobile,Northeast,0,9.62,2023-03-08 18:18:00+00:00
741617,18-24,F,Housing,Mobile,Northeast,0,9.425,2023-04-11 04:22:00+00:00
741625,55+,F,Housing,Tablet,South,0,6.44,2023-05-08 19:01:00+00:00
741628,35-44,F,Housing,Tablet,Midwest,1,13.88,2023-05-20 19:54:00+00:00
741629,35-44,F,Housing,Mobile,Midwest,0,12.4337,2023-04-18 11:15:00+00:00
741638,18-24,F,Housing,Mobile,Northeast,0,1.07,2023-04-27 08:50:00+00:00
741640,18-24,F,Housing,Web,Northeast,1,9.52,2023-03-23 21:37:00+00:00
741647,35-44,F,Housing,Tablet,Midwest,1,9.1512,2023-01-22 09:54:00+00:00
741651,25-34,F,Housing,Mobile,Northeast,1,13.3,2023-04-01 18:12:00+00:00
741660,35-44,F,Housing,Tablet,Midwest,0,6.175,2023-04-11 04:40:00+00:00
741692,55+,F,Housing,Tablet,South,1,10.9425,2023-06-24 18:59:00+00:00
741696,35-44,F,Housing,Tablet,Midwest,0,8.2037,2023-05-04 03:00:00+00:00
741701,25-34,F,Housing,Web,Northeast,1,7.54,2023-05-03 02:00:00+00:00
741707,55+,F,Housing,Tablet,South,1,5.6963,2023-01-18 05:11:00+00:00
741708,18-24,F,Housing,Tablet,Northeast,0,8.8313,2023-06-15 09:32:00+00:00
741710,35-44,F,Housing,Tablet,Midwest,0,9.0525,2023-05-23 10:54:00+00:00
741712,35-44,F,Housing,Mobile,Midwest,0,11.78,2023-03-16 02:44:00+00:00
741721,18-24,F,Housing,Mobile,Northeast,0,5.58,2023-04-15 20:49:00+00:00
741727,35-44,F,Housing,Tablet,Midwest,0,14.46,2023-06-18 00:58:00+00:00
741733,18-24,F,Housing,Mobile,Northeast,1,6.3,2023-05-21 20:37:00+00:00
741738,35-44,F,Housing,Mobile,Midwest,0,12.5125,2023-06-20 02:41:00+00:00
741750,55+,F,Housing,Web,South,0,2.0575,2023-05-27 14:20:00+00:00
741751,25-34,F,Housing,Web,Northeast,0,13.56,2023-01-04 03:43:00+00:00
741786,55+,F,Housing,Web,South,0,7.7075,2023-04-17 22:32:00+00:00
741788,55+,F,Housing,Tablet,South,0,8.3637,2023-04-02 19:30:00+00:00
741790,18-24,F,Housing,Tablet,Northeast,0,9.92,2023-03-23 21:11:00+00:00
741792,55+,F,Housing,Web,South,0,3.9213,2023-04-08 01:39:00+00:00
741801,25-34,F,Housing,Mobile,Northeast,1,11.36,2023-01-14 01:53:00+00:00
741802,55+,F,Housing,Tablet,South,0,11.86,2023-06-08 02:22:00+00:00
741812,35-44,F,Housing,Web,Midwest,0,3.63,2023-05-25 00:29:00+00:00
741838,35-44,F,Housing,Mobile,Midwest,0,7.0,2023-06-25 19:33:00+00:00
741842,55+,F,Housing,Mobile,South,0,12.7675,2023-04-05 22:30:00+00:00
741850,35-44,F,Housing,Mobile,Midwest,0,12.54,2023-05-13 12:01:00+00:00
741851,25-34,F,Housing,Mobile,Northeast,1,12.66,2023-02-28 10:42:00+00:00
741880,55+,F,Housing,Mobile,South,1,12.3,2023-01-21 08:02:00+00:00
741888,35-44,F,Housing,Mobile,Midwest,0,1.0813,2023-01-06 17:09:00+00:00
741892,18-24,F,Housing,Web,Northeast,0,11.44,2023-06-07 13:22:00+00:00
741901,25-34,F,Housing,Tablet,Northeast,0,6.52,2023-06-21 03:33:00+00:00
741905,55+,F,Housing,Web,South,0,1.57,2023-06-06 00:30:00+00:00
741915,55+,F,Housing,Mobile,South,0,10.2163,2023-01-14 13:53:00+00:00
741926,35-44,F,Housing,Tablet,Midwest,0,5.2412,2023-04-24 17:41:00+00:00
741943,18-24,F,Housing,Tablet,Northeast,0,8.24,2023-06-07 01:56:00+00:00
741951,25-34,F,Housing,Mobile,Northeast,0,8.54,2023-02-02 20:47:00+00:00
741952,18-24,F,Housing,Web,Northeast,1,15.24,2023-06-17 11:58:00+00:00
741959,35-44,F,Housing,Mobile,Midwest,1,2.9188,2023-01-16 15:53:00+00:00
741989,55+,F,Housing,Mobile,South,0,9.93,2023-02-14 08:14:00+00:00
741992,35-44,F,Housing,Tablet,Midwest,0,7.0625,2023-05-11 10:27:00+00:00
742001,25-34,F,Housing,Mobile,Northeast,1,8.46,2023-03-30 16:29:00+00:00
742003,55+,F,Housing,Web,South,1,13.44,2023-03-19 05:36:00+00:00
742021,35-44,F,Housing,Web,Midwest,0,9.68,2023-06-19 13:58:00+00:00
742028,55+,F,Housing,Web,South,0,10.8063,2023-05-06 05:52:00+00:00
742033,18-24,F,Housing,Mobile,Northeast,0,10.62,2023-02-26 08:33:00+00:00
742036,55+,F,Housing,Tablet,South,0,8.86,2023-03-30 16:38:00+00:00
742051,25-34,F,Housing,Tablet,Northeast,0,9.66,2023-04-19 00:41:00+00:00
742058,55+,F,Housing,Mobile,South,0,11.085,2023-01-29 04:21:00+00:00
742074,35-44,F,Housing,Web,Midwest,1,7.7387,2023-06-01 07:21:00+00:00
742078,18-24,F,Housing,Mobile,Northeast,0,7.72,2023-03-13 11:35:00+00:00
742100,18-24,F,Housing,Mobile,Northeast,0,9.035,2023-01-09 20:01:00+00:00
742101,25-34,F,Housing,Mobile,Northeast,0,5.96,2023-03-25 23:20:00+00:00
742105,35-44,F,Housing,Tablet,Midwest,1,11.94,2023-05-23 22:20:00+00:00
742113,18-24,F,Housing,Tablet,Northeast,1,5.51,2023-04-19 00:41:00+00:00
742124,35-44,F,Housing,Tablet,Midwest,1,6.5325,2023-01-27 02:38:00+00:00
742127,35-44,F,Housing,Mobile,Midwest,1,10.0425,2023-02-24 18:07:00+00:00
742149,35-44,F,Housing,Web,Midwest,0,8.6412,2023-06-23 17:24:00+00:00
742151,25-34,F,Housing,Web,Northeast,0,8.96,2023-04-24 17:59:00+00:00
742155,35-44,F,Housing,Mobile,Midwest,1,9.7375,2023-01-31 06:21:00+00:00
742159,55+,F,Housing,Tablet,South,0,13.48,2023-01-20 07:11:00+00:00
742160,55+,F,Housing,Tablet,South,0,3.5987,2023-06-29 23:34:00+00:00
742166,35-44,F,Housing,Tablet,Midwest,1,10.195,2023-06-06 12:30:00+00:00
742195,35-44,F,Housing,Mobile,Midwest,0,9.38,2023-06-04 10:56:00+00:00
742201,25-34,F,Housing,Web,Northeast,0,5.66,2023-04-19 12:15:00+00:00
742211,55+,F,Housing,Web,South,0,1.2237,2023-04-10 03:05:00+00:00
742220,35-44,F,Housing,Mobile,Midwest,0,7.62,2023-04-07 00:56:00+00:00
742233,55+,F,Housing,Tablet,South,0,7.4112,2023-05-30 17:55:00+00:00
742242,55+,F,Housing,Mobile,South,0,2.435,2023-03-10 20:35:00+00:00
742251,25-34,F,Housing,Mobile,Northeast,0,11.82,2023-02-26 20:08:00+00:00
742252,55+,F,Housing,Tablet,South,1,14.06,2023-05-09 20:44:00+00:00
742254,55+,F,Housing,Web,South,0,3.1662,2023-04-24 05:24:00+00:00
742255,18-24,F,Housing,Web,Northeast,0,9.96,2023-03-25 11:20:00+00:00
742269,18-24,F,Housing,Tablet,Northeast,0,4.4775,2023-03-24 22:03:00+00:00
742271,18-24,F,Housing,Tablet,Northeast,0,9.71,2023-03-30 16:46:00+00:00
742272,18-24,F,Housing,Tablet,Northeast,0,9.0463,2023-02-27 21:25:00+00:00
742276,35-44,F,Housing,Tablet,Midwest,0,6.18,2023-04-05 10:13:00+00:00
742286,35-44,F,Housing,Web,Midwest,0,11.9225,2023-05-19 18:11:00+00:00
742293,18-24,F,Housing,Tablet,Northeast,0,5.6787,2023-02-13 07:31:00+00:00
742301,25-34,F,Housing,Web,Northeast,0,12.02,2023-06-16 10:23:00+00:00
742303,18-24,F,Housing,Mobile,Northeast,0,13.16,2023-06-13 19:49:00+00:00
742308,55+,F,Housing,Tablet,South,0,11.3175,2023-04-05 22:22:00+00:00
742328,18-24,F,Housing,Mobile,Northeast,0,8.4187,2023-06-25 07:42:00+00:00
742343,35-44,F,Housing,Tablet,Midwest,0,5.8525,2023-03-04 02:08:00+00:00
742351,25-34,F,Housing,Mobile,Northeast,0,9.14,2023-05-03 14:34:00+00:00
742361,55+,F,Housing,Mobile,South,0,9.2012,2023-06-11 17:31:00+00:00
742369,35-44,F,Housing,Mobile,Midwest,1,8.02,2023-01-27 14:55:00+00:00
742387,35-44,F,Housing,Mobile,Midwest,0,6.46,2023-06-18 12:15:00+00:00
742392,18-24,F,Housing,Web,Northeast,0,5.6813,2023-01-26 01:12:00+00:00
742395,55+,F,Housing,Mobile,South,0,7.2,2023-05-01 00:08:00+00:00
742401,25-34,F,Housing,Web,Northeast,0,14.44,2023-04-18 11:58:00+00:00
742406,35-44,F,Housing,Web,Midwest,0,6.2287,2023-02-13 07:40:00+00:00
742411,35-44,F,Housing,Tablet,Midwest,0,11.1,2023-03-22 20:28:00+00:00
742415,35-44,F,Housing,Web,Midwest,0,9.3513,2023-03-23 09:54:00+00:00
742426,18-24,F,Housing,Tablet,Northeast,1,6.82,2023-01-27 02:20:00+00:00
742448,35-44,F,Housing,Web,Midwest,0,6.3987,2023-03-01 23:42:00+00:00
742450,18-24,F,Housing,Tablet,Northeast,1,12.84,2023-04-18 11:06:00+00:00
742451,25-34,F,Housing,Tablet,Northeast,1,10.18,2023-04-05 10:47:00+00:00
742457,35-44,F,Housing,Web,Midwest,0,5.5725,2023-05-19 18:45:00+00:00
742458,55+,F,Housing,Web,South,1,6.6562,2023-06-15 21:23:00+00:00
742469,55+,F,Housing,Mobile,South,0,12.6587,2023-06-17 23:15:00+00:00
742480,35-44,F,Housing,Mobile,Midwest,0,8.68,2023-05-20 19:28:00+00:00
742500,55+,F,Housing,Tablet,South,0,4.31,2023-04-19 00:15:00+00:00
742501,25-34,F,Housing,Web,Northeast,0,7.64,2023-03-29 15:46:00+00:00
742506,55+,F,Housing,Tablet,South,0,5.5825,2023-02-16 10:58:00+00:00
742527,55+,F,Housing,Mobile,South,1,1.565,2023-06-22 04:33:00+00:00
742545,18-24,F,Housing,Tablet,Northeast,0,3.1675,2023-01-15 14:02:00+00:00
742546,35-44,F,Housing,Web,Midwest,0,7.34,2023-02-22 04:58:00+00:00
742551,25-34,F,Housing,Web,Northeast,0,7.14,2023-06-12 06:14:00+00:00
742556,35-44,F,Housing,Mobile,Midwest,0,3.0513,2023-03-03 01:00:00+00:00
742561,35-44,F,Housing,Mobile,Midwest,0,12.14,2023-04-23 16:07:00+00:00
742562,55+,F,Housing,Tablet,South,0,8.98,2023-05-05 16:34:00+00:00
742569,18-24,F,Housing,Mobile,Northeast,0,3.43,2023-05-25 00:12:00+00:00
742601,25-34,F,Housing,Mobile,Northeast,0,14.94,2023-03-14 12:36:00+00:00
742624,35-44,F,Housing,Web,Midwest,0,14.8,2023-05-06 05:17:00+00:00
742642,18-24,F,Housing,Mobile,Northeast,0,13.88,2023-06-09 03:39:00+00:00
742651,25-34,F,Housing,Tablet,Northeast,1,14.36,2023-05-24 11:03:00+00:00
742652,55+,F,Housing,Tablet,South,0,0.96,2023-01-09 08:26:00+00:00
742657,18-24,F,Housing,Mobile,Northeast,0,12.6,2023-06-25 19:16:00+00:00
742662,55+,F,Housing,Tablet,South,0,11.86,2023-05-09 08:26:00+00:00
742676,18-24,F,Housing,Tablet,Northeast,0,11.8712,2023-02-27 09:25:00+00:00
742680,18-24,F,Housing,Mobile,Northeast,0,12.5975,2023-02-08 14:22:00+00:00
742690,55+,F,Housing,Tablet,South,0,6.78,2023-06-14 08:23:00+00:00
742699,55+,F,Housing,Tablet,South,0,13.52,2023-02-11 17:23:00+00:00
742701,25-34,F,Housing,Mobile,Northeast,0,11.6,2023-03-07 05:17:00+00:00
742703,18-24,F,Housing,Web,Northeast,0,0.7937,2023-06-25 19:50:00+00:00
742709,55+,F,Housing,Web,South,0,2.7475,2023-06-28 22:59:00+00:00
742714,35-44,F,Housing,Web,Midwest,0,11.28,2023-03-11 21:01:00+00:00
742733,35-44,F,Housing,Web,Midwest,0,11.7675,2023-01-15 14:44:00+00:00
742736,18-24,F,Housing,Mobile,Northeast,0,6.7025,2023-02-12 18:06:00+00:00
742739,55+,F,Housing,Web,South,1,4.875,2023-01-01 12:51:00+00:00
742745,55+,F,Housing,Tablet,South,0,11.0675,2023-02-04 22:47:00+00:00
742747,35-44,F,Housing,Mobile,Midwest,0,8.96,2023-02-23 17:41:00+00:00
742748,35-44,F,Housing,Tablet,Midwest,0,1.365,2023-02-02 20:47:00+00:00
742751,25-34,F,Housing,Mobile,Northeast,0,6.66,2023-02-28 10:16:00+00:00
742754,35-44,F,Housing,Mobile,Midwest,0,12.4913,2023-03-15 01:01:00+00:00
742761,55+,F,Housing,Tablet,South,0,12.4938,2023-05-16 03:45:00+00:00
742771,35-44,F,Housing,Web,Midwest,0,14.76,2023-05-04 03:34:00+00:00
742777,18-24,F,Housing,Web,Northeast,0,6.68,2023-03-21 19:54:00+00:00
742781,35-44,F,Housing,Mobile,Midwest,1,1.9712,2023-05-18 17:45:00+00:00
742784,35-44,F,Housing,Web,Midwest,0,11.4825,2023-02-16 10:06:00+00:00
742794,18-24,F,Housing,Tablet,Northeast,1,12.8262,2023-05-22 21:45:00+00:00
742796,55+,F,Housing,Mobile,South,0,8.2375,2023-05-31 06:47:00+00:00
742801,25-34,F,Housing,Web,Northeast,1,12.04,2023-03-09 19:52:00+00:00
742806,55+,F,Housing,Web,South,0,5.08,2023-01-25 00:03:00+00:00
742816,35-44,F,Housing,Tablet,Midwest,0,10.76,2023-04-14 19:57:00+00:00
742821,55+,F,Housing,Mobile,South,0,3.8188,2023-04-06 23:47:00+00:00
742827,18-24,F,Housing,Mobile,Northeast,0,2.2912,2023-05-14 01:01:00+00:00
742832,18-24,F,Housing,Web,Northeast,0,8.6288,2023-05-24 23:46:00+00:00
742838,35-44,F,Housing,Web,Midwest,0,10.885,2023-05-09 20:35:00+00:00
742840,18-24,F,Housing,Tablet,Northeast,1,14.18,2023-04-05 22:39:00+00:00
742847,55+,F,Housing,Tablet,South,0,3.6187,2023-06-05 23:56:00+00:00
742851,25-34,F,Housing,Web,Northeast,0,6.72,2023-05-22 21:11:00+00:00
742854,55+,F,Housing,Tablet,South,0,2.5975,2023-02-08 14:22:00+00:00
742863,55+,F,Housing,Mobile,South,0,12.9637,2023-05-12 11:27:00+00:00
742874,18-24,F,Housing,Tablet,Northeast,0,6.3213,2023-03-19 17:28:00+00:00
742899,55+,F,Housing,Tablet,South,0,1.495,2023-02-26 20:25:00+00:00
742901,25-34,F,Housing,Mobile,Northeast,0,10.76,2023-02-13 19:40:00+00:00
742925,35-44,F,Housing,Tablet,Midwest,0,8.0188,2023-04-06 23:30:00+00:00
742951,25-34,F,Housing,Mobile,Northeast,0,5.76,2023-03-15 01:27:00+00:00
742964,35-44,F,Housing,Web,Midwest,0,4.5163,2023-06-03 21:04:00+00:00
742972,35-44,F,Housing,Tablet,Midwest,1,9.52,2023-02-11 05:40:00+00:00
742975,18-24,F,Housing,Mobile,Northeast,1,14.08,2023-06-19 01:32:00+00:00
742976,35-44,F,Housing,Web,Midwest,0,3.425,2023-03-22 20:37:00+00:00
742980,18-24,F,Housing,Mobile,Northeast,1,1.7612,2023-02-19 01:49:00+00:00
742984,35-44,F,Housing,Tablet,Midwest,0,9.32,2023-01-12 23:27:00+00:00
742999,18-24,F,Housing,Mobile,Northeast,0,6.08,2023-01-10 09:09:00+00:00
743001,25-34,F,Housing,Mobile,Northeast,0,7.32,2023-01-12 23:44:00+00:00
743009,55+,F,Housing,Web,South,0,8.6862,2023-03-11 21:09:00+00:00
743018,35-44,F,Housing,Web,Midwest,0,1.5475,2023-04-29 22:51:00+00:00
743040,55+,F,Housing,Tablet,South,0,9.7425,2023-04-05 10:04:00+00:00
743051,25-34,F,Housing,Mobile,Northeast,0,11.66,2023-01-09 08:35:00+00:00
743061,18-24,F,Housing,Tablet,Northeast,0,7.3838,2023-05-28 03:38:00+00:00
743062,35-44,F,Housing,Web,Midwest,0,12.84,2023-03-09 07:26:00+00:00
743065,18-24,F,Housing,Web,Northeast,1,7.82,2023-04-27 08:42:00+00:00
743085,18-24,F,Housing,Tablet,Northeast,1,4.3037,2023-04-14 19:49:00+00:00
743101,25-34,F,Housing,Mobile,Northeast,0,6.42,2023-02-16 10:32:00+00:00
743135,55+,F,Housing,Tablet,South,0,7.8563,2023-01-26 13:12:00+00:00
743142,55+,F,Housing,Mobile,South,0,3.3075,2023-04-17 22:49:00+00:00
743151,25-34,F,Housing,Web,Northeast,1,13.56,2023-01-24 11:11:00+00:00
743154,55+,F,Housing,Web,South,0,12.9588,2023-02-17 23:15:00+00:00
743157,18-24,F,Housing,Tablet,Northeast,0,10.6862,2023-03-31 05:21:00+00:00
743164,35-44,F,Housing,Tablet,Midwest,0,5.72,2023-02-21 15:58:00+00:00
743178,18-24,F,Housing,Web,Northeast,0,1.3838,2023-03-29 03:38:00+00:00
743195,18-24,F,Housing,Web,Northeast,0,6.4662,2023-02-23 05:59:00+00:00
743201,25-34,F,Housing,Web,Northeast,0,7.98,2023-03-06 16:34:00+00:00
743218,55+,F,Housing,Mobile,South,0,10.7,2023-05-21 20:20:00+00:00
743231,35-44,F,Housing,Mobile,Midwest,0,8.9187,2023-02-25 07:50:00+00:00
743234,35-44,F,Housing,Web,Midwest,1,3.8425,2023-03-16 02:02:00+00:00
743237,35-44,F,Housing,Web,Midwest,0,8.2012,2023-05-02 01:00:00+00:00
743245,35-44,F,Housing,Web,Midwest,0,13.32,2023-02-21 03:24:00+00:00
743251,25-34,F,Housing,Mobile,Northeast,0,12.6,2023-02-25 07:50:00+00:00
743254,55+,F,Housing,Web,South,0,6.24,2023-04-28 21:51:00+00:00
743260,55+,F,Housing,Web,South,1,12.22,2023-03-18 16:19:00+00:00
743272,55+,F,Housing,Mobile,South,0,15.26,2023-01-29 04:38:00+00:00
743273,35-44,F,Housing,Web,Midwest,0,11.635,2023-01-09 20:18:00+00:00
743280,55+,F,Housing,Web,South,1,9.92,2023-06-26 08:08:00+00:00
743283,18-24,F,Housing,Tablet,Northeast,0,7.6225,2023-05-19 18:02:00+00:00
743301,25-34,F,Housing,Web,Northeast,0,11.2,2023-02-15 21:32:00+00:00
743322,18-24,F,Housing,Web,Northeast,0,6.7287,2023-03-25 23:54:00+00:00
743351,25-34,F,Housing,Tablet,Northeast,1,13.78,2023-06-04 10:22:00+00:00
743353,18-24,F,Housing,Web,Northeast,1,11.9,2023-04-11 16:57:00+00:00
743374,55+,F,Housing,Mobile,South,0,6.98,2023-04-25 06:59:00+00:00
743393,55+,F,Housing,Mobile,South,0,12.5488,2023-06-09 15:05:00+00:00
743399,18-24,F,Housing,Web,Northeast,0,3.85,2023-05-21 08:20:00+00:00
743401,25-34,F,Housing,Web,Northeast,0,13.6,2023-01-26 13:12:00+00:00
743402,55+,F,Housing,Mobile,South,1,8.0125,2023-04-01 18:30:00+00:00
743404,55+,F,Housing,Mobile,South,0,6.74,2023-03-24 22:28:00+00:00
743420,55+,F,Housing,Mobile,South,0,8.3187,2023-04-26 07:59:00+00:00
743427,35-44,F,Housing,Tablet,Midwest,1,10.16,2023-06-18 00:32:00+00:00
743428,18-24,F,Housing,Tablet,Northeast,0,9.72,2023-06-01 19:13:00+00:00
743430,35-44,F,Housing,Tablet,Midwest,0,6.0287,2023-02-13 07:14:00+00:00
743451,25-34,F,Housing,Tablet,Northeast,1,10.88,2023-05-10 21:01:00+00:00
743470,35-44,F,Housing,Mobile,Midwest,0,9.44,2023-01-18 05:02:00+00:00
743481,35-44,F,Housing,Mobile,Midwest,0,12.2012,2023-05-02 01:17:00+00:00
743501,25-34,F,Housing,Web,Northeast,0,12.52,2023-02-01 19:30:00+00:00
743512,18-24,F,Housing,Web,Northeast,1,11.94,2023-02-12 06:06:00+00:00
743534,18-24,F,Housing,Tablet,Northeast,0,8.5988,2023-02-09 15:48:00+00:00
743547,35-44,F,Housing,Mobile,Midwest,0,12.0512,2023-03-03 01:00:00+00:00
743550,55+,F,Housing,Tablet,South,0,6.3487,2023-02-09 15:31:00+00:00
743551,25-34,F,Housing,Tablet,Northeast,0,12.02,2023-05-27 02:38:00+00:00
743558,18-24,F,Housing,Web,Northeast,1,2.485,2023-01-29 04:46:00+00:00
743562,35-44,F,Housing,Web,Midwest,0,3.37,2023-03-18 16:02:00+00:00
743569,35-44,F,Housing,Mobile,Midwest,0,14.72,2023-01-02 13:17:00+00:00
743576,35-44,F,Housing,Web,Midwest,0,9.01,2023-05-09 08:18:00+00:00
743591,35-44,F,Housing,Mobile,Midwest,1,9.535,2023-03-10 20:18:00+00:00
743600,35-44,F,Housing,Web,Midwest,1,9.8537,2023-05-04 03:26:00+00:00
743601,25-34,F,Housing,Tablet,Northeast,0,5.92,2023-01-02 13:25:00+00:00
743602,55+,F,Housing,Web,South,1,8.74,2023-01-03 02:08:00+00:00
743608,18-24,F,Housing,Mobile,Northeast,0,7.18,2023-03-26 00:12:00+00:00
743624,18-24,F,Housing,Mobile,Northeast,1,6.4525,2023-01-23 10:20:00+00:00
743639,35-44,F,Housing,Tablet,Midwest,0,10.5675,2023-01-15 14:27:00+00:00
743641,55+,F,Housing,Tablet,South,0,11.9,2023-01-21 20:54:00+00:00
743651,25-34,F,Housing,Web,Northeast,0,12.1,2023-03-12 22:35:00+00:00
743665,35-44,F,Housing,Mobile,Midwest,0,11.26,2023-04-19 12:49:00+00:00
743667,18-24,F,Housing,Mobile,Northeast,1,4.89,2023-05-13 00:10:00+00:00
743671,18-24,F,Housing,Mobile,Northeast,0,7.68,2023-03-31 17:38:00+00:00
743672,55+,F,Housing,Tablet,South,0,3.7388,2023-04-22 15:24:00+00:00
743679,55+,F,Housing,Mobile,South,0,12.9488,2023-01-20 07:37:00+00:00
743680,18-24,F,Housing,Web,Northeast,0,8.02,2023-05-07 18:18:00+00:00
743694,55+,F,Housing,Tablet,South,0,6.52,2023-06-26 08:25:00+00:00
743701,25-34,F,Housing,Mobile,Northeast,0,9.22,2023-05-07 18:09:00+00:00
743712,18-24,F,Housing,Web,Northeast,0,12.0762,2023-03-23 21:11:00+00:00
743732,35-44,F,Housing,Mobile,Midwest,1,5.4813,2023-03-07 17:52:00+00:00
743742,18-24,F,Housing,Web,Northeast,0,6.2925,2023-02-24 18:59:00+00:00
743743,18-24,F,Housing,Tablet,Northeast,1,7.52,2023-02-11 17:40:00+00:00
743747,55+,F,Housing,Web,South,0,10.4325,2023-06-16 10:58:00+00:00
743751,25-34,F,Housing,Web,Northeast,1,8.76,2023-03-05 15:43:00+00:00
743761,35-44,F,Housing,Web,Midwest,1,7.24,2023-04-18 23:41:00+00:00
743780,35-44,F,Housing,Mobile,Midwest,0,5.635,2023-04-19 12:58:00+00:00
743784,18-24,F,Housing,Tablet,Northeast,0,5.4588,2023-01-08 07:09:00+00:00
743787,18-24,F,Housing,Mobile,Northeast,0,11.89,2023-04-23 16:50:00+00:00
743789,55+,F,Housing,Tablet,South,0,4.5012,2023-04-12 17:23:00+00:00
743791,18-24,F,Housing,Mobile,Northeast,1,7.94,2023-04-13 18:31:00+00:00
743801,25-34,F,Housing,Web,Northeast,0,9.82,2023-02-06 00:56:00+00:00
743803,35-44,F,Housing,Mobile,Midwest,0,13.52,2023-03-23 21:37:00+00:00
743805,55+,F,Housing,Web,South,1,12.8588,2023-02-17 23:32:00+00:00
743820,18-24,F,Housing,Mobile,Northeast,1,10.0625,2023-06-20 02:24:00+00:00
743837,55+,F,Housing,Tablet,South,1,12.1188,2023-06-05 23:39:00+00:00
743851,25-34,F,Housing,Web,Northeast,0,7.94,2023-02-12 18:14:00+00:00
743858,55+,F,Housing,Mobile,South,0,10.0288,2023-05-04 15:17:00+00:00
743873,55+,F,Housing,Mobile,South,0,5.4363,2023-01-10 21:44:00+00:00
743890,35-44,F,Housing,Web,Midwest,0,15.2,2023-01-26 13:20:00+00:00
743901,25-34,F,Housing,Mobile,Northeast,1,7.44,2023-04-08 01:56:00+00:00
743902,35-44,F,Housing,Mobile,Midwest,1,15.3,2023-06-20 02:24:00+00:00
743903,55+,F,Housing,Mobile,South,0,11.7438,2023-02-25 19:16:00+00:00
743923,55+,F,Housing,Mobile,South,0,8.0,2023-02-15 21:32:00+00:00
743936,55+,F,Housing,Tablet,South,1,10.8287,2023-01-24 23:11:00+00:00
743947,55+,F,Housing,Web,South,0,7.06,2023-01-19 18:02:00+00:00
743951,25-34,F,Housing,Web,Northeast,0,13.02,2023-03-18 16:10:00+00:00
743953,18-24,F,Housing,Mobile,Northeast,0,13.08,2023-03-21 19:54:00+00:00
743964,35-44,F,Housing,Mobile,Midwest,0,10.185,2023-02-18 12:49:00+00:00
743994,35-44,F,Housing,Web,Midwest,0,2.695,2023-03-18 04:19:00+00:00
744001,25-34,F,Housing,Tablet,Northeast,0,6.26,2023-06-08 14:39:00+00:00
744018,18-24,F,Housing,Tablet,Northeast,1,10.3912,2023-03-15 01:10:00+00:00
744032,35-44,F,Housing,Mobile,Midwest,1,3.6775,2023-03-04 14:34:00+00:00
744047,35-44,F,Housing,Tablet,Midwest,0,5.7412,2023-04-24 17:41:00+00:00
744051,25-34,F,Housing,Mobile,Northeast,0,10.44,2023-03-09 07:09:00+00:00
744068,18-24,F,Housing,Tablet,Northeast,1,11.3925,2023-01-15 02:02:00+00:00
744075,18-24,F,Housing,Mobile,Northeast,1,11.205,2023-01-05 04:09:00+00:00
744085,18-24,F,Housing,Mobile,Northeast,0,10.54,2023-06-02 20:21:00+00:00
744090,35-44,F,Housing,Mobile,Midwest,0,1.505,2023-05-25 12:37:00+00:00
744101,25-34,F,Housing,Mobile,Northeast,0,12.34,2023-02-12 06:31:00+00:00
744104,55+,F,Housing,Mobile,South,0,12.5938,2023-05-16 03:27:00+00:00
744105,55+,F,Housing,Tablet,South,1,12.4288,2023-06-13 07:40:00+00:00
744114,18-24,F,Housing,Tablet,Northeast,1,3.735,2023-01-29 04:38:00+00:00
744133,35-44,F,Housing,Mobile,Midwest,1,12.12,2023-02-01 07:04:00+00:00
744135,35-44,F,Housing,Tablet,Midwest,0,9.125,2023-06-10 04:31:00+00:00
744141,18-24,F,Housing,Tablet,Northeast,1,8.58,2023-03-06 16:34:00+00:00
744151,25-34,F,Housing,Web,Northeast,0,6.72,2023-01-22 09:03:00+00:00
744154,18-24,F,Housing,Tablet,Northeast,0,15.3,2023-01-31 06:55:00+00:00
744164,18-24,F,Housing,Web,Northeast,0,8.7063,2023-01-06 05:52:00+00:00
744172,18-24,F,Housing,Tablet,Northeast,0,15.12,2023-06-11 05:40:00+00:00
744182,35-44,F,Housing,Mobile,Midwest,1,12.785,2023-03-30 04:12:00+00:00
744200,35-44,F,Housing,Tablet,Midwest,1,0.76,2023-01-29 16:12:00+00:00
744201,25-34,F,Housing,Tablet,Northeast,0,15.44,2023-02-27 21:16:00+00:00
744242,55+,F,Housing,Web,South,0,5.9787,2023-03-25 23:54:00+00:00
744251,25-34,F,Housing,Mobile,Northeast,0,12.44,2023-04-18 11:32:00+00:00
744275,35-44,F,Housing,Tablet,Midwest,1,3.045,2023-06-06 12:48:00+00:00
744277,18-24,F,Housing,Mobile,Northeast,0,10.5,2023-03-12 10:01:00+00:00
744282,55+,F,Housing,Tablet,South,0,1.1825,2023-01-07 18:43:00+00:00
744288,35-44,F,Housing,Mobile,Midwest,0,0.8812,2023-03-27 01:37:00+00:00
744289,55+,F,Housing,Tablet,South,0,10.5,2023-01-31 06:55:00+00:00
744299,18-24,F,Housing,Mobile,Northeast,0,9.01,2023-03-30 16:04:00+00:00
744301,25-34,F,Housing,Web,Northeast,0,6.54,2023-06-02 20:13:00+00:00
744320,35-44,F,Housing,Web,Midwest,0,2.9425,2023-05-15 02:27:00+00:00
744333,55+,F,Housing,Tablet,South,1,6.3075,2023-03-28 14:12:00+00:00
744335,35-44,F,Housing,Tablet,Midwest,0,1.6138,2023-02-21 03:07:00+00:00
744351,25-34,F,Housing,Tablet,Northeast,0,14.98,2023-05-15 02:53:00+00:00
744356,55+,F,Housing,Mobile,South,0,11.515,2023-05-13 12:53:00+00:00
744401,25-34,F,Housing,Tablet,Northeast,0,11.32,2023-04-22 15:07:00+00:00
744410,55+,F,Housing,Mobile,South,0,1.9463,2023-06-27 21:42:00+00:00
744414,18-24,F,Housing,Web,Northeast,1,2.1262,2023-01-02 13:43:00+00:00
744415,18-24,F,Housing,Tablet,Northeast,1,12.76,2023-01-04 03:00:00+00:00
744439,35-44,F,Housing,Web,Midwest,0,15.04,2023-06-07 01:39:00+00:00
744441,18-24,F,Housing,Mobile,Northeast,0,4.7188,2023-03-17 15:02:00+00:00
744444,35-44,F,Housing,Tablet,Midwest,0,1.9638,2023-03-13 11:53:00+00:00
744447,35-44,F,Housing,Mobile,Midwest,0,12.6613,2023-04-20 01:07:00+00:00
744451,25-34,F,Housing,Mobile,Northeast,1,8.46,2023-05-29 16:29:00+00:00
744476,35-44,F,Housing,Tablet,Midwest,1,0.9838,2023-01-08 19:43:00+00:00
744481,35-44,F,Housing,Mobile,Midwest,0,5.6,2023-05-26 13:20:00+00:00
744491,18-24,F,Housing,Tablet,Northeast,0,7.6437,2023-04-26 19:42:00+00:00
744493,18-24,F,Housing,Tablet,Northeast,0,7.88,2023-04-10 03:39:00+00:00
744501,25-34,F,Housing,Tablet,Northeast,1,7.76,2023-04-04 21:04:00+00:00
744507,35-44,F,Housing,Tablet,Midwest,1,7.4238,2023-04-30 11:34:00+00:00
744535,18-24,F,Housing,Tablet,Northeast,0,10.2,2023-06-05 11:13:00+00:00
744539,35-44,F,Housing,Web,Midwest,0,3.0762,2023-03-23 21:20:00+00:00
744551,25-34,F,Housing,Mobile,Northeast,0,10.22,2023-06-26 08:42:00+00:00
744552,18-24,F,Housing,Mobile,Northeast,0,6.3075,2023-05-27 14:03:00+00:00
744559,55+,F,Housing,Web,South,0,9.26,2023-01-09 08:09:00+00:00
744563,55+,F,Housing,Web,South,0,10.22,2023-02-06 00:39:00+00:00
744565,55+,F,Housing,Web,South,0,7.48,2023-02-09 15:39:00+00:00
744574,18-24,F,Housing,Mobile,Northeast,1,10.38,2023-05-25 00:54:00+00:00
744580,35-44,F,Housing,Mobile,Midwest,1,10.12,2023-03-13 23:18:00+00:00
744586,55+,F,Housing,Web,South,0,7.82,2023-02-26 08:50:00+00:00
744598,35-44,F,Housing,Web,Midwest,0,10.08,2023-03-31 05:29:00+00:00
744601,25-34,F,Housing,Tablet,Northeast,0,13.92,2023-02-11 05:48:00+00:00
744629,35-44,F,Housing,Mobile,Midwest,1,7.7138,2023-03-13 11:44:00+00:00
744636,18-24,F,Housing,Tablet,Northeast,1,11.9337,2023-03-29 03:03:00+00:00
744642,35-44,F,Housing,Tablet,Midwest,0,11.1225,2023-02-08 02:05:00+00:00
744647,18-24,F,Housing,Tablet,Northeast,1,7.4775,2023-04-13 06:31:00+00:00
744651,25-34,F,Housing,Tablet,Northeast,0,5.96,2023-01-04 03:51:00+00:00
744655,18-24,F,Housing,Web,Northeast,1,7.56,2023-06-13 19:14:00+00:00
744659,35-44,F,Housing,Mobile,Midwest,0,12.3462,2023-04-08 13:22:00+00:00
744662,55+,F,Housing,Web,South,0,7.1863,2023-01-30 05:55:00+00:00
744666,18-24,F,Housing,Mobile,Northeast,0,7.13,2023-02-14 08:57:00+00:00
744693,55+,F,Housing,Mobile,South,1,7.405,2023-02-14 20:57:00+00:00
744701,25-34,F,Housing,Mobile,Northeast,0,9.74,2023-05-13 00:18:00+00:00
744704,55+,F,Housing,Mobile,South,0,0.6725,2023-02-28 10:25:00+00:00
744707,55+,F,Housing,Web,South,0,10.18,2023-01-05 16:09:00+00:00
744713,18-24,F,Housing,Tablet,Northeast,0,8.1662,2023-03-15 13:19:00+00:00
744716,18-24,F,Housing,Mobile,Northeast,1,2.475,2023-04-11 04:22:00+00:00
744719,55+,F,Housing,Web,South,0,9.265,2023-06-02 20:30:00+00:00
744720,35-44,F,Housing,Web,Midwest,0,11.635,2023-03-30 04:46:00+00:00
744721,55+,F,Housing,Web,South,1,5.96,2023-01-04 15:17:00+00:00
744727,35-44,F,Housing,Web,Midwest,0,8.46,2023-01-09 20:44:00+00:00
744746,18-24,F,Housing,Mobile,Northeast,0,10.8837,2023-01-08 19:43:00+00:00
744751,25-34,F,Housing,Tablet,Northeast,0,9.46,2023-04-29 10:42:00+00:00
744763,18-24,F,Housing,Mobile,Northeast,0,6.52,2023-01-12 11:53:00+00:00
744764,18-24,F,Housing,Web,Northeast,0,1.5375,2023-01-31 06:21:00+00:00
744774,35-44,F,Housing,Web,Midwest,0,7.385,2023-02-18 12:24:00+00:00
744780,35-44,F,Housing,Web,Midwest,0,1.0737,2023-01-20 19:19:00+00:00
744788,55+,F,Housing,Web,South,0,12.5213,2023-03-19 17:11:00+00:00
744790,35-44,F,Housing,Mobile,Midwest,1,13.6,2023-03-07 05:35:00+00:00
744796,55+,F,Housing,Web,South,0,7.82,2023-02-26 08:08:00+00:00
744800,55+,F,Housing,Mobile,South,0,1.6438,2023-02-25 19:42:00+00:00
744801,25-34,F,Housing,Mobile,Northeast,1,7.9,2023-02-10 16:31:00+00:00
744826,55+,F,Housing,Tablet,South,0,10.4,2023-04-16 09:49:00+00:00
744827,55+,F,Housing,Tablet,South,1,11.9575,2023-02-16 22:49:00+00:00
744829,55+,F,Housing,Tablet,South,0,13.22,2023-06-16 10:32:00+00:00
744848,55+,F,Housing,Web,South,0,7.3637,2023-01-12 11:53:00+00:00
744851,25-34,F,Housing,Web,Northeast,0,7.18,2023-05-05 04:34:00+00:00
744852,35-44,F,Housing,Tablet,Midwest,0,1.135,2023-05-09 20:26:00+00:00
744901,25-34,F,Housing,Mobile,Northeast,0,11.74,2023-01-13 00:27:00+00:00
744937,55+,F,Housing,Web,South,0,6.54,2023-01-13 12:27:00+00:00
744944,35-44,F,Housing,Mobile,Midwest,0,0.9075,2023-05-27 14:46:00+00:00
744947,55+,F,Housing,Tablet,South,0,8.6375,2023-01-31 06:04:00+00:00
744951,25-34,F,Housing,Tablet,Northeast,0,9.14,2023-05-03 14:51:00+00:00
744971,18-24,F,Housing,Mobile,Northeast,0,11.2975,2023-02-28 22:42:00+00:00
744974,35-44,F,Housing,Mobile,Midwest,0,1.0675,2023-06-04 22:47:00+00:00
744975,18-24,F,Housing,Mobile,Northeast,0,12.8625,2023-02-20 02:24:00+00:00
744988,18-24,F,Housing,Web,Northeast,1,7.16,2023-02-13 19:14:00+00:00
745001,25-34,F,Housing,Tablet,Northeast,1,8.74,2023-05-23 22:11:00+00:00
745004,35-44,F,Housing,Tablet,Midwest,1,2.7588,2023-04-18 23:23:00+00:00
745014,18-24,F,Housing,Tablet,Northeast,0,8.605,2023-04-15 20:57:00+00:00
745021,18-24,F,Housing,Tablet,Northeast,0,9.56,2023-02-13 19:49:00+00:00
745022,35-44,F,Housing,Mobile,Midwest,0,12.8688,2023-04-26 07:50:00+00:00
745034,35-44,F,Housing,Mobile,Midwest,1,12.085,2023-05-09 20:44:00+00:00
745042,55+,F,Housing,Mobile,South,0,9.04,2023-05-18 17:45:00+00:00
745051,25-34,F,Housing,Web,Northeast,0,9.44,2023-02-27 09:08:00+00:00
745059,35-44,F,Housing,Web,Midwest,0,3.5713,2023-01-18 17:02:00+00:00
745082,55+,F,Housing,Mobile,South,0,5.175,2023-03-02 12:08:00+00:00
745101,25-34,F,Housing,Web,Northeast,1,12.46,2023-01-09 20:26:00+00:00
745124,18-24,F,Housing,Tablet,Northeast,0,1.7675,2023-02-24 06:07:00+00:00
745129,18-24,F,Housing,Mobile,Northeast,0,10.9,2023-01-11 22:35:00+00:00
745134,55+,F,Housing,Mobile,South,1,2.8338,2023-01-08 19:35:00+00:00
745138,55+,F,Housing,Tablet,South,0,11.02,2023-01-17 16:45:00+00:00
745139,35-44,F,Housing,Tablet,Midwest,0,9.3212,2023-02-07 01:48:00+00:00
745149,18-24,F,Housing,Tablet,Northeast,0,3.3138,2023-04-22 03:33:00+00:00
745151,25-34,F,Housing,Tablet,Northeast,1,7.54,2023-01-23 22:37:00+00:00
745174,18-24,F,Housing,Tablet,Northeast,0,6.5,2023-05-31 06:55:00+00:00
745175,55+,F,Housing,Mobile,South,1,11.6675,2023-04-05 22:39:00+00:00
745179,18-24,F,Housing,Mobile,Northeast,1,12.6587,2023-05-28 15:03:00+00:00
745187,18-24,F,Housing,Tablet,Northeast,0,8.3675,2023-02-24 06:42:00+00:00
745201,25-34,F,Housing,Mobile,Northeast,1,8.42,2023-02-16 10:23:00+00:00
745213,18-24,F,Housing,Mobile,Northeast,0,6.22,2023-06-06 00:05:00+00:00
745216,35-44,F,Housing,Mobile,Midwest,0,11.78,2023-02-24 18:24:00+00:00
745234,18-24,F,Housing,Web,Northeast,0,14.2,2023-02-05 23:05:00+00:00
745236,35-44,F,Housing,Mobile,Midwest,0,6.8838,2023-01-08 19:26:00+00:00
745239,18-24,F,Housing,Mobile,Northeast,0,10.8912,2023-03-15 01:44:00+00:00
745251,25-34,F,Housing,Tablet,Northeast,0,6.82,2023-01-07 06:18:00+00:00
745253,18-24,F,Housing,Mobile,Northeast,1,9.2737,2023-04-30 11:34:00+00:00
745258,55+,F,Housing,Tablet,South,0,7.62,2023-01-07 06:09:00+00:00
745301,25-34,F,Housing,Tablet,Northeast,0,9.22,2023-01-07 18:18:00+00:00
745322,55+,F,Housing,Mobile,South,0,6.4763,2023-02-11 05:23:00+00:00
745332,35-44,F,Housing,Web,Midwest,0,11.2788,2023-01-04 15:34:00+00:00
745337,55+,F,Housing,Tablet,South,0,8.37,2023-04-07 00:05:00+00:00
745339,55+,F,Housing,Tablet,South,0,9.9,2023-01-01 00:51:00+00:00
745342,35-44,F,Housing,Tablet,Midwest,0,9.04,2023-02-27 09:59:00+00:00
745348,18-24,F,Housing,Web,Northeast,1,11.24,2023-03-09 07:52:00+00:00
745351,25-34,F,Housing,Web,Northeast,1,14.24,2023-04-28 09:59:00+00:00
745356,18-24,F,Housing,Mobile,Northeast,0,7.6513,2023-03-23 09:11:00+00:00
745359,55+,F,Housing,Tablet,South,0,9.055,2023-03-26 12:46:00+00:00
745373,35-44,F,Housing,Mobile,Midwest,0,6.6937,2023-02-05 11:47:00+00:00
745379,55+,F,Housing,Web,South,0,10.0762,2023-05-02 13:08:00+00:00
745380,55+,F,Housing,Tablet,South,0,5.7962,2023-02-07 13:31:00+00:00
745396,18-24,F,Housing,Mobile,Northeast,0,10.7,2023-05-21 20:28:00+00:00
745401,25-34,F,Housing,Mobile,Northeast,1,12.16,2023-02-23 17:24:00+00:00
745402,55+,F,Housing,Web,South,0,9.2,2023-02-15 21:40:00+00:00
745403,18-24,F,Housing,Web,Northeast,0,10.5475,2023-03-20 06:36:00+00:00
745404,35-44,F,Housing,Web,Midwest,0,4.5225,2023-04-29 10:34:00+00:00
745406,35-44,F,Housing,Tablet,Midwest,0,10.6062,2023-03-27 13:29:00+00:00
745408,55+,F,Housing,Web,South,0,8.38,2023-01-25 12:03:00+00:00
745416,18-24,F,Housing,Tablet,Northeast,0,7.8213,2023-06-27 09:33:00+00:00
745423,55+,F,Housing,Mobile,South,0,10.48,2023-05-10 21:09:00+00:00
745440,35-44,F,Housing,Mobile,Midwest,0,7.8163,2023-04-24 05:59:00+00:00
745442,18-24,F,Housing,Mobile,Northeast,0,2.25,2023-04-11 16:05:00+00:00
745447,18-24,F,Housing,Tablet,Northeast,0,7.02,2023-02-06 00:13:00+00:00
745451,25-34,F,Housing,Tablet,Northeast,0,7.46,2023-03-20 18:45:00+00:00
745455,55+,F,Housing,Web,South,0,5.0987,2023-04-30 23:59:00+00:00
745465,35-44,F,Housing,Web,Midwest,0,5.54,2023-06-12 06:14:00+00:00
745470,18-24,F,Housing,Web,Northeast,0,0.8513,2023-01-02 01:25:00+00:00
745471,35-44,F,Housing,Mobile,Midwest,1,8.5,2023-04-01 06:04:00+00:00
745483,55+,F,Housing,Mobile,South,0,11.24,2023-03-29 15:55:00+00:00
745494,18-24,F,Housing,Tablet,Northeast,1,2.8013,2023-05-22 09:37:00+00:00
745501,25-34,F,Housing,Mobile,Northeast,0,10.12,2023-06-01 19:47:00+00:00
745511,18-24,F,Housing,Web,Northeast,1,11.535,2023-03-10 20:44:00+00:00
745519,35-44,F,Housing,Tablet,Midwest,0,12.8,2023-05-06 17:26:00+00:00
745532,55+,F,Housing,Web,South,0,2.4625,2023-06-20 02:50:00+00:00
745542,18-24,F,Housing,Web,Northeast,0,4.5075,2023-05-27 14:03:00+00:00
745548,55+,F,Housing,Mobile,South,1,6.3288,2023-05-24 23:20:00+00:00
745551,25-34,F,Housing,Tablet,Northeast,0,10.34,2023-06-12 18:57:00+00:00
745552,18-24,F,Housing,Mobile,Northeast,1,8.2,2023-02-05 23:22:00+00:00
745557,18-24,F,Housing,Tablet,Northeast,0,4.3187,2023-03-17 15:02:00+00:00
745590,35-44,F,Housing,Mobile,Midwest,1,5.4813,2023-01-06 17:43:00+00:00
745601,25-34,F,Housing,Mobile,Northeast,0,10.32,2023-03-03 13:08:00+00:00
745618,55+,F,Housing,Tablet,South,0,11.66,2023-03-10 08:44:00+00:00
745634,35-44,F,Housing,Mobile,Midwest,0,7.7125,2023-01-11 10:44:00+00:00
745645,35-44,F,Housing,Tablet,Midwest,0,9.4,2023-03-17 15:45:00+00:00
745651,25-34,F,Housing,Web,Northeast,0,15.02,2023-02-26 20:59:00+00:00
745652,18-24,F,Housing,Tablet,Northeast,0,4.5412,2023-04-04 09:56:00+00:00
745661,55+,F,Housing,Mobile,South,0,9.8438,2023-04-26 19:42:00+00:00
745663,18-24,F,Housing,Tablet,Northeast,1,13.22,2023-01-27 14:55:00+00:00
745676,35-44,F,Housing,Mobile,Midwest,0,6.4962,2023-03-19 05:11:00+00:00
745697,18-24,F,Housing,Tablet,Northeast,0,3.64,2023-06-02 08:13:00+00:00
745701,25-34,F,Housing,Tablet,Northeast,1,9.86,2023-02-08 02:39:00+00:00
745706,18-24,F,Housing,Web,Northeast,0,9.4763,2023-06-11 05:48:00+00:00
745707,35-44,F,Housing,Web,Midwest,1,1.1887,2023-01-12 23:01:00+00:00
745709,55+,F,Housing,Web,South,0,12.4925,2023-02-24 18:42:00+00:00
745717,55+,F,Housing,Mobile,South,1,9.22,2023-01-27 02:20:00+00:00
745723,18-24,F,Housing,Mobile,Northeast,0,11.76,2023-02-03 21:30:00+00:00
745724,18-24,F,Housing,Web,Northeast,0,3.06,2023-02-18 00:58:00+00:00
745725,55+,F,Housing,Web,South,0,8.9688,2023-06-25 07:59:00+00:00
745733,18-24,F,Housing,Mobile,Northeast,1,4.7938,2023-05-16 03:45:00+00:00
745751,25-34,F,Housing,Tablet,Northeast,0,14.72,2023-04-12 17:57:00+00:00
745752,18-24,F,Housing,Mobile,Northeast,0,6.6712,2023-02-27 09:08:00+00:00
745782,18-24,F,Housing,Mobile,Northeast,1,9.5062,2023-01-26 13:55:00+00:00
745784,55+,F,Housing,Tablet,South,0,9.2575,2023-05-07 06:18:00+00:00
745792,18-24,F,Housing,Mobile,Northeast,0,10.96,2023-01-14 13:27:00+00:00
745801,25-34,F,Housing,Web,Northeast,0,6.2,2023-02-05 23:30:00+00:00
745814,18-24,F,Housing,Tablet,Northeast,1,11.1487,2023-03-01 23:42:00+00:00
745823,55+,F,Housing,Mobile,South,0,11.98,2023-06-14 08:14:00+00:00
745845,55+,F,Housing,Web,South,0,9.4863,2023-06-19 13:49:00+00:00
